{"level":"info","message":"⌛ Building environment","timeElapsed":372,"timestamp":"2026-07-11T01:58:11.498Z"}
{"level":"info","message":"⌛ Validating scripts/gestionNiveles/niveles/datosNivel17.wlk","timeElapsed":1139,"timestamp":"2026-07-11T01:58:12.794Z"}
{"level":"info","message":"⌛ Building environment","timeElapsed":403,"timestamp":"2026-07-11T01:58:20.561Z"}
{"level":"info","message":"⌛ Validating scripts/gestionNiveles/niveles/datosNivel17.wlk","timeElapsed":450,"timestamp":"2026-07-11T01:58:21.046Z"}
{"level":"info","message":"⌛ Building environment","timeElapsed":397,"timestamp":"2026-07-11T01:58:30.163Z"}
{"level":"info","message":"⌛ Validating scripts/gestionNiveles/niveles/datosNivel17.wlk","timeElapsed":408,"timestamp":"2026-07-11T01:58:30.600Z"}
{"level":"info","message":"⌛ Building environment","timeElapsed":704,"timestamp":"2026-07-11T01:58:32.412Z"}
{"level":"info","message":"⌛ Validating scripts/gestionNiveles/niveles/datosNivel17.wlk","timeElapsed":528,"timestamp":"2026-07-11T01:58:32.981Z"}
{"level":"info","message":"⌛ Building environment","timeElapsed":456,"timestamp":"2026-07-11T01:58:33.437Z"}
{"level":"info","message":"⌛ Building environment","timeElapsed":462,"timestamp":"2026-07-11T01:58:33.900Z"}
{"level":"info","message":"⌛ Building environment","timeElapsed":441,"timestamp":"2026-07-11T01:58:34.352Z"}
{"level":"info","message":"⌛ Validating scripts/gestionNiveles/niveles/datosNivel17.wlk","timeElapsed":343,"timestamp":"2026-07-11T01:58:34.705Z"}
{"level":"info","message":"⌛ Validating scripts/gestionNiveles/niveles/datosNivel17.wlk","timeElapsed":420,"timestamp":"2026-07-11T01:58:35.139Z"}
{"level":"info","message":"⌛ Validating scripts/gestionNiveles/niveles/datosNivel17.wlk","timeElapsed":309,"timestamp":"2026-07-11T01:58:35.449Z"}
{"level":"info","message":"⌛ Building environment","timeElapsed":224,"timestamp":"2026-07-11T01:59:40.074Z"}
{"level":"info","message":"⌛ Validating scripts/gestionNiveles/niveles/datosNivel17.wlk","timeElapsed":492,"timestamp":"2026-07-11T01:59:40.568Z"}
{"level":"info","message":"⌛ Building environment","timeElapsed":234,"timestamp":"2026-07-11T01:59:40.804Z"}
{"level":"info","message":"⌛ Validating scripts/gestionNiveles/niveles/datosNivel17.wlk","timeElapsed":242,"timestamp":"2026-07-11T01:59:41.077Z"}
{"level":"info","message":"⌛ Building environment","timeElapsed":393,"timestamp":"2026-07-11T01:59:43.016Z"}
{"level":"info","message":"⌛ Building environment","timeElapsed":422,"timestamp":"2026-07-11T01:59:43.440Z"}
{"level":"info","message":"⌛ Validating scripts/gestionNiveles/niveles/datosNivel17.wlk","timeElapsed":300,"timestamp":"2026-07-11T01:59:43.748Z"}
{"level":"info","message":"⌛ Validating scripts/gestionNiveles/niveles/datosNivel17.wlk","timeElapsed":303,"timestamp":"2026-07-11T01:59:44.055Z"}
{"level":"info","message":"⌛ Building environment","timeElapsed":254,"timestamp":"2026-07-11T01:59:44.310Z"}
{"level":"info","message":"⌛ Building environment","timeElapsed":483,"timestamp":"2026-07-11T01:59:44.794Z"}
{"level":"info","message":"⌛ Validating scripts/gestionNiveles/niveles/datosNivel17.wlk","timeElapsed":260,"timestamp":"2026-07-11T01:59:45.078Z"}
{"level":"info","message":"⌛ Building environment","timeElapsed":310,"timestamp":"2026-07-11T01:59:45.388Z"}
{"level":"info","message":"⌛ Building environment","timeElapsed":239,"timestamp":"2026-07-11T01:59:45.629Z"}
{"level":"info","message":"⌛ Validating scripts/gestionNiveles/niveles/datosNivel17.wlk","timeElapsed":235,"timestamp":"2026-07-11T01:59:45.886Z"}
{"level":"info","message":"⌛ Validating scripts/gestionNiveles/niveles/datosNivel17.wlk","timeElapsed":274,"timestamp":"2026-07-11T01:59:46.171Z"}
{"level":"info","message":"⌛ Validating scripts/gestionNiveles/niveles/datosNivel17.wlk","timeElapsed":257,"timestamp":"2026-07-11T01:59:46.430Z"}
{"level":"info","message":"⌛ Building environment","timeElapsed":473,"timestamp":"2026-07-11T02:00:15.692Z"}
{"level":"info","message":"⌛ Building environment","timeElapsed":482,"timestamp":"2026-07-11T02:00:16.198Z"}
{"level":"info","message":"⌛ Validating scripts/gestionNiveles/niveles/datosNivel17.wlk","timeElapsed":315,"timestamp":"2026-07-11T02:00:16.526Z"}
{"level":"info","message":"⌛ Validating scripts/gestionNiveles/niveles/datosNivel17.wlk","timeElapsed":268,"timestamp":"2026-07-11T02:00:16.797Z"}
{"level":"info","message":"⌛ Building environment","timeElapsed":467,"timestamp":"2026-07-11T02:00:17.793Z"}
{"level":"info","message":"⌛ Building environment","timeElapsed":410,"timestamp":"2026-07-11T02:00:18.223Z"}
{"level":"info","message":"⌛ Validating scripts/gestionNiveles/niveles/datosNivel17.wlk","timeElapsed":304,"timestamp":"2026-07-11T02:00:18.527Z"}
{"level":"info","message":"⌛ Validating scripts/gestionNiveles/niveles/datosNivel17.wlk","timeElapsed":272,"timestamp":"2026-07-11T02:00:18.816Z"}
{"level":"info","message":"⌛ Building environment","timeElapsed":243,"timestamp":"2026-07-11T02:00:19.059Z"}
{"level":"info","message":"⌛ Building environment","timeElapsed":217,"timestamp":"2026-07-11T02:00:19.278Z"}
{"level":"info","message":"⌛ Validating scripts/gestionNiveles/niveles/datosNivel17.wlk","timeElapsed":267,"timestamp":"2026-07-11T02:00:19.566Z"}
{"level":"info","message":"⌛ Validating scripts/gestionNiveles/niveles/datosNivel17.wlk","timeElapsed":248,"timestamp":"2026-07-11T02:00:19.819Z"}
{"level":"info","message":"⌛ Building environment","timeElapsed":437,"timestamp":"2026-07-11T02:00:34.926Z"}
{"level":"info","message":"⌛ Validating scripts/gestionNiveles/gestorNivel.wlk","timeElapsed":759,"timestamp":"2026-07-11T02:00:35.737Z"}
{"level":"info","message":"⌛ Building environment","timeElapsed":536,"timestamp":"2026-07-11T02:00:44.906Z"}
{"level":"info","message":"⌛ Validating scripts/gestionNiveles/niveles/Nivel.wlk","timeElapsed":512,"timestamp":"2026-07-11T02:00:45.493Z"}
{"level":"info","message":"⌛ Building environment","timeElapsed":412,"timestamp":"2026-07-11T02:00:52.300Z"}
{"level":"info","message":"⌛ Validating scripts/gestionNiveles/fabricaNivel.wlk","timeElapsed":598,"timestamp":"2026-07-11T02:00:52.984Z"}
{"errors":{"errors":[null,["/*\r","Este archivo define los identificadores (IDs) utilizados por los niveles y\r","cómo la fábrica convierte cada ID en un objeto del juego.\r","Cada celda del nivel contiene un número entero.\r","Los IDs simples representan directamente un tipo de objeto:\r","Objetos\r","0   = Celda vacía\r","0.1 = Celda bloqueada (no transitable)\r","1   = Colisión\r","2   = Moneda\r","3   = Pinchos\r","4   = Palanca\r","6   = Caja\r","7   = Portal\r","8   = Botón\r","51  = Puerta horizontal\r","52  = Puerta vertical\r","800 = Láser hacia arriba\r","810 = Láser hacia abajo\r","820 = Láser hacia la derecha\r","830 = Láser hacia la izquierda\r","Enemigos\r","90 = Sapo\r","91 = Murciélago\r","92 = Gato\r","Personaje\r","99 = Posición inicial del jugador\r","------------------------------------------------------------\r","Canales\r","------------------------------------------------------------\r","Algunos objetos (palancas, botones, puertas, pinchos, láseres, etc.)\r","pueden pertenecer a un canal.\r","El canal se codifica agregando un dígito al final del ID.\r","Ejemplos:\r","31 -> Pinchos del canal 1\r","34 -> Pinchos del canal 4\r","81 -> Botón del canal 1\r","85 -> Botón del canal 5\r","521 -> Puerta vertical del canal 1\r","525 -> Puerta vertical del canal 5\r","Cuando la fábrica recibe un ID que no existe exactamente, intenta\r","interpretarlo de la siguiente forma:\r","objeto = id / 10\r","canal  = id % 10\r","Si existe un constructor para \"objeto\", crea la instancia utilizando el\r","canal obtenido.\r","De esta forma no es necesario registrar un constructor para cada posible\r","canal, sino solamente para el tipo base del objeto.\r"]]},"level":"error","message":"✘ Failed to get type description: Error: {\n  \"errors\": [\n    null,\n    [\n      \"/*\\r\",\n      \"Este archivo define los identificadores (IDs) utilizados por los niveles y\\r\",\n      \"cómo la fábrica convierte cada ID en un objeto del juego.\\r\",\n      \"Cada celda del nivel contiene un número entero.\\r\",\n      \"Los IDs simples representan directamente un tipo de objeto:\\r\",\n      \"Objetos\\r\",\n      \"0   = Celda vacía\\r\",\n      \"0.1 = Celda bloqueada (no transitable)\\r\",\n      \"1   = Colisión\\r\",\n      \"2   = Moneda\\r\",\n      \"3   = Pinchos\\r\",\n      \"4   = Palanca\\r\",\n      \"6   = Caja\\r\",\n      \"7   = Portal\\r\",\n      \"8   = Botón\\r\",\n      \"51  = Puerta horizontal\\r\",\n      \"52  = Puerta vertical\\r\",\n      \"800 = Láser hacia arriba\\r\",\n      \"810 = Láser hacia abajo\\r\",\n      \"820 = Láser hacia la derecha\\r\",\n      \"830 = Láser hacia la izquierda\\r\",\n      \"Enemigos\\r\",\n      \"90 = Sapo\\r\",\n      \"91 = Murciélago\\r\",\n      \"92 = Gato\\r\",\n      \"Personaje\\r\",\n      \"99 = Posición inicial del jugador\\r\",\n      \"------------------------------------------------------------\\r\",\n      \"Canales\\r\",\n      \"------------------------------------------------------------\\r\",\n      \"Algunos objetos (palancas, botones, puertas, pinchos, láseres, etc.)\\r\",\n      \"pueden pertenecer a un canal.\\r\",\n      \"El canal se codifica agregando un dígito al final del ID.\\r\",\n      \"Ejemplos:\\r\",\n      \"31 -> Pinchos del canal 1\\r\",\n      \"34 -> Pinchos del canal 4\\r\",\n      \"81 -> Botón del canal 1\\r\",\n      \"85 -> Botón del canal 5\\r\",\n      \"521 -> Puerta vertical del canal 1\\r\",\n      \"525 -> Puerta vertical del canal 5\\r\",\n      \"Cuando la fábrica recibe un ID que no existe exactamente, intenta\\r\",\n      \"interpretarlo de la siguiente forma:\\r\",\n      \"objeto = id / 10\\r\",\n      \"canal  = id % 10\\r\",\n      \"Si existe un constructor para \\\"objeto\\\", crea la instancia utilizando el\\r\",\n      \"canal obtenido.\\r\",\n      \"De esta forma no es necesario registrar un constructor para cada posible\\r\",\n      \"canal, sino solamente para el tipo base del objeto.\\r\"\n    ]\n  ]\n} {\n  \"errors\": [\n    null,\n    [\n      \"/*\\r\",\n      \"Este archivo define los identificadores (IDs) utilizados por los niveles y\\r\",\n      \"cómo la fábrica convierte cada ID en un objeto del juego.\\r\",\n      \"Cada celda del nivel contiene un número entero.\\r\",\n      \"Los IDs simples representan directamente un tipo de objeto:\\r\",\n      \"Objetos\\r\",\n      \"0   = Celda vacía\\r\",\n      \"0.1 = Celda bloqueada (no transitable)\\r\",\n      \"1   = Colisión\\r\",\n      \"2   = Moneda\\r\",\n      \"3   = Pinchos\\r\",\n      \"4   = Palanca\\r\",\n      \"6   = Caja\\r\",\n      \"7   = Portal\\r\",\n      \"8   = Botón\\r\",\n      \"51  = Puerta horizontal\\r\",\n      \"52  = Puerta vertical\\r\",\n      \"800 = Láser hacia arriba\\r\",\n      \"810 = Láser hacia abajo\\r\",\n      \"820 = Láser hacia la derecha\\r\",\n      \"830 = Láser hacia la izquierda\\r\",\n      \"Enemigos\\r\",\n      \"90 = Sapo\\r\",\n      \"91 = Murciélago\\r\",\n      \"92 = Gato\\r\",\n      \"Personaje\\r\",\n      \"99 = Posición inicial del jugador\\r\",\n      \"------------------------------------------------------------\\r\",\n      \"Canales\\r\",\n      \"------------------------------------------------------------\\r\",\n      \"Algunos objetos (palancas, botones, puertas, pinchos, láseres, etc.)\\r\",\n      \"pueden pertenecer a un canal.\\r\",\n      \"El canal se codifica agregando un dígito al final del ID.\\r\",\n      \"Ejemplos:\\r\",\n      \"31 -> Pinchos del canal 1\\r\",\n      \"34 -> Pinchos del canal 4\\r\",\n      \"81 -> Botón del canal 1\\r\",\n      \"85 -> Botón del canal 5\\r\",\n      \"521 -> Puerta vertical del canal 1\\r\",\n      \"525 -> Puerta vertical del canal 5\\r\",\n      \"Cuando la fábrica recibe un ID que no existe exactamente, intenta\\r\",\n      \"interpretarlo de la siguiente forma:\\r\",\n      \"objeto = id / 10\\r\",\n      \"canal  = id % 10\\r\",\n      \"Si existe un constructor para \\\"objeto\\\", crea la instancia utilizando el\\r\",\n      \"canal obtenido.\\r\",\n      \"De esta forma no es necesario registrar un constructor para cada posible\\r\",\n      \"canal, sino solamente para el tipo base del objeto.\\r\"\n    ]\n  ]\n}","stack":"Error: {\n  \"errors\": [\n    null,\n    [\n      \"/*\\r\",\n      \"Este archivo define los identificadores (IDs) utilizados por los niveles y\\r\",\n      \"cómo la fábrica convierte cada ID en un objeto del juego.\\r\",\n      \"Cada celda del nivel contiene un número entero.\\r\",\n      \"Los IDs simples representan directamente un tipo de objeto:\\r\",\n      \"Objetos\\r\",\n      \"0   = Celda vacía\\r\",\n      \"0.1 = Celda bloqueada (no transitable)\\r\",\n      \"1   = Colisión\\r\",\n      \"2   = Moneda\\r\",\n      \"3   = Pinchos\\r\",\n      \"4   = Palanca\\r\",\n      \"6   = Caja\\r\",\n      \"7   = Portal\\r\",\n      \"8   = Botón\\r\",\n      \"51  = Puerta horizontal\\r\",\n      \"52  = Puerta vertical\\r\",\n      \"800 = Láser hacia arriba\\r\",\n      \"810 = Láser hacia abajo\\r\",\n      \"820 = Láser hacia la derecha\\r\",\n      \"830 = Láser hacia la izquierda\\r\",\n      \"Enemigos\\r\",\n      \"90 = Sapo\\r\",\n      \"91 = Murciélago\\r\",\n      \"92 = Gato\\r\",\n      \"Personaje\\r\",\n      \"99 = Posición inicial del jugador\\r\",\n      \"------------------------------------------------------------\\r\",\n      \"Canales\\r\",\n      \"------------------------------------------------------------\\r\",\n      \"Algunos objetos (palancas, botones, puertas, pinchos, láseres, etc.)\\r\",\n      \"pueden pertenecer a un canal.\\r\",\n      \"El canal se codifica agregando un dígito al final del ID.\\r\",\n      \"Ejemplos:\\r\",\n      \"31 -> Pinchos del canal 1\\r\",\n      \"34 -> Pinchos del canal 4\\r\",\n      \"81 -> Botón del canal 1\\r\",\n      \"85 -> Botón del canal 5\\r\",\n      \"521 -> Puerta vertical del canal 1\\r\",\n      \"525 -> Puerta vertical del canal 5\\r\",\n      \"Cuando la fábrica recibe un ID que no existe exactamente, intenta\\r\",\n      \"interpretarlo de la siguiente forma:\\r\",\n      \"objeto = id / 10\\r\",\n      \"canal  = id % 10\\r\",\n      \"Si existe un constructor para \\\"objeto\\\", crea la instancia utilizando el\\r\",\n      \"canal obtenido.\\r\",\n      \"De esta forma no es necesario registrar un constructor para cada posible\\r\",\n      \"canal, sino solamente para el tipo base del objeto.\\r\"\n    ]\n  ]\n}\n    at lS (c:\\Users\\Usuario\\.vscode\\extensions\\uqbar.wollok-lsp-ide-0.5.4\\out\\server\\src\\server.js:64:34609)\n    at Q1 (c:\\Users\\Usuario\\.vscode\\extensions\\uqbar.wollok-lsp-ide-0.5.4\\out\\server\\src\\server.js:64:34682)\n    at c:\\Users\\Usuario\\.vscode\\extensions\\uqbar.wollok-lsp-ide-0.5.4\\out\\server\\src\\server.js:64:37949\n    at o.y1 (c:\\Users\\Usuario\\.vscode\\extensions\\uqbar.wollok-lsp-ide-0.5.4\\out\\server\\src\\server.js:57:59114)\n    at c:\\Users\\Usuario\\.vscode\\extensions\\uqbar.wollok-lsp-ide-0.5.4\\out\\server\\src\\server.js:64:37918\n    at c:\\Users\\Usuario\\.vscode\\extensions\\uqbar.wollok-lsp-ide-0.5.4\\out\\server\\src\\server.js:57:57154\n    at Cfn (c:\\Users\\Usuario\\.vscode\\extensions\\uqbar.wollok-lsp-ide-0.5.4\\out\\server\\src\\server.js:68:11324)\n    at c:\\Users\\Usuario\\.vscode\\extensions\\uqbar.wollok-lsp-ide-0.5.4\\out\\server\\src\\server.js:68:3629\n    at Array.map (<anonymous>)\n    at c:\\Users\\Usuario\\.vscode\\extensions\\uqbar.wollok-lsp-ide-0.5.4\\out\\server\\src\\server.js:68:4693","timestamp":"2026-07-11T02:02:04.449Z"}
{"level":"info","message":"⌛ Building environment","timeElapsed":297,"timestamp":"2026-07-11T02:03:27.467Z"}
{"level":"info","message":"⌛ Building environment","timeElapsed":339,"timestamp":"2026-07-11T02:03:27.807Z"}
{"level":"info","message":"⌛ Validating scripts/gestionNiveles/niveles/datosNivel17.wlk","timeElapsed":291,"timestamp":"2026-07-11T02:03:28.099Z"}
{"level":"info","message":"⌛ Validating scripts/gestionNiveles/niveles/datosNivel17.wlk","timeElapsed":262,"timestamp":"2026-07-11T02:03:28.378Z"}
{"level":"info","message":"⌛ Building environment","timeElapsed":260,"timestamp":"2026-07-11T02:03:30.362Z"}
{"level":"info","message":"⌛ Building environment","timeElapsed":367,"timestamp":"2026-07-11T02:03:30.732Z"}
{"level":"info","message":"⌛ Validating scripts/gestionNiveles/niveles/datosNivel17.wlk","timeElapsed":279,"timestamp":"2026-07-11T02:03:31.025Z"}
{"level":"info","message":"⌛ Validating scripts/gestionNiveles/niveles/datosNivel17.wlk","timeElapsed":330,"timestamp":"2026-07-11T02:03:31.374Z"}
{"level":"info","message":"⌛ Building environment","timeElapsed":269,"timestamp":"2026-07-11T02:03:31.647Z"}
{"level":"info","message":"⌛ Building environment","timeElapsed":243,"timestamp":"2026-07-11T02:03:31.900Z"}
{"level":"info","message":"⌛ Validating scripts/gestionNiveles/niveles/datosNivel17.wlk","timeElapsed":293,"timestamp":"2026-07-11T02:03:32.288Z"}
{"level":"info","message":"⌛ Validating scripts/gestionNiveles/niveles/datosNivel17.wlk","timeElapsed":260,"timestamp":"2026-07-11T02:03:32.550Z"}
{"level":"info","message":"⌛ Building environment","timeElapsed":281,"timestamp":"2026-07-11T02:03:33.971Z"}
{"level":"info","message":"⌛ Building environment","timeElapsed":239,"timestamp":"2026-07-11T02:03:34.212Z"}
{"level":"info","message":"⌛ Validating scripts/gestionNiveles/niveles/datosNivel17.wlk","timeElapsed":264,"timestamp":"2026-07-11T02:03:34.477Z"}
{"level":"info","message":"⌛ Validating scripts/gestionNiveles/niveles/datosNivel17.wlk","timeElapsed":369,"timestamp":"2026-07-11T02:03:34.933Z"}
{"level":"info","message":"⌛ Building environment","timeElapsed":332,"timestamp":"2026-07-11T02:14:45.997Z"}
{"level":"info","message":"⌛ Building environment","timeElapsed":157,"timestamp":"2026-07-11T02:14:46.155Z"}
{"level":"info","message":"Removing diagnostics from /c:/Users/Usuario/OneDrive/Documentos/tpGameSelf-y-sus-amigos/tp-final-wollok-game-self-y-sus-amigos/assets/sprites/niveles/nivel_17.png","timestamp":"2026-07-11T02:14:46.276Z"}
{"level":"info","message":"⌛ Building environment","timeElapsed":593,"timestamp":"2026-07-11T02:14:46.892Z"}
{"level":"info","message":"⌛ Building environment","timeElapsed":331,"timestamp":"2026-07-11T02:14:47.225Z"}
{"level":"info","message":"⌛ Building environment","timeElapsed":199,"timestamp":"2026-07-11T02:14:47.436Z"}
{"level":"info","message":"⌛ Building environment","timeElapsed":370,"timestamp":"2026-07-11T02:14:47.813Z"}
{"level":"info","message":"⌛ Building environment","timeElapsed":268,"timestamp":"2026-07-11T02:14:48.083Z"}
{"level":"info","message":"⌛ Building environment","timeElapsed":145,"timestamp":"2026-07-11T02:14:48.230Z"}
{"level":"info","message":"⌛ Building environment","timeElapsed":128,"timestamp":"2026-07-11T02:14:48.359Z"}
{"level":"info","message":"⌛ Building environment","timeElapsed":136,"timestamp":"2026-07-11T02:14:48.495Z"}
{"level":"info","message":"⌛ Building environment","timeElapsed":134,"timestamp":"2026-07-11T02:14:48.630Z"}
{"level":"info","message":"⌛ Building environment","timeElapsed":235,"timestamp":"2026-07-11T02:14:48.867Z"}
{"level":"info","message":"⌛ Building environment","timeElapsed":264,"timestamp":"2026-07-11T02:14:49.133Z"}
{"level":"info","message":"⌛ Building environment","timeElapsed":123,"timestamp":"2026-07-11T02:14:49.277Z"}
{"level":"info","message":"⌛ Building environment","timeElapsed":171,"timestamp":"2026-07-11T02:14:49.450Z"}
{"level":"info","message":"⌛ Building environment","timeElapsed":228,"timestamp":"2026-07-11T02:14:49.679Z"}
{"level":"info","message":"⌛ Building environment","timeElapsed":185,"timestamp":"2026-07-11T02:14:49.867Z"}
{"level":"info","message":"⌛ Building environment","timeElapsed":243,"timestamp":"2026-07-11T02:14:50.111Z"}
{"level":"info","message":"⌛ Building environment","timeElapsed":122,"timestamp":"2026-07-11T02:14:50.251Z"}
{"level":"info","message":"⌛ Building environment","timeElapsed":272,"timestamp":"2026-07-11T02:14:50.530Z"}
{"level":"info","message":"⌛ Building environment","timeElapsed":119,"timestamp":"2026-07-11T02:14:50.649Z"}
{"level":"info","message":"⌛ Building environment","timeElapsed":159,"timestamp":"2026-07-11T02:14:50.809Z"}
{"level":"info","message":"⌛ Building environment","timeElapsed":144,"timestamp":"2026-07-11T02:14:50.954Z"}
{"level":"info","message":"⌛ Building environment","timeElapsed":196,"timestamp":"2026-07-11T02:14:51.166Z"}
{"level":"info","message":"⌛ Building environment","timeElapsed":215,"timestamp":"2026-07-11T02:14:51.399Z"}
{"level":"info","message":"⌛ Building environment","timeElapsed":177,"timestamp":"2026-07-11T02:14:51.576Z"}
{"level":"info","message":"⌛ Building environment","timeElapsed":127,"timestamp":"2026-07-11T02:14:51.704Z"}
{"level":"info","message":"⌛ Building environment","timeElapsed":140,"timestamp":"2026-07-11T02:14:51.845Z"}
{"level":"info","message":"⌛ Building environment","timeElapsed":150,"timestamp":"2026-07-11T02:14:51.996Z"}
{"level":"info","message":"⌛ Building environment","timeElapsed":218,"timestamp":"2026-07-11T02:14:52.215Z"}
{"level":"info","message":"⌛ Building environment","timeElapsed":122,"timestamp":"2026-07-11T02:14:52.351Z"}
{"level":"info","message":"⌛ Building environment","timeElapsed":155,"timestamp":"2026-07-11T02:14:52.525Z"}
{"level":"info","message":"⌛ Building environment","timeElapsed":203,"timestamp":"2026-07-11T02:14:52.729Z"}
{"level":"info","message":"⌛ Building environment","timeElapsed":215,"timestamp":"2026-07-11T02:14:52.945Z"}
{"level":"info","message":"⌛ Building environment","timeElapsed":211,"timestamp":"2026-07-11T02:14:53.156Z"}
{"level":"info","message":"⌛ Building environment","timeElapsed":214,"timestamp":"2026-07-11T02:14:53.371Z"}
{"level":"info","message":"⌛ Building environment","timeElapsed":193,"timestamp":"2026-07-11T02:14:53.574Z"}
{"level":"info","message":"⌛ Building environment","timeElapsed":167,"timestamp":"2026-07-11T02:14:53.741Z"}
{"level":"info","message":"⌛ Building environment","timeElapsed":233,"timestamp":"2026-07-11T02:14:53.984Z"}
{"level":"info","message":"⌛ Building environment","timeElapsed":490,"timestamp":"2026-07-11T02:14:54.474Z"}
{"level":"info","message":"⌛ Validating scripts/personaje/personaje.wlk","timeElapsed":179,"timestamp":"2026-07-11T02:14:54.653Z"}
{"level":"info","message":"⌛ Validating scripts/input/teclado.wlk","timeElapsed":161,"timestamp":"2026-07-11T02:14:54.815Z"}
{"level":"info","message":"⌛ Validating juego.wpgm","timeElapsed":144,"timestamp":"2026-07-11T02:14:54.961Z"}
{"level":"info","message":"⌛ Validating scripts/gestionEnemigos/gestorEnemigos.wlk","timeElapsed":140,"timestamp":"2026-07-11T02:14:55.101Z"}
{"level":"info","message":"⌛ Validating scripts/gestionObjetos/misObjetos/puerta.wlk","timeElapsed":169,"timestamp":"2026-07-11T02:14:55.270Z"}
{"level":"info","message":"⌛ Validating scripts/gestionObjetos/misObjetos/portal.wlk","timeElapsed":189,"timestamp":"2026-07-11T02:14:55.459Z"}
{"level":"info","message":"⌛ Validating scripts/gestionObjetos/misObjetos/pinchos.wlk","timeElapsed":155,"timestamp":"2026-07-11T02:14:55.615Z"}
{"level":"info","message":"⌛ Validating scripts/gestionObjetos/misObjetos/palanca.wlk","timeElapsed":159,"timestamp":"2026-07-11T02:14:55.774Z"}
{"level":"info","message":"⌛ Validating scripts/gestionObjetos/misObjetos/Objeto.wlk","timeElapsed":172,"timestamp":"2026-07-11T02:14:55.947Z"}
{"level":"info","message":"⌛ Validating scripts/gestionObjetos/misObjetos/moneda.wlk","timeElapsed":168,"timestamp":"2026-07-11T02:14:56.117Z"}
{"level":"info","message":"⌛ Validating scripts/gestionObjetos/misObjetos/laser.wlk","timeElapsed":169,"timestamp":"2026-07-11T02:14:56.286Z"}
{"level":"info","message":"⌛ Validating scripts/gestionObjetos/misObjetos/colision.wlk","timeElapsed":203,"timestamp":"2026-07-11T02:14:56.491Z"}
{"level":"info","message":"⌛ Validating scripts/gestionObjetos/misObjetos/celdaVacia.wlk","timeElapsed":156,"timestamp":"2026-07-11T02:14:56.647Z"}
{"level":"info","message":"⌛ Validating scripts/gestionEnemigos/enemigos/sapo.wlk","timeElapsed":265,"timestamp":"2026-07-11T02:14:56.913Z"}
{"level":"info","message":"⌛ Validating scripts/gestionObjetos/misObjetos/caja.wlk","timeElapsed":306,"timestamp":"2026-07-11T02:14:57.220Z"}
{"level":"info","message":"⌛ Validating scripts/gestionObjetos/misObjetos/boton.wlk","timeElapsed":173,"timestamp":"2026-07-11T02:14:57.394Z"}
{"level":"info","message":"⌛ Validating scripts/gestionObjetos/misObjetos/baldosa.wlk","timeElapsed":213,"timestamp":"2026-07-11T02:14:57.608Z"}
{"level":"info","message":"⌛ Validating scripts/gestionEnemigos/enemigos/murcielago.wlk","timeElapsed":192,"timestamp":"2026-07-11T02:14:57.801Z"}
{"level":"info","message":"⌛ Validating scripts/gestionEnemigos/enemigos/gato.wlk","timeElapsed":388,"timestamp":"2026-07-11T02:14:58.191Z"}
{"level":"info","message":"⌛ Validating scripts/gestionEnemigos/enemigos/Enemigo.wlk","timeElapsed":321,"timestamp":"2026-07-11T02:14:58.513Z"}
{"level":"info","message":"⌛ Validating scripts/gestionObjetos/gestorObjetos.wlk","timeElapsed":262,"timestamp":"2026-07-11T02:14:58.776Z"}
{"level":"info","message":"⌛ Validating scripts/gestionObjetos/gestorCanales.wlk","timeElapsed":189,"timestamp":"2026-07-11T02:14:58.966Z"}
{"level":"info","message":"⌛ Validating scripts/gestionAnimaciones/bancoImagenes.wlk","timeElapsed":223,"timestamp":"2026-07-11T02:14:59.191Z"}
{"level":"info","message":"⌛ Validating scripts/gestionAnimaciones/animador.wlk","timeElapsed":338,"timestamp":"2026-07-11T02:14:59.532Z"}
{"level":"info","message":"⌛ Validating scripts/gestionNiveles/transicionNivel.wlk","timeElapsed":256,"timestamp":"2026-07-11T02:14:59.792Z"}
{"level":"info","message":"⌛ Validating scripts/gestionAnimaciones/animaciones/AnimacionSimple.wlk","timeElapsed":306,"timestamp":"2026-07-11T02:15:00.101Z"}
{"level":"info","message":"⌛ Validating scripts/gestionAnimaciones/animaciones/AnimacionMovimiento.wlk","timeElapsed":518,"timestamp":"2026-07-11T02:15:00.624Z"}
{"level":"info","message":"⌛ Validating scripts/gestionAnimaciones/animaciones/AnimacionDosCasillas.wlk","timeElapsed":472,"timestamp":"2026-07-11T02:15:01.096Z"}
{"level":"info","message":"⌛ Validating scripts/gestionAnimaciones/animaciones/AnimacionAtaque.wlk","timeElapsed":247,"timestamp":"2026-07-11T02:15:01.344Z"}
{"level":"info","message":"⌛ Validating scripts/gestionNiveles/niveles/pantallaTitulo.wlk","timeElapsed":214,"timestamp":"2026-07-11T02:15:01.559Z"}
{"level":"info","message":"⌛ Validating scripts/gestionNiveles/niveles/Nivel.wlk","timeElapsed":223,"timestamp":"2026-07-11T02:15:01.783Z"}
{"level":"info","message":"⌛ Validating scripts/gestionNiveles/niveles/datosNivel3.wlk","timeElapsed":238,"timestamp":"2026-07-11T02:15:02.022Z"}
{"level":"info","message":"⌛ Validating scripts/gestionNiveles/niveles/datosNivel2.wlk","timeElapsed":201,"timestamp":"2026-07-11T02:15:02.225Z"}
{"level":"info","message":"⌛ Validating scripts/gestionNiveles/niveles/datosNivel16.wlk","timeElapsed":210,"timestamp":"2026-07-11T02:15:02.435Z"}
{"level":"info","message":"⌛ Validating scripts/gestionNiveles/niveles/datosNivel1.wlk","timeElapsed":305,"timestamp":"2026-07-11T02:15:02.741Z"}
{"level":"info","message":"⌛ Validating scripts/gestionNiveles/gestorNivel.wlk","timeElapsed":302,"timestamp":"2026-07-11T02:15:03.044Z"}
{"level":"info","message":"⌛ Validating scripts/gestionNiveles/gestorMenu.wlk","timeElapsed":324,"timestamp":"2026-07-11T02:15:03.369Z"}
{"level":"info","message":"⌛ Validating scripts/gestionNiveles/fabricaNivel.wlk","timeElapsed":299,"timestamp":"2026-07-11T02:15:03.668Z"}
{"level":"info","message":"⌛ Building environment","timeElapsed":451,"timestamp":"2026-07-11T02:15:04.120Z"}
{"level":"info","message":"⌛ Building environment","timeElapsed":1383,"timestamp":"2026-07-11T02:15:05.504Z"}
{"level":"info","message":"Removing diagnostics from /c:/Users/Usuario/OneDrive/Documentos/tpGameSelf-y-sus-amigos/tp-final-wollok-game-self-y-sus-amigos/assets/sprites/niveles/nivel-17hecho.png","timestamp":"2026-07-11T02:15:05.613Z"}
{"level":"info","message":"⌛ Building environment","timeElapsed":226,"timestamp":"2026-07-11T02:15:37.850Z"}
{"level":"info","message":"⌛ Validating scripts/gestionNiveles/niveles/datosNivel17.wlk","timeElapsed":258,"timestamp":"2026-07-11T02:15:38.120Z"}
{"level":"error","message":"✘ Failed to get type description: Error: Failed to print, found malformed node Failed to print, found malformed node","node":{"id":"51a9aa76-e6bc-4c89-965f-a311a163935f","members":[{"body":{"id":"7809d556-df44-48d9-80ee-e5fc9483ea40","metadata":[],"problems":[{"code":"malformedSentence","sourceMap":{"end":{"column":6,"line":6,"offset":92},"start":{"column":5,"line":6,"offset":91}}}],"scope":{"containerScope":{"containerScope":{"containerScope":{"containerScope":{"containerScope":{"containerScope":{"containerScope":{"contributions":{},"includedScopes":[]},"contributions":{},"includedScopes":[]},"contributions":{},"includedScopes":[]},"contributions":{},"includedScopes":[]},"contributions":{},"includedScopes":[{"contributions":{},"includedScopes":[]}]},"contributions":{},"includedScopes":[{"containerScope":{"containerScope":{"containerScope":{"containerScope":{"containerScope":{"contributions":{},"includedScopes":[]},"contributions":{},"includedScopes":[]},"contributions":{},"includedScopes":[]},"contributions":{},"includedScopes":[]},"contributions":{},"includedScopes":[{"contributions":{},"includedScopes":[]}]},"contributions":{},"includedScopes":[{"containerScope":{"containerScope":{"containerScope":{"contributions":{},"includedScopes":[]},"contributions":{},"includedScopes":[]},"contributions":{},"includedScopes":[]},"contributions":{},"includedScopes":[]}]},{"containerScope":{"containerScope":{"containerScope":{"contributions":{},"includedScopes":[]},"contributions":{},"includedScopes":[]},"contributions":{},"includedScopes":[]},"contributions":{},"includedScopes":[]}]},"contributions":{},"includedScopes":[]},"contributions":{},"includedScopes":[]},"sentences":[],"sourceMap":{"end":{"column":6,"line":6,"offset":92},"start":{"column":5,"line":6,"offset":91}}},"compiled":false,"id":"d5ef3838-07fb-4f1e-8633-0a05bd93e4aa","isOverride":true,"metadata":[],"name":"mapaData","parameters":[],"problems":[],"scope":{"containerScope":{"containerScope":{"containerScope":{"containerScope":{"containerScope":{"containerScope":{"contributions":{},"includedScopes":[]},"contributions":{},"includedScopes":[]},"contributions":{},"includedScopes":[]},"contributions":{},"includedScopes":[]},"contributions":{},"includedScopes":[{"contributions":{},"includedScopes":[]}]},"contributions":{},"includedScopes":[{"containerScope":{"containerScope":{"containerScope":{"containerScope":{"containerScope":{"contributions":{},"includedScopes":[]},"contributions":{},"includedScopes":[]},"contributions":{},"includedScopes":[]},"contributions":{},"includedScopes":[]},"contributions":{},"includedScopes":[{"contributions":{},"includedScopes":[]}]},"contributions":{},"includedScopes":[{"containerScope":{"containerScope":{"containerScope":{"contributions":{},"includedScopes":[]},"contributions":{},"includedScopes":[]},"contributions":{},"includedScopes":[]},"contributions":{},"includedScopes":[]}]},{"containerScope":{"containerScope":{"containerScope":{"contributions":{},"includedScopes":[]},"contributions":{},"includedScopes":[]},"contributions":{},"includedScopes":[]},"contributions":{},"includedScopes":[]}]},"contributions":{},"includedScopes":[]},"sourceMap":{"end":{"column":6,"line":6,"offset":92},"start":{"column":5,"line":5,"offset":57}}}],"metadata":[{"args":{"position":"end","text":"//id del siguiente nivel 101 baja para izquierda o 102 baja para derecha "},"name":"comment"}],"name":"nivel_17","problems":[{"code":"malformedMember","sourceMap":{"end":{"column":74,"line":7,"offset":167},"start":{"column":9,"line":7,"offset":102}}},{"code":"malformedMember","sourceMap":{"end":{"column":74,"line":8,"offset":242},"start":{"column":9,"line":8,"offset":177}}},{"code":"malformedMember","sourceMap":{"end":{"column":76,"line":9,"offset":319},"start":{"column":9,"line":9,"offset":252}}},{"code":"malformedMember","sourceMap":{"end":{"column":79,"line":10,"offset":399},"start":{"column":9,"line":10,"offset":329}}},{"code":"malformedMember","sourceMap":{"end":{"column":77,"line":11,"offset":477},"start":{"column":9,"line":11,"offset":409}}},{"code":"malformedMember","sourceMap":{"end":{"column":79,"line":12,"offset":557},"start":{"column":9,"line":12,"offset":487}}},{"code":"malformedMember","sourceMap":{"end":{"column":74,"line":13,"offset":632},"start":{"column":9,"line":13,"offset":567}}},{"code":"malformedMember","sourceMap":{"end":{"column":74,"line":14,"offset":707},"start":{"column":9,"line":14,"offset":642}}},{"code":"malformedMember","sourceMap":{"end":{"column":74,"line":15,"offset":782},"start":{"column":9,"line":15,"offset":717}}},{"code":"malformedMember","sourceMap":{"end":{"column":74,"line":16,"offset":857},"start":{"column":9,"line":16,"offset":792}}},{"code":"malformedMember","sourceMap":{"end":{"column":6,"line":17,"offset":864},"start":{"column":5,"line":17,"offset":863}}}],"scope":{"containerScope":{"containerScope":{"containerScope":{"containerScope":{"containerScope":{"contributions":{},"includedScopes":[]},"contributions":{},"includedScopes":[]},"contributions":{},"includedScopes":[]},"contributions":{},"includedScopes":[]},"contributions":{},"includedScopes":[{"contributions":{},"includedScopes":[]}]},"contributions":{},"includedScopes":[{"containerScope":{"containerScope":{"containerScope":{"containerScope":{"containerScope":{"contributions":{},"includedScopes":[]},"contributions":{},"includedScopes":[]},"contributions":{},"includedScopes":[]},"contributions":{},"includedScopes":[]},"contributions":{},"includedScopes":[{"contributions":{},"includedScopes":[]}]},"contributions":{},"includedScopes":[{"containerScope":{"containerScope":{"containerScope":{"contributions":{},"includedScopes":[]},"contributions":{},"includedScopes":[]},"contributions":{},"includedScopes":[]},"contributions":{},"includedScopes":[]}]},{"containerScope":{"containerScope":{"containerScope":{"contributions":{},"includedScopes":[]},"contributions":{},"includedScopes":[]},"contributions":{},"includedScopes":[]},"contributions":{},"includedScopes":[]}]},"sourceMap":{"end":{"column":2,"line":18,"offset":867},"start":{"column":1,"line":3,"offset":18}},"supertypes":[{"args":[],"id":"24a096b2-06f3-4bb7-93eb-f8c7e62d3ea8","metadata":[],"reference":{"id":"0a2cd8f1-dddf-4c4f-8abe-5eedf723bcc8","metadata":[],"name":"Nivel","scope":{"containerScope":{"containerScope":{"containerScope":{"containerScope":{"containerScope":{"containerScope":{"contributions":{},"includedScopes":[]},"contributions":{},"includedScopes":[]},"contributions":{},"includedScopes":[]},"contributions":{},"includedScopes":[]},"contributions":{},"includedScopes":[{"contributions":{},"includedScopes":[]}]},"contributions":{},"includedScopes":[{"containerScope":{"containerScope":{"containerScope":{"containerScope":{"containerScope":{"contributions":{},"includedScopes":[]},"contributions":{},"includedScopes":[]},"contributions":{},"includedScopes":[]},"contributions":{},"includedScopes":[]},"contributions":{},"includedScopes":[{"contributions":{},"includedScopes":[]}]},"contributions":{},"includedScopes":[{"containerScope":{"containerScope":{"containerScope":{"contributions":{},"includedScopes":[]},"contributions":{},"includedScopes":[]},"contributions":{},"includedScopes":[]},"contributions":{},"includedScopes":[]}]},{"containerScope":{"containerScope":{"containerScope":{"contributions":{},"includedScopes":[]},"contributions":{},"includedScopes":[]},"contributions":{},"includedScopes":[]},"contributions":{},"includedScopes":[]}]},"contributions":{},"includedScopes":[]},"sourceMap":{"end":{"column":31,"line":3,"offset":48},"start":{"column":26,"line":3,"offset":43}}},"scope":{"containerScope":{"containerScope":{"containerScope":{"containerScope":{"containerScope":{"containerScope":{"contributions":{},"includedScopes":[]},"contributions":{},"includedScopes":[]},"contributions":{},"includedScopes":[]},"contributions":{},"includedScopes":[]},"contributions":{},"includedScopes":[{"contributions":{},"includedScopes":[]}]},"contributions":{},"includedScopes":[{"containerScope":{"containerScope":{"containerScope":{"containerScope":{"containerScope":{"contributions":{},"includedScopes":[]},"contributions":{},"includedScopes":[]},"contributions":{},"includedScopes":[]},"contributions":{},"includedScopes":[]},"contributions":{},"includedScopes":[{"contributions":{},"includedScopes":[]}]},"contributions":{},"includedScopes":[{"containerScope":{"containerScope":{"containerScope":{"contributions":{},"includedScopes":[]},"contributions":{},"includedScopes":[]},"contributions":{},"includedScopes":[]},"contributions":{},"includedScopes":[]}]},{"containerScope":{"containerScope":{"containerScope":{"contributions":{},"includedScopes":[]},"contributions":{},"includedScopes":[]},"contributions":{},"includedScopes":[]},"contributions":{},"includedScopes":[]}]},"contributions":{},"includedScopes":[]},"sourceMap":{"end":{"column":31,"line":3,"offset":48},"start":{"column":26,"line":3,"offset":43}}}]},"stack":"Error: Failed to print, found malformed node\n    at c:\\Users\\Usuario\\.vscode\\extensions\\uqbar.wollok-lsp-ide-0.5.4\\out\\server\\src\\server.js:68:3585\n    at Kbn (c:\\Users\\Usuario\\.vscode\\extensions\\uqbar.wollok-lsp-ide-0.5.4\\out\\server\\src\\server.js:68:3396)\n    at c:\\Users\\Usuario\\.vscode\\extensions\\uqbar.wollok-lsp-ide-0.5.4\\out\\server\\src\\server.js:2398:847\n    at c:\\Users\\Usuario\\.vscode\\extensions\\uqbar.wollok-lsp-ide-0.5.4\\out\\server\\src\\server.js:2398:8440\n    at c:\\Users\\Usuario\\.vscode\\extensions\\uqbar.wollok-lsp-ide-0.5.4\\out\\server\\src\\server.js:37:74770\n    at Ke (c:\\Users\\Usuario\\.vscode\\extensions\\uqbar.wollok-lsp-ide-0.5.4\\out\\server\\src\\server.js:7:8527)\n    at Lt (c:\\Users\\Usuario\\.vscode\\extensions\\uqbar.wollok-lsp-ide-0.5.4\\out\\server\\src\\server.js:7:6189)\n    at ct (c:\\Users\\Usuario\\.vscode\\extensions\\uqbar.wollok-lsp-ide-0.5.4\\out\\server\\src\\server.js:7:6378)\n    at Immediate._onImmediate (c:\\Users\\Usuario\\.vscode\\extensions\\uqbar.wollok-lsp-ide-0.5.4\\out\\server\\src\\server.js:7:6142)\n    at process.processImmediate (node:internal/timers:504:21)","timestamp":"2026-07-11T02:15:39.665Z"}
{"level":"error","message":"✘ Failed to get type description: Error: Failed to print, found malformed node Failed to print, found malformed node","node":{"id":"51a9aa76-e6bc-4c89-965f-a311a163935f","members":[{"body":{"id":"7809d556-df44-48d9-80ee-e5fc9483ea40","metadata":[],"problems":[{"code":"malformedSentence","sourceMap":{"end":{"column":6,"line":6,"offset":92},"start":{"column":5,"line":6,"offset":91}}}],"scope":{"containerScope":{"containerScope":{"containerScope":{"containerScope":{"containerScope":{"containerScope":{"containerScope":{"contributions":{},"includedScopes":[]},"contributions":{},"includedScopes":[]},"contributions":{},"includedScopes":[]},"contributions":{},"includedScopes":[]},"contributions":{},"includedScopes":[{"contributions":{},"includedScopes":[]}]},"contributions":{},"includedScopes":[{"containerScope":{"containerScope":{"containerScope":{"containerScope":{"containerScope":{"contributions":{},"includedScopes":[]},"contributions":{},"includedScopes":[]},"contributions":{},"includedScopes":[]},"contributions":{},"includedScopes":[]},"contributions":{},"includedScopes":[{"contributions":{},"includedScopes":[]}]},"contributions":{},"includedScopes":[{"containerScope":{"containerScope":{"containerScope":{"contributions":{},"includedScopes":[]},"contributions":{},"includedScopes":[]},"contributions":{},"includedScopes":[]},"contributions":{},"includedScopes":[]}]},{"containerScope":{"containerScope":{"containerScope":{"contributions":{},"includedScopes":[]},"contributions":{},"includedScopes":[]},"contributions":{},"includedScopes":[]},"contributions":{},"includedScopes":[]}]},"contributions":{},"includedScopes":[]},"contributions":{},"includedScopes":[]},"sentences":[],"sourceMap":{"end":{"column":6,"line":6,"offset":92},"start":{"column":5,"line":6,"offset":91}}},"compiled":false,"id":"d5ef3838-07fb-4f1e-8633-0a05bd93e4aa","isOverride":true,"metadata":[],"name":"mapaData","parameters":[],"problems":[],"scope":{"containerScope":{"containerScope":{"containerScope":{"containerScope":{"containerScope":{"containerScope":{"contributions":{},"includedScopes":[]},"contributions":{},"includedScopes":[]},"contributions":{},"includedScopes":[]},"contributions":{},"includedScopes":[]},"contributions":{},"includedScopes":[{"contributions":{},"includedScopes":[]}]},"contributions":{},"includedScopes":[{"containerScope":{"containerScope":{"containerScope":{"containerScope":{"containerScope":{"contributions":{},"includedScopes":[]},"contributions":{},"includedScopes":[]},"contributions":{},"includedScopes":[]},"contributions":{},"includedScopes":[]},"contributions":{},"includedScopes":[{"contributions":{},"includedScopes":[]}]},"contributions":{},"includedScopes":[{"containerScope":{"containerScope":{"containerScope":{"contributions":{},"includedScopes":[]},"contributions":{},"includedScopes":[]},"contributions":{},"includedScopes":[]},"contributions":{},"includedScopes":[]}]},{"containerScope":{"containerScope":{"containerScope":{"contributions":{},"includedScopes":[]},"contributions":{},"includedScopes":[]},"contributions":{},"includedScopes":[]},"contributions":{},"includedScopes":[]}]},"contributions":{},"includedScopes":[]},"sourceMap":{"end":{"column":6,"line":6,"offset":92},"start":{"column":5,"line":5,"offset":57}}}],"metadata":[{"args":{"position":"end","text":"//id del siguiente nivel 101 baja para izquierda o 102 baja para derecha "},"name":"comment"}],"name":"nivel_17","problems":[{"code":"malformedMember","sourceMap":{"end":{"column":74,"line":7,"offset":167},"start":{"column":9,"line":7,"offset":102}}},{"code":"malformedMember","sourceMap":{"end":{"column":74,"line":8,"offset":242},"start":{"column":9,"line":8,"offset":177}}},{"code":"malformedMember","sourceMap":{"end":{"column":76,"line":9,"offset":319},"start":{"column":9,"line":9,"offset":252}}},{"code":"malformedMember","sourceMap":{"end":{"column":79,"line":10,"offset":399},"start":{"column":9,"line":10,"offset":329}}},{"code":"malformedMember","sourceMap":{"end":{"column":77,"line":11,"offset":477},"start":{"column":9,"line":11,"offset":409}}},{"code":"malformedMember","sourceMap":{"end":{"column":79,"line":12,"offset":557},"start":{"column":9,"line":12,"offset":487}}},{"code":"malformedMember","sourceMap":{"end":{"column":74,"line":13,"offset":632},"start":{"column":9,"line":13,"offset":567}}},{"code":"malformedMember","sourceMap":{"end":{"column":74,"line":14,"offset":707},"start":{"column":9,"line":14,"offset":642}}},{"code":"malformedMember","sourceMap":{"end":{"column":74,"line":15,"offset":782},"start":{"column":9,"line":15,"offset":717}}},{"code":"malformedMember","sourceMap":{"end":{"column":74,"line":16,"offset":857},"start":{"column":9,"line":16,"offset":792}}},{"code":"malformedMember","sourceMap":{"end":{"column":6,"line":17,"offset":864},"start":{"column":5,"line":17,"offset":863}}}],"scope":{"containerScope":{"containerScope":{"containerScope":{"containerScope":{"containerScope":{"contributions":{},"includedScopes":[]},"contributions":{},"includedScopes":[]},"contributions":{},"includedScopes":[]},"contributions":{},"includedScopes":[]},"contributions":{},"includedScopes":[{"contributions":{},"includedScopes":[]}]},"contributions":{},"includedScopes":[{"containerScope":{"containerScope":{"containerScope":{"containerScope":{"containerScope":{"contributions":{},"includedScopes":[]},"contributions":{},"includedScopes":[]},"contributions":{},"includedScopes":[]},"contributions":{},"includedScopes":[]},"contributions":{},"includedScopes":[{"contributions":{},"includedScopes":[]}]},"contributions":{},"includedScopes":[{"containerScope":{"containerScope":{"containerScope":{"contributions":{},"includedScopes":[]},"contributions":{},"includedScopes":[]},"contributions":{},"includedScopes":[]},"contributions":{},"includedScopes":[]}]},{"containerScope":{"containerScope":{"containerScope":{"contributions":{},"includedScopes":[]},"contributions":{},"includedScopes":[]},"contributions":{},"includedScopes":[]},"contributions":{},"includedScopes":[]}]},"sourceMap":{"end":{"column":2,"line":18,"offset":867},"start":{"column":1,"line":3,"offset":18}},"supertypes":[{"args":[],"id":"24a096b2-06f3-4bb7-93eb-f8c7e62d3ea8","metadata":[],"reference":{"id":"0a2cd8f1-dddf-4c4f-8abe-5eedf723bcc8","metadata":[],"name":"Nivel","scope":{"containerScope":{"containerScope":{"containerScope":{"containerScope":{"containerScope":{"containerScope":{"contributions":{},"includedScopes":[]},"contributions":{},"includedScopes":[]},"contributions":{},"includedScopes":[]},"contributions":{},"includedScopes":[]},"contributions":{},"includedScopes":[{"contributions":{},"includedScopes":[]}]},"contributions":{},"includedScopes":[{"containerScope":{"containerScope":{"containerScope":{"containerScope":{"containerScope":{"contributions":{},"includedScopes":[]},"contributions":{},"includedScopes":[]},"contributions":{},"includedScopes":[]},"contributions":{},"includedScopes":[]},"contributions":{},"includedScopes":[{"contributions":{},"includedScopes":[]}]},"contributions":{},"includedScopes":[{"containerScope":{"containerScope":{"containerScope":{"contributions":{},"includedScopes":[]},"contributions":{},"includedScopes":[]},"contributions":{},"includedScopes":[]},"contributions":{},"includedScopes":[]}]},{"containerScope":{"containerScope":{"containerScope":{"contributions":{},"includedScopes":[]},"contributions":{},"includedScopes":[]},"contributions":{},"includedScopes":[]},"contributions":{},"includedScopes":[]}]},"contributions":{},"includedScopes":[]},"sourceMap":{"end":{"column":31,"line":3,"offset":48},"start":{"column":26,"line":3,"offset":43}}},"scope":{"containerScope":{"containerScope":{"containerScope":{"containerScope":{"containerScope":{"containerScope":{"contributions":{},"includedScopes":[]},"contributions":{},"includedScopes":[]},"contributions":{},"includedScopes":[]},"contributions":{},"includedScopes":[]},"contributions":{},"includedScopes":[{"contributions":{},"includedScopes":[]}]},"contributions":{},"includedScopes":[{"containerScope":{"containerScope":{"containerScope":{"containerScope":{"containerScope":{"contributions":{},"includedScopes":[]},"contributions":{},"includedScopes":[]},"contributions":{},"includedScopes":[]},"contributions":{},"includedScopes":[]},"contributions":{},"includedScopes":[{"contributions":{},"includedScopes":[]}]},"contributions":{},"includedScopes":[{"containerScope":{"containerScope":{"containerScope":{"contributions":{},"includedScopes":[]},"contributions":{},"includedScopes":[]},"contributions":{},"includedScopes":[]},"contributions":{},"includedScopes":[]}]},{"containerScope":{"containerScope":{"containerScope":{"contributions":{},"includedScopes":[]},"contributions":{},"includedScopes":[]},"contributions":{},"includedScopes":[]},"contributions":{},"includedScopes":[]}]},"contributions":{},"includedScopes":[]},"sourceMap":{"end":{"column":31,"line":3,"offset":48},"start":{"column":26,"line":3,"offset":43}}}]},"stack":"Error: Failed to print, found malformed node\n    at c:\\Users\\Usuario\\.vscode\\extensions\\uqbar.wollok-lsp-ide-0.5.4\\out\\server\\src\\server.js:68:3585\n    at Kbn (c:\\Users\\Usuario\\.vscode\\extensions\\uqbar.wollok-lsp-ide-0.5.4\\out\\server\\src\\server.js:68:3396)\n    at c:\\Users\\Usuario\\.vscode\\extensions\\uqbar.wollok-lsp-ide-0.5.4\\out\\server\\src\\server.js:2398:847\n    at c:\\Users\\Usuario\\.vscode\\extensions\\uqbar.wollok-lsp-ide-0.5.4\\out\\server\\src\\server.js:2398:8440\n    at c:\\Users\\Usuario\\.vscode\\extensions\\uqbar.wollok-lsp-ide-0.5.4\\out\\server\\src\\server.js:37:74770\n    at Ke (c:\\Users\\Usuario\\.vscode\\extensions\\uqbar.wollok-lsp-ide-0.5.4\\out\\server\\src\\server.js:7:8527)\n    at Lt (c:\\Users\\Usuario\\.vscode\\extensions\\uqbar.wollok-lsp-ide-0.5.4\\out\\server\\src\\server.js:7:6189)\n    at ct (c:\\Users\\Usuario\\.vscode\\extensions\\uqbar.wollok-lsp-ide-0.5.4\\out\\server\\src\\server.js:7:6378)\n    at Immediate._onImmediate (c:\\Users\\Usuario\\.vscode\\extensions\\uqbar.wollok-lsp-ide-0.5.4\\out\\server\\src\\server.js:7:6142)\n    at process.processImmediate (node:internal/timers:504:21)","timestamp":"2026-07-11T02:15:40.406Z"}
{"level":"error","message":"✘ Failed to get type description: Error: Failed to print, found malformed node Failed to print, found malformed node","node":{"id":"51a9aa76-e6bc-4c89-965f-a311a163935f","members":[{"body":{"id":"7809d556-df44-48d9-80ee-e5fc9483ea40","metadata":[],"problems":[{"code":"malformedSentence","sourceMap":{"end":{"column":6,"line":6,"offset":92},"start":{"column":5,"line":6,"offset":91}}}],"scope":{"containerScope":{"containerScope":{"containerScope":{"containerScope":{"containerScope":{"containerScope":{"containerScope":{"contributions":{},"includedScopes":[]},"contributions":{},"includedScopes":[]},"contributions":{},"includedScopes":[]},"contributions":{},"includedScopes":[]},"contributions":{},"includedScopes":[{"contributions":{},"includedScopes":[]}]},"contributions":{},"includedScopes":[{"containerScope":{"containerScope":{"containerScope":{"containerScope":{"containerScope":{"contributions":{},"includedScopes":[]},"contributions":{},"includedScopes":[]},"contributions":{},"includedScopes":[]},"contributions":{},"includedScopes":[]},"contributions":{},"includedScopes":[{"contributions":{},"includedScopes":[]}]},"contributions":{},"includedScopes":[{"containerScope":{"containerScope":{"containerScope":{"contributions":{},"includedScopes":[]},"contributions":{},"includedScopes":[]},"contributions":{},"includedScopes":[]},"contributions":{},"includedScopes":[]}]},{"containerScope":{"containerScope":{"containerScope":{"contributions":{},"includedScopes":[]},"contributions":{},"includedScopes":[]},"contributions":{},"includedScopes":[]},"contributions":{},"includedScopes":[]}]},"contributions":{},"includedScopes":[]},"contributions":{},"includedScopes":[]},"sentences":[],"sourceMap":{"end":{"column":6,"line":6,"offset":92},"start":{"column":5,"line":6,"offset":91}}},"compiled":false,"id":"d5ef3838-07fb-4f1e-8633-0a05bd93e4aa","isOverride":true,"metadata":[],"name":"mapaData","parameters":[],"problems":[],"scope":{"containerScope":{"containerScope":{"containerScope":{"containerScope":{"containerScope":{"containerScope":{"contributions":{},"includedScopes":[]},"contributions":{},"includedScopes":[]},"contributions":{},"includedScopes":[]},"contributions":{},"includedScopes":[]},"contributions":{},"includedScopes":[{"contributions":{},"includedScopes":[]}]},"contributions":{},"includedScopes":[{"containerScope":{"containerScope":{"containerScope":{"containerScope":{"containerScope":{"contributions":{},"includedScopes":[]},"contributions":{},"includedScopes":[]},"contributions":{},"includedScopes":[]},"contributions":{},"includedScopes":[]},"contributions":{},"includedScopes":[{"contributions":{},"includedScopes":[]}]},"contributions":{},"includedScopes":[{"containerScope":{"containerScope":{"containerScope":{"contributions":{},"includedScopes":[]},"contributions":{},"includedScopes":[]},"contributions":{},"includedScopes":[]},"contributions":{},"includedScopes":[]}]},{"containerScope":{"containerScope":{"containerScope":{"contributions":{},"includedScopes":[]},"contributions":{},"includedScopes":[]},"contributions":{},"includedScopes":[]},"contributions":{},"includedScopes":[]}]},"contributions":{},"includedScopes":[]},"sourceMap":{"end":{"column":6,"line":6,"offset":92},"start":{"column":5,"line":5,"offset":57}}}],"metadata":[{"args":{"position":"end","text":"//id del siguiente nivel 101 baja para izquierda o 102 baja para derecha "},"name":"comment"}],"name":"nivel_17","problems":[{"code":"malformedMember","sourceMap":{"end":{"column":74,"line":7,"offset":167},"start":{"column":9,"line":7,"offset":102}}},{"code":"malformedMember","sourceMap":{"end":{"column":74,"line":8,"offset":242},"start":{"column":9,"line":8,"offset":177}}},{"code":"malformedMember","sourceMap":{"end":{"column":76,"line":9,"offset":319},"start":{"column":9,"line":9,"offset":252}}},{"code":"malformedMember","sourceMap":{"end":{"column":79,"line":10,"offset":399},"start":{"column":9,"line":10,"offset":329}}},{"code":"malformedMember","sourceMap":{"end":{"column":77,"line":11,"offset":477},"start":{"column":9,"line":11,"offset":409}}},{"code":"malformedMember","sourceMap":{"end":{"column":79,"line":12,"offset":557},"start":{"column":9,"line":12,"offset":487}}},{"code":"malformedMember","sourceMap":{"end":{"column":74,"line":13,"offset":632},"start":{"column":9,"line":13,"offset":567}}},{"code":"malformedMember","sourceMap":{"end":{"column":74,"line":14,"offset":707},"start":{"column":9,"line":14,"offset":642}}},{"code":"malformedMember","sourceMap":{"end":{"column":74,"line":15,"offset":782},"start":{"column":9,"line":15,"offset":717}}},{"code":"malformedMember","sourceMap":{"end":{"column":74,"line":16,"offset":857},"start":{"column":9,"line":16,"offset":792}}},{"code":"malformedMember","sourceMap":{"end":{"column":6,"line":17,"offset":864},"start":{"column":5,"line":17,"offset":863}}}],"scope":{"containerScope":{"containerScope":{"containerScope":{"containerScope":{"containerScope":{"contributions":{},"includedScopes":[]},"contributions":{},"includedScopes":[]},"contributions":{},"includedScopes":[]},"contributions":{},"includedScopes":[]},"contributions":{},"includedScopes":[{"contributions":{},"includedScopes":[]}]},"contributions":{},"includedScopes":[{"containerScope":{"containerScope":{"containerScope":{"containerScope":{"containerScope":{"contributions":{},"includedScopes":[]},"contributions":{},"includedScopes":[]},"contributions":{},"includedScopes":[]},"contributions":{},"includedScopes":[]},"contributions":{},"includedScopes":[{"contributions":{},"includedScopes":[]}]},"contributions":{},"includedScopes":[{"containerScope":{"containerScope":{"containerScope":{"contributions":{},"includedScopes":[]},"contributions":{},"includedScopes":[]},"contributions":{},"includedScopes":[]},"contributions":{},"includedScopes":[]}]},{"containerScope":{"containerScope":{"containerScope":{"contributions":{},"includedScopes":[]},"contributions":{},"includedScopes":[]},"contributions":{},"includedScopes":[]},"contributions":{},"includedScopes":[]}]},"sourceMap":{"end":{"column":2,"line":18,"offset":867},"start":{"column":1,"line":3,"offset":18}},"supertypes":[{"args":[],"id":"24a096b2-06f3-4bb7-93eb-f8c7e62d3ea8","metadata":[],"reference":{"id":"0a2cd8f1-dddf-4c4f-8abe-5eedf723bcc8","metadata":[],"name":"Nivel","scope":{"containerScope":{"containerScope":{"containerScope":{"containerScope":{"containerScope":{"containerScope":{"contributions":{},"includedScopes":[]},"contributions":{},"includedScopes":[]},"contributions":{},"includedScopes":[]},"contributions":{},"includedScopes":[]},"contributions":{},"includedScopes":[{"contributions":{},"includedScopes":[]}]},"contributions":{},"includedScopes":[{"containerScope":{"containerScope":{"containerScope":{"containerScope":{"containerScope":{"contributions":{},"includedScopes":[]},"contributions":{},"includedScopes":[]},"contributions":{},"includedScopes":[]},"contributions":{},"includedScopes":[]},"contributions":{},"includedScopes":[{"contributions":{},"includedScopes":[]}]},"contributions":{},"includedScopes":[{"containerScope":{"containerScope":{"containerScope":{"contributions":{},"includedScopes":[]},"contributions":{},"includedScopes":[]},"contributions":{},"includedScopes":[]},"contributions":{},"includedScopes":[]}]},{"containerScope":{"containerScope":{"containerScope":{"contributions":{},"includedScopes":[]},"contributions":{},"includedScopes":[]},"contributions":{},"includedScopes":[]},"contributions":{},"includedScopes":[]}]},"contributions":{},"includedScopes":[]},"sourceMap":{"end":{"column":31,"line":3,"offset":48},"start":{"column":26,"line":3,"offset":43}}},"scope":{"containerScope":{"containerScope":{"containerScope":{"containerScope":{"containerScope":{"containerScope":{"contributions":{},"includedScopes":[]},"contributions":{},"includedScopes":[]},"contributions":{},"includedScopes":[]},"contributions":{},"includedScopes":[]},"contributions":{},"includedScopes":[{"contributions":{},"includedScopes":[]}]},"contributions":{},"includedScopes":[{"containerScope":{"containerScope":{"containerScope":{"containerScope":{"containerScope":{"contributions":{},"includedScopes":[]},"contributions":{},"includedScopes":[]},"contributions":{},"includedScopes":[]},"contributions":{},"includedScopes":[]},"contributions":{},"includedScopes":[{"contributions":{},"includedScopes":[]}]},"contributions":{},"includedScopes":[{"containerScope":{"containerScope":{"containerScope":{"contributions":{},"includedScopes":[]},"contributions":{},"includedScopes":[]},"contributions":{},"includedScopes":[]},"contributions":{},"includedScopes":[]}]},{"containerScope":{"containerScope":{"containerScope":{"contributions":{},"includedScopes":[]},"contributions":{},"includedScopes":[]},"contributions":{},"includedScopes":[]},"contributions":{},"includedScopes":[]}]},"contributions":{},"includedScopes":[]},"sourceMap":{"end":{"column":31,"line":3,"offset":48},"start":{"column":26,"line":3,"offset":43}}}]},"stack":"Error: Failed to print, found malformed node\n    at c:\\Users\\Usuario\\.vscode\\extensions\\uqbar.wollok-lsp-ide-0.5.4\\out\\server\\src\\server.js:68:3585\n    at Kbn (c:\\Users\\Usuario\\.vscode\\extensions\\uqbar.wollok-lsp-ide-0.5.4\\out\\server\\src\\server.js:68:3396)\n    at c:\\Users\\Usuario\\.vscode\\extensions\\uqbar.wollok-lsp-ide-0.5.4\\out\\server\\src\\server.js:2398:847\n    at c:\\Users\\Usuario\\.vscode\\extensions\\uqbar.wollok-lsp-ide-0.5.4\\out\\server\\src\\server.js:2398:8440\n    at c:\\Users\\Usuario\\.vscode\\extensions\\uqbar.wollok-lsp-ide-0.5.4\\out\\server\\src\\server.js:37:74770\n    at Ke (c:\\Users\\Usuario\\.vscode\\extensions\\uqbar.wollok-lsp-ide-0.5.4\\out\\server\\src\\server.js:7:8527)\n    at Lt (c:\\Users\\Usuario\\.vscode\\extensions\\uqbar.wollok-lsp-ide-0.5.4\\out\\server\\src\\server.js:7:6189)\n    at ct (c:\\Users\\Usuario\\.vscode\\extensions\\uqbar.wollok-lsp-ide-0.5.4\\out\\server\\src\\server.js:7:6378)\n    at Immediate._onImmediate (c:\\Users\\Usuario\\.vscode\\extensions\\uqbar.wollok-lsp-ide-0.5.4\\out\\server\\src\\server.js:7:6142)\n    at process.processImmediate (node:internal/timers:504:21)","timestamp":"2026-07-11T02:15:45.244Z"}
{"level":"error","message":"✘ Failed to get type description: Error: Failed to print, found malformed node Failed to print, found malformed node","node":{"id":"51a9aa76-e6bc-4c89-965f-a311a163935f","members":[{"body":{"id":"7809d556-df44-48d9-80ee-e5fc9483ea40","metadata":[],"problems":[{"code":"malformedSentence","sourceMap":{"end":{"column":6,"line":6,"offset":92},"start":{"column":5,"line":6,"offset":91}}}],"scope":{"containerScope":{"containerScope":{"containerScope":{"containerScope":{"containerScope":{"containerScope":{"containerScope":{"contributions":{},"includedScopes":[]},"contributions":{},"includedScopes":[]},"contributions":{},"includedScopes":[]},"contributions":{},"includedScopes":[]},"contributions":{},"includedScopes":[{"contributions":{},"includedScopes":[]}]},"contributions":{},"includedScopes":[{"containerScope":{"containerScope":{"containerScope":{"containerScope":{"containerScope":{"contributions":{},"includedScopes":[]},"contributions":{},"includedScopes":[]},"contributions":{},"includedScopes":[]},"contributions":{},"includedScopes":[]},"contributions":{},"includedScopes":[{"contributions":{},"includedScopes":[]}]},"contributions":{},"includedScopes":[{"containerScope":{"containerScope":{"containerScope":{"contributions":{},"includedScopes":[]},"contributions":{},"includedScopes":[]},"contributions":{},"includedScopes":[]},"contributions":{},"includedScopes":[]}]},{"containerScope":{"containerScope":{"containerScope":{"contributions":{},"includedScopes":[]},"contributions":{},"includedScopes":[]},"contributions":{},"includedScopes":[]},"contributions":{},"includedScopes":[]}]},"contributions":{},"includedScopes":[]},"contributions":{},"includedScopes":[]},"sentences":[],"sourceMap":{"end":{"column":6,"line":6,"offset":92},"start":{"column":5,"line":6,"offset":91}}},"compiled":false,"id":"d5ef3838-07fb-4f1e-8633-0a05bd93e4aa","isOverride":true,"metadata":[],"name":"mapaData","parameters":[],"problems":[],"scope":{"containerScope":{"containerScope":{"containerScope":{"containerScope":{"containerScope":{"containerScope":{"contributions":{},"includedScopes":[]},"contributions":{},"includedScopes":[]},"contributions":{},"includedScopes":[]},"contributions":{},"includedScopes":[]},"contributions":{},"includedScopes":[{"contributions":{},"includedScopes":[]}]},"contributions":{},"includedScopes":[{"containerScope":{"containerScope":{"containerScope":{"containerScope":{"containerScope":{"contributions":{},"includedScopes":[]},"contributions":{},"includedScopes":[]},"contributions":{},"includedScopes":[]},"contributions":{},"includedScopes":[]},"contributions":{},"includedScopes":[{"contributions":{},"includedScopes":[]}]},"contributions":{},"includedScopes":[{"containerScope":{"containerScope":{"containerScope":{"contributions":{},"includedScopes":[]},"contributions":{},"includedScopes":[]},"contributions":{},"includedScopes":[]},"contributions":{},"includedScopes":[]}]},{"containerScope":{"containerScope":{"containerScope":{"contributions":{},"includedScopes":[]},"contributions":{},"includedScopes":[]},"contributions":{},"includedScopes":[]},"contributions":{},"includedScopes":[]}]},"contributions":{},"includedScopes":[]},"sourceMap":{"end":{"column":6,"line":6,"offset":92},"start":{"column":5,"line":5,"offset":57}}}],"metadata":[{"args":{"position":"end","text":"//id del siguiente nivel 101 baja para izquierda o 102 baja para derecha "},"name":"comment"}],"name":"nivel_17","problems":[{"code":"malformedMember","sourceMap":{"end":{"column":74,"line":7,"offset":167},"start":{"column":9,"line":7,"offset":102}}},{"code":"malformedMember","sourceMap":{"end":{"column":74,"line":8,"offset":242},"start":{"column":9,"line":8,"offset":177}}},{"code":"malformedMember","sourceMap":{"end":{"column":76,"line":9,"offset":319},"start":{"column":9,"line":9,"offset":252}}},{"code":"malformedMember","sourceMap":{"end":{"column":79,"line":10,"offset":399},"start":{"column":9,"line":10,"offset":329}}},{"code":"malformedMember","sourceMap":{"end":{"column":77,"line":11,"offset":477},"start":{"column":9,"line":11,"offset":409}}},{"code":"malformedMember","sourceMap":{"end":{"column":79,"line":12,"offset":557},"start":{"column":9,"line":12,"offset":487}}},{"code":"malformedMember","sourceMap":{"end":{"column":74,"line":13,"offset":632},"start":{"column":9,"line":13,"offset":567}}},{"code":"malformedMember","sourceMap":{"end":{"column":74,"line":14,"offset":707},"start":{"column":9,"line":14,"offset":642}}},{"code":"malformedMember","sourceMap":{"end":{"column":74,"line":15,"offset":782},"start":{"column":9,"line":15,"offset":717}}},{"code":"malformedMember","sourceMap":{"end":{"column":74,"line":16,"offset":857},"start":{"column":9,"line":16,"offset":792}}},{"code":"malformedMember","sourceMap":{"end":{"column":6,"line":17,"offset":864},"start":{"column":5,"line":17,"offset":863}}}],"scope":{"containerScope":{"containerScope":{"containerScope":{"containerScope":{"containerScope":{"contributions":{},"includedScopes":[]},"contributions":{},"includedScopes":[]},"contributions":{},"includedScopes":[]},"contributions":{},"includedScopes":[]},"contributions":{},"includedScopes":[{"contributions":{},"includedScopes":[]}]},"contributions":{},"includedScopes":[{"containerScope":{"containerScope":{"containerScope":{"containerScope":{"containerScope":{"contributions":{},"includedScopes":[]},"contributions":{},"includedScopes":[]},"contributions":{},"includedScopes":[]},"contributions":{},"includedScopes":[]},"contributions":{},"includedScopes":[{"contributions":{},"includedScopes":[]}]},"contributions":{},"includedScopes":[{"containerScope":{"containerScope":{"containerScope":{"contributions":{},"includedScopes":[]},"contributions":{},"includedScopes":[]},"contributions":{},"includedScopes":[]},"contributions":{},"includedScopes":[]}]},{"containerScope":{"containerScope":{"containerScope":{"contributions":{},"includedScopes":[]},"contributions":{},"includedScopes":[]},"contributions":{},"includedScopes":[]},"contributions":{},"includedScopes":[]}]},"sourceMap":{"end":{"column":2,"line":18,"offset":867},"start":{"column":1,"line":3,"offset":18}},"supertypes":[{"args":[],"id":"24a096b2-06f3-4bb7-93eb-f8c7e62d3ea8","metadata":[],"reference":{"id":"0a2cd8f1-dddf-4c4f-8abe-5eedf723bcc8","metadata":[],"name":"Nivel","scope":{"containerScope":{"containerScope":{"containerScope":{"containerScope":{"containerScope":{"containerScope":{"contributions":{},"includedScopes":[]},"contributions":{},"includedScopes":[]},"contributions":{},"includedScopes":[]},"contributions":{},"includedScopes":[]},"contributions":{},"includedScopes":[{"contributions":{},"includedScopes":[]}]},"contributions":{},"includedScopes":[{"containerScope":{"containerScope":{"containerScope":{"containerScope":{"containerScope":{"contributions":{},"includedScopes":[]},"contributions":{},"includedScopes":[]},"contributions":{},"includedScopes":[]},"contributions":{},"includedScopes":[]},"contributions":{},"includedScopes":[{"contributions":{},"includedScopes":[]}]},"contributions":{},"includedScopes":[{"containerScope":{"containerScope":{"containerScope":{"contributions":{},"includedScopes":[]},"contributions":{},"includedScopes":[]},"contributions":{},"includedScopes":[]},"contributions":{},"includedScopes":[]}]},{"containerScope":{"containerScope":{"containerScope":{"contributions":{},"includedScopes":[]},"contributions":{},"includedScopes":[]},"contributions":{},"includedScopes":[]},"contributions":{},"includedScopes":[]}]},"contributions":{},"includedScopes":[]},"sourceMap":{"end":{"column":31,"line":3,"offset":48},"start":{"column":26,"line":3,"offset":43}}},"scope":{"containerScope":{"containerScope":{"containerScope":{"containerScope":{"containerScope":{"containerScope":{"contributions":{},"includedScopes":[]},"contributions":{},"includedScopes":[]},"contributions":{},"includedScopes":[]},"contributions":{},"includedScopes":[]},"contributions":{},"includedScopes":[{"contributions":{},"includedScopes":[]}]},"contributions":{},"includedScopes":[{"containerScope":{"containerScope":{"containerScope":{"containerScope":{"containerScope":{"contributions":{},"includedScopes":[]},"contributions":{},"includedScopes":[]},"contributions":{},"includedScopes":[]},"contributions":{},"includedScopes":[]},"contributions":{},"includedScopes":[{"contributions":{},"includedScopes":[]}]},"contributions":{},"includedScopes":[{"containerScope":{"containerScope":{"containerScope":{"contributions":{},"includedScopes":[]},"contributions":{},"includedScopes":[]},"contributions":{},"includedScopes":[]},"contributions":{},"includedScopes":[]}]},{"containerScope":{"containerScope":{"containerScope":{"contributions":{},"includedScopes":[]},"contributions":{},"includedScopes":[]},"contributions":{},"includedScopes":[]},"contributions":{},"includedScopes":[]}]},"contributions":{},"includedScopes":[]},"sourceMap":{"end":{"column":31,"line":3,"offset":48},"start":{"column":26,"line":3,"offset":43}}}]},"stack":"Error: Failed to print, found malformed node\n    at c:\\Users\\Usuario\\.vscode\\extensions\\uqbar.wollok-lsp-ide-0.5.4\\out\\server\\src\\server.js:68:3585\n    at Kbn (c:\\Users\\Usuario\\.vscode\\extensions\\uqbar.wollok-lsp-ide-0.5.4\\out\\server\\src\\server.js:68:3396)\n    at c:\\Users\\Usuario\\.vscode\\extensions\\uqbar.wollok-lsp-ide-0.5.4\\out\\server\\src\\server.js:2398:847\n    at c:\\Users\\Usuario\\.vscode\\extensions\\uqbar.wollok-lsp-ide-0.5.4\\out\\server\\src\\server.js:2398:8440\n    at c:\\Users\\Usuario\\.vscode\\extensions\\uqbar.wollok-lsp-ide-0.5.4\\out\\server\\src\\server.js:37:74770\n    at Ke (c:\\Users\\Usuario\\.vscode\\extensions\\uqbar.wollok-lsp-ide-0.5.4\\out\\server\\src\\server.js:7:8527)\n    at Lt (c:\\Users\\Usuario\\.vscode\\extensions\\uqbar.wollok-lsp-ide-0.5.4\\out\\server\\src\\server.js:7:6189)\n    at ct (c:\\Users\\Usuario\\.vscode\\extensions\\uqbar.wollok-lsp-ide-0.5.4\\out\\server\\src\\server.js:7:6378)\n    at Immediate._onImmediate (c:\\Users\\Usuario\\.vscode\\extensions\\uqbar.wollok-lsp-ide-0.5.4\\out\\server\\src\\server.js:7:6142)\n    at process.processImmediate (node:internal/timers:504:21)","timestamp":"2026-07-11T02:15:49.574Z"}
{"level":"info","message":"⌛ Building environment","timeElapsed":242,"timestamp":"2026-07-11T02:15:52.986Z"}
{"level":"info","message":"⌛ Validating scripts/gestionNiveles/niveles/datosNivel17.wlk","timeElapsed":321,"timestamp":"2026-07-11T02:15:53.308Z"}
{"level":"info","message":"⌛ Building environment","timeElapsed":478,"timestamp":"2026-07-11T02:15:53.805Z"}
{"level":"info","message":"⌛ Validating scripts/gestionNiveles/niveles/datosNivel17.wlk","timeElapsed":243,"timestamp":"2026-07-11T02:15:54.062Z"}
{"level":"info","message":"⌛ Building environment","timeElapsed":237,"timestamp":"2026-07-11T02:15:59.244Z"}
{"level":"info","message":"⌛ Validating scripts/gestionNiveles/niveles/datosNivel17.wlk","timeElapsed":269,"timestamp":"2026-07-11T02:15:59.514Z"}
{"level":"info","message":"⌛ Building environment","timeElapsed":312,"timestamp":"2026-07-11T02:17:21.053Z"}
{"level":"info","message":"⌛ Validating scripts/gestionNiveles/niveles/datosNivel17.wlk","timeElapsed":276,"timestamp":"2026-07-11T02:17:21.461Z"}
{"level":"info","message":"⌛ Building environment","timeElapsed":301,"timestamp":"2026-07-11T02:17:48.928Z"}
{"level":"info","message":"⌛ Validating scripts/gestionNiveles/niveles/datosNivel17.wlk","timeElapsed":278,"timestamp":"2026-07-11T02:17:49.304Z"}
{"level":"info","message":"⌛ Building environment","timeElapsed":286,"timestamp":"2026-07-11T02:17:52.675Z"}
{"level":"info","message":"⌛ Validating scripts/gestionNiveles/niveles/datosNivel17.wlk","timeElapsed":263,"timestamp":"2026-07-11T02:17:52.957Z"}
{"level":"info","message":"⌛ Building environment","timeElapsed":249,"timestamp":"2026-07-11T02:17:54.533Z"}
{"level":"info","message":"⌛ Validating scripts/gestionNiveles/niveles/datosNivel17.wlk","timeElapsed":304,"timestamp":"2026-07-11T02:17:54.850Z"}
{"level":"info","message":"⌛ Building environment","timeElapsed":268,"timestamp":"2026-07-11T02:18:01.404Z"}
{"level":"info","message":"⌛ Building environment","timeElapsed":641,"timestamp":"2026-07-11T02:18:02.046Z"}
{"level":"info","message":"⌛ Validating scripts/gestionNiveles/niveles/datosNivel17.wlk","timeElapsed":227,"timestamp":"2026-07-11T02:18:02.283Z"}
{"level":"info","message":"⌛ Validating scripts/gestionNiveles/niveles/datosNivel17.wlk","timeElapsed":265,"timestamp":"2026-07-11T02:18:02.568Z"}
{"level":"info","message":"⌛ Building environment","timeElapsed":224,"timestamp":"2026-07-11T02:18:11.399Z"}
{"level":"info","message":"⌛ Building environment","timeElapsed":269,"timestamp":"2026-07-11T02:18:11.669Z"}
{"level":"info","message":"⌛ Validating scripts/gestionNiveles/niveles/datosNivel17.wlk","timeElapsed":280,"timestamp":"2026-07-11T02:18:11.950Z"}
{"level":"info","message":"⌛ Validating scripts/gestionNiveles/niveles/datosNivel17.wlk","timeElapsed":250,"timestamp":"2026-07-11T02:18:12.214Z"}
{"level":"info","message":"⌛ Building environment","timeElapsed":328,"timestamp":"2026-07-11T02:18:19.317Z"}
{"level":"info","message":"⌛ Validating scripts/gestionNiveles/fabricaNivel.wlk","timeElapsed":537,"timestamp":"2026-07-11T02:18:19.930Z"}
{"level":"info","message":"⌛ Building environment","timeElapsed":220,"timestamp":"2026-07-11T02:19:05.167Z"}
{"level":"info","message":"⌛ Validating scripts/gestionNiveles/niveles/datosNivel17.wlk","timeElapsed":257,"timestamp":"2026-07-11T02:19:05.425Z"}
{"level":"info","message":"⌛ Building environment","timeElapsed":303,"timestamp":"2026-07-11T02:19:05.864Z"}
{"level":"info","message":"⌛ Building environment","timeElapsed":311,"timestamp":"2026-07-11T02:19:06.194Z"}
{"level":"info","message":"⌛ Validating scripts/gestionNiveles/niveles/datosNivel17.wlk","timeElapsed":293,"timestamp":"2026-07-11T02:19:06.487Z"}
{"level":"info","message":"⌛ Validating scripts/gestionNiveles/niveles/datosNivel17.wlk","timeElapsed":287,"timestamp":"2026-07-11T02:19:06.795Z"}
{"level":"info","message":"⌛ Building environment","timeElapsed":263,"timestamp":"2026-07-11T02:19:20.914Z"}
{"level":"info","message":"⌛ Building environment","timeElapsed":251,"timestamp":"2026-07-11T02:19:21.168Z"}
{"level":"info","message":"⌛ Validating scripts/gestionNiveles/niveles/datosNivel17.wlk","timeElapsed":223,"timestamp":"2026-07-11T02:19:21.400Z"}
{"level":"info","message":"⌛ Validating scripts/gestionNiveles/niveles/datosNivel17.wlk","timeElapsed":265,"timestamp":"2026-07-11T02:19:21.682Z"}
{"level":"info","message":"⌛ Building environment","timeElapsed":237,"timestamp":"2026-07-11T02:19:21.923Z"}
{"level":"info","message":"⌛ Validating scripts/gestionNiveles/niveles/datosNivel17.wlk","timeElapsed":233,"timestamp":"2026-07-11T02:19:22.178Z"}
{"level":"info","message":"⌛ Building environment","timeElapsed":265,"timestamp":"2026-07-11T02:19:46.045Z"}
{"level":"info","message":"⌛ Building environment","timeElapsed":255,"timestamp":"2026-07-11T02:19:46.300Z"}
{"level":"info","message":"⌛ Validating scripts/gestionNiveles/niveles/datosNivel17.wlk","timeElapsed":313,"timestamp":"2026-07-11T02:19:46.613Z"}
{"level":"info","message":"⌛ Validating scripts/gestionNiveles/niveles/datosNivel17.wlk","timeElapsed":415,"timestamp":"2026-07-11T02:19:47.139Z"}
{"level":"info","message":"⌛ Building environment","timeElapsed":360,"timestamp":"2026-07-11T02:19:48.993Z"}
{"level":"info","message":"⌛ Building environment","timeElapsed":234,"timestamp":"2026-07-11T02:19:49.277Z"}
{"level":"info","message":"⌛ Validating scripts/gestionNiveles/niveles/datosNivel17.wlk","timeElapsed":298,"timestamp":"2026-07-11T02:19:49.591Z"}
{"level":"info","message":"⌛ Validating scripts/gestionNiveles/niveles/datosNivel17.wlk","timeElapsed":255,"timestamp":"2026-07-11T02:19:49.859Z"}
{"level":"info","message":"⌛ Building environment","timeElapsed":256,"timestamp":"2026-07-11T02:19:52.139Z"}
{"level":"info","message":"⌛ Building environment","timeElapsed":261,"timestamp":"2026-07-11T02:19:52.400Z"}
{"level":"info","message":"⌛ Validating scripts/gestionNiveles/niveles/datosNivel17.wlk","timeElapsed":238,"timestamp":"2026-07-11T02:19:52.647Z"}
{"level":"info","message":"⌛ Validating scripts/gestionNiveles/niveles/datosNivel17.wlk","timeElapsed":225,"timestamp":"2026-07-11T02:19:52.887Z"}
{"level":"info","message":"⌛ Building environment","timeElapsed":208,"timestamp":"2026-07-11T02:20:05.088Z"}
{"level":"info","message":"⌛ Validating scripts/gestionNiveles/niveles/datosNivel17.wlk","timeElapsed":241,"timestamp":"2026-07-11T02:20:05.343Z"}
{"errors":{"errors":[null,["/*\r","Este archivo define los identificadores (IDs) utilizados por los niveles y\r","cómo la fábrica convierte cada ID en un objeto del juego.\r","Cada celda del nivel contiene un número entero.\r","Los IDs simples representan directamente un tipo de objeto:\r","Objetos\r","0   = Celda vacía\r","0.1 = Celda bloqueada (no transitable)\r","1   = Colisión\r","2   = Moneda\r","3   = Pinchos\r","4   = Palanca\r","6   = Caja\r","7   = Portal\r","8   = Botón\r","51  = Puerta horizontal\r","52  = Puerta vertical\r","800 = Láser hacia arriba\r","810 = Láser hacia abajo\r","820 = Láser hacia la derecha\r","830 = Láser hacia la izquierda\r","Enemigos\r","90 = Sapo\r","91 = Murciélago\r","92 = Gato\r","Personaje\r","99 = Posición inicial del jugador\r","------------------------------------------------------------\r","Canales\r","------------------------------------------------------------\r","Algunos objetos (palancas, botones, puertas, pinchos, láseres, etc.)\r","pueden pertenecer a un canal.\r","El canal se codifica agregando un dígito al final del ID.\r","Ejemplos:\r","31 -> Pinchos del canal 1\r","34 -> Pinchos del canal 4\r","81 -> Botón del canal 1\r","85 -> Botón del canal 5\r","521 -> Puerta vertical del canal 1\r","525 -> Puerta vertical del canal 5\r","Cuando la fábrica recibe un ID que no existe exactamente, intenta\r","interpretarlo de la siguiente forma:\r","objeto = id / 10\r","canal  = id % 10\r","Si existe un constructor para \"objeto\", crea la instancia utilizando el\r","canal obtenido.\r","De esta forma no es necesario registrar un constructor para cada posible\r","canal, sino solamente para el tipo base del objeto.\r"]]},"level":"error","message":"✘ Failed to get type description: Error: {\n  \"errors\": [\n    null,\n    [\n      \"/*\\r\",\n      \"Este archivo define los identificadores (IDs) utilizados por los niveles y\\r\",\n      \"cómo la fábrica convierte cada ID en un objeto del juego.\\r\",\n      \"Cada celda del nivel contiene un número entero.\\r\",\n      \"Los IDs simples representan directamente un tipo de objeto:\\r\",\n      \"Objetos\\r\",\n      \"0   = Celda vacía\\r\",\n      \"0.1 = Celda bloqueada (no transitable)\\r\",\n      \"1   = Colisión\\r\",\n      \"2   = Moneda\\r\",\n      \"3   = Pinchos\\r\",\n      \"4   = Palanca\\r\",\n      \"6   = Caja\\r\",\n      \"7   = Portal\\r\",\n      \"8   = Botón\\r\",\n      \"51  = Puerta horizontal\\r\",\n      \"52  = Puerta vertical\\r\",\n      \"800 = Láser hacia arriba\\r\",\n      \"810 = Láser hacia abajo\\r\",\n      \"820 = Láser hacia la derecha\\r\",\n      \"830 = Láser hacia la izquierda\\r\",\n      \"Enemigos\\r\",\n      \"90 = Sapo\\r\",\n      \"91 = Murciélago\\r\",\n      \"92 = Gato\\r\",\n      \"Personaje\\r\",\n      \"99 = Posición inicial del jugador\\r\",\n      \"------------------------------------------------------------\\r\",\n      \"Canales\\r\",\n      \"------------------------------------------------------------\\r\",\n      \"Algunos objetos (palancas, botones, puertas, pinchos, láseres, etc.)\\r\",\n      \"pueden pertenecer a un canal.\\r\",\n      \"El canal se codifica agregando un dígito al final del ID.\\r\",\n      \"Ejemplos:\\r\",\n      \"31 -> Pinchos del canal 1\\r\",\n      \"34 -> Pinchos del canal 4\\r\",\n      \"81 -> Botón del canal 1\\r\",\n      \"85 -> Botón del canal 5\\r\",\n      \"521 -> Puerta vertical del canal 1\\r\",\n      \"525 -> Puerta vertical del canal 5\\r\",\n      \"Cuando la fábrica recibe un ID que no existe exactamente, intenta\\r\",\n      \"interpretarlo de la siguiente forma:\\r\",\n      \"objeto = id / 10\\r\",\n      \"canal  = id % 10\\r\",\n      \"Si existe un constructor para \\\"objeto\\\", crea la instancia utilizando el\\r\",\n      \"canal obtenido.\\r\",\n      \"De esta forma no es necesario registrar un constructor para cada posible\\r\",\n      \"canal, sino solamente para el tipo base del objeto.\\r\"\n    ]\n  ]\n} {\n  \"errors\": [\n    null,\n    [\n      \"/*\\r\",\n      \"Este archivo define los identificadores (IDs) utilizados por los niveles y\\r\",\n      \"cómo la fábrica convierte cada ID en un objeto del juego.\\r\",\n      \"Cada celda del nivel contiene un número entero.\\r\",\n      \"Los IDs simples representan directamente un tipo de objeto:\\r\",\n      \"Objetos\\r\",\n      \"0   = Celda vacía\\r\",\n      \"0.1 = Celda bloqueada (no transitable)\\r\",\n      \"1   = Colisión\\r\",\n      \"2   = Moneda\\r\",\n      \"3   = Pinchos\\r\",\n      \"4   = Palanca\\r\",\n      \"6   = Caja\\r\",\n      \"7   = Portal\\r\",\n      \"8   = Botón\\r\",\n      \"51  = Puerta horizontal\\r\",\n      \"52  = Puerta vertical\\r\",\n      \"800 = Láser hacia arriba\\r\",\n      \"810 = Láser hacia abajo\\r\",\n      \"820 = Láser hacia la derecha\\r\",\n      \"830 = Láser hacia la izquierda\\r\",\n      \"Enemigos\\r\",\n      \"90 = Sapo\\r\",\n      \"91 = Murciélago\\r\",\n      \"92 = Gato\\r\",\n      \"Personaje\\r\",\n      \"99 = Posición inicial del jugador\\r\",\n      \"------------------------------------------------------------\\r\",\n      \"Canales\\r\",\n      \"------------------------------------------------------------\\r\",\n      \"Algunos objetos (palancas, botones, puertas, pinchos, láseres, etc.)\\r\",\n      \"pueden pertenecer a un canal.\\r\",\n      \"El canal se codifica agregando un dígito al final del ID.\\r\",\n      \"Ejemplos:\\r\",\n      \"31 -> Pinchos del canal 1\\r\",\n      \"34 -> Pinchos del canal 4\\r\",\n      \"81 -> Botón del canal 1\\r\",\n      \"85 -> Botón del canal 5\\r\",\n      \"521 -> Puerta vertical del canal 1\\r\",\n      \"525 -> Puerta vertical del canal 5\\r\",\n      \"Cuando la fábrica recibe un ID que no existe exactamente, intenta\\r\",\n      \"interpretarlo de la siguiente forma:\\r\",\n      \"objeto = id / 10\\r\",\n      \"canal  = id % 10\\r\",\n      \"Si existe un constructor para \\\"objeto\\\", crea la instancia utilizando el\\r\",\n      \"canal obtenido.\\r\",\n      \"De esta forma no es necesario registrar un constructor para cada posible\\r\",\n      \"canal, sino solamente para el tipo base del objeto.\\r\"\n    ]\n  ]\n}","stack":"Error: {\n  \"errors\": [\n    null,\n    [\n      \"/*\\r\",\n      \"Este archivo define los identificadores (IDs) utilizados por los niveles y\\r\",\n      \"cómo la fábrica convierte cada ID en un objeto del juego.\\r\",\n      \"Cada celda del nivel contiene un número entero.\\r\",\n      \"Los IDs simples representan directamente un tipo de objeto:\\r\",\n      \"Objetos\\r\",\n      \"0   = Celda vacía\\r\",\n      \"0.1 = Celda bloqueada (no transitable)\\r\",\n      \"1   = Colisión\\r\",\n      \"2   = Moneda\\r\",\n      \"3   = Pinchos\\r\",\n      \"4   = Palanca\\r\",\n      \"6   = Caja\\r\",\n      \"7   = Portal\\r\",\n      \"8   = Botón\\r\",\n      \"51  = Puerta horizontal\\r\",\n      \"52  = Puerta vertical\\r\",\n      \"800 = Láser hacia arriba\\r\",\n      \"810 = Láser hacia abajo\\r\",\n      \"820 = Láser hacia la derecha\\r\",\n      \"830 = Láser hacia la izquierda\\r\",\n      \"Enemigos\\r\",\n      \"90 = Sapo\\r\",\n      \"91 = Murciélago\\r\",\n      \"92 = Gato\\r\",\n      \"Personaje\\r\",\n      \"99 = Posición inicial del jugador\\r\",\n      \"------------------------------------------------------------\\r\",\n      \"Canales\\r\",\n      \"------------------------------------------------------------\\r\",\n      \"Algunos objetos (palancas, botones, puertas, pinchos, láseres, etc.)\\r\",\n      \"pueden pertenecer a un canal.\\r\",\n      \"El canal se codifica agregando un dígito al final del ID.\\r\",\n      \"Ejemplos:\\r\",\n      \"31 -> Pinchos del canal 1\\r\",\n      \"34 -> Pinchos del canal 4\\r\",\n      \"81 -> Botón del canal 1\\r\",\n      \"85 -> Botón del canal 5\\r\",\n      \"521 -> Puerta vertical del canal 1\\r\",\n      \"525 -> Puerta vertical del canal 5\\r\",\n      \"Cuando la fábrica recibe un ID que no existe exactamente, intenta\\r\",\n      \"interpretarlo de la siguiente forma:\\r\",\n      \"objeto = id / 10\\r\",\n      \"canal  = id % 10\\r\",\n      \"Si existe un constructor para \\\"objeto\\\", crea la instancia utilizando el\\r\",\n      \"canal obtenido.\\r\",\n      \"De esta forma no es necesario registrar un constructor para cada posible\\r\",\n      \"canal, sino solamente para el tipo base del objeto.\\r\"\n    ]\n  ]\n}\n    at lS (c:\\Users\\Usuario\\.vscode\\extensions\\uqbar.wollok-lsp-ide-0.5.4\\out\\server\\src\\server.js:64:34609)\n    at Q1 (c:\\Users\\Usuario\\.vscode\\extensions\\uqbar.wollok-lsp-ide-0.5.4\\out\\server\\src\\server.js:64:34682)\n    at c:\\Users\\Usuario\\.vscode\\extensions\\uqbar.wollok-lsp-ide-0.5.4\\out\\server\\src\\server.js:64:37949\n    at o.y1 (c:\\Users\\Usuario\\.vscode\\extensions\\uqbar.wollok-lsp-ide-0.5.4\\out\\server\\src\\server.js:57:59114)\n    at c:\\Users\\Usuario\\.vscode\\extensions\\uqbar.wollok-lsp-ide-0.5.4\\out\\server\\src\\server.js:64:37918\n    at c:\\Users\\Usuario\\.vscode\\extensions\\uqbar.wollok-lsp-ide-0.5.4\\out\\server\\src\\server.js:57:57154\n    at Cfn (c:\\Users\\Usuario\\.vscode\\extensions\\uqbar.wollok-lsp-ide-0.5.4\\out\\server\\src\\server.js:68:11324)\n    at c:\\Users\\Usuario\\.vscode\\extensions\\uqbar.wollok-lsp-ide-0.5.4\\out\\server\\src\\server.js:68:3629\n    at Array.map (<anonymous>)\n    at c:\\Users\\Usuario\\.vscode\\extensions\\uqbar.wollok-lsp-ide-0.5.4\\out\\server\\src\\server.js:68:4693","timestamp":"2026-07-11T02:20:08.439Z"}
{"level":"error","message":"✘ Failed to get type description: Error: Failed to print, found malformed node Failed to print, found malformed node","node":{"id":"50188770-29d5-4dcb-85b3-234112abea3e","members":[{"body":{"id":"902db2eb-3c23-43c5-858d-7e8959bfdbf3","metadata":[],"problems":[{"code":"malformedSentence","sourceMap":{"end":{"column":6,"line":6,"offset":92},"start":{"column":5,"line":6,"offset":91}}}],"scope":{"containerScope":{"containerScope":{"containerScope":{"containerScope":{"containerScope":{"containerScope":{"containerScope":{"contributions":{},"includedScopes":[]},"contributions":{},"includedScopes":[]},"contributions":{},"includedScopes":[]},"contributions":{},"includedScopes":[]},"contributions":{},"includedScopes":[{"contributions":{},"includedScopes":[]}]},"contributions":{},"includedScopes":[{"containerScope":{"containerScope":{"containerScope":{"containerScope":{"containerScope":{"contributions":{},"includedScopes":[]},"contributions":{},"includedScopes":[]},"contributions":{},"includedScopes":[]},"contributions":{},"includedScopes":[]},"contributions":{},"includedScopes":[{"contributions":{},"includedScopes":[]}]},"contributions":{},"includedScopes":[{"containerScope":{"containerScope":{"containerScope":{"contributions":{},"includedScopes":[]},"contributions":{},"includedScopes":[]},"contributions":{},"includedScopes":[]},"contributions":{},"includedScopes":[]}]},{"containerScope":{"containerScope":{"containerScope":{"contributions":{},"includedScopes":[]},"contributions":{},"includedScopes":[]},"contributions":{},"includedScopes":[]},"contributions":{},"includedScopes":[]}]},"contributions":{},"includedScopes":[]},"contributions":{},"includedScopes":[]},"sentences":[],"sourceMap":{"end":{"column":6,"line":6,"offset":92},"start":{"column":5,"line":6,"offset":91}}},"compiled":false,"id":"f32a9770-4453-42d1-8ff9-18f43909e5c3","isOverride":true,"metadata":[],"name":"mapaData","parameters":[],"problems":[],"scope":{"containerScope":{"containerScope":{"containerScope":{"containerScope":{"containerScope":{"containerScope":{"contributions":{},"includedScopes":[]},"contributions":{},"includedScopes":[]},"contributions":{},"includedScopes":[]},"contributions":{},"includedScopes":[]},"contributions":{},"includedScopes":[{"contributions":{},"includedScopes":[]}]},"contributions":{},"includedScopes":[{"containerScope":{"containerScope":{"containerScope":{"containerScope":{"containerScope":{"contributions":{},"includedScopes":[]},"contributions":{},"includedScopes":[]},"contributions":{},"includedScopes":[]},"contributions":{},"includedScopes":[]},"contributions":{},"includedScopes":[{"contributions":{},"includedScopes":[]}]},"contributions":{},"includedScopes":[{"containerScope":{"containerScope":{"containerScope":{"contributions":{},"includedScopes":[]},"contributions":{},"includedScopes":[]},"contributions":{},"includedScopes":[]},"contributions":{},"includedScopes":[]}]},{"containerScope":{"containerScope":{"containerScope":{"contributions":{},"includedScopes":[]},"contributions":{},"includedScopes":[]},"contributions":{},"includedScopes":[]},"contributions":{},"includedScopes":[]}]},"contributions":{},"includedScopes":[]},"sourceMap":{"end":{"column":6,"line":6,"offset":92},"start":{"column":5,"line":5,"offset":57}}}],"metadata":[{"args":{"position":"end","text":"//id del siguiente nivel 101 baja para izquierda o 102 baja para derecha "},"name":"comment"}],"name":"nivel_17","problems":[{"code":"malformedMember","sourceMap":{"end":{"column":74,"line":7,"offset":167},"start":{"column":9,"line":7,"offset":102}}},{"code":"malformedMember","sourceMap":{"end":{"column":74,"line":8,"offset":242},"start":{"column":9,"line":8,"offset":177}}},{"code":"malformedMember","sourceMap":{"end":{"column":76,"line":9,"offset":319},"start":{"column":9,"line":9,"offset":252}}},{"code":"malformedMember","sourceMap":{"end":{"column":79,"line":10,"offset":399},"start":{"column":9,"line":10,"offset":329}}},{"code":"malformedMember","sourceMap":{"end":{"column":77,"line":11,"offset":477},"start":{"column":9,"line":11,"offset":409}}},{"code":"malformedMember","sourceMap":{"end":{"column":79,"line":12,"offset":557},"start":{"column":9,"line":12,"offset":487}}},{"code":"malformedMember","sourceMap":{"end":{"column":74,"line":13,"offset":632},"start":{"column":9,"line":13,"offset":567}}},{"code":"malformedMember","sourceMap":{"end":{"column":77,"line":14,"offset":710},"start":{"column":9,"line":14,"offset":642}}},{"code":"malformedMember","sourceMap":{"end":{"column":74,"line":15,"offset":785},"start":{"column":9,"line":15,"offset":720}}},{"code":"malformedMember","sourceMap":{"end":{"column":74,"line":16,"offset":860},"start":{"column":9,"line":16,"offset":795}}},{"code":"malformedMember","sourceMap":{"end":{"column":73,"line":17,"offset":934},"start":{"column":9,"line":17,"offset":870}}},{"code":"malformedMember","sourceMap":{"end":{"column":6,"line":18,"offset":941},"start":{"column":5,"line":18,"offset":940}}}],"scope":{"containerScope":{"containerScope":{"containerScope":{"containerScope":{"containerScope":{"contributions":{},"includedScopes":[]},"contributions":{},"includedScopes":[]},"contributions":{},"includedScopes":[]},"contributions":{},"includedScopes":[]},"contributions":{},"includedScopes":[{"contributions":{},"includedScopes":[]}]},"contributions":{},"includedScopes":[{"containerScope":{"containerScope":{"containerScope":{"containerScope":{"containerScope":{"contributions":{},"includedScopes":[]},"contributions":{},"includedScopes":[]},"contributions":{},"includedScopes":[]},"contributions":{},"includedScopes":[]},"contributions":{},"includedScopes":[{"contributions":{},"includedScopes":[]}]},"contributions":{},"includedScopes":[{"containerScope":{"containerScope":{"containerScope":{"contributions":{},"includedScopes":[]},"contributions":{},"includedScopes":[]},"contributions":{},"includedScopes":[]},"contributions":{},"includedScopes":[]}]},{"containerScope":{"containerScope":{"containerScope":{"contributions":{},"includedScopes":[]},"contributions":{},"includedScopes":[]},"contributions":{},"includedScopes":[]},"contributions":{},"includedScopes":[]}]},"sourceMap":{"end":{"column":2,"line":19,"offset":944},"start":{"column":1,"line":3,"offset":18}},"supertypes":[{"args":[],"id":"f0cfcb7d-f3ab-4e1e-a053-d16a1073935c","metadata":[],"reference":{"id":"eb3b6a7a-2d74-4a40-88e4-8a2bb0c85b97","metadata":[],"name":"Nivel","scope":{"containerScope":{"containerScope":{"containerScope":{"containerScope":{"containerScope":{"containerScope":{"contributions":{},"includedScopes":[]},"contributions":{},"includedScopes":[]},"contributions":{},"includedScopes":[]},"contributions":{},"includedScopes":[]},"contributions":{},"includedScopes":[{"contributions":{},"includedScopes":[]}]},"contributions":{},"includedScopes":[{"containerScope":{"containerScope":{"containerScope":{"containerScope":{"containerScope":{"contributions":{},"includedScopes":[]},"contributions":{},"includedScopes":[]},"contributions":{},"includedScopes":[]},"contributions":{},"includedScopes":[]},"contributions":{},"includedScopes":[{"contributions":{},"includedScopes":[]}]},"contributions":{},"includedScopes":[{"containerScope":{"containerScope":{"containerScope":{"contributions":{},"includedScopes":[]},"contributions":{},"includedScopes":[]},"contributions":{},"includedScopes":[]},"contributions":{},"includedScopes":[]}]},{"containerScope":{"containerScope":{"containerScope":{"contributions":{},"includedScopes":[]},"contributions":{},"includedScopes":[]},"contributions":{},"includedScopes":[]},"contributions":{},"includedScopes":[]}]},"contributions":{},"includedScopes":[]},"sourceMap":{"end":{"column":31,"line":3,"offset":48},"start":{"column":26,"line":3,"offset":43}}},"scope":{"containerScope":{"containerScope":{"containerScope":{"containerScope":{"containerScope":{"containerScope":{"contributions":{},"includedScopes":[]},"contributions":{},"includedScopes":[]},"contributions":{},"includedScopes":[]},"contributions":{},"includedScopes":[]},"contributions":{},"includedScopes":[{"contributions":{},"includedScopes":[]}]},"contributions":{},"includedScopes":[{"containerScope":{"containerScope":{"containerScope":{"containerScope":{"containerScope":{"contributions":{},"includedScopes":[]},"contributions":{},"includedScopes":[]},"contributions":{},"includedScopes":[]},"contributions":{},"includedScopes":[]},"contributions":{},"includedScopes":[{"contributions":{},"includedScopes":[]}]},"contributions":{},"includedScopes":[{"containerScope":{"containerScope":{"containerScope":{"contributions":{},"includedScopes":[]},"contributions":{},"includedScopes":[]},"contributions":{},"includedScopes":[]},"contributions":{},"includedScopes":[]}]},{"containerScope":{"containerScope":{"containerScope":{"contributions":{},"includedScopes":[]},"contributions":{},"includedScopes":[]},"contributions":{},"includedScopes":[]},"contributions":{},"includedScopes":[]}]},"contributions":{},"includedScopes":[]},"sourceMap":{"end":{"column":31,"line":3,"offset":48},"start":{"column":26,"line":3,"offset":43}}}]},"stack":"Error: Failed to print, found malformed node\n    at c:\\Users\\Usuario\\.vscode\\extensions\\uqbar.wollok-lsp-ide-0.5.4\\out\\server\\src\\server.js:68:3585\n    at Array.map (<anonymous>)\n    at c:\\Users\\Usuario\\.vscode\\extensions\\uqbar.wollok-lsp-ide-0.5.4\\out\\server\\src\\server.js:68:4693\n    at c:\\Users\\Usuario\\.vscode\\extensions\\uqbar.wollok-lsp-ide-0.5.4\\out\\server\\src\\server.js:38:6131\n    at c:\\Users\\Usuario\\.vscode\\extensions\\uqbar.wollok-lsp-ide-0.5.4\\out\\server\\src\\server.js:68:3664\n    at Kbn (c:\\Users\\Usuario\\.vscode\\extensions\\uqbar.wollok-lsp-ide-0.5.4\\out\\server\\src\\server.js:68:3396)\n    at c:\\Users\\Usuario\\.vscode\\extensions\\uqbar.wollok-lsp-ide-0.5.4\\out\\server\\src\\server.js:2398:847\n    at c:\\Users\\Usuario\\.vscode\\extensions\\uqbar.wollok-lsp-ide-0.5.4\\out\\server\\src\\server.js:2398:8440\n    at c:\\Users\\Usuario\\.vscode\\extensions\\uqbar.wollok-lsp-ide-0.5.4\\out\\server\\src\\server.js:37:74770\n    at Ke (c:\\Users\\Usuario\\.vscode\\extensions\\uqbar.wollok-lsp-ide-0.5.4\\out\\server\\src\\server.js:7:8527)","timestamp":"2026-07-11T02:20:10.021Z"}
{"level":"info","message":"⌛ Building environment","timeElapsed":403,"timestamp":"2026-07-11T02:20:12.210Z"}
{"level":"info","message":"⌛ Building environment","timeElapsed":222,"timestamp":"2026-07-11T02:20:12.458Z"}
{"level":"info","message":"⌛ Validating scripts/gestionNiveles/niveles/datosNivel17.wlk","timeElapsed":299,"timestamp":"2026-07-11T02:20:12.757Z"}
{"level":"info","message":"⌛ Validating scripts/gestionNiveles/niveles/datosNivel17.wlk","timeElapsed":249,"timestamp":"2026-07-11T02:20:13.025Z"}
{"level":"info","message":"⌛ Building environment","timeElapsed":235,"timestamp":"2026-07-11T02:20:27.506Z"}
{"level":"info","message":"⌛ Validating scripts/gestionNiveles/niveles/datosNivel17.wlk","timeElapsed":250,"timestamp":"2026-07-11T02:20:27.765Z"}
{"level":"info","message":"⌛ Building environment","timeElapsed":248,"timestamp":"2026-07-11T02:20:29.041Z"}
{"level":"info","message":"⌛ Building environment","timeElapsed":292,"timestamp":"2026-07-11T02:20:29.333Z"}
{"level":"info","message":"⌛ Validating scripts/gestionNiveles/niveles/datosNivel17.wlk","timeElapsed":474,"timestamp":"2026-07-11T02:20:29.808Z"}
{"level":"info","message":"⌛ Validating scripts/gestionNiveles/niveles/datosNivel17.wlk","timeElapsed":264,"timestamp":"2026-07-11T02:20:30.090Z"}
{"level":"info","message":"⌛ Building environment","timeElapsed":231,"timestamp":"2026-07-11T02:20:31.591Z"}
{"level":"info","message":"⌛ Validating scripts/gestionNiveles/niveles/datosNivel17.wlk","timeElapsed":287,"timestamp":"2026-07-11T02:20:31.891Z"}
{"level":"info","message":"⌛ Building environment","timeElapsed":398,"timestamp":"2026-07-11T02:20:32.305Z"}
{"level":"info","message":"⌛ Building environment","timeElapsed":212,"timestamp":"2026-07-11T02:20:32.518Z"}
{"level":"info","message":"⌛ Validating scripts/gestionNiveles/niveles/datosNivel17.wlk","timeElapsed":274,"timestamp":"2026-07-11T02:20:32.811Z"}
{"level":"info","message":"⌛ Validating scripts/gestionNiveles/niveles/datosNivel17.wlk","timeElapsed":256,"timestamp":"2026-07-11T02:20:33.069Z"}
{"level":"info","message":"⌛ Building environment","timeElapsed":249,"timestamp":"2026-07-11T02:20:43.810Z"}
{"level":"info","message":"⌛ Building environment","timeElapsed":227,"timestamp":"2026-07-11T02:20:44.047Z"}
{"level":"info","message":"⌛ Validating scripts/gestionNiveles/niveles/datosNivel17.wlk","timeElapsed":238,"timestamp":"2026-07-11T02:20:44.286Z"}
{"level":"info","message":"⌛ Validating scripts/gestionNiveles/niveles/datosNivel17.wlk","timeElapsed":209,"timestamp":"2026-07-11T02:20:44.506Z"}
{"level":"info","message":"⌛ Building environment","timeElapsed":281,"timestamp":"2026-07-11T02:20:44.942Z"}
{"level":"info","message":"⌛ Validating scripts/gestionNiveles/niveles/datosNivel17.wlk","timeElapsed":306,"timestamp":"2026-07-11T02:20:45.264Z"}
{"level":"info","message":"⌛ Building environment","timeElapsed":242,"timestamp":"2026-07-11T02:20:46.571Z"}
{"level":"info","message":"⌛ Validating scripts/gestionNiveles/niveles/datosNivel17.wlk","timeElapsed":375,"timestamp":"2026-07-11T02:20:46.960Z"}
{"level":"info","message":"⌛ Building environment","timeElapsed":517,"timestamp":"2026-07-11T02:20:47.754Z"}
{"level":"info","message":"⌛ Building environment","timeElapsed":229,"timestamp":"2026-07-11T02:20:47.985Z"}
{"level":"info","message":"⌛ Validating scripts/gestionNiveles/niveles/datosNivel17.wlk","timeElapsed":240,"timestamp":"2026-07-11T02:20:48.242Z"}
{"level":"info","message":"⌛ Validating scripts/gestionNiveles/niveles/datosNivel17.wlk","timeElapsed":259,"timestamp":"2026-07-11T02:20:48.502Z"}
{"level":"info","message":"⌛ Building environment","timeElapsed":230,"timestamp":"2026-07-11T02:20:53.421Z"}
{"level":"info","message":"⌛ Validating scripts/gestionNiveles/niveles/datosNivel17.wlk","timeElapsed":244,"timestamp":"2026-07-11T02:20:53.666Z"}
{"level":"info","message":"⌛ Building environment","timeElapsed":519,"timestamp":"2026-07-11T02:21:13.521Z"}
{"level":"info","message":"⌛ Building environment","timeElapsed":251,"timestamp":"2026-07-11T02:21:13.773Z"}
{"level":"info","message":"⌛ Validating scripts/gestionNiveles/niveles/datosNivel17.wlk","timeElapsed":313,"timestamp":"2026-07-11T02:21:14.099Z"}
{"level":"info","message":"⌛ Building environment","timeElapsed":330,"timestamp":"2026-07-11T02:21:14.435Z"}
{"level":"info","message":"⌛ Validating scripts/gestionNiveles/niveles/datosNivel17.wlk","timeElapsed":246,"timestamp":"2026-07-11T02:21:14.683Z"}
{"level":"info","message":"⌛ Validating scripts/gestionNiveles/niveles/datosNivel17.wlk","timeElapsed":279,"timestamp":"2026-07-11T02:21:14.980Z"}
{"level":"info","message":"⌛ Building environment","timeElapsed":300,"timestamp":"2026-07-11T02:21:15.281Z"}
{"level":"info","message":"⌛ Validating scripts/gestionNiveles/niveles/datosNivel17.wlk","timeElapsed":242,"timestamp":"2026-07-11T02:21:15.545Z"}
{"level":"info","message":"⌛ Building environment","timeElapsed":256,"timestamp":"2026-07-11T02:21:16.638Z"}
{"level":"info","message":"⌛ Building environment","timeElapsed":396,"timestamp":"2026-07-11T02:21:17.050Z"}
{"level":"info","message":"⌛ Validating scripts/gestionNiveles/niveles/datosNivel17.wlk","timeElapsed":340,"timestamp":"2026-07-11T02:21:17.391Z"}
{"level":"info","message":"⌛ Validating scripts/gestionNiveles/niveles/datosNivel17.wlk","timeElapsed":262,"timestamp":"2026-07-11T02:21:17.675Z"}
{"level":"info","message":"⌛ Building environment","timeElapsed":261,"timestamp":"2026-07-11T02:21:17.936Z"}
{"level":"info","message":"⌛ Validating scripts/gestionNiveles/niveles/datosNivel17.wlk","timeElapsed":247,"timestamp":"2026-07-11T02:21:18.198Z"}
{"level":"info","message":"⌛ Building environment","timeElapsed":232,"timestamp":"2026-07-11T02:21:20.696Z"}
{"level":"info","message":"⌛ Validating scripts/gestionNiveles/niveles/datosNivel17.wlk","timeElapsed":242,"timestamp":"2026-07-11T02:21:20.954Z"}
{"level":"info","message":"⌛ Building environment","timeElapsed":214,"timestamp":"2026-07-11T02:21:21.638Z"}
{"level":"info","message":"⌛ Validating scripts/gestionNiveles/niveles/datosNivel17.wlk","timeElapsed":277,"timestamp":"2026-07-11T02:21:21.917Z"}
{"level":"info","message":"⌛ Building environment","timeElapsed":497,"timestamp":"2026-07-11T02:21:22.650Z"}
{"level":"info","message":"⌛ Validating scripts/gestionNiveles/niveles/datosNivel17.wlk","timeElapsed":297,"timestamp":"2026-07-11T02:21:22.972Z"}
{"level":"info","message":"⌛ Building environment","timeElapsed":296,"timestamp":"2026-07-11T02:21:23.729Z"}
{"level":"info","message":"⌛ Building environment","timeElapsed":289,"timestamp":"2026-07-11T02:21:24.028Z"}
{"level":"info","message":"⌛ Validating scripts/gestionNiveles/niveles/datosNivel17.wlk","timeElapsed":239,"timestamp":"2026-07-11T02:21:24.268Z"}
{"level":"info","message":"⌛ Validating scripts/gestionNiveles/niveles/datosNivel17.wlk","timeElapsed":228,"timestamp":"2026-07-11T02:21:24.507Z"}
{"level":"info","message":"⌛ Building environment","timeElapsed":222,"timestamp":"2026-07-11T02:21:24.729Z"}
{"level":"info","message":"⌛ Validating scripts/gestionNiveles/niveles/datosNivel17.wlk","timeElapsed":240,"timestamp":"2026-07-11T02:21:24.988Z"}
{"level":"info","message":"⌛ Building environment","timeElapsed":214,"timestamp":"2026-07-11T02:21:27.319Z"}
{"level":"info","message":"⌛ Validating scripts/gestionNiveles/niveles/datosNivel17.wlk","timeElapsed":256,"timestamp":"2026-07-11T02:21:27.587Z"}
{"level":"info","message":"⌛ Building environment","timeElapsed":213,"timestamp":"2026-07-11T02:21:28.457Z"}
{"level":"info","message":"⌛ Validating scripts/gestionNiveles/niveles/datosNivel17.wlk","timeElapsed":277,"timestamp":"2026-07-11T02:21:28.736Z"}
{"level":"info","message":"⌛ Building environment","timeElapsed":217,"timestamp":"2026-07-11T02:21:29.283Z"}
{"level":"info","message":"⌛ Validating scripts/gestionNiveles/niveles/datosNivel17.wlk","timeElapsed":504,"timestamp":"2026-07-11T02:21:29.788Z"}
{"level":"info","message":"⌛ Building environment","timeElapsed":233,"timestamp":"2026-07-11T02:21:31.759Z"}
{"level":"info","message":"⌛ Building environment","timeElapsed":250,"timestamp":"2026-07-11T02:21:32.009Z"}
{"level":"info","message":"⌛ Validating scripts/gestionNiveles/niveles/datosNivel17.wlk","timeElapsed":236,"timestamp":"2026-07-11T02:21:32.245Z"}
{"level":"info","message":"⌛ Validating scripts/gestionNiveles/niveles/datosNivel17.wlk","timeElapsed":199,"timestamp":"2026-07-11T02:21:32.456Z"}
{"level":"info","message":"⌛ Building environment","timeElapsed":220,"timestamp":"2026-07-11T02:21:32.887Z"}
{"level":"info","message":"⌛ Validating scripts/gestionNiveles/niveles/datosNivel17.wlk","timeElapsed":433,"timestamp":"2026-07-11T02:21:33.331Z"}
{"level":"info","message":"⌛ Building environment","timeElapsed":228,"timestamp":"2026-07-11T02:21:34.582Z"}
{"level":"info","message":"⌛ Validating scripts/gestionNiveles/niveles/datosNivel17.wlk","timeElapsed":245,"timestamp":"2026-07-11T02:21:34.828Z"}
{"level":"info","message":"⌛ Building environment","timeElapsed":283,"timestamp":"2026-07-11T02:21:47.433Z"}
{"level":"info","message":"⌛ Validating scripts/gestionNiveles/niveles/datosNivel17.wlk","timeElapsed":255,"timestamp":"2026-07-11T02:21:47.699Z"}
{"level":"info","message":"⌛ Building environment","timeElapsed":264,"timestamp":"2026-07-11T02:21:48.461Z"}
{"level":"info","message":"⌛ Validating scripts/gestionNiveles/niveles/datosNivel17.wlk","timeElapsed":299,"timestamp":"2026-07-11T02:21:48.780Z"}
{"level":"info","message":"⌛ Building environment","timeElapsed":231,"timestamp":"2026-07-11T02:21:49.229Z"}
{"level":"info","message":"⌛ Validating scripts/gestionNiveles/niveles/datosNivel17.wlk","timeElapsed":565,"timestamp":"2026-07-11T02:21:49.794Z"}
{"level":"info","message":"⌛ Building environment","timeElapsed":254,"timestamp":"2026-07-11T02:21:50.065Z"}
{"level":"info","message":"⌛ Validating scripts/gestionNiveles/niveles/datosNivel17.wlk","timeElapsed":251,"timestamp":"2026-07-11T02:21:50.333Z"}
{"level":"info","message":"⌛ Building environment","timeElapsed":465,"timestamp":"2026-07-11T02:22:22.056Z"}
{"level":"info","message":"⌛ Validating scripts/gestionNiveles/niveles/Nivel.wlk","timeElapsed":642,"timestamp":"2026-07-11T02:22:22.747Z"}
{"level":"info","message":"⌛ Building environment","timeElapsed":299,"timestamp":"2026-07-11T02:22:26.089Z"}
{"level":"info","message":"⌛ Validating scripts/gestionNiveles/niveles/pantallaTitulo.wlk","timeElapsed":492,"timestamp":"2026-07-11T02:22:26.714Z"}
{"level":"info","message":"⌛ Building environment","timeElapsed":433,"timestamp":"2026-07-11T02:22:28.496Z"}
{"level":"info","message":"⌛ Validating scripts/gestionNiveles/fabricaNivel.wlk","timeElapsed":331,"timestamp":"2026-07-11T02:22:28.948Z"}
{"level":"info","message":"⌛ Building environment","timeElapsed":572,"timestamp":"2026-07-11T02:22:30.399Z"}
{"level":"info","message":"⌛ Validating scripts/gestionNiveles/gestorMenu.wlk","timeElapsed":284,"timestamp":"2026-07-11T02:22:30.829Z"}
{"level":"info","message":"⌛ Building environment","timeElapsed":628,"timestamp":"2026-07-11T02:22:33.903Z"}
{"level":"info","message":"⌛ Validating scripts/gestionNiveles/niveles/Nivel.wlk","timeElapsed":437,"timestamp":"2026-07-11T02:22:34.368Z"}
{"level":"info","message":"⌛ Building environment","timeElapsed":301,"timestamp":"2026-07-11T02:22:34.798Z"}
{"level":"info","message":"⌛ Validating scripts/gestionNiveles/niveles/pantallaTitulo.wlk","timeElapsed":424,"timestamp":"2026-07-11T02:22:35.288Z"}
{"level":"info","message":"⌛ Building environment","timeElapsed":353,"timestamp":"2026-07-11T02:22:36.207Z"}
{"level":"info","message":"⌛ Validating scripts/gestionNiveles/niveles/datosNivel3.wlk","timeElapsed":527,"timestamp":"2026-07-11T02:22:36.760Z"}
{"level":"info","message":"⌛ Building environment","timeElapsed":390,"timestamp":"2026-07-11T02:22:42.971Z"}
{"level":"info","message":"⌛ Validating scripts/gestionNiveles/niveles/datosNivel16.wlk","timeElapsed":246,"timestamp":"2026-07-11T02:22:43.251Z"}
{"level":"info","message":"⌛ Building environment","timeElapsed":445,"timestamp":"2026-07-11T02:22:47.332Z"}
{"level":"info","message":"⌛ Validating scripts/gestionNiveles/gestorNivel.wlk","timeElapsed":922,"timestamp":"2026-07-11T02:22:48.320Z"}
{"level":"info","message":"⌛ Building environment","timeElapsed":423,"timestamp":"2026-07-11T02:22:49.909Z"}
{"level":"info","message":"⌛ Validating scripts/gestionNiveles/transicionNivel.wlk","timeElapsed":722,"timestamp":"2026-07-11T02:22:50.705Z"}
{"level":"info","message":"⌛ Building environment","timeElapsed":467,"timestamp":"2026-07-11T02:22:52.309Z"}
{"level":"info","message":"⌛ Validating scripts/gestionNiveles/gestorMenu.wlk","timeElapsed":465,"timestamp":"2026-07-11T02:22:52.922Z"}
{"level":"info","message":"⌛ Building environment","timeElapsed":504,"timestamp":"2026-07-11T02:22:55.313Z"}
{"level":"info","message":"⌛ Validating scripts/gestionNiveles/fabricaNivel.wlk","timeElapsed":505,"timestamp":"2026-07-11T02:22:55.941Z"}
{"level":"info","message":"⌛ Building environment","timeElapsed":521,"timestamp":"2026-07-11T02:23:11.278Z"}
{"level":"info","message":"⌛ Validating scripts/gestionNiveles/gestorMenu.wlk","timeElapsed":448,"timestamp":"2026-07-11T02:23:11.846Z"}
{"level":"info","message":"⌛ Building environment","timeElapsed":521,"timestamp":"2026-07-11T02:23:25.368Z"}
{"level":"info","message":"⌛ Validating scripts/gestionNiveles/fabricaNivel.wlk","timeElapsed":509,"timestamp":"2026-07-11T02:23:26.044Z"}
{"level":"info","message":"⌛ Building environment","timeElapsed":626,"timestamp":"2026-07-11T02:23:33.195Z"}
{"level":"info","message":"⌛ Validating scripts/gestionNiveles/gestorNivel.wlk","timeElapsed":380,"timestamp":"2026-07-11T02:23:33.654Z"}
{"level":"info","message":"⌛ Building environment","timeElapsed":222,"timestamp":"2026-07-11T02:23:41.693Z"}
{"level":"info","message":"⌛ Building environment","timeElapsed":248,"timestamp":"2026-07-11T02:23:41.942Z"}
{"level":"info","message":"⌛ Validating scripts/gestionNiveles/gestorNivel.wlk","timeElapsed":289,"timestamp":"2026-07-11T02:23:42.232Z"}
{"level":"info","message":"⌛ Building environment","timeElapsed":231,"timestamp":"2026-07-11T02:23:42.463Z"}
{"level":"info","message":"⌛ Building environment","timeElapsed":242,"timestamp":"2026-07-11T02:23:42.706Z"}
{"level":"info","message":"⌛ Validating scripts/gestionNiveles/gestorNivel.wlk","timeElapsed":450,"timestamp":"2026-07-11T02:23:43.179Z"}
{"level":"info","message":"⌛ Building environment","timeElapsed":231,"timestamp":"2026-07-11T02:23:43.412Z"}
{"level":"info","message":"⌛ Building environment","timeElapsed":193,"timestamp":"2026-07-11T02:23:43.605Z"}
{"level":"info","message":"⌛ Building environment","timeElapsed":187,"timestamp":"2026-07-11T02:23:43.806Z"}
{"level":"info","message":"⌛ Building environment","timeElapsed":214,"timestamp":"2026-07-11T02:23:44.021Z"}
{"level":"info","message":"⌛ Validating scripts/gestionNiveles/gestorNivel.wlk","timeElapsed":225,"timestamp":"2026-07-11T02:23:44.246Z"}
{"level":"info","message":"⌛ Building environment","timeElapsed":288,"timestamp":"2026-07-11T02:23:44.534Z"}
{"level":"info","message":"⌛ Validating scripts/gestionNiveles/gestorNivel.wlk","timeElapsed":249,"timestamp":"2026-07-11T02:23:44.796Z"}
{"level":"info","message":"⌛ Building environment","timeElapsed":228,"timestamp":"2026-07-11T02:23:45.040Z"}
{"level":"info","message":"⌛ Validating scripts/gestionNiveles/gestorNivel.wlk","timeElapsed":373,"timestamp":"2026-07-11T02:23:45.470Z"}
{"level":"info","message":"⌛ Validating scripts/gestionNiveles/gestorNivel.wlk","timeElapsed":279,"timestamp":"2026-07-11T02:23:45.751Z"}
{"level":"info","message":"⌛ Validating scripts/gestionNiveles/gestorNivel.wlk","timeElapsed":469,"timestamp":"2026-07-11T02:23:46.222Z"}
{"level":"info","message":"⌛ Validating scripts/gestionNiveles/gestorNivel.wlk","timeElapsed":211,"timestamp":"2026-07-11T02:23:46.435Z"}
{"level":"info","message":"⌛ Validating scripts/gestionNiveles/gestorNivel.wlk","timeElapsed":216,"timestamp":"2026-07-11T02:23:46.652Z"}
{"level":"info","message":"⌛ Validating scripts/gestionNiveles/gestorNivel.wlk","timeElapsed":241,"timestamp":"2026-07-11T02:23:46.895Z"}
{"level":"info","message":"⌛ Building environment","timeElapsed":207,"timestamp":"2026-07-11T02:23:48.972Z"}
{"level":"info","message":"⌛ Building environment","timeElapsed":245,"timestamp":"2026-07-11T02:23:49.219Z"}
{"level":"error","message":"✘ Completions for node Literal ([17:21, 23:6] - scripts/gestionNiveles/gestorNivel.wlk) failed: Error: wollok.lang.List [Reference]{666729} at scripts/gestionNiveles/gestorNivel.wlk:--,pantallaTitulo [Reference]{0cb97d} at scripts/gestionNiveles/gestorNivel.wlk:18,ni [Reference]{b2f3d2} at scripts/gestionNiveles/gestorNivel.wlk:19,nivel_2 [Reference]{f0eabf} at scripts/gestionNiveles/gestorNivel.wlk:20,nivel_2 [Reference]{a49022} at scripts/gestionNiveles/gestorNivel.wlk:21,nivel_3 [Reference]{b27ead} at scripts/gestionNiveles/gestorNivel.wlk:22 [Literal]{18fb4e} at scripts/gestionNiveles/gestorNivel.wlk:17 exhausted all cases without a match wollok.lang.List [Reference]{666729} at scripts/gestionNiveles/gestorNivel.wlk:--,pantallaTitulo [Reference]{0cb97d} at scripts/gestionNiveles/gestorNivel.wlk:18,ni [Reference]{b2f3d2} at scripts/gestionNiveles/gestorNivel.wlk:19,nivel_2 [Reference]{f0eabf} at scripts/gestionNiveles/gestorNivel.wlk:20,nivel_2 [Reference]{a49022} at scripts/gestionNiveles/gestorNivel.wlk:21,nivel_3 [Reference]{b27ead} at scripts/gestionNiveles/gestorNivel.wlk:22 [Literal]{18fb4e} at scripts/gestionNiveles/gestorNivel.wlk:17 exhausted all cases without a match","stack":"Error: wollok.lang.List [Reference]{666729} at scripts/gestionNiveles/gestorNivel.wlk:--,pantallaTitulo [Reference]{0cb97d} at scripts/gestionNiveles/gestorNivel.wlk:18,ni [Reference]{b2f3d2} at scripts/gestionNiveles/gestorNivel.wlk:19,nivel_2 [Reference]{f0eabf} at scripts/gestionNiveles/gestorNivel.wlk:20,nivel_2 [Reference]{a49022} at scripts/gestionNiveles/gestorNivel.wlk:21,nivel_3 [Reference]{b27ead} at scripts/gestionNiveles/gestorNivel.wlk:22 [Literal]{18fb4e} at scripts/gestionNiveles/gestorNivel.wlk:17 exhausted all cases without a match\n    at c:\\Users\\Usuario\\.vscode\\extensions\\uqbar.wollok-lsp-ide-0.5.4\\out\\server\\src\\server.js:38:6142\n    at L2 (c:\\Users\\Usuario\\.vscode\\extensions\\uqbar.wollok-lsp-ide-0.5.4\\out\\server\\src\\server.js:2389:42)\n    at Jh (c:\\Users\\Usuario\\.vscode\\extensions\\uqbar.wollok-lsp-ide-0.5.4\\out\\server\\src\\server.js:2389:1092)\n    at M5n (c:\\Users\\Usuario\\.vscode\\extensions\\uqbar.wollok-lsp-ide-0.5.4\\out\\server\\src\\server.js:2389:1248)\n    at c:\\Users\\Usuario\\.vscode\\extensions\\uqbar.wollok-lsp-ide-0.5.4\\out\\server\\src\\server.js:38:6131\n    at L2 (c:\\Users\\Usuario\\.vscode\\extensions\\uqbar.wollok-lsp-ide-0.5.4\\out\\server\\src\\server.js:2389:42)\n    at c:\\Users\\Usuario\\.vscode\\extensions\\uqbar.wollok-lsp-ide-0.5.4\\out\\server\\src\\server.js:2389:2988\n    at c:\\Users\\Usuario\\.vscode\\extensions\\uqbar.wollok-lsp-ide-0.5.4\\out\\server\\src\\server.js:2398:8440\n    at c:\\Users\\Usuario\\.vscode\\extensions\\uqbar.wollok-lsp-ide-0.5.4\\out\\server\\src\\server.js:37:74872\n    at Ke (c:\\Users\\Usuario\\.vscode\\extensions\\uqbar.wollok-lsp-ide-0.5.4\\out\\server\\src\\server.js:7:8527)","timestamp":"2026-07-11T02:23:49.311Z"}
{"level":"info","message":"⌛ Validating scripts/gestionNiveles/gestorNivel.wlk","timeElapsed":326,"timestamp":"2026-07-11T02:23:49.638Z"}
{"level":"info","message":"⌛ Building environment","timeElapsed":230,"timestamp":"2026-07-11T02:23:49.868Z"}
{"level":"info","message":"⌛ Building environment","timeElapsed":317,"timestamp":"2026-07-11T02:23:50.185Z"}
{"level":"info","message":"⌛ Validating scripts/gestionNiveles/gestorNivel.wlk","timeElapsed":280,"timestamp":"2026-07-11T02:23:50.466Z"}
{"level":"info","message":"⌛ Validating scripts/gestionNiveles/gestorNivel.wlk","timeElapsed":287,"timestamp":"2026-07-11T02:23:50.770Z"}
{"level":"info","message":"⌛ Validating scripts/gestionNiveles/gestorNivel.wlk","timeElapsed":317,"timestamp":"2026-07-11T02:23:51.104Z"}
{"level":"info","message":"⌛ Building environment","timeElapsed":205,"timestamp":"2026-07-11T02:23:51.309Z"}
{"level":"info","message":"⌛ Building environment","timeElapsed":408,"timestamp":"2026-07-11T02:23:51.719Z"}
{"level":"error","message":"✘ Completions for node Literal ([17:21, 23:6] - scripts/gestionNiveles/gestorNivel.wlk) failed: Error: wollok.lang.List [Reference]{193668} at scripts/gestionNiveles/gestorNivel.wlk:--,pantallaTitulo [Reference]{d6a2bb} at scripts/gestionNiveles/gestorNivel.wlk:18,nive [Reference]{11b284} at scripts/gestionNiveles/gestorNivel.wlk:19,nivel_2 [Reference]{9ecda1} at scripts/gestionNiveles/gestorNivel.wlk:20,nivel_2 [Reference]{ee2f29} at scripts/gestionNiveles/gestorNivel.wlk:21,nivel_3 [Reference]{0622e3} at scripts/gestionNiveles/gestorNivel.wlk:22 [Literal]{27be32} at scripts/gestionNiveles/gestorNivel.wlk:17 exhausted all cases without a match wollok.lang.List [Reference]{193668} at scripts/gestionNiveles/gestorNivel.wlk:--,pantallaTitulo [Reference]{d6a2bb} at scripts/gestionNiveles/gestorNivel.wlk:18,nive [Reference]{11b284} at scripts/gestionNiveles/gestorNivel.wlk:19,nivel_2 [Reference]{9ecda1} at scripts/gestionNiveles/gestorNivel.wlk:20,nivel_2 [Reference]{ee2f29} at scripts/gestionNiveles/gestorNivel.wlk:21,nivel_3 [Reference]{0622e3} at scripts/gestionNiveles/gestorNivel.wlk:22 [Literal]{27be32} at scripts/gestionNiveles/gestorNivel.wlk:17 exhausted all cases without a match","stack":"Error: wollok.lang.List [Reference]{193668} at scripts/gestionNiveles/gestorNivel.wlk:--,pantallaTitulo [Reference]{d6a2bb} at scripts/gestionNiveles/gestorNivel.wlk:18,nive [Reference]{11b284} at scripts/gestionNiveles/gestorNivel.wlk:19,nivel_2 [Reference]{9ecda1} at scripts/gestionNiveles/gestorNivel.wlk:20,nivel_2 [Reference]{ee2f29} at scripts/gestionNiveles/gestorNivel.wlk:21,nivel_3 [Reference]{0622e3} at scripts/gestionNiveles/gestorNivel.wlk:22 [Literal]{27be32} at scripts/gestionNiveles/gestorNivel.wlk:17 exhausted all cases without a match\n    at c:\\Users\\Usuario\\.vscode\\extensions\\uqbar.wollok-lsp-ide-0.5.4\\out\\server\\src\\server.js:38:6142\n    at L2 (c:\\Users\\Usuario\\.vscode\\extensions\\uqbar.wollok-lsp-ide-0.5.4\\out\\server\\src\\server.js:2389:42)\n    at Jh (c:\\Users\\Usuario\\.vscode\\extensions\\uqbar.wollok-lsp-ide-0.5.4\\out\\server\\src\\server.js:2389:1092)\n    at M5n (c:\\Users\\Usuario\\.vscode\\extensions\\uqbar.wollok-lsp-ide-0.5.4\\out\\server\\src\\server.js:2389:1248)\n    at c:\\Users\\Usuario\\.vscode\\extensions\\uqbar.wollok-lsp-ide-0.5.4\\out\\server\\src\\server.js:38:6131\n    at L2 (c:\\Users\\Usuario\\.vscode\\extensions\\uqbar.wollok-lsp-ide-0.5.4\\out\\server\\src\\server.js:2389:42)\n    at c:\\Users\\Usuario\\.vscode\\extensions\\uqbar.wollok-lsp-ide-0.5.4\\out\\server\\src\\server.js:2389:2988\n    at c:\\Users\\Usuario\\.vscode\\extensions\\uqbar.wollok-lsp-ide-0.5.4\\out\\server\\src\\server.js:2398:8440\n    at c:\\Users\\Usuario\\.vscode\\extensions\\uqbar.wollok-lsp-ide-0.5.4\\out\\server\\src\\server.js:37:74872\n    at Ke (c:\\Users\\Usuario\\.vscode\\extensions\\uqbar.wollok-lsp-ide-0.5.4\\out\\server\\src\\server.js:7:8527)","timestamp":"2026-07-11T02:23:51.903Z"}
{"level":"info","message":"⌛ Building environment","timeElapsed":406,"timestamp":"2026-07-11T02:23:52.316Z"}
{"level":"info","message":"⌛ Validating scripts/gestionNiveles/gestorNivel.wlk","timeElapsed":219,"timestamp":"2026-07-11T02:23:52.564Z"}
{"level":"info","message":"⌛ Building environment","timeElapsed":202,"timestamp":"2026-07-11T02:23:52.775Z"}
{"level":"info","message":"⌛ Validating scripts/gestionNiveles/gestorNivel.wlk","timeElapsed":331,"timestamp":"2026-07-11T02:23:53.106Z"}
{"level":"info","message":"⌛ Validating scripts/gestionNiveles/gestorNivel.wlk","timeElapsed":285,"timestamp":"2026-07-11T02:23:53.410Z"}
{"level":"info","message":"⌛ Building environment","timeElapsed":193,"timestamp":"2026-07-11T02:23:53.603Z"}
{"level":"error","message":"✘ Completions for node Literal ([17:21, 23:6] - scripts/gestionNiveles/gestorNivel.wlk) failed: Error: wollok.lang.List [Reference]{fd8d31} at scripts/gestionNiveles/gestorNivel.wlk:--,pantallaTitulo [Reference]{d458d4} at scripts/gestionNiveles/gestorNivel.wlk:18,nivel_1 [Reference]{c39c05} at scripts/gestionNiveles/gestorNivel.wlk:19,nivel_2 [Reference]{b94c59} at scripts/gestionNiveles/gestorNivel.wlk:20,nivel_2 [Reference]{8f6599} at scripts/gestionNiveles/gestorNivel.wlk:21,nivel_3 [Reference]{1970b5} at scripts/gestionNiveles/gestorNivel.wlk:22 [Literal]{096deb} at scripts/gestionNiveles/gestorNivel.wlk:17 exhausted all cases without a match wollok.lang.List [Reference]{fd8d31} at scripts/gestionNiveles/gestorNivel.wlk:--,pantallaTitulo [Reference]{d458d4} at scripts/gestionNiveles/gestorNivel.wlk:18,nivel_1 [Reference]{c39c05} at scripts/gestionNiveles/gestorNivel.wlk:19,nivel_2 [Reference]{b94c59} at scripts/gestionNiveles/gestorNivel.wlk:20,nivel_2 [Reference]{8f6599} at scripts/gestionNiveles/gestorNivel.wlk:21,nivel_3 [Reference]{1970b5} at scripts/gestionNiveles/gestorNivel.wlk:22 [Literal]{096deb} at scripts/gestionNiveles/gestorNivel.wlk:17 exhausted all cases without a match","stack":"Error: wollok.lang.List [Reference]{fd8d31} at scripts/gestionNiveles/gestorNivel.wlk:--,pantallaTitulo [Reference]{d458d4} at scripts/gestionNiveles/gestorNivel.wlk:18,nivel_1 [Reference]{c39c05} at scripts/gestionNiveles/gestorNivel.wlk:19,nivel_2 [Reference]{b94c59} at scripts/gestionNiveles/gestorNivel.wlk:20,nivel_2 [Reference]{8f6599} at scripts/gestionNiveles/gestorNivel.wlk:21,nivel_3 [Reference]{1970b5} at scripts/gestionNiveles/gestorNivel.wlk:22 [Literal]{096deb} at scripts/gestionNiveles/gestorNivel.wlk:17 exhausted all cases without a match\n    at c:\\Users\\Usuario\\.vscode\\extensions\\uqbar.wollok-lsp-ide-0.5.4\\out\\server\\src\\server.js:38:6142\n    at L2 (c:\\Users\\Usuario\\.vscode\\extensions\\uqbar.wollok-lsp-ide-0.5.4\\out\\server\\src\\server.js:2389:42)\n    at Jh (c:\\Users\\Usuario\\.vscode\\extensions\\uqbar.wollok-lsp-ide-0.5.4\\out\\server\\src\\server.js:2389:1092)\n    at M5n (c:\\Users\\Usuario\\.vscode\\extensions\\uqbar.wollok-lsp-ide-0.5.4\\out\\server\\src\\server.js:2389:1248)\n    at c:\\Users\\Usuario\\.vscode\\extensions\\uqbar.wollok-lsp-ide-0.5.4\\out\\server\\src\\server.js:38:6131\n    at L2 (c:\\Users\\Usuario\\.vscode\\extensions\\uqbar.wollok-lsp-ide-0.5.4\\out\\server\\src\\server.js:2389:42)\n    at c:\\Users\\Usuario\\.vscode\\extensions\\uqbar.wollok-lsp-ide-0.5.4\\out\\server\\src\\server.js:2389:2988\n    at c:\\Users\\Usuario\\.vscode\\extensions\\uqbar.wollok-lsp-ide-0.5.4\\out\\server\\src\\server.js:2398:8440\n    at c:\\Users\\Usuario\\.vscode\\extensions\\uqbar.wollok-lsp-ide-0.5.4\\out\\server\\src\\server.js:37:74872\n    at Ke (c:\\Users\\Usuario\\.vscode\\extensions\\uqbar.wollok-lsp-ide-0.5.4\\out\\server\\src\\server.js:7:8527)","timestamp":"2026-07-11T02:23:53.696Z"}
{"level":"info","message":"⌛ Validating scripts/gestionNiveles/gestorNivel.wlk","timeElapsed":229,"timestamp":"2026-07-11T02:23:53.926Z"}
{"level":"info","message":"⌛ Building environment","timeElapsed":211,"timestamp":"2026-07-11T02:23:54.142Z"}
{"level":"info","message":"⌛ Validating scripts/gestionNiveles/gestorNivel.wlk","timeElapsed":216,"timestamp":"2026-07-11T02:23:54.386Z"}
{"level":"info","message":"⌛ Validating scripts/gestionNiveles/gestorNivel.wlk","timeElapsed":279,"timestamp":"2026-07-11T02:23:54.732Z"}
{"level":"info","message":"⌛ Building environment","timeElapsed":296,"timestamp":"2026-07-11T02:24:00.673Z"}
{"level":"info","message":"⌛ Validating scripts/gestionNiveles/niveles/pantallaTitulo.wlk","timeElapsed":619,"timestamp":"2026-07-11T02:24:01.375Z"}
{"level":"info","message":"⌛ Building environment","timeElapsed":484,"timestamp":"2026-07-11T02:24:16.824Z"}
{"level":"info","message":"⌛ Validating scripts/gestionNiveles/niveles/Nivel.wlk","timeElapsed":604,"timestamp":"2026-07-11T02:24:17.493Z"}
{"level":"info","message":"⌛ Building environment","timeElapsed":366,"timestamp":"2026-07-11T02:24:20.999Z"}
{"level":"info","message":"⌛ Validating scripts/gestionNiveles/niveles/datosNivel16.wlk","timeElapsed":268,"timestamp":"2026-07-11T02:24:21.306Z"}
{"level":"info","message":"⌛ Building environment","timeElapsed":451,"timestamp":"2026-07-11T02:24:35.685Z"}
{"level":"info","message":"⌛ Validating scripts/gestionNiveles/niveles/datosNivel1.wlk","timeElapsed":538,"timestamp":"2026-07-11T02:24:36.269Z"}
{"level":"info","message":"⌛ Building environment","timeElapsed":447,"timestamp":"2026-07-11T02:25:05.008Z"}
{"level":"info","message":"⌛ Validating scripts/gestionNiveles/gestorNivel.wlk","timeElapsed":234,"timestamp":"2026-07-11T02:25:05.341Z"}
{"level":"info","message":"⌛ Building environment","timeElapsed":251,"timestamp":"2026-07-11T02:25:05.748Z"}
{"level":"info","message":"⌛ Building environment","timeElapsed":275,"timestamp":"2026-07-11T02:25:06.109Z"}
{"level":"info","message":"⌛ Validating scripts/gestionNiveles/gestorNivel.wlk","timeElapsed":306,"timestamp":"2026-07-11T02:25:06.427Z"}
{"level":"info","message":"⌛ Building environment","timeElapsed":385,"timestamp":"2026-07-11T02:25:06.814Z"}
{"level":"info","message":"⌛ Building environment","timeElapsed":220,"timestamp":"2026-07-11T02:25:07.038Z"}
{"level":"info","message":"⌛ Validating scripts/gestionNiveles/gestorNivel.wlk","timeElapsed":286,"timestamp":"2026-07-11T02:25:07.326Z"}
{"level":"info","message":"⌛ Building environment","timeElapsed":266,"timestamp":"2026-07-11T02:25:07.593Z"}
{"level":"info","message":"⌛ Building environment","timeElapsed":258,"timestamp":"2026-07-11T02:25:07.865Z"}
{"level":"info","message":"⌛ Validating scripts/gestionNiveles/gestorNivel.wlk","timeElapsed":328,"timestamp":"2026-07-11T02:25:08.225Z"}
{"level":"info","message":"⌛ Validating scripts/gestionNiveles/gestorNivel.wlk","timeElapsed":276,"timestamp":"2026-07-11T02:25:08.501Z"}
{"level":"info","message":"⌛ Building environment","timeElapsed":262,"timestamp":"2026-07-11T02:25:08.765Z"}
{"level":"info","message":"⌛ Validating scripts/gestionNiveles/gestorNivel.wlk","timeElapsed":283,"timestamp":"2026-07-11T02:25:09.070Z"}
{"level":"info","message":"⌛ Building environment","timeElapsed":210,"timestamp":"2026-07-11T02:25:09.281Z"}
{"level":"info","message":"⌛ Building environment","timeElapsed":210,"timestamp":"2026-07-11T02:25:09.491Z"}
{"level":"info","message":"⌛ Validating scripts/gestionNiveles/gestorNivel.wlk","timeElapsed":291,"timestamp":"2026-07-11T02:25:09.795Z"}
{"level":"info","message":"⌛ Building environment","timeElapsed":413,"timestamp":"2026-07-11T02:25:10.341Z"}
{"level":"info","message":"⌛ Building environment","timeElapsed":459,"timestamp":"2026-07-11T02:25:10.820Z"}
{"level":"info","message":"⌛ Building environment","timeElapsed":443,"timestamp":"2026-07-11T02:25:11.263Z"}
{"level":"info","message":"⌛ Building environment","timeElapsed":425,"timestamp":"2026-07-11T02:25:11.689Z"}
{"level":"info","message":"⌛ Building environment","timeElapsed":214,"timestamp":"2026-07-11T02:25:11.914Z"}
{"level":"info","message":"⌛ Validating scripts/gestionNiveles/gestorNivel.wlk","timeElapsed":296,"timestamp":"2026-07-11T02:25:12.211Z"}
{"level":"info","message":"⌛ Validating scripts/gestionNiveles/gestorNivel.wlk","timeElapsed":315,"timestamp":"2026-07-11T02:25:12.543Z"}
{"level":"info","message":"⌛ Validating scripts/gestionNiveles/gestorNivel.wlk","timeElapsed":437,"timestamp":"2026-07-11T02:25:12.990Z"}
{"level":"info","message":"⌛ Building environment","timeElapsed":280,"timestamp":"2026-07-11T02:25:13.271Z"}
{"level":"info","message":"⌛ Building environment","timeElapsed":228,"timestamp":"2026-07-11T02:25:13.584Z"}
{"level":"info","message":"⌛ Building environment","timeElapsed":225,"timestamp":"2026-07-11T02:25:13.809Z"}
{"level":"info","message":"⌛ Validating scripts/gestionNiveles/gestorNivel.wlk","timeElapsed":307,"timestamp":"2026-07-11T02:25:14.127Z"}
{"level":"info","message":"⌛ Building environment","timeElapsed":238,"timestamp":"2026-07-11T02:25:14.366Z"}
{"level":"info","message":"⌛ Building environment","timeElapsed":233,"timestamp":"2026-07-11T02:25:14.600Z"}
{"level":"info","message":"⌛ Building environment","timeElapsed":216,"timestamp":"2026-07-11T02:25:14.817Z"}
{"level":"info","message":"⌛ Validating scripts/gestionNiveles/gestorNivel.wlk","timeElapsed":310,"timestamp":"2026-07-11T02:25:15.140Z"}
{"level":"info","message":"⌛ Validating scripts/gestionNiveles/gestorNivel.wlk","timeElapsed":344,"timestamp":"2026-07-11T02:25:15.501Z"}
{"level":"info","message":"⌛ Validating scripts/gestionNiveles/gestorNivel.wlk","timeElapsed":253,"timestamp":"2026-07-11T02:25:15.756Z"}
{"level":"info","message":"⌛ Building environment","timeElapsed":170,"timestamp":"2026-07-11T02:25:15.929Z"}
{"level":"info","message":"⌛ Validating scripts/gestionNiveles/gestorNivel.wlk","timeElapsed":246,"timestamp":"2026-07-11T02:25:16.175Z"}
{"level":"info","message":"⌛ Building environment","timeElapsed":458,"timestamp":"2026-07-11T02:25:16.633Z"}
{"level":"info","message":"⌛ Building environment","timeElapsed":304,"timestamp":"2026-07-11T02:25:16.978Z"}
{"level":"info","message":"⌛ Building environment","timeElapsed":230,"timestamp":"2026-07-11T02:25:17.209Z"}
{"level":"info","message":"⌛ Building environment","timeElapsed":247,"timestamp":"2026-07-11T02:25:17.476Z"}
{"level":"info","message":"⌛ Validating scripts/gestionNiveles/gestorNivel.wlk","timeElapsed":480,"timestamp":"2026-07-11T02:25:17.971Z"}
{"level":"info","message":"⌛ Validating scripts/gestionNiveles/gestorNivel.wlk","timeElapsed":337,"timestamp":"2026-07-11T02:25:18.307Z"}
{"level":"info","message":"⌛ Building environment","timeElapsed":237,"timestamp":"2026-07-11T02:25:18.545Z"}
{"level":"info","message":"⌛ Validating scripts/gestionNiveles/gestorNivel.wlk","timeElapsed":262,"timestamp":"2026-07-11T02:25:18.807Z"}
{"level":"info","message":"⌛ Building environment","timeElapsed":321,"timestamp":"2026-07-11T02:25:19.359Z"}
{"level":"info","message":"⌛ Validating scripts/gestionNiveles/gestorNivel.wlk","timeElapsed":239,"timestamp":"2026-07-11T02:25:19.699Z"}
{"level":"info","message":"⌛ Validating scripts/gestionNiveles/gestorNivel.wlk","timeElapsed":254,"timestamp":"2026-07-11T02:25:19.960Z"}
{"level":"info","message":"⌛ Building environment","timeElapsed":232,"timestamp":"2026-07-11T02:25:20.193Z"}
{"level":"info","message":"⌛ Validating scripts/gestionNiveles/gestorNivel.wlk","timeElapsed":228,"timestamp":"2026-07-11T02:25:20.525Z"}
{"level":"info","message":"⌛ Building environment","timeElapsed":206,"timestamp":"2026-07-11T02:25:20.741Z"}
{"level":"info","message":"⌛ Validating scripts/gestionNiveles/gestorNivel.wlk","timeElapsed":224,"timestamp":"2026-07-11T02:25:21.003Z"}
{"level":"info","message":"⌛ Building environment","timeElapsed":220,"timestamp":"2026-07-11T02:25:21.232Z"}
{"level":"info","message":"⌛ Validating scripts/gestionNiveles/gestorNivel.wlk","timeElapsed":224,"timestamp":"2026-07-11T02:25:21.553Z"}
{"level":"info","message":"⌛ Validating scripts/gestionNiveles/gestorNivel.wlk","timeElapsed":443,"timestamp":"2026-07-11T02:25:22.002Z"}
{"level":"info","message":"⌛ Validating scripts/gestionNiveles/gestorNivel.wlk","timeElapsed":255,"timestamp":"2026-07-11T02:25:22.258Z"}
{"level":"info","message":"⌛ Building environment","timeElapsed":254,"timestamp":"2026-07-11T02:25:22.512Z"}
{"level":"info","message":"⌛ Validating scripts/gestionNiveles/gestorNivel.wlk","timeElapsed":257,"timestamp":"2026-07-11T02:25:22.770Z"}
{"level":"info","message":"⌛ Validating scripts/gestionNiveles/gestorNivel.wlk","timeElapsed":289,"timestamp":"2026-07-11T02:25:23.080Z"}
{"level":"info","message":"⌛ Validating scripts/gestionNiveles/gestorNivel.wlk","timeElapsed":277,"timestamp":"2026-07-11T02:25:23.367Z"}
{"level":"info","message":"⌛ Validating scripts/gestionNiveles/gestorNivel.wlk","timeElapsed":231,"timestamp":"2026-07-11T02:25:23.605Z"}
{"level":"info","message":"⌛ Validating scripts/gestionNiveles/gestorNivel.wlk","timeElapsed":225,"timestamp":"2026-07-11T02:25:23.835Z"}
{"level":"info","message":"⌛ Validating scripts/gestionNiveles/gestorNivel.wlk","timeElapsed":223,"timestamp":"2026-07-11T02:25:24.066Z"}
{"level":"info","message":"⌛ Validating scripts/gestionNiveles/gestorNivel.wlk","timeElapsed":260,"timestamp":"2026-07-11T02:25:24.343Z"}
{"level":"info","message":"⌛ Building environment","timeElapsed":427,"timestamp":"2026-07-11T02:25:46.287Z"}
{"level":"info","message":"⌛ Validating juego.wpgm","timeElapsed":718,"timestamp":"2026-07-11T02:25:47.041Z"}
{"level":"info","message":"🚀 Program executed \u001b[3m\u001b[34mjuego.rpg\u001b[39m\u001b[23m on \u001b[3m\u001b[34mc:\\Users\\Usuario\\OneDrive\\Documentos\\tpGameSelf-y-sus-amigos\\tp-final-wollok-game-self-y-sus-amigos\u001b[39m\u001b[23m","ok":true,"timeElapsed":7896,"timestamp":"2026-07-11T02:26:05.599Z"}
{"level":"info","message":"⌛ Building environment","timeElapsed":552,"timestamp":"2026-07-11T02:32:14.733Z"}
{"level":"info","message":"⌛ Validating scripts/gestionNiveles/niveles/datosNivel16.wlk","timeElapsed":300,"timestamp":"2026-07-11T02:32:15.139Z"}
{"level":"info","message":"⌛ Building environment","timeElapsed":477,"timestamp":"2026-07-11T02:32:39.927Z"}
{"level":"info","message":"⌛ Validating scripts/gestionNiveles/niveles/datosNivel3.wlk","timeElapsed":460,"timestamp":"2026-07-11T02:32:40.440Z"}
{"level":"info","message":"⌛ Building environment","timeElapsed":370,"timestamp":"2026-07-11T02:32:41.420Z"}
{"level":"info","message":"⌛ Validating scripts/gestionNiveles/niveles/datosNivel16.wlk","timeElapsed":404,"timestamp":"2026-07-11T02:32:41.946Z"}
{"level":"info","message":"⌛ Building environment","timeElapsed":358,"timestamp":"2026-07-11T03:35:38.235Z"}
{"level":"info","message":"⌛ Validating scripts/gestionNiveles/gestorNivel.wlk","timeElapsed":299,"timestamp":"2026-07-11T03:35:38.604Z"}
{"level":"info","message":"⌛ Building environment","timeElapsed":239,"timestamp":"2026-07-11T03:35:39.295Z"}
{"level":"info","message":"⌛ Validating scripts/gestionNiveles/gestorNivel.wlk","timeElapsed":354,"timestamp":"2026-07-11T03:35:39.650Z"}
{"level":"info","message":"⌛ Building environment","timeElapsed":238,"timestamp":"2026-07-11T03:35:39.906Z"}
{"level":"info","message":"⌛ Validating scripts/gestionNiveles/gestorNivel.wlk","timeElapsed":871,"timestamp":"2026-07-11T03:35:40.881Z"}
{"level":"info","message":"⌛ Building environment","timeElapsed":261,"timestamp":"2026-07-11T03:35:41.142Z"}
{"level":"info","message":"⌛ Validating scripts/gestionNiveles/gestorNivel.wlk","timeElapsed":330,"timestamp":"2026-07-11T03:35:41.498Z"}
{"level":"info","message":"⌛ Building environment","timeElapsed":238,"timestamp":"2026-07-11T03:39:25.718Z"}
{"level":"info","message":"⌛ Building environment","timeElapsed":575,"timestamp":"2026-07-11T03:39:26.294Z"}
{"level":"info","message":"Removing diagnostics from /c:/Users/Usuario/OneDrive/Documentos/tpGameSelf-y-sus-amigos/tp-final-wollok-game-self-y-sus-amigos/assets/sprites/niveles/nivel-6referencia.png","timestamp":"2026-07-11T03:39:26.410Z"}
{"level":"info","message":"⌛ Building environment","timeElapsed":461,"timestamp":"2026-07-11T03:39:26.915Z"}
{"level":"info","message":"⌛ Building environment","timeElapsed":287,"timestamp":"2026-07-11T03:39:27.203Z"}
{"level":"info","message":"⌛ Building environment","timeElapsed":150,"timestamp":"2026-07-11T03:39:27.354Z"}
{"level":"info","message":"⌛ Building environment","timeElapsed":159,"timestamp":"2026-07-11T03:39:27.514Z"}
{"level":"info","message":"⌛ Building environment","timeElapsed":129,"timestamp":"2026-07-11T03:39:27.645Z"}
{"level":"info","message":"⌛ Building environment","timeElapsed":142,"timestamp":"2026-07-11T03:39:27.788Z"}
{"level":"info","message":"⌛ Building environment","timeElapsed":208,"timestamp":"2026-07-11T03:39:28.019Z"}
{"level":"info","message":"⌛ Building environment","timeElapsed":130,"timestamp":"2026-07-11T03:39:28.150Z"}
{"level":"info","message":"⌛ Building environment","timeElapsed":168,"timestamp":"2026-07-11T03:39:28.319Z"}
{"level":"info","message":"⌛ Building environment","timeElapsed":128,"timestamp":"2026-07-11T03:39:28.462Z"}
{"level":"info","message":"⌛ Building environment","timeElapsed":147,"timestamp":"2026-07-11T03:39:28.610Z"}
{"level":"info","message":"⌛ Building environment","timeElapsed":204,"timestamp":"2026-07-11T03:39:28.826Z"}
{"level":"info","message":"⌛ Building environment","timeElapsed":237,"timestamp":"2026-07-11T03:39:29.066Z"}
{"level":"info","message":"⌛ Building environment","timeElapsed":155,"timestamp":"2026-07-11T03:39:29.221Z"}
{"level":"info","message":"⌛ Building environment","timeElapsed":160,"timestamp":"2026-07-11T03:39:29.382Z"}
{"level":"info","message":"⌛ Building environment","timeElapsed":145,"timestamp":"2026-07-11T03:39:29.529Z"}
{"level":"info","message":"⌛ Building environment","timeElapsed":126,"timestamp":"2026-07-11T03:39:29.656Z"}
{"level":"info","message":"⌛ Building environment","timeElapsed":152,"timestamp":"2026-07-11T03:39:29.810Z"}
{"level":"info","message":"⌛ Building environment","timeElapsed":253,"timestamp":"2026-07-11T03:39:30.063Z"}
{"level":"info","message":"⌛ Building environment","timeElapsed":162,"timestamp":"2026-07-11T03:39:30.226Z"}
{"level":"info","message":"⌛ Building environment","timeElapsed":545,"timestamp":"2026-07-11T03:39:30.777Z"}
{"level":"info","message":"⌛ Building environment","timeElapsed":244,"timestamp":"2026-07-11T03:39:31.021Z"}
{"level":"info","message":"⌛ Building environment","timeElapsed":165,"timestamp":"2026-07-11T03:39:31.186Z"}
{"level":"info","message":"⌛ Building environment","timeElapsed":192,"timestamp":"2026-07-11T03:39:31.391Z"}
{"level":"info","message":"⌛ Building environment","timeElapsed":237,"timestamp":"2026-07-11T03:39:31.630Z"}
{"level":"info","message":"⌛ Building environment","timeElapsed":177,"timestamp":"2026-07-11T03:39:31.807Z"}
{"level":"info","message":"⌛ Building environment","timeElapsed":160,"timestamp":"2026-07-11T03:39:31.968Z"}
{"level":"info","message":"⌛ Building environment","timeElapsed":152,"timestamp":"2026-07-11T03:39:32.121Z"}
{"level":"info","message":"⌛ Building environment","timeElapsed":144,"timestamp":"2026-07-11T03:39:32.282Z"}
{"level":"info","message":"⌛ Building environment","timeElapsed":174,"timestamp":"2026-07-11T03:39:32.457Z"}
{"level":"info","message":"⌛ Building environment","timeElapsed":230,"timestamp":"2026-07-11T03:39:32.700Z"}
{"level":"info","message":"⌛ Building environment","timeElapsed":317,"timestamp":"2026-07-11T03:39:33.029Z"}
{"level":"info","message":"⌛ Building environment","timeElapsed":170,"timestamp":"2026-07-11T03:39:33.209Z"}
{"level":"info","message":"⌛ Building environment","timeElapsed":160,"timestamp":"2026-07-11T03:39:33.369Z"}
{"level":"info","message":"⌛ Building environment","timeElapsed":239,"timestamp":"2026-07-11T03:39:33.622Z"}
{"level":"info","message":"⌛ Building environment","timeElapsed":206,"timestamp":"2026-07-11T03:39:33.829Z"}
{"level":"info","message":"⌛ Validating scripts/personaje/personaje.wlk","timeElapsed":231,"timestamp":"2026-07-11T03:39:34.061Z"}
{"level":"info","message":"⌛ Validating scripts/input/teclado.wlk","timeElapsed":362,"timestamp":"2026-07-11T03:39:34.423Z"}
{"level":"info","message":"⌛ Validating scripts/gestionObjetos/misObjetos/puerta.wlk","timeElapsed":169,"timestamp":"2026-07-11T03:39:34.593Z"}
{"level":"info","message":"⌛ Validating juego.wpgm","timeElapsed":190,"timestamp":"2026-07-11T03:39:34.783Z"}
{"level":"info","message":"⌛ Validating scripts/gestionObjetos/misObjetos/caja.wlk","timeElapsed":165,"timestamp":"2026-07-11T03:39:34.948Z"}
{"level":"info","message":"⌛ Validating scripts/gestionObjetos/misObjetos/portal.wlk","timeElapsed":161,"timestamp":"2026-07-11T03:39:35.110Z"}
{"level":"info","message":"⌛ Validating scripts/gestionObjetos/misObjetos/pinchos.wlk","timeElapsed":178,"timestamp":"2026-07-11T03:39:35.290Z"}
{"level":"info","message":"⌛ Validating scripts/gestionObjetos/misObjetos/palanca.wlk","timeElapsed":172,"timestamp":"2026-07-11T03:39:35.462Z"}
{"level":"info","message":"⌛ Validating scripts/gestionObjetos/misObjetos/boton.wlk","timeElapsed":168,"timestamp":"2026-07-11T03:39:35.632Z"}
{"level":"info","message":"⌛ Validating scripts/gestionObjetos/misObjetos/Objeto.wlk","timeElapsed":204,"timestamp":"2026-07-11T03:39:35.837Z"}
{"level":"info","message":"⌛ Validating scripts/gestionObjetos/misObjetos/moneda.wlk","timeElapsed":181,"timestamp":"2026-07-11T03:39:36.018Z"}
{"level":"info","message":"⌛ Validating scripts/gestionObjetos/misObjetos/laser.wlk","timeElapsed":179,"timestamp":"2026-07-11T03:39:36.197Z"}
{"level":"info","message":"⌛ Validating scripts/gestionObjetos/misObjetos/colision.wlk","timeElapsed":257,"timestamp":"2026-07-11T03:39:36.455Z"}
{"level":"info","message":"⌛ Validating scripts/gestionObjetos/misObjetos/celdaVacia.wlk","timeElapsed":202,"timestamp":"2026-07-11T03:39:36.658Z"}
{"level":"info","message":"⌛ Validating scripts/gestionObjetos/misObjetos/baldosa.wlk","timeElapsed":459,"timestamp":"2026-07-11T03:39:37.118Z"}
{"level":"info","message":"⌛ Validating scripts/gestionObjetos/gestorObjetos.wlk","timeElapsed":286,"timestamp":"2026-07-11T03:39:37.405Z"}
{"level":"info","message":"⌛ Validating scripts/gestionObjetos/gestorCanales.wlk","timeElapsed":234,"timestamp":"2026-07-11T03:39:37.640Z"}
{"level":"info","message":"⌛ Validating scripts/gestionNiveles/transicionNivel.wlk","timeElapsed":316,"timestamp":"2026-07-11T03:39:37.958Z"}
{"level":"info","message":"⌛ Validating scripts/gestionEnemigos/gestorEnemigos.wlk","timeElapsed":510,"timestamp":"2026-07-11T03:39:38.471Z"}
{"level":"info","message":"⌛ Validating scripts/gestionNiveles/niveles/pantallaTitulo.wlk","timeElapsed":246,"timestamp":"2026-07-11T03:39:38.718Z"}
{"level":"info","message":"⌛ Validating scripts/gestionNiveles/niveles/Nivel.wlk","timeElapsed":313,"timestamp":"2026-07-11T03:39:39.033Z"}
{"level":"info","message":"⌛ Validating scripts/gestionNiveles/niveles/datosNivel3.wlk","timeElapsed":267,"timestamp":"2026-07-11T03:39:39.303Z"}
{"level":"info","message":"⌛ Validating scripts/gestionNiveles/niveles/datosNivel2.wlk","timeElapsed":227,"timestamp":"2026-07-11T03:39:39.531Z"}
{"level":"info","message":"⌛ Validating scripts/gestionNiveles/niveles/datosNivel1.wlk","timeElapsed":234,"timestamp":"2026-07-11T03:39:39.766Z"}
{"level":"info","message":"⌛ Validating scripts/gestionNiveles/gestorMenu.wlk","timeElapsed":323,"timestamp":"2026-07-11T03:39:40.089Z"}
{"level":"info","message":"⌛ Validating scripts/gestionNiveles/fabricaNivel.wlk","timeElapsed":296,"timestamp":"2026-07-11T03:39:40.386Z"}
{"level":"info","message":"⌛ Validating scripts/gestionEnemigos/enemigos/sapo.wlk","timeElapsed":262,"timestamp":"2026-07-11T03:39:40.649Z"}
{"level":"info","message":"⌛ Validating scripts/gestionEnemigos/enemigos/murcielago.wlk","timeElapsed":306,"timestamp":"2026-07-11T03:39:40.957Z"}
{"level":"info","message":"⌛ Validating scripts/gestionEnemigos/enemigos/gato.wlk","timeElapsed":304,"timestamp":"2026-07-11T03:39:41.262Z"}
{"level":"info","message":"⌛ Validating scripts/gestionEnemigos/enemigos/Enemigo.wlk","timeElapsed":447,"timestamp":"2026-07-11T03:39:41.709Z"}
{"level":"info","message":"⌛ Validating scripts/gestionAnimaciones/bancoImagenes.wlk","timeElapsed":401,"timestamp":"2026-07-11T03:39:42.113Z"}
{"level":"info","message":"⌛ Validating scripts/gestionAnimaciones/animador.wlk","timeElapsed":305,"timestamp":"2026-07-11T03:39:42.419Z"}
{"level":"info","message":"⌛ Validating scripts/gestionAnimaciones/animaciones/AnimacionSimple.wlk","timeElapsed":255,"timestamp":"2026-07-11T03:39:42.675Z"}
{"level":"info","message":"⌛ Validating scripts/gestionAnimaciones/animaciones/AnimacionMovimiento.wlk","timeElapsed":395,"timestamp":"2026-07-11T03:39:43.070Z"}
{"level":"info","message":"⌛ Validating scripts/gestionAnimaciones/animaciones/AnimacionDosCasillas.wlk","timeElapsed":263,"timestamp":"2026-07-11T03:39:43.334Z"}
{"level":"info","message":"⌛ Validating scripts/gestionAnimaciones/animaciones/AnimacionAtaque.wlk","timeElapsed":243,"timestamp":"2026-07-11T03:39:43.577Z"}
{"level":"info","message":"⌛ Building environment","timeElapsed":618,"timestamp":"2026-07-11T03:42:35.733Z"}
{"level":"info","message":"⌛ Validating scripts/gestionNiveles/niveles/datosNivel16.wlk","timeElapsed":327,"timestamp":"2026-07-11T03:42:36.198Z"}
{"level":"info","message":"⌛ Building environment","timeElapsed":254,"timestamp":"2026-07-11T03:42:55.462Z"}
{"level":"info","message":"⌛ Validating scripts/gestionNiveles/niveles/datosNivel16.wlk","timeElapsed":340,"timestamp":"2026-07-11T03:42:55.804Z"}
{"level":"info","message":"⌛ Building environment","timeElapsed":257,"timestamp":"2026-07-11T03:42:58.740Z"}
{"level":"info","message":"⌛ Validating scripts/gestionNiveles/niveles/datosNivel16.wlk","timeElapsed":342,"timestamp":"2026-07-11T03:42:59.110Z"}
{"level":"info","message":"⌛ Building environment","timeElapsed":225,"timestamp":"2026-07-11T03:43:07.231Z"}
{"level":"info","message":"⌛ Validating scripts/gestionNiveles/niveles/datosNivel16.wlk","timeElapsed":303,"timestamp":"2026-07-11T03:43:07.551Z"}
{"level":"info","message":"⌛ Building environment","timeElapsed":221,"timestamp":"2026-07-11T03:43:10.300Z"}
{"level":"info","message":"⌛ Validating scripts/gestionNiveles/niveles/datosNivel16.wlk","timeElapsed":303,"timestamp":"2026-07-11T03:43:10.604Z"}
{"level":"info","message":"⌛ Building environment","timeElapsed":437,"timestamp":"2026-07-11T03:43:11.099Z"}
{"level":"info","message":"⌛ Validating scripts/gestionNiveles/niveles/datosNivel16.wlk","timeElapsed":263,"timestamp":"2026-07-11T03:43:11.438Z"}
{"level":"info","message":"⌛ Building environment","timeElapsed":237,"timestamp":"2026-07-11T03:43:13.346Z"}
{"level":"info","message":"⌛ Validating scripts/gestionNiveles/niveles/datosNivel16.wlk","timeElapsed":266,"timestamp":"2026-07-11T03:43:13.613Z"}
{"level":"info","message":"⌛ Building environment","timeElapsed":163,"timestamp":"2026-07-11T03:43:14.387Z"}
{"level":"info","message":"⌛ Validating scripts/gestionNiveles/niveles/datosNivel16.wlk","timeElapsed":500,"timestamp":"2026-07-11T03:43:14.888Z"}
{"level":"info","message":"⌛ Building environment","timeElapsed":694,"timestamp":"2026-07-11T03:44:51.365Z"}
{"level":"info","message":"⌛ Validating scripts/gestionNiveles/gestorNivel.wlk","timeElapsed":1465,"timestamp":"2026-07-11T03:44:52.973Z"}
{"level":"info","message":"⌛ Building environment","timeElapsed":473,"timestamp":"2026-07-11T03:45:49.582Z"}
{"level":"info","message":"⌛ Validating scripts/gestionNiveles/niveles/datosNivel4.wlk","timeElapsed":470,"timestamp":"2026-07-11T03:45:50.147Z"}
{"level":"info","message":"⌛ Building environment","timeElapsed":615,"timestamp":"2026-07-11T03:45:52.478Z"}
{"level":"info","message":"⌛ Validating scripts/gestionNiveles/niveles/datosNivel5.wlk","timeElapsed":494,"timestamp":"2026-07-11T03:45:53.009Z"}
{"level":"info","message":"⌛ Building environment","timeElapsed":318,"timestamp":"2026-07-11T03:46:52.842Z"}
{"level":"info","message":"⌛ Validating scripts/gestionNiveles/gestorNivel.wlk","timeElapsed":263,"timestamp":"2026-07-11T03:46:53.237Z"}
{"level":"info","message":"⌛ Building environment","timeElapsed":307,"timestamp":"2026-07-11T03:46:53.858Z"}
{"level":"info","message":"⌛ Building environment","timeElapsed":262,"timestamp":"2026-07-11T03:46:54.127Z"}
{"level":"info","message":"⌛ Autocomplete - Singleton","timeElapsed":229,"timestamp":"2026-07-11T03:46:54.362Z"}
{"level":"info","message":"⌛ Building environment","timeElapsed":334,"timestamp":"2026-07-11T03:46:54.707Z"}
{"level":"info","message":"⌛ Validating scripts/gestionNiveles/gestorNivel.wlk","timeElapsed":615,"timestamp":"2026-07-11T03:46:55.337Z"}
{"level":"info","message":"⌛ Building environment","timeElapsed":346,"timestamp":"2026-07-11T03:46:55.687Z"}
{"level":"info","message":"⌛ Building environment","timeElapsed":221,"timestamp":"2026-07-11T03:46:55.920Z"}
{"level":"info","message":"⌛ Validating scripts/gestionNiveles/gestorNivel.wlk","timeElapsed":523,"timestamp":"2026-07-11T03:46:56.449Z"}
{"level":"info","message":"⌛ Validating scripts/gestionNiveles/gestorNivel.wlk","timeElapsed":245,"timestamp":"2026-07-11T03:46:56.718Z"}
{"level":"info","message":"⌛ Validating scripts/gestionNiveles/gestorNivel.wlk","timeElapsed":446,"timestamp":"2026-07-11T03:46:57.173Z"}
{"level":"info","message":"⌛ Building environment","timeElapsed":617,"timestamp":"2026-07-11T03:46:57.792Z"}
{"level":"info","message":"⌛ Validating scripts/gestionNiveles/gestorNivel.wlk","timeElapsed":424,"timestamp":"2026-07-11T03:46:58.216Z"}
{"level":"info","message":"⌛ Autocomplete - Singleton","timeElapsed":111,"timestamp":"2026-07-11T03:46:58.329Z"}
{"level":"info","message":"⌛ Building environment","timeElapsed":570,"timestamp":"2026-07-11T03:46:58.912Z"}
{"level":"info","message":"⌛ Building environment","timeElapsed":393,"timestamp":"2026-07-11T03:46:59.347Z"}
{"level":"info","message":"⌛ Validating scripts/gestionNiveles/gestorNivel.wlk","timeElapsed":362,"timestamp":"2026-07-11T03:46:59.741Z"}
{"level":"info","message":"⌛ Building environment","timeElapsed":261,"timestamp":"2026-07-11T03:47:00.006Z"}
{"level":"info","message":"⌛ Validating scripts/gestionNiveles/gestorNivel.wlk","timeElapsed":512,"timestamp":"2026-07-11T03:47:00.548Z"}
{"level":"info","message":"⌛ Validating scripts/gestionNiveles/gestorNivel.wlk","timeElapsed":416,"timestamp":"2026-07-11T03:47:00.968Z"}
{"level":"info","message":"⌛ Validating scripts/gestionNiveles/gestorNivel.wlk","timeElapsed":290,"timestamp":"2026-07-11T03:47:01.265Z"}
{"level":"info","message":"⌛ Building environment","timeElapsed":295,"timestamp":"2026-07-11T03:47:10.408Z"}
{"level":"info","message":"⌛ Validating juego.wpgm","timeElapsed":743,"timestamp":"2026-07-11T03:47:11.194Z"}
{"exitCode":"SIGHUP","level":"info","message":"👾 Game executed juego.rpg on c:\\Users\\Usuario\\OneDrive\\Documentos\\tpGameSelf-y-sus-amigos\\tp-final-wollok-game-self-y-sus-amigos","timeElapsed":4874863,"timestamp":"2026-07-11T03:47:12.569Z"}
{"level":"info","message":"🚀 Program executed \u001b[3m\u001b[34mjuego.rpg\u001b[39m\u001b[23m on \u001b[3m\u001b[34mc:\\Users\\Usuario\\OneDrive\\Documentos\\tpGameSelf-y-sus-amigos\\tp-final-wollok-game-self-y-sus-amigos\u001b[39m\u001b[23m","ok":true,"timeElapsed":7839,"timestamp":"2026-07-11T03:47:24.809Z"}
{"level":"info","message":"⌛ Building environment","timeElapsed":510,"timestamp":"2026-07-11T03:51:45.230Z"}
{"level":"info","message":"⌛ Validating scripts/gestionNiveles/gestorNivel.wlk","timeElapsed":314,"timestamp":"2026-07-11T03:51:45.628Z"}
{"level":"info","message":"⌛ Building environment","timeElapsed":282,"timestamp":"2026-07-11T03:51:45.925Z"}
{"level":"info","message":"⌛ Autocomplete - Singleton","timeElapsed":104,"timestamp":"2026-07-11T03:51:46.035Z"}
{"level":"info","message":"⌛ Building environment","timeElapsed":245,"timestamp":"2026-07-11T03:51:46.282Z"}
{"level":"info","message":"⌛ Building environment","timeElapsed":388,"timestamp":"2026-07-11T03:51:46.689Z"}
{"level":"info","message":"⌛ Validating scripts/gestionNiveles/gestorNivel.wlk","timeElapsed":257,"timestamp":"2026-07-11T03:51:46.947Z"}
{"level":"info","message":"⌛ Building environment","timeElapsed":328,"timestamp":"2026-07-11T03:51:47.275Z"}
{"level":"info","message":"⌛ Building environment","timeElapsed":319,"timestamp":"2026-07-11T03:51:47.596Z"}
{"level":"info","message":"⌛ Autocomplete - Singleton","timeElapsed":145,"timestamp":"2026-07-11T03:51:47.778Z"}
{"level":"info","message":"⌛ Validating scripts/gestionNiveles/gestorNivel.wlk","timeElapsed":266,"timestamp":"2026-07-11T03:51:48.053Z"}
{"level":"info","message":"⌛ Validating scripts/gestionNiveles/gestorNivel.wlk","timeElapsed":364,"timestamp":"2026-07-11T03:51:48.418Z"}
{"level":"info","message":"⌛ Validating scripts/gestionNiveles/gestorNivel.wlk","timeElapsed":535,"timestamp":"2026-07-11T03:51:48.968Z"}
{"level":"info","message":"⌛ Validating scripts/gestionNiveles/gestorNivel.wlk","timeElapsed":243,"timestamp":"2026-07-11T03:51:49.213Z"}
{"level":"info","message":"⌛ Building environment","timeElapsed":208,"timestamp":"2026-07-11T03:51:49.426Z"}
{"level":"info","message":"⌛ Validating scripts/gestionNiveles/gestorNivel.wlk","timeElapsed":253,"timestamp":"2026-07-11T03:51:49.788Z"}
{"level":"info","message":"⌛ Building environment","timeElapsed":264,"timestamp":"2026-07-11T03:51:50.381Z"}
{"level":"info","message":"⌛ Autocomplete - Singleton","timeElapsed":126,"timestamp":"2026-07-11T03:51:50.520Z"}
{"level":"info","message":"⌛ Validating scripts/gestionNiveles/gestorNivel.wlk","timeElapsed":246,"timestamp":"2026-07-11T03:51:50.772Z"}
{"level":"info","message":"⌛ Building environment","timeElapsed":352,"timestamp":"2026-07-11T03:51:52.468Z"}
{"level":"info","message":"⌛ Validating scripts/gestionNiveles/gestorNivel.wlk","timeElapsed":271,"timestamp":"2026-07-11T03:51:52.773Z"}
{"level":"info","message":"⌛ Building environment","timeElapsed":258,"timestamp":"2026-07-11T03:51:56.644Z"}
{"level":"info","message":"⌛ Validating scripts/gestionNiveles/gestorNivel.wlk","timeElapsed":354,"timestamp":"2026-07-11T03:51:57.034Z"}
{"level":"info","message":"⌛ Building environment","timeElapsed":414,"timestamp":"2026-07-11T03:51:57.450Z"}
{"level":"info","message":"⌛ Building environment","timeElapsed":292,"timestamp":"2026-07-11T03:51:57.816Z"}
{"level":"info","message":"⌛ Building environment","timeElapsed":227,"timestamp":"2026-07-11T03:51:58.155Z"}
{"level":"info","message":"⌛ Validating scripts/gestionNiveles/gestorNivel.wlk","timeElapsed":360,"timestamp":"2026-07-11T03:51:58.528Z"}
{"level":"info","message":"⌛ Validating scripts/gestionNiveles/gestorNivel.wlk","timeElapsed":427,"timestamp":"2026-07-11T03:51:58.978Z"}
{"level":"info","message":"⌛ Validating scripts/gestionNiveles/gestorNivel.wlk","timeElapsed":336,"timestamp":"2026-07-11T03:51:59.315Z"}
{"level":"info","message":"⌛ Building environment","timeElapsed":413,"timestamp":"2026-07-11T03:51:59.731Z"}
{"level":"info","message":"⌛ Building environment","timeElapsed":559,"timestamp":"2026-07-11T03:52:00.296Z"}
{"level":"info","message":"⌛ Building environment","timeElapsed":668,"timestamp":"2026-07-11T03:52:00.965Z"}
{"level":"info","message":"⌛ Validating scripts/gestionNiveles/gestorNivel.wlk","timeElapsed":295,"timestamp":"2026-07-11T03:52:01.334Z"}
{"level":"info","message":"⌛ Building environment","timeElapsed":349,"timestamp":"2026-07-11T03:52:01.686Z"}
{"level":"info","message":"⌛ Building environment","timeElapsed":251,"timestamp":"2026-07-11T03:52:01.939Z"}
{"level":"info","message":"⌛ Building environment","timeElapsed":240,"timestamp":"2026-07-11T03:52:02.179Z"}
{"level":"info","message":"⌛ Building environment","timeElapsed":224,"timestamp":"2026-07-11T03:52:02.497Z"}
{"level":"info","message":"⌛ Validating scripts/gestionNiveles/gestorNivel.wlk","timeElapsed":376,"timestamp":"2026-07-11T03:52:02.875Z"}
{"level":"info","message":"⌛ Building environment","timeElapsed":230,"timestamp":"2026-07-11T03:52:03.105Z"}
{"level":"info","message":"⌛ Building environment","timeElapsed":208,"timestamp":"2026-07-11T03:52:03.314Z"}
{"level":"info","message":"⌛ Validating scripts/gestionNiveles/gestorNivel.wlk","timeElapsed":272,"timestamp":"2026-07-11T03:52:03.613Z"}
{"level":"info","message":"⌛ Validating scripts/gestionNiveles/gestorNivel.wlk","timeElapsed":279,"timestamp":"2026-07-11T03:52:03.897Z"}
{"level":"info","message":"⌛ Validating scripts/gestionNiveles/gestorNivel.wlk","timeElapsed":309,"timestamp":"2026-07-11T03:52:04.207Z"}
{"level":"info","message":"⌛ Validating scripts/gestionNiveles/gestorNivel.wlk","timeElapsed":387,"timestamp":"2026-07-11T03:52:04.595Z"}
{"level":"info","message":"⌛ Validating scripts/gestionNiveles/gestorNivel.wlk","timeElapsed":521,"timestamp":"2026-07-11T03:52:05.119Z"}
{"level":"info","message":"⌛ Validating scripts/gestionNiveles/gestorNivel.wlk","timeElapsed":276,"timestamp":"2026-07-11T03:52:05.401Z"}
{"level":"info","message":"⌛ Validating scripts/gestionNiveles/gestorNivel.wlk","timeElapsed":237,"timestamp":"2026-07-11T03:52:05.647Z"}
{"level":"info","message":"⌛ Building environment","timeElapsed":362,"timestamp":"2026-07-11T03:52:06.023Z"}
{"level":"info","message":"⌛ Building environment","timeElapsed":270,"timestamp":"2026-07-11T03:52:06.327Z"}
{"level":"info","message":"⌛ Building environment","timeElapsed":230,"timestamp":"2026-07-11T03:52:06.601Z"}
{"level":"info","message":"⌛ Autocomplete - Reference","timeElapsed":102,"timestamp":"2026-07-11T03:52:06.722Z"}
{"level":"info","message":"⌛ Validating scripts/gestionNiveles/gestorNivel.wlk","timeElapsed":430,"timestamp":"2026-07-11T03:52:07.160Z"}
{"level":"info","message":"⌛ Validating scripts/gestionNiveles/gestorNivel.wlk","timeElapsed":341,"timestamp":"2026-07-11T03:52:07.503Z"}
{"level":"info","message":"⌛ Building environment","timeElapsed":227,"timestamp":"2026-07-11T03:52:07.730Z"}
{"level":"info","message":"⌛ Building environment","timeElapsed":379,"timestamp":"2026-07-11T03:52:08.110Z"}
{"level":"info","message":"⌛ Validating scripts/gestionNiveles/gestorNivel.wlk","timeElapsed":301,"timestamp":"2026-07-11T03:52:08.449Z"}
{"level":"info","message":"⌛ Building environment","timeElapsed":207,"timestamp":"2026-07-11T03:52:08.671Z"}
{"level":"info","message":"⌛ Building environment","timeElapsed":196,"timestamp":"2026-07-11T03:52:08.879Z"}
{"level":"info","message":"⌛ Building environment","timeElapsed":190,"timestamp":"2026-07-11T03:52:09.079Z"}
{"level":"info","message":"⌛ Validating scripts/gestionNiveles/gestorNivel.wlk","timeElapsed":292,"timestamp":"2026-07-11T03:52:09.399Z"}
{"level":"info","message":"⌛ Validating scripts/gestionNiveles/gestorNivel.wlk","timeElapsed":276,"timestamp":"2026-07-11T03:52:09.680Z"}
{"level":"info","message":"⌛ Validating scripts/gestionNiveles/gestorNivel.wlk","timeElapsed":296,"timestamp":"2026-07-11T03:52:09.982Z"}
{"level":"info","message":"⌛ Validating scripts/gestionNiveles/gestorNivel.wlk","timeElapsed":595,"timestamp":"2026-07-11T03:52:10.583Z"}
{"level":"info","message":"⌛ Validating scripts/gestionNiveles/gestorNivel.wlk","timeElapsed":378,"timestamp":"2026-07-11T03:52:10.961Z"}
{"level":"info","message":"⌛ Building environment","timeElapsed":237,"timestamp":"2026-07-11T03:52:11.198Z"}
{"level":"info","message":"⌛ Building environment","timeElapsed":325,"timestamp":"2026-07-11T03:52:11.555Z"}
{"level":"info","message":"⌛ Building environment","timeElapsed":660,"timestamp":"2026-07-11T03:52:12.235Z"}
{"level":"info","message":"⌛ Building environment","timeElapsed":241,"timestamp":"2026-07-11T03:52:12.487Z"}
{"level":"info","message":"⌛ Building environment","timeElapsed":218,"timestamp":"2026-07-11T03:52:12.715Z"}
{"level":"info","message":"⌛ Validating scripts/gestionNiveles/gestorNivel.wlk","timeElapsed":234,"timestamp":"2026-07-11T03:52:12.988Z"}
{"level":"info","message":"⌛ Building environment","timeElapsed":186,"timestamp":"2026-07-11T03:52:13.179Z"}
{"level":"info","message":"⌛ Validating scripts/gestionNiveles/gestorNivel.wlk","timeElapsed":238,"timestamp":"2026-07-11T03:52:13.525Z"}
{"level":"info","message":"⌛ Validating scripts/gestionNiveles/gestorNivel.wlk","timeElapsed":275,"timestamp":"2026-07-11T03:52:13.808Z"}
{"level":"info","message":"⌛ Validating scripts/gestionNiveles/gestorNivel.wlk","timeElapsed":245,"timestamp":"2026-07-11T03:52:14.053Z"}
{"level":"info","message":"⌛ Validating scripts/gestionNiveles/gestorNivel.wlk","timeElapsed":239,"timestamp":"2026-07-11T03:52:14.293Z"}
{"level":"info","message":"⌛ Validating scripts/gestionNiveles/gestorNivel.wlk","timeElapsed":240,"timestamp":"2026-07-11T03:52:14.533Z"}
{"level":"info","message":"⌛ Building environment","timeElapsed":331,"timestamp":"2026-07-11T03:52:16.410Z"}
{"level":"info","message":"⌛ Autocomplete - Reference","timeElapsed":101,"timestamp":"2026-07-11T03:52:16.530Z"}
{"level":"info","message":"⌛ Validating scripts/gestionNiveles/gestorNivel.wlk","timeElapsed":270,"timestamp":"2026-07-11T03:52:16.806Z"}
{"level":"info","message":"⌛ Building environment","timeElapsed":214,"timestamp":"2026-07-11T03:52:18.402Z"}
{"level":"info","message":"⌛ Building environment","timeElapsed":315,"timestamp":"2026-07-11T03:52:18.718Z"}
{"level":"info","message":"⌛ Validating scripts/gestionNiveles/gestorNivel.wlk","timeElapsed":263,"timestamp":"2026-07-11T03:52:18.983Z"}
{"level":"info","message":"⌛ Validating scripts/gestionNiveles/gestorNivel.wlk","timeElapsed":359,"timestamp":"2026-07-11T03:52:19.368Z"}
{"level":"info","message":"⌛ Building environment","timeElapsed":280,"timestamp":"2026-07-11T03:52:19.649Z"}
{"level":"info","message":"⌛ Building environment","timeElapsed":273,"timestamp":"2026-07-11T03:52:19.947Z"}
{"level":"info","message":"⌛ Building environment","timeElapsed":220,"timestamp":"2026-07-11T03:52:20.184Z"}
{"level":"info","message":"⌛ Validating scripts/gestionNiveles/gestorNivel.wlk","timeElapsed":226,"timestamp":"2026-07-11T03:52:20.411Z"}
{"level":"info","message":"⌛ Validating scripts/gestionNiveles/gestorNivel.wlk","timeElapsed":268,"timestamp":"2026-07-11T03:52:20.698Z"}
{"level":"info","message":"⌛ Validating scripts/gestionNiveles/gestorNivel.wlk","timeElapsed":236,"timestamp":"2026-07-11T03:52:20.935Z"}
{"level":"info","message":"⌛ Building environment","timeElapsed":526,"timestamp":"2026-07-11T03:52:41.380Z"}
{"level":"info","message":"⌛ Validating scripts/gestionNiveles/datosNivel6.wlk","timeElapsed":435,"timestamp":"2026-07-11T03:52:41.837Z"}
{"level":"info","message":"⌛ Building environment","timeElapsed":438,"timestamp":"2026-07-11T03:52:51.072Z"}
{"level":"info","message":"⌛ Building environment","timeElapsed":418,"timestamp":"2026-07-11T03:52:51.530Z"}
{"level":"info","message":"⌛ Building environment","timeElapsed":309,"timestamp":"2026-07-11T03:52:51.839Z"}
{"level":"info","message":"Removing diagnostics from /c:/Users/Usuario/OneDrive/Documentos/tpGameSelf-y-sus-amigos/tp-final-wollok-game-self-y-sus-amigos/scripts/gestionNiveles/datosNivel6.wlk","timestamp":"2026-07-11T03:52:52.080Z"}
{"level":"info","message":"⌛ Validating scripts/gestionNiveles/niveles/datosNivel6.wlk","timeElapsed":442,"timestamp":"2026-07-11T03:52:52.528Z"}
{"level":"info","message":"⌛ Building environment","timeElapsed":283,"timestamp":"2026-07-11T03:52:52.879Z"}
{"level":"info","message":"⌛ Building environment","timeElapsed":237,"timestamp":"2026-07-11T03:52:53.116Z"}
{"level":"info","message":"⌛ Building environment","timeElapsed":189,"timestamp":"2026-07-11T03:52:53.306Z"}
{"level":"info","message":"⌛ Building environment","timeElapsed":198,"timestamp":"2026-07-11T03:52:53.505Z"}
{"level":"info","message":"⌛ Building environment","timeElapsed":184,"timestamp":"2026-07-11T03:52:53.691Z"}
{"level":"info","message":"⌛ Building environment","timeElapsed":310,"timestamp":"2026-07-11T03:52:54.002Z"}
{"level":"info","message":"⌛ Building environment","timeElapsed":206,"timestamp":"2026-07-11T03:52:54.211Z"}
{"level":"info","message":"⌛ Building environment","timeElapsed":543,"timestamp":"2026-07-11T03:52:54.757Z"}
{"level":"info","message":"⌛ Building environment","timeElapsed":267,"timestamp":"2026-07-11T03:52:55.025Z"}
{"level":"info","message":"⌛ Building environment","timeElapsed":143,"timestamp":"2026-07-11T03:52:55.169Z"}
{"level":"info","message":"⌛ Validating scripts/personaje/personaje.wlk","timeElapsed":186,"timestamp":"2026-07-11T03:52:55.356Z"}
{"level":"info","message":"⌛ Building environment","timeElapsed":136,"timestamp":"2026-07-11T03:52:55.494Z"}
{"level":"info","message":"⌛ Building environment","timeElapsed":154,"timestamp":"2026-07-11T03:52:55.649Z"}
{"level":"info","message":"⌛ Validating scripts/gestionEnemigos/gestorEnemigos.wlk","timeElapsed":272,"timestamp":"2026-07-11T03:52:55.922Z"}
{"level":"info","message":"⌛ Building environment","timeElapsed":267,"timestamp":"2026-07-11T03:52:56.190Z"}
{"level":"info","message":"⌛ Building environment","timeElapsed":374,"timestamp":"2026-07-11T03:52:56.565Z"}
{"level":"info","message":"⌛ Building environment","timeElapsed":250,"timestamp":"2026-07-11T03:52:56.815Z"}
{"level":"info","message":"⌛ Building environment","timeElapsed":159,"timestamp":"2026-07-11T03:52:56.991Z"}
{"level":"info","message":"⌛ Building environment","timeElapsed":195,"timestamp":"2026-07-11T03:52:57.187Z"}
{"level":"info","message":"⌛ Building environment","timeElapsed":273,"timestamp":"2026-07-11T03:52:57.460Z"}
{"level":"info","message":"⌛ Building environment","timeElapsed":201,"timestamp":"2026-07-11T03:52:57.662Z"}
{"level":"info","message":"⌛ Building environment","timeElapsed":164,"timestamp":"2026-07-11T03:52:57.828Z"}
{"level":"info","message":"⌛ Validating scripts/input/teclado.wlk","timeElapsed":162,"timestamp":"2026-07-11T03:52:57.991Z"}
{"level":"info","message":"⌛ Building environment","timeElapsed":149,"timestamp":"2026-07-11T03:52:58.141Z"}
{"level":"info","message":"⌛ Building environment","timeElapsed":153,"timestamp":"2026-07-11T03:52:58.305Z"}
{"level":"info","message":"⌛ Building environment","timeElapsed":165,"timestamp":"2026-07-11T03:52:58.473Z"}
{"level":"info","message":"⌛ Building environment","timeElapsed":165,"timestamp":"2026-07-11T03:52:58.638Z"}
{"level":"info","message":"⌛ Building environment","timeElapsed":154,"timestamp":"2026-07-11T03:52:58.807Z"}
{"level":"info","message":"⌛ Building environment","timeElapsed":225,"timestamp":"2026-07-11T03:52:59.033Z"}
{"level":"info","message":"⌛ Building environment","timeElapsed":264,"timestamp":"2026-07-11T03:52:59.300Z"}
{"level":"info","message":"⌛ Building environment","timeElapsed":430,"timestamp":"2026-07-11T03:52:59.750Z"}
{"level":"info","message":"⌛ Building environment","timeElapsed":187,"timestamp":"2026-07-11T03:52:59.950Z"}
{"level":"info","message":"⌛ Validating scripts/gestionEnemigos/enemigos/sapo.wlk","timeElapsed":191,"timestamp":"2026-07-11T03:53:00.141Z"}
{"level":"info","message":"⌛ Building environment","timeElapsed":229,"timestamp":"2026-07-11T03:53:00.371Z"}
{"level":"info","message":"⌛ Building environment","timeElapsed":329,"timestamp":"2026-07-11T03:53:00.715Z"}
{"level":"info","message":"⌛ Building environment","timeElapsed":782,"timestamp":"2026-07-11T03:53:01.502Z"}
{"level":"info","message":"⌛ Building environment","timeElapsed":265,"timestamp":"2026-07-11T03:53:01.777Z"}
{"level":"info","message":"⌛ Building environment","timeElapsed":270,"timestamp":"2026-07-11T03:53:02.049Z"}
{"level":"info","message":"⌛ Building environment","timeElapsed":324,"timestamp":"2026-07-11T03:53:02.375Z"}
{"level":"info","message":"⌛ Validating scripts/gestionEnemigos/enemigos/murcielago.wlk","timeElapsed":190,"timestamp":"2026-07-11T03:53:02.566Z"}
{"level":"info","message":"⌛ Building environment","timeElapsed":335,"timestamp":"2026-07-11T03:53:02.902Z"}
{"level":"info","message":"⌛ Building environment","timeElapsed":305,"timestamp":"2026-07-11T03:53:03.208Z"}
{"level":"info","message":"⌛ Building environment","timeElapsed":244,"timestamp":"2026-07-11T03:53:03.466Z"}
{"level":"info","message":"⌛ Validating scripts/gestionEnemigos/enemigos/gato.wlk","timeElapsed":163,"timestamp":"2026-07-11T03:53:03.631Z"}
{"level":"error","message":"✘ Validate text document error: TypeError: n.lookupField is not a function n.lookupField is not a function","stack":"TypeError: n.lookupField is not a function\n    at c:\\Users\\Usuario\\.vscode\\extensions\\uqbar.wollok-lsp-ide-0.5.4\\out\\server\\src\\server.js:57:37243\n    at c:\\Users\\Usuario\\.vscode\\extensions\\uqbar.wollok-lsp-ide-0.5.4\\out\\server\\src\\server.js:57:34119\n    at c:\\Users\\Usuario\\.vscode\\extensions\\uqbar.wollok-lsp-ide-0.5.4\\out\\server\\src\\server.js:57:56255\n    at Array.map (<anonymous>)\n    at c:\\Users\\Usuario\\.vscode\\extensions\\uqbar.wollok-lsp-ide-0.5.4\\out\\server\\src\\server.js:57:56242\n    at c (c:\\Users\\Usuario\\.vscode\\extensions\\uqbar.wollok-lsp-ide-0.5.4\\out\\server\\src\\server.js:38:13207)\n    at c:\\Users\\Usuario\\.vscode\\extensions\\uqbar.wollok-lsp-ide-0.5.4\\out\\server\\src\\server.js:38:13198\n    at Array.reduce (<anonymous>)\n    at c (c:\\Users\\Usuario\\.vscode\\extensions\\uqbar.wollok-lsp-ide-0.5.4\\out\\server\\src\\server.js:38:13184)\n    at c:\\Users\\Usuario\\.vscode\\extensions\\uqbar.wollok-lsp-ide-0.5.4\\out\\server\\src\\server.js:38:13198","timestamp":"2026-07-11T03:53:03.857Z"}
{"level":"info","message":"⌛ Validating scripts/gestionEnemigos/enemigos/Enemigo.wlk","timeElapsed":227,"timestamp":"2026-07-11T03:53:03.858Z"}
{"level":"error","message":"✘ Validate text document error: TypeError: n.lookupField is not a function n.lookupField is not a function","stack":"TypeError: n.lookupField is not a function\n    at c:\\Users\\Usuario\\.vscode\\extensions\\uqbar.wollok-lsp-ide-0.5.4\\out\\server\\src\\server.js:57:37243\n    at c:\\Users\\Usuario\\.vscode\\extensions\\uqbar.wollok-lsp-ide-0.5.4\\out\\server\\src\\server.js:57:34119\n    at c:\\Users\\Usuario\\.vscode\\extensions\\uqbar.wollok-lsp-ide-0.5.4\\out\\server\\src\\server.js:57:56255\n    at Array.map (<anonymous>)\n    at c:\\Users\\Usuario\\.vscode\\extensions\\uqbar.wollok-lsp-ide-0.5.4\\out\\server\\src\\server.js:57:56242\n    at c (c:\\Users\\Usuario\\.vscode\\extensions\\uqbar.wollok-lsp-ide-0.5.4\\out\\server\\src\\server.js:38:13207)\n    at c:\\Users\\Usuario\\.vscode\\extensions\\uqbar.wollok-lsp-ide-0.5.4\\out\\server\\src\\server.js:38:13198\n    at Array.reduce (<anonymous>)\n    at c (c:\\Users\\Usuario\\.vscode\\extensions\\uqbar.wollok-lsp-ide-0.5.4\\out\\server\\src\\server.js:38:13184)\n    at c:\\Users\\Usuario\\.vscode\\extensions\\uqbar.wollok-lsp-ide-0.5.4\\out\\server\\src\\server.js:38:13198","timestamp":"2026-07-11T03:53:04.228Z"}
{"level":"info","message":"⌛ Validating scripts/gestionAnimaciones/bancoImagenes.wlk","timeElapsed":373,"timestamp":"2026-07-11T03:53:04.233Z"}
{"level":"error","message":"✘ Validate text document error: TypeError: n.lookupField is not a function n.lookupField is not a function","stack":"TypeError: n.lookupField is not a function\n    at c:\\Users\\Usuario\\.vscode\\extensions\\uqbar.wollok-lsp-ide-0.5.4\\out\\server\\src\\server.js:57:37243\n    at c:\\Users\\Usuario\\.vscode\\extensions\\uqbar.wollok-lsp-ide-0.5.4\\out\\server\\src\\server.js:57:34119\n    at c:\\Users\\Usuario\\.vscode\\extensions\\uqbar.wollok-lsp-ide-0.5.4\\out\\server\\src\\server.js:57:56255\n    at Array.map (<anonymous>)\n    at c:\\Users\\Usuario\\.vscode\\extensions\\uqbar.wollok-lsp-ide-0.5.4\\out\\server\\src\\server.js:57:56242\n    at c (c:\\Users\\Usuario\\.vscode\\extensions\\uqbar.wollok-lsp-ide-0.5.4\\out\\server\\src\\server.js:38:13207)\n    at c:\\Users\\Usuario\\.vscode\\extensions\\uqbar.wollok-lsp-ide-0.5.4\\out\\server\\src\\server.js:38:13198\n    at Array.reduce (<anonymous>)\n    at c (c:\\Users\\Usuario\\.vscode\\extensions\\uqbar.wollok-lsp-ide-0.5.4\\out\\server\\src\\server.js:38:13184)\n    at c:\\Users\\Usuario\\.vscode\\extensions\\uqbar.wollok-lsp-ide-0.5.4\\out\\server\\src\\server.js:38:13198","timestamp":"2026-07-11T03:53:04.499Z"}
{"level":"info","message":"⌛ Validating scripts/gestionAnimaciones/animador.wlk","timeElapsed":266,"timestamp":"2026-07-11T03:53:04.499Z"}
{"level":"error","message":"✘ Validate text document error: TypeError: n.lookupField is not a function n.lookupField is not a function","stack":"TypeError: n.lookupField is not a function\n    at c:\\Users\\Usuario\\.vscode\\extensions\\uqbar.wollok-lsp-ide-0.5.4\\out\\server\\src\\server.js:57:37243\n    at c:\\Users\\Usuario\\.vscode\\extensions\\uqbar.wollok-lsp-ide-0.5.4\\out\\server\\src\\server.js:57:34119\n    at c:\\Users\\Usuario\\.vscode\\extensions\\uqbar.wollok-lsp-ide-0.5.4\\out\\server\\src\\server.js:57:56255\n    at Array.map (<anonymous>)\n    at c:\\Users\\Usuario\\.vscode\\extensions\\uqbar.wollok-lsp-ide-0.5.4\\out\\server\\src\\server.js:57:56242\n    at c (c:\\Users\\Usuario\\.vscode\\extensions\\uqbar.wollok-lsp-ide-0.5.4\\out\\server\\src\\server.js:38:13207)\n    at c:\\Users\\Usuario\\.vscode\\extensions\\uqbar.wollok-lsp-ide-0.5.4\\out\\server\\src\\server.js:38:13198\n    at Array.reduce (<anonymous>)\n    at c (c:\\Users\\Usuario\\.vscode\\extensions\\uqbar.wollok-lsp-ide-0.5.4\\out\\server\\src\\server.js:38:13184)\n    at c:\\Users\\Usuario\\.vscode\\extensions\\uqbar.wollok-lsp-ide-0.5.4\\out\\server\\src\\server.js:38:13198","timestamp":"2026-07-11T03:53:04.667Z"}
{"level":"info","message":"⌛ Validating scripts/gestionObjetos/misObjetos/salida.wlk","timeElapsed":168,"timestamp":"2026-07-11T03:53:04.668Z"}
{"level":"error","message":"✘ Validate text document error: TypeError: n.lookupField is not a function n.lookupField is not a function","stack":"TypeError: n.lookupField is not a function\n    at c:\\Users\\Usuario\\.vscode\\extensions\\uqbar.wollok-lsp-ide-0.5.4\\out\\server\\src\\server.js:57:37243\n    at c:\\Users\\Usuario\\.vscode\\extensions\\uqbar.wollok-lsp-ide-0.5.4\\out\\server\\src\\server.js:57:34119\n    at c:\\Users\\Usuario\\.vscode\\extensions\\uqbar.wollok-lsp-ide-0.5.4\\out\\server\\src\\server.js:57:56255\n    at Array.map (<anonymous>)\n    at c:\\Users\\Usuario\\.vscode\\extensions\\uqbar.wollok-lsp-ide-0.5.4\\out\\server\\src\\server.js:57:56242\n    at c (c:\\Users\\Usuario\\.vscode\\extensions\\uqbar.wollok-lsp-ide-0.5.4\\out\\server\\src\\server.js:38:13207)\n    at c:\\Users\\Usuario\\.vscode\\extensions\\uqbar.wollok-lsp-ide-0.5.4\\out\\server\\src\\server.js:38:13198\n    at Array.reduce (<anonymous>)\n    at c (c:\\Users\\Usuario\\.vscode\\extensions\\uqbar.wollok-lsp-ide-0.5.4\\out\\server\\src\\server.js:38:13184)\n    at c:\\Users\\Usuario\\.vscode\\extensions\\uqbar.wollok-lsp-ide-0.5.4\\out\\server\\src\\server.js:38:13198","timestamp":"2026-07-11T03:53:04.858Z"}
{"level":"info","message":"⌛ Validating scripts/gestionObjetos/misObjetos/puerta.wlk","timeElapsed":190,"timestamp":"2026-07-11T03:53:04.858Z"}
{"level":"error","message":"✘ Validate text document error: TypeError: n.lookupField is not a function n.lookupField is not a function","stack":"TypeError: n.lookupField is not a function\n    at c:\\Users\\Usuario\\.vscode\\extensions\\uqbar.wollok-lsp-ide-0.5.4\\out\\server\\src\\server.js:57:37243\n    at c:\\Users\\Usuario\\.vscode\\extensions\\uqbar.wollok-lsp-ide-0.5.4\\out\\server\\src\\server.js:57:34119\n    at c:\\Users\\Usuario\\.vscode\\extensions\\uqbar.wollok-lsp-ide-0.5.4\\out\\server\\src\\server.js:57:56255\n    at Array.map (<anonymous>)\n    at c:\\Users\\Usuario\\.vscode\\extensions\\uqbar.wollok-lsp-ide-0.5.4\\out\\server\\src\\server.js:57:56242\n    at c (c:\\Users\\Usuario\\.vscode\\extensions\\uqbar.wollok-lsp-ide-0.5.4\\out\\server\\src\\server.js:38:13207)\n    at c:\\Users\\Usuario\\.vscode\\extensions\\uqbar.wollok-lsp-ide-0.5.4\\out\\server\\src\\server.js:38:13198\n    at Array.reduce (<anonymous>)\n    at c (c:\\Users\\Usuario\\.vscode\\extensions\\uqbar.wollok-lsp-ide-0.5.4\\out\\server\\src\\server.js:38:13184)\n    at c:\\Users\\Usuario\\.vscode\\extensions\\uqbar.wollok-lsp-ide-0.5.4\\out\\server\\src\\server.js:38:13198","timestamp":"2026-07-11T03:53:05.087Z"}
{"level":"info","message":"⌛ Validating scripts/gestionObjetos/misObjetos/portal.wlk","timeElapsed":212,"timestamp":"2026-07-11T03:53:05.088Z"}
{"level":"error","message":"✘ Validate text document error: TypeError: n.lookupField is not a function n.lookupField is not a function","stack":"TypeError: n.lookupField is not a function\n    at c:\\Users\\Usuario\\.vscode\\extensions\\uqbar.wollok-lsp-ide-0.5.4\\out\\server\\src\\server.js:57:37243\n    at c:\\Users\\Usuario\\.vscode\\extensions\\uqbar.wollok-lsp-ide-0.5.4\\out\\server\\src\\server.js:57:34119\n    at c:\\Users\\Usuario\\.vscode\\extensions\\uqbar.wollok-lsp-ide-0.5.4\\out\\server\\src\\server.js:57:56255\n    at Array.map (<anonymous>)\n    at c:\\Users\\Usuario\\.vscode\\extensions\\uqbar.wollok-lsp-ide-0.5.4\\out\\server\\src\\server.js:57:56242\n    at c (c:\\Users\\Usuario\\.vscode\\extensions\\uqbar.wollok-lsp-ide-0.5.4\\out\\server\\src\\server.js:38:13207)\n    at c:\\Users\\Usuario\\.vscode\\extensions\\uqbar.wollok-lsp-ide-0.5.4\\out\\server\\src\\server.js:38:13198\n    at Array.reduce (<anonymous>)\n    at c (c:\\Users\\Usuario\\.vscode\\extensions\\uqbar.wollok-lsp-ide-0.5.4\\out\\server\\src\\server.js:38:13184)\n    at c:\\Users\\Usuario\\.vscode\\extensions\\uqbar.wollok-lsp-ide-0.5.4\\out\\server\\src\\server.js:38:13198","timestamp":"2026-07-11T03:53:05.292Z"}
{"level":"info","message":"⌛ Validating scripts/gestionObjetos/misObjetos/pinchos.wlk","timeElapsed":198,"timestamp":"2026-07-11T03:53:05.292Z"}
{"level":"error","message":"✘ Validate text document error: TypeError: n.lookupField is not a function n.lookupField is not a function","stack":"TypeError: n.lookupField is not a function\n    at c:\\Users\\Usuario\\.vscode\\extensions\\uqbar.wollok-lsp-ide-0.5.4\\out\\server\\src\\server.js:57:37243\n    at c:\\Users\\Usuario\\.vscode\\extensions\\uqbar.wollok-lsp-ide-0.5.4\\out\\server\\src\\server.js:57:34119\n    at c:\\Users\\Usuario\\.vscode\\extensions\\uqbar.wollok-lsp-ide-0.5.4\\out\\server\\src\\server.js:57:56255\n    at Array.map (<anonymous>)\n    at c:\\Users\\Usuario\\.vscode\\extensions\\uqbar.wollok-lsp-ide-0.5.4\\out\\server\\src\\server.js:57:56242\n    at c (c:\\Users\\Usuario\\.vscode\\extensions\\uqbar.wollok-lsp-ide-0.5.4\\out\\server\\src\\server.js:38:13207)\n    at c:\\Users\\Usuario\\.vscode\\extensions\\uqbar.wollok-lsp-ide-0.5.4\\out\\server\\src\\server.js:38:13198\n    at Array.reduce (<anonymous>)\n    at c (c:\\Users\\Usuario\\.vscode\\extensions\\uqbar.wollok-lsp-ide-0.5.4\\out\\server\\src\\server.js:38:13184)\n    at c:\\Users\\Usuario\\.vscode\\extensions\\uqbar.wollok-lsp-ide-0.5.4\\out\\server\\src\\server.js:38:13198","timestamp":"2026-07-11T03:53:05.538Z"}
{"level":"info","message":"⌛ Validating scripts/gestionObjetos/misObjetos/palanca.wlk","timeElapsed":230,"timestamp":"2026-07-11T03:53:05.538Z"}
{"level":"error","message":"✘ Validate text document error: TypeError: n.lookupField is not a function n.lookupField is not a function","stack":"TypeError: n.lookupField is not a function\n    at c:\\Users\\Usuario\\.vscode\\extensions\\uqbar.wollok-lsp-ide-0.5.4\\out\\server\\src\\server.js:57:37243\n    at c:\\Users\\Usuario\\.vscode\\extensions\\uqbar.wollok-lsp-ide-0.5.4\\out\\server\\src\\server.js:57:34119\n    at c:\\Users\\Usuario\\.vscode\\extensions\\uqbar.wollok-lsp-ide-0.5.4\\out\\server\\src\\server.js:57:56255\n    at Array.map (<anonymous>)\n    at c:\\Users\\Usuario\\.vscode\\extensions\\uqbar.wollok-lsp-ide-0.5.4\\out\\server\\src\\server.js:57:56242\n    at c (c:\\Users\\Usuario\\.vscode\\extensions\\uqbar.wollok-lsp-ide-0.5.4\\out\\server\\src\\server.js:38:13207)\n    at c:\\Users\\Usuario\\.vscode\\extensions\\uqbar.wollok-lsp-ide-0.5.4\\out\\server\\src\\server.js:38:13198\n    at Array.reduce (<anonymous>)\n    at c (c:\\Users\\Usuario\\.vscode\\extensions\\uqbar.wollok-lsp-ide-0.5.4\\out\\server\\src\\server.js:38:13184)\n    at c:\\Users\\Usuario\\.vscode\\extensions\\uqbar.wollok-lsp-ide-0.5.4\\out\\server\\src\\server.js:38:13198","timestamp":"2026-07-11T03:53:05.692Z"}
{"level":"info","message":"⌛ Validating scripts/gestionObjetos/misObjetos/Objeto.wlk","timeElapsed":154,"timestamp":"2026-07-11T03:53:05.692Z"}
{"level":"error","message":"✘ Validate text document error: TypeError: n.lookupField is not a function n.lookupField is not a function","stack":"TypeError: n.lookupField is not a function\n    at c:\\Users\\Usuario\\.vscode\\extensions\\uqbar.wollok-lsp-ide-0.5.4\\out\\server\\src\\server.js:57:37243\n    at c:\\Users\\Usuario\\.vscode\\extensions\\uqbar.wollok-lsp-ide-0.5.4\\out\\server\\src\\server.js:57:34119\n    at c:\\Users\\Usuario\\.vscode\\extensions\\uqbar.wollok-lsp-ide-0.5.4\\out\\server\\src\\server.js:57:56255\n    at Array.map (<anonymous>)\n    at c:\\Users\\Usuario\\.vscode\\extensions\\uqbar.wollok-lsp-ide-0.5.4\\out\\server\\src\\server.js:57:56242\n    at c (c:\\Users\\Usuario\\.vscode\\extensions\\uqbar.wollok-lsp-ide-0.5.4\\out\\server\\src\\server.js:38:13207)\n    at c:\\Users\\Usuario\\.vscode\\extensions\\uqbar.wollok-lsp-ide-0.5.4\\out\\server\\src\\server.js:38:13198\n    at Array.reduce (<anonymous>)\n    at c (c:\\Users\\Usuario\\.vscode\\extensions\\uqbar.wollok-lsp-ide-0.5.4\\out\\server\\src\\server.js:38:13184)\n    at c:\\Users\\Usuario\\.vscode\\extensions\\uqbar.wollok-lsp-ide-0.5.4\\out\\server\\src\\server.js:38:13198","timestamp":"2026-07-11T03:53:05.841Z"}
{"level":"info","message":"⌛ Validating scripts/gestionObjetos/misObjetos/moneda.wlk","timeElapsed":149,"timestamp":"2026-07-11T03:53:05.841Z"}
{"level":"error","message":"✘ Validate text document error: TypeError: n.lookupField is not a function n.lookupField is not a function","stack":"TypeError: n.lookupField is not a function\n    at c:\\Users\\Usuario\\.vscode\\extensions\\uqbar.wollok-lsp-ide-0.5.4\\out\\server\\src\\server.js:57:37243\n    at c:\\Users\\Usuario\\.vscode\\extensions\\uqbar.wollok-lsp-ide-0.5.4\\out\\server\\src\\server.js:57:34119\n    at c:\\Users\\Usuario\\.vscode\\extensions\\uqbar.wollok-lsp-ide-0.5.4\\out\\server\\src\\server.js:57:56255\n    at Array.map (<anonymous>)\n    at c:\\Users\\Usuario\\.vscode\\extensions\\uqbar.wollok-lsp-ide-0.5.4\\out\\server\\src\\server.js:57:56242\n    at c (c:\\Users\\Usuario\\.vscode\\extensions\\uqbar.wollok-lsp-ide-0.5.4\\out\\server\\src\\server.js:38:13207)\n    at c:\\Users\\Usuario\\.vscode\\extensions\\uqbar.wollok-lsp-ide-0.5.4\\out\\server\\src\\server.js:38:13198\n    at Array.reduce (<anonymous>)\n    at c (c:\\Users\\Usuario\\.vscode\\extensions\\uqbar.wollok-lsp-ide-0.5.4\\out\\server\\src\\server.js:38:13184)\n    at c:\\Users\\Usuario\\.vscode\\extensions\\uqbar.wollok-lsp-ide-0.5.4\\out\\server\\src\\server.js:38:13198","timestamp":"2026-07-11T03:53:06.059Z"}
{"level":"info","message":"⌛ Validating scripts/gestionObjetos/misObjetos/laser.wlk","timeElapsed":220,"timestamp":"2026-07-11T03:53:06.062Z"}
{"level":"error","message":"✘ Validate text document error: TypeError: n.lookupField is not a function n.lookupField is not a function","stack":"TypeError: n.lookupField is not a function\n    at c:\\Users\\Usuario\\.vscode\\extensions\\uqbar.wollok-lsp-ide-0.5.4\\out\\server\\src\\server.js:57:37243\n    at c:\\Users\\Usuario\\.vscode\\extensions\\uqbar.wollok-lsp-ide-0.5.4\\out\\server\\src\\server.js:57:34119\n    at c:\\Users\\Usuario\\.vscode\\extensions\\uqbar.wollok-lsp-ide-0.5.4\\out\\server\\src\\server.js:57:56255\n    at Array.map (<anonymous>)\n    at c:\\Users\\Usuario\\.vscode\\extensions\\uqbar.wollok-lsp-ide-0.5.4\\out\\server\\src\\server.js:57:56242\n    at c (c:\\Users\\Usuario\\.vscode\\extensions\\uqbar.wollok-lsp-ide-0.5.4\\out\\server\\src\\server.js:38:13207)\n    at c:\\Users\\Usuario\\.vscode\\extensions\\uqbar.wollok-lsp-ide-0.5.4\\out\\server\\src\\server.js:38:13198\n    at Array.reduce (<anonymous>)\n    at c (c:\\Users\\Usuario\\.vscode\\extensions\\uqbar.wollok-lsp-ide-0.5.4\\out\\server\\src\\server.js:38:13184)\n    at c:\\Users\\Usuario\\.vscode\\extensions\\uqbar.wollok-lsp-ide-0.5.4\\out\\server\\src\\server.js:38:13198","timestamp":"2026-07-11T03:53:06.226Z"}
{"level":"info","message":"⌛ Validating scripts/gestionObjetos/misObjetos/colision.wlk","timeElapsed":164,"timestamp":"2026-07-11T03:53:06.227Z"}
{"level":"error","message":"✘ Validate text document error: TypeError: n.lookupField is not a function n.lookupField is not a function","stack":"TypeError: n.lookupField is not a function\n    at c:\\Users\\Usuario\\.vscode\\extensions\\uqbar.wollok-lsp-ide-0.5.4\\out\\server\\src\\server.js:57:37243\n    at c:\\Users\\Usuario\\.vscode\\extensions\\uqbar.wollok-lsp-ide-0.5.4\\out\\server\\src\\server.js:57:34119\n    at c:\\Users\\Usuario\\.vscode\\extensions\\uqbar.wollok-lsp-ide-0.5.4\\out\\server\\src\\server.js:57:56255\n    at Array.map (<anonymous>)\n    at c:\\Users\\Usuario\\.vscode\\extensions\\uqbar.wollok-lsp-ide-0.5.4\\out\\server\\src\\server.js:57:56242\n    at c (c:\\Users\\Usuario\\.vscode\\extensions\\uqbar.wollok-lsp-ide-0.5.4\\out\\server\\src\\server.js:38:13207)\n    at c:\\Users\\Usuario\\.vscode\\extensions\\uqbar.wollok-lsp-ide-0.5.4\\out\\server\\src\\server.js:38:13198\n    at Array.reduce (<anonymous>)\n    at c (c:\\Users\\Usuario\\.vscode\\extensions\\uqbar.wollok-lsp-ide-0.5.4\\out\\server\\src\\server.js:38:13184)\n    at c:\\Users\\Usuario\\.vscode\\extensions\\uqbar.wollok-lsp-ide-0.5.4\\out\\server\\src\\server.js:38:13198","timestamp":"2026-07-11T03:53:06.372Z"}
{"level":"info","message":"⌛ Validating scripts/gestionObjetos/misObjetos/caja.wlk","timeElapsed":144,"timestamp":"2026-07-11T03:53:06.372Z"}
{"level":"error","message":"✘ Validate text document error: TypeError: n.lookupField is not a function n.lookupField is not a function","stack":"TypeError: n.lookupField is not a function\n    at c:\\Users\\Usuario\\.vscode\\extensions\\uqbar.wollok-lsp-ide-0.5.4\\out\\server\\src\\server.js:57:37243\n    at c:\\Users\\Usuario\\.vscode\\extensions\\uqbar.wollok-lsp-ide-0.5.4\\out\\server\\src\\server.js:57:34119\n    at c:\\Users\\Usuario\\.vscode\\extensions\\uqbar.wollok-lsp-ide-0.5.4\\out\\server\\src\\server.js:57:56255\n    at Array.map (<anonymous>)\n    at c:\\Users\\Usuario\\.vscode\\extensions\\uqbar.wollok-lsp-ide-0.5.4\\out\\server\\src\\server.js:57:56242\n    at c (c:\\Users\\Usuario\\.vscode\\extensions\\uqbar.wollok-lsp-ide-0.5.4\\out\\server\\src\\server.js:38:13207)\n    at c:\\Users\\Usuario\\.vscode\\extensions\\uqbar.wollok-lsp-ide-0.5.4\\out\\server\\src\\server.js:38:13198\n    at Array.reduce (<anonymous>)\n    at c (c:\\Users\\Usuario\\.vscode\\extensions\\uqbar.wollok-lsp-ide-0.5.4\\out\\server\\src\\server.js:38:13184)\n    at c:\\Users\\Usuario\\.vscode\\extensions\\uqbar.wollok-lsp-ide-0.5.4\\out\\server\\src\\server.js:38:13198","timestamp":"2026-07-11T03:53:06.505Z"}
{"level":"info","message":"⌛ Validating scripts/gestionObjetos/misObjetos/boton.wlk","timeElapsed":133,"timestamp":"2026-07-11T03:53:06.505Z"}
{"level":"error","message":"✘ Validate text document error: TypeError: n.lookupField is not a function n.lookupField is not a function","stack":"TypeError: n.lookupField is not a function\n    at c:\\Users\\Usuario\\.vscode\\extensions\\uqbar.wollok-lsp-ide-0.5.4\\out\\server\\src\\server.js:57:37243\n    at c:\\Users\\Usuario\\.vscode\\extensions\\uqbar.wollok-lsp-ide-0.5.4\\out\\server\\src\\server.js:57:34119\n    at c:\\Users\\Usuario\\.vscode\\extensions\\uqbar.wollok-lsp-ide-0.5.4\\out\\server\\src\\server.js:57:56255\n    at Array.map (<anonymous>)\n    at c:\\Users\\Usuario\\.vscode\\extensions\\uqbar.wollok-lsp-ide-0.5.4\\out\\server\\src\\server.js:57:56242\n    at c (c:\\Users\\Usuario\\.vscode\\extensions\\uqbar.wollok-lsp-ide-0.5.4\\out\\server\\src\\server.js:38:13207)\n    at c:\\Users\\Usuario\\.vscode\\extensions\\uqbar.wollok-lsp-ide-0.5.4\\out\\server\\src\\server.js:38:13198\n    at Array.reduce (<anonymous>)\n    at c (c:\\Users\\Usuario\\.vscode\\extensions\\uqbar.wollok-lsp-ide-0.5.4\\out\\server\\src\\server.js:38:13184)\n    at c:\\Users\\Usuario\\.vscode\\extensions\\uqbar.wollok-lsp-ide-0.5.4\\out\\server\\src\\server.js:38:13198","timestamp":"2026-07-11T03:53:06.671Z"}
{"level":"info","message":"⌛ Validating scripts/gestionObjetos/misObjetos/baldosa.wlk","timeElapsed":166,"timestamp":"2026-07-11T03:53:06.672Z"}
{"level":"info","message":"⌛ Validating scripts/gestionObjetos/gestorObjetos.wlk","timeElapsed":202,"timestamp":"2026-07-11T03:53:06.877Z"}
{"level":"info","message":"⌛ Validating scripts/gestionObjetos/gestorCanales.wlk","timeElapsed":365,"timestamp":"2026-07-11T03:53:07.244Z"}
{"level":"info","message":"⌛ Validating scripts/gestionAnimaciones/animaciones/AnimacionSimple.wlk","timeElapsed":459,"timestamp":"2026-07-11T03:53:07.704Z"}
{"level":"info","message":"⌛ Validating scripts/gestionAnimaciones/animaciones/AnimacionMovimiento.wlk","timeElapsed":400,"timestamp":"2026-07-11T03:53:08.107Z"}
{"level":"info","message":"⌛ Validating scripts/gestionAnimaciones/animaciones/AnimacionDosCasillas.wlk","timeElapsed":238,"timestamp":"2026-07-11T03:53:08.346Z"}
{"level":"info","message":"⌛ Validating scripts/gestionAnimaciones/animaciones/AnimacionAtaque.wlk","timeElapsed":207,"timestamp":"2026-07-11T03:53:08.558Z"}
{"level":"info","message":"⌛ Validating scripts/gestionNiveles/transicionNivel.wlk","timeElapsed":212,"timestamp":"2026-07-11T03:53:08.775Z"}
{"level":"info","message":"⌛ Validating juego.wpgm","timeElapsed":215,"timestamp":"2026-07-11T03:53:08.992Z"}
{"level":"info","message":"⌛ Validating scripts/gestionNiveles/niveles/pantallaTitulo.wlk","timeElapsed":225,"timestamp":"2026-07-11T03:53:09.219Z"}
{"level":"info","message":"⌛ Validating scripts/gestionNiveles/niveles/Nivel.wlk","timeElapsed":257,"timestamp":"2026-07-11T03:53:09.479Z"}
{"level":"info","message":"⌛ Validating scripts/gestionNiveles/niveles/datosNivel5.wlk","timeElapsed":303,"timestamp":"2026-07-11T03:53:09.783Z"}
{"level":"info","message":"⌛ Validating scripts/gestionNiveles/niveles/datosNivel4.wlk","timeElapsed":314,"timestamp":"2026-07-11T03:53:10.099Z"}
{"level":"info","message":"⌛ Validating scripts/gestionNiveles/niveles/datosNivel3.wlk","timeElapsed":245,"timestamp":"2026-07-11T03:53:10.344Z"}
{"level":"info","message":"⌛ Validating scripts/gestionNiveles/niveles/datosNivel2.wlk","timeElapsed":247,"timestamp":"2026-07-11T03:53:10.593Z"}
{"level":"info","message":"⌛ Validating scripts/gestionNiveles/niveles/datosNivel1.wlk","timeElapsed":261,"timestamp":"2026-07-11T03:53:10.855Z"}
{"level":"info","message":"⌛ Validating scripts/gestionNiveles/gestorMenu.wlk","timeElapsed":246,"timestamp":"2026-07-11T03:53:11.103Z"}
{"level":"info","message":"⌛ Validating scripts/gestionNiveles/fabricaNivel.wlk","timeElapsed":253,"timestamp":"2026-07-11T03:53:11.357Z"}
{"level":"info","message":"⌛ Building environment","timeElapsed":362,"timestamp":"2026-07-11T03:53:11.972Z"}
{"level":"info","message":"⌛ Validating scripts/gestionNiveles/niveles/datosNivel6.wlk","timeElapsed":376,"timestamp":"2026-07-11T03:53:12.381Z"}
{"level":"info","message":"⌛ Building environment","timeElapsed":366,"timestamp":"2026-07-11T03:54:28.095Z"}
{"level":"info","message":"⌛ Validating scripts/gestionNiveles/niveles/datosNivel6.wlk","timeElapsed":341,"timestamp":"2026-07-11T03:54:28.464Z"}
{"level":"info","message":"⌛ Building environment","timeElapsed":311,"timestamp":"2026-07-11T03:54:35.176Z"}
{"level":"info","message":"⌛ Building environment","timeElapsed":397,"timestamp":"2026-07-11T03:54:35.575Z"}
{"level":"info","message":"⌛ Building environment","timeElapsed":259,"timestamp":"2026-07-11T03:54:35.849Z"}
{"level":"info","message":"⌛ Validating scripts/gestionNiveles/niveles/datosNivel6.wlk","timeElapsed":286,"timestamp":"2026-07-11T03:54:36.136Z"}
{"level":"info","message":"⌛ Validating scripts/gestionNiveles/niveles/datosNivel6.wlk","timeElapsed":472,"timestamp":"2026-07-11T03:54:36.636Z"}
{"level":"info","message":"⌛ Validating scripts/gestionNiveles/niveles/datosNivel6.wlk","timeElapsed":370,"timestamp":"2026-07-11T03:54:37.007Z"}
{"level":"info","message":"⌛ Building environment","timeElapsed":269,"timestamp":"2026-07-11T03:54:43.850Z"}
{"level":"info","message":"⌛ Validating scripts/gestionNiveles/niveles/datosNivel6.wlk","timeElapsed":321,"timestamp":"2026-07-11T03:54:44.188Z"}
{"level":"info","message":"⌛ Building environment","timeElapsed":248,"timestamp":"2026-07-11T03:54:58.017Z"}
{"level":"info","message":"⌛ Building environment","timeElapsed":436,"timestamp":"2026-07-11T03:54:58.453Z"}
{"level":"info","message":"⌛ Validating scripts/gestionNiveles/niveles/datosNivel6.wlk","timeElapsed":318,"timestamp":"2026-07-11T03:54:58.772Z"}
{"level":"info","message":"⌛ Validating scripts/gestionNiveles/niveles/datosNivel6.wlk","timeElapsed":306,"timestamp":"2026-07-11T03:54:59.100Z"}
{"level":"info","message":"⌛ Building environment","timeElapsed":513,"timestamp":"2026-07-11T03:55:00.684Z"}
{"level":"info","message":"⌛ Building environment","timeElapsed":298,"timestamp":"2026-07-11T03:55:00.983Z"}
{"level":"info","message":"⌛ Validating scripts/gestionNiveles/niveles/datosNivel6.wlk","timeElapsed":369,"timestamp":"2026-07-11T03:55:01.379Z"}
{"level":"info","message":"⌛ Validating scripts/gestionNiveles/niveles/datosNivel6.wlk","timeElapsed":453,"timestamp":"2026-07-11T03:55:01.841Z"}
{"level":"info","message":"⌛ Building environment","timeElapsed":226,"timestamp":"2026-07-11T03:55:09.303Z"}
{"level":"info","message":"⌛ Building environment","timeElapsed":310,"timestamp":"2026-07-11T03:55:09.614Z"}
{"level":"info","message":"⌛ Validating scripts/gestionNiveles/niveles/datosNivel6.wlk","timeElapsed":297,"timestamp":"2026-07-11T03:55:09.912Z"}
{"level":"info","message":"⌛ Validating scripts/gestionNiveles/niveles/datosNivel6.wlk","timeElapsed":521,"timestamp":"2026-07-11T03:55:10.457Z"}
{"level":"info","message":"⌛ Building environment","timeElapsed":320,"timestamp":"2026-07-11T03:55:10.798Z"}
{"level":"info","message":"⌛ Building environment","timeElapsed":279,"timestamp":"2026-07-11T03:55:11.092Z"}
{"level":"info","message":"⌛ Validating scripts/gestionNiveles/niveles/datosNivel6.wlk","timeElapsed":553,"timestamp":"2026-07-11T03:55:11.660Z"}
{"level":"info","message":"⌛ Validating scripts/gestionNiveles/niveles/datosNivel6.wlk","timeElapsed":590,"timestamp":"2026-07-11T03:55:12.259Z"}
{"level":"info","message":"⌛ Building environment","timeElapsed":475,"timestamp":"2026-07-11T03:55:12.739Z"}
{"level":"info","message":"⌛ Building environment","timeElapsed":303,"timestamp":"2026-07-11T03:55:13.043Z"}
{"level":"info","message":"⌛ Building environment","timeElapsed":268,"timestamp":"2026-07-11T03:55:13.327Z"}
{"level":"info","message":"⌛ Building environment","timeElapsed":909,"timestamp":"2026-07-11T03:55:14.270Z"}
{"level":"info","message":"⌛ Validating scripts/gestionNiveles/niveles/datosNivel6.wlk","timeElapsed":294,"timestamp":"2026-07-11T03:55:14.589Z"}
{"level":"info","message":"⌛ Validating scripts/gestionNiveles/niveles/datosNivel6.wlk","timeElapsed":382,"timestamp":"2026-07-11T03:55:15.015Z"}
{"level":"info","message":"⌛ Validating scripts/gestionNiveles/niveles/datosNivel6.wlk","timeElapsed":277,"timestamp":"2026-07-11T03:55:15.297Z"}
{"level":"info","message":"⌛ Building environment","timeElapsed":306,"timestamp":"2026-07-11T03:55:15.605Z"}
{"level":"info","message":"⌛ Building environment","timeElapsed":337,"timestamp":"2026-07-11T03:55:15.943Z"}
{"level":"info","message":"⌛ Validating scripts/gestionNiveles/niveles/datosNivel6.wlk","timeElapsed":315,"timestamp":"2026-07-11T03:55:16.291Z"}
{"level":"info","message":"⌛ Validating scripts/gestionNiveles/niveles/datosNivel6.wlk","timeElapsed":389,"timestamp":"2026-07-11T03:55:16.706Z"}
{"level":"info","message":"⌛ Validating scripts/gestionNiveles/niveles/datosNivel6.wlk","timeElapsed":330,"timestamp":"2026-07-11T03:55:17.039Z"}
{"level":"info","message":"⌛ Building environment","timeElapsed":275,"timestamp":"2026-07-11T03:55:18.848Z"}
{"level":"info","message":"⌛ Building environment","timeElapsed":416,"timestamp":"2026-07-11T03:55:19.265Z"}
{"level":"info","message":"⌛ Validating scripts/gestionNiveles/niveles/datosNivel6.wlk","timeElapsed":250,"timestamp":"2026-07-11T03:55:19.529Z"}
{"level":"info","message":"⌛ Validating scripts/gestionNiveles/niveles/datosNivel6.wlk","timeElapsed":298,"timestamp":"2026-07-11T03:55:19.849Z"}
{"level":"info","message":"⌛ Building environment","timeElapsed":358,"timestamp":"2026-07-11T03:55:21.871Z"}
{"level":"info","message":"⌛ Building environment","timeElapsed":296,"timestamp":"2026-07-11T03:55:22.167Z"}
{"level":"info","message":"⌛ Validating scripts/gestionNiveles/niveles/datosNivel6.wlk","timeElapsed":373,"timestamp":"2026-07-11T03:55:22.541Z"}
{"level":"info","message":"⌛ Validating scripts/gestionNiveles/niveles/datosNivel6.wlk","timeElapsed":498,"timestamp":"2026-07-11T03:55:23.059Z"}
{"level":"info","message":"⌛ Building environment","timeElapsed":487,"timestamp":"2026-07-11T03:55:23.561Z"}
{"level":"info","message":"⌛ Building environment","timeElapsed":348,"timestamp":"2026-07-11T03:55:23.911Z"}
{"level":"info","message":"⌛ Building environment","timeElapsed":200,"timestamp":"2026-07-11T03:55:24.136Z"}
{"level":"info","message":"⌛ Building environment","timeElapsed":320,"timestamp":"2026-07-11T03:55:24.459Z"}
{"level":"info","message":"⌛ Validating scripts/gestionNiveles/niveles/datosNivel6.wlk","timeElapsed":369,"timestamp":"2026-07-11T03:55:24.832Z"}
{"level":"info","message":"⌛ Validating scripts/gestionNiveles/niveles/datosNivel6.wlk","timeElapsed":310,"timestamp":"2026-07-11T03:55:25.163Z"}
{"level":"info","message":"⌛ Validating scripts/gestionNiveles/niveles/datosNivel6.wlk","timeElapsed":699,"timestamp":"2026-07-11T03:55:25.869Z"}
{"level":"info","message":"⌛ Building environment","timeElapsed":288,"timestamp":"2026-07-11T03:55:26.157Z"}
{"level":"info","message":"⌛ Building environment","timeElapsed":289,"timestamp":"2026-07-11T03:55:26.447Z"}
{"level":"info","message":"⌛ Validating scripts/gestionNiveles/niveles/datosNivel6.wlk","timeElapsed":295,"timestamp":"2026-07-11T03:55:26.743Z"}
{"level":"info","message":"⌛ Building environment","timeElapsed":644,"timestamp":"2026-07-11T03:55:27.410Z"}
{"level":"info","message":"⌛ Building environment","timeElapsed":314,"timestamp":"2026-07-11T03:55:27.736Z"}
{"level":"info","message":"⌛ Building environment","timeElapsed":305,"timestamp":"2026-07-11T03:55:28.075Z"}
{"level":"info","message":"⌛ Building environment","timeElapsed":320,"timestamp":"2026-07-11T03:55:28.395Z"}
{"level":"info","message":"⌛ Validating scripts/gestionNiveles/niveles/datosNivel6.wlk","timeElapsed":285,"timestamp":"2026-07-11T03:55:28.715Z"}
{"level":"info","message":"⌛ Validating scripts/gestionNiveles/niveles/datosNivel6.wlk","timeElapsed":574,"timestamp":"2026-07-11T03:55:29.291Z"}
{"level":"info","message":"⌛ Building environment","timeElapsed":261,"timestamp":"2026-07-11T03:55:29.559Z"}
{"level":"info","message":"⌛ Building environment","timeElapsed":283,"timestamp":"2026-07-11T03:55:29.867Z"}
{"level":"info","message":"⌛ Building environment","timeElapsed":223,"timestamp":"2026-07-11T03:55:30.108Z"}
{"level":"info","message":"⌛ Validating scripts/gestionNiveles/niveles/datosNivel6.wlk","timeElapsed":324,"timestamp":"2026-07-11T03:55:30.433Z"}
{"level":"info","message":"⌛ Building environment","timeElapsed":600,"timestamp":"2026-07-11T03:55:31.035Z"}
{"level":"info","message":"⌛ Validating scripts/gestionNiveles/niveles/datosNivel6.wlk","timeElapsed":357,"timestamp":"2026-07-11T03:55:31.410Z"}
{"level":"info","message":"⌛ Validating scripts/gestionNiveles/niveles/datosNivel6.wlk","timeElapsed":440,"timestamp":"2026-07-11T03:55:31.866Z"}
{"level":"info","message":"⌛ Building environment","timeElapsed":324,"timestamp":"2026-07-11T03:55:32.195Z"}
{"level":"info","message":"⌛ Building environment","timeElapsed":280,"timestamp":"2026-07-11T03:55:32.485Z"}
{"level":"info","message":"⌛ Validating scripts/gestionNiveles/niveles/datosNivel6.wlk","timeElapsed":290,"timestamp":"2026-07-11T03:55:32.776Z"}
{"level":"info","message":"⌛ Building environment","timeElapsed":243,"timestamp":"2026-07-11T03:55:33.054Z"}
{"level":"info","message":"⌛ Validating scripts/gestionNiveles/niveles/datosNivel6.wlk","timeElapsed":272,"timestamp":"2026-07-11T03:55:33.327Z"}
{"level":"info","message":"⌛ Building environment","timeElapsed":311,"timestamp":"2026-07-11T03:55:33.639Z"}
{"level":"info","message":"⌛ Validating scripts/gestionNiveles/niveles/datosNivel6.wlk","timeElapsed":282,"timestamp":"2026-07-11T03:55:33.947Z"}
{"level":"info","message":"⌛ Validating scripts/gestionNiveles/niveles/datosNivel6.wlk","timeElapsed":301,"timestamp":"2026-07-11T03:55:34.250Z"}
{"level":"info","message":"⌛ Validating scripts/gestionNiveles/niveles/datosNivel6.wlk","timeElapsed":315,"timestamp":"2026-07-11T03:55:34.577Z"}
{"level":"info","message":"⌛ Validating scripts/gestionNiveles/niveles/datosNivel6.wlk","timeElapsed":309,"timestamp":"2026-07-11T03:55:34.909Z"}
{"level":"info","message":"⌛ Validating scripts/gestionNiveles/niveles/datosNivel6.wlk","timeElapsed":273,"timestamp":"2026-07-11T03:55:35.184Z"}
{"level":"info","message":"⌛ Validating scripts/gestionNiveles/niveles/datosNivel6.wlk","timeElapsed":291,"timestamp":"2026-07-11T03:55:35.486Z"}
{"level":"info","message":"⌛ Validating scripts/gestionNiveles/niveles/datosNivel6.wlk","timeElapsed":302,"timestamp":"2026-07-11T03:55:35.808Z"}
{"level":"info","message":"⌛ Building environment","timeElapsed":308,"timestamp":"2026-07-11T03:55:49.343Z"}
{"level":"info","message":"⌛ Building environment","timeElapsed":315,"timestamp":"2026-07-11T03:55:49.659Z"}
{"level":"info","message":"⌛ Validating scripts/gestionNiveles/niveles/datosNivel6.wlk","timeElapsed":276,"timestamp":"2026-07-11T03:55:49.949Z"}
{"level":"info","message":"⌛ Validating scripts/gestionNiveles/niveles/datosNivel6.wlk","timeElapsed":339,"timestamp":"2026-07-11T03:55:50.305Z"}
{"level":"info","message":"⌛ Building environment","timeElapsed":493,"timestamp":"2026-07-11T03:55:50.810Z"}
{"level":"info","message":"⌛ Building environment","timeElapsed":291,"timestamp":"2026-07-11T03:55:51.121Z"}
{"level":"info","message":"⌛ Building environment","timeElapsed":276,"timestamp":"2026-07-11T03:55:51.424Z"}
{"level":"info","message":"⌛ Building environment","timeElapsed":535,"timestamp":"2026-07-11T03:55:51.987Z"}
{"level":"info","message":"⌛ Validating scripts/gestionNiveles/niveles/datosNivel6.wlk","timeElapsed":412,"timestamp":"2026-07-11T03:55:52.401Z"}
{"level":"info","message":"⌛ Validating scripts/gestionNiveles/niveles/datosNivel6.wlk","timeElapsed":368,"timestamp":"2026-07-11T03:55:52.793Z"}
{"level":"info","message":"⌛ Building environment","timeElapsed":290,"timestamp":"2026-07-11T03:55:53.093Z"}
{"level":"info","message":"⌛ Validating scripts/gestionNiveles/niveles/datosNivel6.wlk","timeElapsed":345,"timestamp":"2026-07-11T03:55:53.439Z"}
{"level":"info","message":"⌛ Building environment","timeElapsed":434,"timestamp":"2026-07-11T03:55:53.877Z"}
{"level":"info","message":"⌛ Building environment","timeElapsed":266,"timestamp":"2026-07-11T03:55:54.164Z"}
{"level":"info","message":"⌛ Validating scripts/gestionNiveles/niveles/datosNivel6.wlk","timeElapsed":327,"timestamp":"2026-07-11T03:55:54.491Z"}
{"level":"info","message":"⌛ Building environment","timeElapsed":379,"timestamp":"2026-07-11T03:55:54.871Z"}
{"level":"info","message":"⌛ Building environment","timeElapsed":269,"timestamp":"2026-07-11T03:55:55.162Z"}
{"level":"info","message":"⌛ Building environment","timeElapsed":280,"timestamp":"2026-07-11T03:55:55.456Z"}
{"level":"info","message":"⌛ Validating scripts/gestionNiveles/niveles/datosNivel6.wlk","timeElapsed":274,"timestamp":"2026-07-11T03:55:55.745Z"}
{"level":"info","message":"⌛ Building environment","timeElapsed":452,"timestamp":"2026-07-11T03:55:56.201Z"}
{"level":"info","message":"⌛ Building environment","timeElapsed":260,"timestamp":"2026-07-11T03:55:56.462Z"}
{"level":"info","message":"⌛ Building environment","timeElapsed":285,"timestamp":"2026-07-11T03:55:56.784Z"}
{"level":"info","message":"⌛ Validating scripts/gestionNiveles/niveles/datosNivel6.wlk","timeElapsed":541,"timestamp":"2026-07-11T03:55:57.337Z"}
{"level":"info","message":"⌛ Building environment","timeElapsed":421,"timestamp":"2026-07-11T03:55:57.760Z"}
{"level":"info","message":"⌛ Validating scripts/gestionNiveles/niveles/datosNivel6.wlk","timeElapsed":288,"timestamp":"2026-07-11T03:55:58.061Z"}
{"level":"info","message":"⌛ Building environment","timeElapsed":614,"timestamp":"2026-07-11T03:55:58.725Z"}
{"level":"info","message":"⌛ Building environment","timeElapsed":638,"timestamp":"2026-07-11T03:55:59.365Z"}
{"level":"info","message":"⌛ Validating scripts/gestionNiveles/niveles/datosNivel6.wlk","timeElapsed":267,"timestamp":"2026-07-11T03:55:59.635Z"}
{"level":"info","message":"⌛ Validating scripts/gestionNiveles/niveles/datosNivel6.wlk","timeElapsed":700,"timestamp":"2026-07-11T03:56:00.363Z"}
{"level":"info","message":"⌛ Validating scripts/gestionNiveles/niveles/datosNivel6.wlk","timeElapsed":309,"timestamp":"2026-07-11T03:56:00.675Z"}
{"level":"info","message":"⌛ Validating scripts/gestionNiveles/niveles/datosNivel6.wlk","timeElapsed":281,"timestamp":"2026-07-11T03:56:00.970Z"}
{"level":"info","message":"⌛ Validating scripts/gestionNiveles/niveles/datosNivel6.wlk","timeElapsed":341,"timestamp":"2026-07-11T03:56:01.312Z"}
{"level":"info","message":"⌛ Validating scripts/gestionNiveles/niveles/datosNivel6.wlk","timeElapsed":605,"timestamp":"2026-07-11T03:56:01.918Z"}
{"level":"info","message":"⌛ Validating scripts/gestionNiveles/niveles/datosNivel6.wlk","timeElapsed":286,"timestamp":"2026-07-11T03:56:02.371Z"}
{"level":"info","message":"⌛ Validating scripts/gestionNiveles/niveles/datosNivel6.wlk","timeElapsed":615,"timestamp":"2026-07-11T03:56:03.074Z"}
{"level":"info","message":"⌛ Validating scripts/gestionNiveles/niveles/datosNivel6.wlk","timeElapsed":283,"timestamp":"2026-07-11T03:56:03.457Z"}
{"level":"info","message":"⌛ Building environment","timeElapsed":268,"timestamp":"2026-07-11T03:56:03.731Z"}
{"level":"info","message":"⌛ Building environment","timeElapsed":235,"timestamp":"2026-07-11T03:56:03.979Z"}
{"level":"info","message":"⌛ Building environment","timeElapsed":378,"timestamp":"2026-07-11T03:56:04.358Z"}
{"level":"info","message":"⌛ Building environment","timeElapsed":382,"timestamp":"2026-07-11T03:56:04.940Z"}
{"level":"info","message":"⌛ Building environment","timeElapsed":222,"timestamp":"2026-07-11T03:56:05.163Z"}
{"level":"info","message":"⌛ Building environment","timeElapsed":241,"timestamp":"2026-07-11T03:56:05.430Z"}
{"level":"info","message":"⌛ Validating scripts/gestionNiveles/niveles/datosNivel6.wlk","timeElapsed":344,"timestamp":"2026-07-11T03:56:05.821Z"}
{"level":"info","message":"⌛ Building environment","timeElapsed":338,"timestamp":"2026-07-11T03:56:06.159Z"}
{"level":"info","message":"⌛ Building environment","timeElapsed":239,"timestamp":"2026-07-11T03:56:06.399Z"}
{"level":"info","message":"⌛ Validating scripts/gestionNiveles/niveles/datosNivel6.wlk","timeElapsed":331,"timestamp":"2026-07-11T03:56:06.732Z"}
{"level":"info","message":"⌛ Building environment","timeElapsed":313,"timestamp":"2026-07-11T03:56:07.051Z"}
{"level":"info","message":"⌛ Validating scripts/gestionNiveles/niveles/datosNivel6.wlk","timeElapsed":275,"timestamp":"2026-07-11T03:56:07.326Z"}
{"level":"info","message":"⌛ Building environment","timeElapsed":244,"timestamp":"2026-07-11T03:56:07.587Z"}
{"level":"info","message":"⌛ Building environment","timeElapsed":258,"timestamp":"2026-07-11T03:56:07.854Z"}
{"level":"info","message":"⌛ Validating scripts/gestionNiveles/niveles/datosNivel6.wlk","timeElapsed":561,"timestamp":"2026-07-11T03:56:08.431Z"}
{"level":"info","message":"⌛ Validating scripts/gestionNiveles/niveles/datosNivel6.wlk","timeElapsed":297,"timestamp":"2026-07-11T03:56:08.731Z"}
{"level":"info","message":"⌛ Validating scripts/gestionNiveles/niveles/datosNivel6.wlk","timeElapsed":334,"timestamp":"2026-07-11T03:56:09.065Z"}
{"level":"info","message":"⌛ Validating scripts/gestionNiveles/niveles/datosNivel6.wlk","timeElapsed":619,"timestamp":"2026-07-11T03:56:09.689Z"}
{"level":"info","message":"⌛ Validating scripts/gestionNiveles/niveles/datosNivel6.wlk","timeElapsed":350,"timestamp":"2026-07-11T03:56:10.039Z"}
{"level":"info","message":"⌛ Validating scripts/gestionNiveles/niveles/datosNivel6.wlk","timeElapsed":246,"timestamp":"2026-07-11T03:56:10.385Z"}
{"level":"info","message":"⌛ Validating scripts/gestionNiveles/niveles/datosNivel6.wlk","timeElapsed":271,"timestamp":"2026-07-11T03:56:10.660Z"}
{"level":"info","message":"⌛ Validating scripts/gestionNiveles/niveles/datosNivel6.wlk","timeElapsed":311,"timestamp":"2026-07-11T03:56:10.976Z"}
{"level":"info","message":"⌛ Building environment","timeElapsed":472,"timestamp":"2026-07-11T03:56:11.693Z"}
{"level":"info","message":"⌛ Building environment","timeElapsed":236,"timestamp":"2026-07-11T03:56:11.931Z"}
{"level":"info","message":"⌛ Validating scripts/gestionNiveles/niveles/datosNivel6.wlk","timeElapsed":303,"timestamp":"2026-07-11T03:56:12.261Z"}
{"level":"info","message":"⌛ Validating scripts/gestionNiveles/niveles/datosNivel6.wlk","timeElapsed":305,"timestamp":"2026-07-11T03:56:12.566Z"}
{"level":"info","message":"⌛ Building environment","timeElapsed":990,"timestamp":"2026-07-11T03:56:23.739Z"}
{"level":"info","message":"⌛ Building environment","timeElapsed":407,"timestamp":"2026-07-11T03:56:24.148Z"}
{"level":"info","message":"⌛ Validating scripts/gestionNiveles/niveles/datosNivel6.wlk","timeElapsed":344,"timestamp":"2026-07-11T03:56:24.517Z"}
{"level":"info","message":"⌛ Building environment","timeElapsed":256,"timestamp":"2026-07-11T03:56:24.780Z"}
{"level":"info","message":"⌛ Building environment","timeElapsed":345,"timestamp":"2026-07-11T03:56:25.125Z"}
{"level":"info","message":"⌛ Validating scripts/gestionNiveles/niveles/datosNivel6.wlk","timeElapsed":406,"timestamp":"2026-07-11T03:56:25.532Z"}
{"level":"info","message":"⌛ Validating scripts/gestionNiveles/niveles/datosNivel6.wlk","timeElapsed":292,"timestamp":"2026-07-11T03:56:25.845Z"}
{"level":"info","message":"⌛ Building environment","timeElapsed":335,"timestamp":"2026-07-11T03:56:26.186Z"}
{"level":"info","message":"⌛ Building environment","timeElapsed":294,"timestamp":"2026-07-11T03:56:26.480Z"}
{"level":"info","message":"⌛ Validating scripts/gestionNiveles/niveles/datosNivel6.wlk","timeElapsed":293,"timestamp":"2026-07-11T03:56:26.773Z"}
{"level":"info","message":"⌛ Building environment","timeElapsed":341,"timestamp":"2026-07-11T03:56:27.132Z"}
{"level":"info","message":"⌛ Building environment","timeElapsed":584,"timestamp":"2026-07-11T03:56:27.758Z"}
{"level":"info","message":"⌛ Validating scripts/gestionNiveles/niveles/datosNivel6.wlk","timeElapsed":321,"timestamp":"2026-07-11T03:56:28.080Z"}
{"level":"info","message":"⌛ Validating scripts/gestionNiveles/niveles/datosNivel6.wlk","timeElapsed":365,"timestamp":"2026-07-11T03:56:28.467Z"}
{"level":"info","message":"⌛ Building environment","timeElapsed":276,"timestamp":"2026-07-11T03:56:28.752Z"}
{"level":"info","message":"⌛ Validating scripts/gestionNiveles/niveles/datosNivel6.wlk","timeElapsed":421,"timestamp":"2026-07-11T03:56:29.191Z"}
{"level":"info","message":"⌛ Building environment","timeElapsed":364,"timestamp":"2026-07-11T03:56:29.560Z"}
{"level":"info","message":"⌛ Validating scripts/gestionNiveles/niveles/datosNivel6.wlk","timeElapsed":314,"timestamp":"2026-07-11T03:56:29.893Z"}
{"level":"info","message":"⌛ Building environment","timeElapsed":277,"timestamp":"2026-07-11T03:56:30.179Z"}
{"level":"info","message":"⌛ Building environment","timeElapsed":285,"timestamp":"2026-07-11T03:56:30.465Z"}
{"level":"info","message":"⌛ Validating scripts/gestionNiveles/niveles/datosNivel6.wlk","timeElapsed":277,"timestamp":"2026-07-11T03:56:30.761Z"}
{"level":"info","message":"⌛ Validating scripts/gestionNiveles/niveles/datosNivel6.wlk","timeElapsed":286,"timestamp":"2026-07-11T03:56:31.053Z"}
{"level":"info","message":"⌛ Validating scripts/gestionNiveles/niveles/datosNivel6.wlk","timeElapsed":287,"timestamp":"2026-07-11T03:56:31.348Z"}
{"level":"info","message":"⌛ Validating scripts/gestionNiveles/niveles/datosNivel6.wlk","timeElapsed":354,"timestamp":"2026-07-11T03:56:31.703Z"}
{"level":"info","message":"⌛ Building environment","timeElapsed":337,"timestamp":"2026-07-11T03:56:32.248Z"}
{"level":"info","message":"⌛ Building environment","timeElapsed":830,"timestamp":"2026-07-11T03:56:33.079Z"}
{"level":"info","message":"⌛ Validating scripts/gestionNiveles/niveles/datosNivel6.wlk","timeElapsed":389,"timestamp":"2026-07-11T03:56:33.470Z"}
{"level":"info","message":"⌛ Validating scripts/gestionNiveles/niveles/datosNivel6.wlk","timeElapsed":301,"timestamp":"2026-07-11T03:56:33.789Z"}
{"level":"info","message":"⌛ Building environment","timeElapsed":286,"timestamp":"2026-07-11T03:56:36.814Z"}
{"level":"info","message":"⌛ Building environment","timeElapsed":277,"timestamp":"2026-07-11T03:56:37.101Z"}
{"level":"info","message":"⌛ Validating scripts/gestionNiveles/niveles/datosNivel6.wlk","timeElapsed":277,"timestamp":"2026-07-11T03:56:37.379Z"}
{"level":"info","message":"⌛ Validating scripts/gestionNiveles/niveles/datosNivel6.wlk","timeElapsed":343,"timestamp":"2026-07-11T03:56:37.738Z"}
{"level":"info","message":"⌛ Building environment","timeElapsed":346,"timestamp":"2026-07-11T03:56:38.090Z"}
{"level":"info","message":"⌛ Building environment","timeElapsed":260,"timestamp":"2026-07-11T03:56:38.353Z"}
{"level":"info","message":"⌛ Validating scripts/gestionNiveles/niveles/datosNivel6.wlk","timeElapsed":294,"timestamp":"2026-07-11T03:56:38.663Z"}
{"level":"info","message":"⌛ Validating scripts/gestionNiveles/niveles/datosNivel6.wlk","timeElapsed":668,"timestamp":"2026-07-11T03:56:39.333Z"}
{"level":"info","message":"⌛ Building environment","timeElapsed":310,"timestamp":"2026-07-11T03:56:39.656Z"}
{"level":"info","message":"⌛ Building environment","timeElapsed":299,"timestamp":"2026-07-11T03:56:39.971Z"}
{"level":"info","message":"⌛ Building environment","timeElapsed":335,"timestamp":"2026-07-11T03:56:40.329Z"}
{"level":"info","message":"⌛ Validating scripts/gestionNiveles/niveles/datosNivel6.wlk","timeElapsed":306,"timestamp":"2026-07-11T03:56:40.635Z"}
{"level":"info","message":"⌛ Building environment","timeElapsed":600,"timestamp":"2026-07-11T03:56:41.236Z"}
{"level":"info","message":"⌛ Validating scripts/gestionNiveles/niveles/datosNivel6.wlk","timeElapsed":314,"timestamp":"2026-07-11T03:56:41.550Z"}
{"level":"info","message":"⌛ Validating scripts/gestionNiveles/niveles/datosNivel6.wlk","timeElapsed":326,"timestamp":"2026-07-11T03:56:41.895Z"}
{"level":"info","message":"⌛ Building environment","timeElapsed":733,"timestamp":"2026-07-11T03:56:42.634Z"}
{"level":"info","message":"⌛ Building environment","timeElapsed":286,"timestamp":"2026-07-11T03:56:42.921Z"}
{"level":"info","message":"⌛ Validating scripts/gestionNiveles/niveles/datosNivel6.wlk","timeElapsed":417,"timestamp":"2026-07-11T03:56:43.357Z"}
{"level":"info","message":"⌛ Building environment","timeElapsed":521,"timestamp":"2026-07-11T03:56:43.879Z"}
{"level":"info","message":"⌛ Building environment","timeElapsed":256,"timestamp":"2026-07-11T03:56:44.136Z"}
{"level":"info","message":"⌛ Building environment","timeElapsed":277,"timestamp":"2026-07-11T03:56:44.447Z"}
{"level":"info","message":"⌛ Building environment","timeElapsed":396,"timestamp":"2026-07-11T03:56:44.855Z"}
{"level":"info","message":"⌛ Validating scripts/gestionNiveles/niveles/datosNivel6.wlk","timeElapsed":252,"timestamp":"2026-07-11T03:56:45.117Z"}
{"level":"info","message":"⌛ Validating scripts/gestionNiveles/niveles/datosNivel6.wlk","timeElapsed":311,"timestamp":"2026-07-11T03:56:45.435Z"}
{"level":"info","message":"⌛ Building environment","timeElapsed":503,"timestamp":"2026-07-11T03:56:45.941Z"}
{"level":"info","message":"⌛ Building environment","timeElapsed":470,"timestamp":"2026-07-11T03:56:46.413Z"}
{"level":"info","message":"⌛ Validating scripts/gestionNiveles/niveles/datosNivel6.wlk","timeElapsed":847,"timestamp":"2026-07-11T03:56:47.312Z"}
{"level":"info","message":"⌛ Validating scripts/gestionNiveles/niveles/datosNivel6.wlk","timeElapsed":461,"timestamp":"2026-07-11T03:56:47.778Z"}
{"level":"info","message":"⌛ Building environment","timeElapsed":340,"timestamp":"2026-07-11T03:56:48.119Z"}
{"level":"info","message":"⌛ Validating scripts/gestionNiveles/niveles/datosNivel6.wlk","timeElapsed":325,"timestamp":"2026-07-11T03:56:48.460Z"}
{"level":"info","message":"⌛ Validating scripts/gestionNiveles/niveles/datosNivel6.wlk","timeElapsed":354,"timestamp":"2026-07-11T03:56:48.821Z"}
{"level":"info","message":"⌛ Building environment","timeElapsed":334,"timestamp":"2026-07-11T03:56:49.170Z"}
{"level":"info","message":"⌛ Validating scripts/gestionNiveles/niveles/datosNivel6.wlk","timeElapsed":293,"timestamp":"2026-07-11T03:56:49.492Z"}
{"level":"info","message":"⌛ Validating scripts/gestionNiveles/niveles/datosNivel6.wlk","timeElapsed":283,"timestamp":"2026-07-11T03:56:49.783Z"}
{"level":"info","message":"⌛ Building environment","timeElapsed":281,"timestamp":"2026-07-11T03:56:50.066Z"}
{"level":"info","message":"⌛ Building environment","timeElapsed":408,"timestamp":"2026-07-11T03:56:50.478Z"}
{"level":"info","message":"⌛ Building environment","timeElapsed":307,"timestamp":"2026-07-11T03:56:50.808Z"}
{"level":"info","message":"⌛ Building environment","timeElapsed":240,"timestamp":"2026-07-11T03:56:51.049Z"}
{"level":"info","message":"⌛ Validating scripts/gestionNiveles/niveles/datosNivel6.wlk","timeElapsed":540,"timestamp":"2026-07-11T03:56:51.590Z"}
{"level":"info","message":"⌛ Building environment","timeElapsed":275,"timestamp":"2026-07-11T03:56:51.922Z"}
{"level":"info","message":"⌛ Validating scripts/gestionNiveles/niveles/datosNivel6.wlk","timeElapsed":455,"timestamp":"2026-07-11T03:56:52.390Z"}
{"level":"info","message":"⌛ Building environment","timeElapsed":427,"timestamp":"2026-07-11T03:56:52.818Z"}
{"level":"info","message":"⌛ Validating scripts/gestionNiveles/niveles/datosNivel6.wlk","timeElapsed":286,"timestamp":"2026-07-11T03:56:53.136Z"}
{"level":"info","message":"⌛ Validating scripts/gestionNiveles/niveles/datosNivel6.wlk","timeElapsed":304,"timestamp":"2026-07-11T03:56:53.442Z"}
{"level":"info","message":"⌛ Validating scripts/gestionNiveles/niveles/datosNivel6.wlk","timeElapsed":276,"timestamp":"2026-07-11T03:56:53.720Z"}
{"level":"info","message":"⌛ Validating scripts/gestionNiveles/niveles/datosNivel6.wlk","timeElapsed":278,"timestamp":"2026-07-11T03:56:53.999Z"}
{"level":"info","message":"⌛ Validating scripts/gestionNiveles/niveles/datosNivel6.wlk","timeElapsed":305,"timestamp":"2026-07-11T03:56:54.304Z"}
{"level":"info","message":"⌛ Validating scripts/gestionNiveles/niveles/datosNivel6.wlk","timeElapsed":329,"timestamp":"2026-07-11T03:56:54.635Z"}
{"level":"info","message":"⌛ Building environment","timeElapsed":287,"timestamp":"2026-07-11T03:57:12.081Z"}
{"level":"info","message":"⌛ Building environment","timeElapsed":349,"timestamp":"2026-07-11T03:57:12.431Z"}
{"level":"info","message":"⌛ Validating scripts/gestionNiveles/niveles/datosNivel6.wlk","timeElapsed":298,"timestamp":"2026-07-11T03:57:12.729Z"}
{"level":"info","message":"⌛ Building environment","timeElapsed":251,"timestamp":"2026-07-11T03:57:12.992Z"}
{"level":"info","message":"⌛ Validating scripts/gestionNiveles/niveles/datosNivel6.wlk","timeElapsed":323,"timestamp":"2026-07-11T03:57:13.329Z"}
{"level":"info","message":"⌛ Validating scripts/gestionNiveles/niveles/datosNivel6.wlk","timeElapsed":377,"timestamp":"2026-07-11T03:57:13.710Z"}
{"level":"info","message":"⌛ Building environment","timeElapsed":270,"timestamp":"2026-07-11T03:57:15.371Z"}
{"level":"info","message":"⌛ Building environment","timeElapsed":364,"timestamp":"2026-07-11T03:57:15.736Z"}
{"level":"info","message":"⌛ Validating scripts/gestionNiveles/niveles/datosNivel6.wlk","timeElapsed":309,"timestamp":"2026-07-11T03:57:16.057Z"}
{"level":"info","message":"⌛ Building environment","timeElapsed":763,"timestamp":"2026-07-11T03:57:16.832Z"}
{"level":"info","message":"⌛ Validating scripts/gestionNiveles/niveles/datosNivel6.wlk","timeElapsed":260,"timestamp":"2026-07-11T03:57:17.107Z"}
{"level":"info","message":"⌛ Validating scripts/gestionNiveles/niveles/datosNivel6.wlk","timeElapsed":332,"timestamp":"2026-07-11T03:57:17.536Z"}
{"level":"info","message":"⌛ Building environment","timeElapsed":465,"timestamp":"2026-07-11T03:57:18.525Z"}
{"level":"info","message":"⌛ Building environment","timeElapsed":266,"timestamp":"2026-07-11T03:57:18.792Z"}
{"level":"info","message":"⌛ Validating scripts/gestionNiveles/niveles/datosNivel6.wlk","timeElapsed":312,"timestamp":"2026-07-11T03:57:19.115Z"}
{"level":"info","message":"⌛ Building environment","timeElapsed":279,"timestamp":"2026-07-11T03:57:19.396Z"}
{"level":"info","message":"⌛ Validating scripts/gestionNiveles/niveles/datosNivel6.wlk","timeElapsed":262,"timestamp":"2026-07-11T03:57:19.674Z"}
{"level":"info","message":"⌛ Building environment","timeElapsed":532,"timestamp":"2026-07-11T03:57:20.218Z"}
{"level":"info","message":"⌛ Validating scripts/gestionNiveles/niveles/datosNivel6.wlk","timeElapsed":399,"timestamp":"2026-07-11T03:57:20.642Z"}
{"level":"info","message":"⌛ Validating scripts/gestionNiveles/niveles/datosNivel6.wlk","timeElapsed":559,"timestamp":"2026-07-11T03:57:21.220Z"}
{"level":"info","message":"⌛ Building environment","timeElapsed":303,"timestamp":"2026-07-11T03:57:22.326Z"}
{"level":"info","message":"⌛ Building environment","timeElapsed":294,"timestamp":"2026-07-11T03:57:22.635Z"}
{"level":"info","message":"⌛ Building environment","timeElapsed":380,"timestamp":"2026-07-11T03:57:23.032Z"}
{"level":"info","message":"⌛ Validating scripts/gestionNiveles/niveles/datosNivel6.wlk","timeElapsed":317,"timestamp":"2026-07-11T03:57:23.350Z"}
{"level":"info","message":"⌛ Validating scripts/gestionNiveles/niveles/datosNivel6.wlk","timeElapsed":276,"timestamp":"2026-07-11T03:57:23.640Z"}
{"level":"info","message":"⌛ Validating scripts/gestionNiveles/niveles/datosNivel6.wlk","timeElapsed":279,"timestamp":"2026-07-11T03:57:23.921Z"}
{"level":"info","message":"⌛ Building environment","timeElapsed":300,"timestamp":"2026-07-11T03:57:24.225Z"}
{"level":"info","message":"⌛ Validating scripts/gestionNiveles/niveles/datosNivel6.wlk","timeElapsed":309,"timestamp":"2026-07-11T03:57:24.551Z"}
{"level":"info","message":"⌛ Building environment","timeElapsed":326,"timestamp":"2026-07-11T03:57:40.105Z"}
{"level":"info","message":"⌛ Building environment","timeElapsed":230,"timestamp":"2026-07-11T03:57:40.351Z"}
{"level":"info","message":"⌛ Validating scripts/gestionNiveles/niveles/datosNivel6.wlk","timeElapsed":283,"timestamp":"2026-07-11T03:57:40.648Z"}
{"level":"info","message":"⌛ Building environment","timeElapsed":266,"timestamp":"2026-07-11T03:57:40.932Z"}
{"level":"info","message":"⌛ Validating scripts/gestionNiveles/niveles/datosNivel6.wlk","timeElapsed":268,"timestamp":"2026-07-11T03:57:41.210Z"}
{"level":"info","message":"⌛ Building environment","timeElapsed":329,"timestamp":"2026-07-11T03:57:41.540Z"}
{"level":"info","message":"⌛ Validating scripts/gestionNiveles/niveles/datosNivel6.wlk","timeElapsed":251,"timestamp":"2026-07-11T03:57:41.822Z"}
{"level":"info","message":"⌛ Validating scripts/gestionNiveles/niveles/datosNivel6.wlk","timeElapsed":276,"timestamp":"2026-07-11T03:57:42.105Z"}
{"level":"info","message":"⌛ Building environment","timeElapsed":265,"timestamp":"2026-07-11T03:57:49.969Z"}
{"level":"info","message":"⌛ Building environment","timeElapsed":286,"timestamp":"2026-07-11T03:57:50.256Z"}
{"level":"info","message":"⌛ Validating scripts/gestionNiveles/niveles/datosNivel6.wlk","timeElapsed":266,"timestamp":"2026-07-11T03:57:50.523Z"}
{"level":"info","message":"⌛ Validating scripts/gestionNiveles/niveles/datosNivel6.wlk","timeElapsed":285,"timestamp":"2026-07-11T03:57:50.825Z"}
{"level":"info","message":"⌛ Building environment","timeElapsed":633,"timestamp":"2026-07-11T03:58:23.700Z"}
{"level":"info","message":"⌛ Building environment","timeElapsed":244,"timestamp":"2026-07-11T03:58:23.945Z"}
{"level":"info","message":"⌛ Validating scripts/gestionNiveles/niveles/datosNivel6.wlk","timeElapsed":502,"timestamp":"2026-07-11T03:58:24.462Z"}
{"level":"info","message":"⌛ Validating scripts/gestionNiveles/niveles/datosNivel6.wlk","timeElapsed":389,"timestamp":"2026-07-11T03:58:24.853Z"}
{"level":"info","message":"⌛ Building environment","timeElapsed":255,"timestamp":"2026-07-11T03:58:29.811Z"}
{"level":"info","message":"⌛ Validating scripts/gestionNiveles/niveles/datosNivel6.wlk","timeElapsed":374,"timestamp":"2026-07-11T03:58:30.185Z"}
{"level":"info","message":"⌛ Building environment","timeElapsed":348,"timestamp":"2026-07-11T03:58:30.552Z"}
{"level":"info","message":"⌛ Validating scripts/gestionNiveles/niveles/datosNivel6.wlk","timeElapsed":254,"timestamp":"2026-07-11T03:58:30.826Z"}
{"level":"info","message":"⌛ Building environment","timeElapsed":242,"timestamp":"2026-07-11T03:58:32.772Z"}
{"level":"info","message":"⌛ Building environment","timeElapsed":358,"timestamp":"2026-07-11T03:58:33.145Z"}
{"level":"info","message":"⌛ Validating scripts/gestionNiveles/niveles/datosNivel6.wlk","timeElapsed":355,"timestamp":"2026-07-11T03:58:33.500Z"}
{"level":"info","message":"⌛ Validating scripts/gestionNiveles/niveles/datosNivel6.wlk","timeElapsed":349,"timestamp":"2026-07-11T03:58:33.864Z"}
{"level":"info","message":"⌛ Building environment","timeElapsed":271,"timestamp":"2026-07-11T03:58:34.971Z"}
{"level":"info","message":"⌛ Building environment","timeElapsed":353,"timestamp":"2026-07-11T03:58:35.325Z"}
{"level":"info","message":"⌛ Validating scripts/gestionNiveles/niveles/datosNivel6.wlk","timeElapsed":295,"timestamp":"2026-07-11T03:58:35.643Z"}
{"level":"info","message":"⌛ Validating scripts/gestionNiveles/niveles/datosNivel6.wlk","timeElapsed":295,"timestamp":"2026-07-11T03:58:35.952Z"}
{"level":"info","message":"⌛ Building environment","timeElapsed":464,"timestamp":"2026-07-11T03:58:44.655Z"}
{"level":"info","message":"⌛ Validating scripts/gestionNiveles/fabricaNivel.wlk","timeElapsed":580,"timestamp":"2026-07-11T03:58:45.386Z"}
{"errors":{"errors":[null,["/*\r","Este archivo define los identificadores (IDs) utilizados por los niveles y\r","cómo la fábrica convierte cada ID en un objeto del juego.\r","Cada celda del nivel contiene un número entero.\r","Los IDs simples representan directamente un tipo de objeto:\r","Objetos\r","0   = Celda vacía\r","1   = Colisión\r","2   = Moneda\r","20  = Baldosa\r","30  = Pinchos\r","31  = Pinchos cerrados\r","4   = Palanca\r","6   = Caja\r","7   = Portal\r","8   = Botón\r","51  = Puerta horizontal\r","52  = Puerta vertical\r","53  = Puerta horizontal abierta\r","54  = Puerta vertical abierta\r","800 = Láser hacia arriba\r","810 = Láser hacia abajo\r","820 = Láser hacia la derecha\r","830 = Láser hacia la izquierda\r","101 = Salida hacia la izquierda\r","102 = Salida hacia la derecha\r","Enemigos\r","90 = Sapo\r","91 = Murciélago\r","92 = Gato\r","Personaje\r","99 = Posición inicial del jugador\r","------------------------------------------------------------\r","Canales\r","------------------------------------------------------------\r","Algunos objetos (palancas, botones, puertas, pinchos, láseres, etc.)\r","pueden pertenecer a un canal.\r","El canal se codifica agregando un dígito al final del ID.\r","Ejemplos:\r","301 -> Pinchos del canal 1\r","304 -> Pinchos del canal 4\r","81 -> Botón del canal 1\r","85 -> Botón del canal 5\r","521 -> Puerta vertical del canal 1\r","525 -> Puerta vertical del canal 5\r","Cuando la fábrica recibe un ID que no existe exactamente, intenta\r","interpretarlo de la siguiente forma:\r","objeto = id / 10\r","canal  = id % 10\r","Si existe un constructor para \"objeto\", crea la instancia utilizando el\r","canal obtenido.\r","De esta forma no es necesario registrar un constructor para cada posible\r","canal, sino solamente para el tipo base del objeto.\r"]]},"level":"error","message":"✘ Failed to get type description: Error: {\n  \"errors\": [\n    null,\n    [\n      \"/*\\r\",\n      \"Este archivo define los identificadores (IDs) utilizados por los niveles y\\r\",\n      \"cómo la fábrica convierte cada ID en un objeto del juego.\\r\",\n      \"Cada celda del nivel contiene un número entero.\\r\",\n      \"Los IDs simples representan directamente un tipo de objeto:\\r\",\n      \"Objetos\\r\",\n      \"0   = Celda vacía\\r\",\n      \"1   = Colisión\\r\",\n      \"2   = Moneda\\r\",\n      \"20  = Baldosa\\r\",\n      \"30  = Pinchos\\r\",\n      \"31  = Pinchos cerrados\\r\",\n      \"4   = Palanca\\r\",\n      \"6   = Caja\\r\",\n      \"7   = Portal\\r\",\n      \"8   = Botón\\r\",\n      \"51  = Puerta horizontal\\r\",\n      \"52  = Puerta vertical\\r\",\n      \"53  = Puerta horizontal abierta\\r\",\n      \"54  = Puerta vertical abierta\\r\",\n      \"800 = Láser hacia arriba\\r\",\n      \"810 = Láser hacia abajo\\r\",\n      \"820 = Láser hacia la derecha\\r\",\n      \"830 = Láser hacia la izquierda\\r\",\n      \"101 = Salida hacia la izquierda\\r\",\n      \"102 = Salida hacia la derecha\\r\",\n      \"Enemigos\\r\",\n      \"90 = Sapo\\r\",\n      \"91 = Murciélago\\r\",\n      \"92 = Gato\\r\",\n      \"Personaje\\r\",\n      \"99 = Posición inicial del jugador\\r\",\n      \"------------------------------------------------------------\\r\",\n      \"Canales\\r\",\n      \"------------------------------------------------------------\\r\",\n      \"Algunos objetos (palancas, botones, puertas, pinchos, láseres, etc.)\\r\",\n      \"pueden pertenecer a un canal.\\r\",\n      \"El canal se codifica agregando un dígito al final del ID.\\r\",\n      \"Ejemplos:\\r\",\n      \"301 -> Pinchos del canal 1\\r\",\n      \"304 -> Pinchos del canal 4\\r\",\n      \"81 -> Botón del canal 1\\r\",\n      \"85 -> Botón del canal 5\\r\",\n      \"521 -> Puerta vertical del canal 1\\r\",\n      \"525 -> Puerta vertical del canal 5\\r\",\n      \"Cuando la fábrica recibe un ID que no existe exactamente, intenta\\r\",\n      \"interpretarlo de la siguiente forma:\\r\",\n      \"objeto = id / 10\\r\",\n      \"canal  = id % 10\\r\",\n      \"Si existe un constructor para \\\"objeto\\\", crea la instancia utilizando el\\r\",\n      \"canal obtenido.\\r\",\n      \"De esta forma no es necesario registrar un constructor para cada posible\\r\",\n      \"canal, sino solamente para el tipo base del objeto.\\r\"\n    ]\n  ]\n} {\n  \"errors\": [\n    null,\n    [\n      \"/*\\r\",\n      \"Este archivo define los identificadores (IDs) utilizados por los niveles y\\r\",\n      \"cómo la fábrica convierte cada ID en un objeto del juego.\\r\",\n      \"Cada celda del nivel contiene un número entero.\\r\",\n      \"Los IDs simples representan directamente un tipo de objeto:\\r\",\n      \"Objetos\\r\",\n      \"0   = Celda vacía\\r\",\n      \"1   = Colisión\\r\",\n      \"2   = Moneda\\r\",\n      \"20  = Baldosa\\r\",\n      \"30  = Pinchos\\r\",\n      \"31  = Pinchos cerrados\\r\",\n      \"4   = Palanca\\r\",\n      \"6   = Caja\\r\",\n      \"7   = Portal\\r\",\n      \"8   = Botón\\r\",\n      \"51  = Puerta horizontal\\r\",\n      \"52  = Puerta vertical\\r\",\n      \"53  = Puerta horizontal abierta\\r\",\n      \"54  = Puerta vertical abierta\\r\",\n      \"800 = Láser hacia arriba\\r\",\n      \"810 = Láser hacia abajo\\r\",\n      \"820 = Láser hacia la derecha\\r\",\n      \"830 = Láser hacia la izquierda\\r\",\n      \"101 = Salida hacia la izquierda\\r\",\n      \"102 = Salida hacia la derecha\\r\",\n      \"Enemigos\\r\",\n      \"90 = Sapo\\r\",\n      \"91 = Murciélago\\r\",\n      \"92 = Gato\\r\",\n      \"Personaje\\r\",\n      \"99 = Posición inicial del jugador\\r\",\n      \"------------------------------------------------------------\\r\",\n      \"Canales\\r\",\n      \"------------------------------------------------------------\\r\",\n      \"Algunos objetos (palancas, botones, puertas, pinchos, láseres, etc.)\\r\",\n      \"pueden pertenecer a un canal.\\r\",\n      \"El canal se codifica agregando un dígito al final del ID.\\r\",\n      \"Ejemplos:\\r\",\n      \"301 -> Pinchos del canal 1\\r\",\n      \"304 -> Pinchos del canal 4\\r\",\n      \"81 -> Botón del canal 1\\r\",\n      \"85 -> Botón del canal 5\\r\",\n      \"521 -> Puerta vertical del canal 1\\r\",\n      \"525 -> Puerta vertical del canal 5\\r\",\n      \"Cuando la fábrica recibe un ID que no existe exactamente, intenta\\r\",\n      \"interpretarlo de la siguiente forma:\\r\",\n      \"objeto = id / 10\\r\",\n      \"canal  = id % 10\\r\",\n      \"Si existe un constructor para \\\"objeto\\\", crea la instancia utilizando el\\r\",\n      \"canal obtenido.\\r\",\n      \"De esta forma no es necesario registrar un constructor para cada posible\\r\",\n      \"canal, sino solamente para el tipo base del objeto.\\r\"\n    ]\n  ]\n}","stack":"Error: {\n  \"errors\": [\n    null,\n    [\n      \"/*\\r\",\n      \"Este archivo define los identificadores (IDs) utilizados por los niveles y\\r\",\n      \"cómo la fábrica convierte cada ID en un objeto del juego.\\r\",\n      \"Cada celda del nivel contiene un número entero.\\r\",\n      \"Los IDs simples representan directamente un tipo de objeto:\\r\",\n      \"Objetos\\r\",\n      \"0   = Celda vacía\\r\",\n      \"1   = Colisión\\r\",\n      \"2   = Moneda\\r\",\n      \"20  = Baldosa\\r\",\n      \"30  = Pinchos\\r\",\n      \"31  = Pinchos cerrados\\r\",\n      \"4   = Palanca\\r\",\n      \"6   = Caja\\r\",\n      \"7   = Portal\\r\",\n      \"8   = Botón\\r\",\n      \"51  = Puerta horizontal\\r\",\n      \"52  = Puerta vertical\\r\",\n      \"53  = Puerta horizontal abierta\\r\",\n      \"54  = Puerta vertical abierta\\r\",\n      \"800 = Láser hacia arriba\\r\",\n      \"810 = Láser hacia abajo\\r\",\n      \"820 = Láser hacia la derecha\\r\",\n      \"830 = Láser hacia la izquierda\\r\",\n      \"101 = Salida hacia la izquierda\\r\",\n      \"102 = Salida hacia la derecha\\r\",\n      \"Enemigos\\r\",\n      \"90 = Sapo\\r\",\n      \"91 = Murciélago\\r\",\n      \"92 = Gato\\r\",\n      \"Personaje\\r\",\n      \"99 = Posición inicial del jugador\\r\",\n      \"------------------------------------------------------------\\r\",\n      \"Canales\\r\",\n      \"------------------------------------------------------------\\r\",\n      \"Algunos objetos (palancas, botones, puertas, pinchos, láseres, etc.)\\r\",\n      \"pueden pertenecer a un canal.\\r\",\n      \"El canal se codifica agregando un dígito al final del ID.\\r\",\n      \"Ejemplos:\\r\",\n      \"301 -> Pinchos del canal 1\\r\",\n      \"304 -> Pinchos del canal 4\\r\",\n      \"81 -> Botón del canal 1\\r\",\n      \"85 -> Botón del canal 5\\r\",\n      \"521 -> Puerta vertical del canal 1\\r\",\n      \"525 -> Puerta vertical del canal 5\\r\",\n      \"Cuando la fábrica recibe un ID que no existe exactamente, intenta\\r\",\n      \"interpretarlo de la siguiente forma:\\r\",\n      \"objeto = id / 10\\r\",\n      \"canal  = id % 10\\r\",\n      \"Si existe un constructor para \\\"objeto\\\", crea la instancia utilizando el\\r\",\n      \"canal obtenido.\\r\",\n      \"De esta forma no es necesario registrar un constructor para cada posible\\r\",\n      \"canal, sino solamente para el tipo base del objeto.\\r\"\n    ]\n  ]\n}\n    at lS (c:\\Users\\Usuario\\.vscode\\extensions\\uqbar.wollok-lsp-ide-0.5.4\\out\\server\\src\\server.js:64:34609)\n    at Q1 (c:\\Users\\Usuario\\.vscode\\extensions\\uqbar.wollok-lsp-ide-0.5.4\\out\\server\\src\\server.js:64:34682)\n    at c:\\Users\\Usuario\\.vscode\\extensions\\uqbar.wollok-lsp-ide-0.5.4\\out\\server\\src\\server.js:64:37949\n    at o.y1 (c:\\Users\\Usuario\\.vscode\\extensions\\uqbar.wollok-lsp-ide-0.5.4\\out\\server\\src\\server.js:57:59114)\n    at c:\\Users\\Usuario\\.vscode\\extensions\\uqbar.wollok-lsp-ide-0.5.4\\out\\server\\src\\server.js:64:37918\n    at c:\\Users\\Usuario\\.vscode\\extensions\\uqbar.wollok-lsp-ide-0.5.4\\out\\server\\src\\server.js:57:57154\n    at Cfn (c:\\Users\\Usuario\\.vscode\\extensions\\uqbar.wollok-lsp-ide-0.5.4\\out\\server\\src\\server.js:68:11324)\n    at c:\\Users\\Usuario\\.vscode\\extensions\\uqbar.wollok-lsp-ide-0.5.4\\out\\server\\src\\server.js:68:3629\n    at Array.map (<anonymous>)\n    at c:\\Users\\Usuario\\.vscode\\extensions\\uqbar.wollok-lsp-ide-0.5.4\\out\\server\\src\\server.js:68:4693","timestamp":"2026-07-11T03:58:45.467Z"}
{"errors":{"errors":[null,["/*\r","Este archivo define los identificadores (IDs) utilizados por los niveles y\r","cómo la fábrica convierte cada ID en un objeto del juego.\r","Cada celda del nivel contiene un número entero.\r","Los IDs simples representan directamente un tipo de objeto:\r","Objetos\r","0   = Celda vacía\r","1   = Colisión\r","2   = Moneda\r","20  = Baldosa\r","30  = Pinchos\r","31  = Pinchos cerrados\r","4   = Palanca\r","6   = Caja\r","7   = Portal\r","8   = Botón\r","51  = Puerta horizontal\r","52  = Puerta vertical\r","53  = Puerta horizontal abierta\r","54  = Puerta vertical abierta\r","800 = Láser hacia arriba\r","810 = Láser hacia abajo\r","820 = Láser hacia la derecha\r","830 = Láser hacia la izquierda\r","101 = Salida hacia la izquierda\r","102 = Salida hacia la derecha\r","Enemigos\r","90 = Sapo\r","91 = Murciélago\r","92 = Gato\r","Personaje\r","99 = Posición inicial del jugador\r","------------------------------------------------------------\r","Canales\r","------------------------------------------------------------\r","Algunos objetos (palancas, botones, puertas, pinchos, láseres, etc.)\r","pueden pertenecer a un canal.\r","El canal se codifica agregando un dígito al final del ID.\r","Ejemplos:\r","301 -> Pinchos del canal 1\r","304 -> Pinchos del canal 4\r","81 -> Botón del canal 1\r","85 -> Botón del canal 5\r","521 -> Puerta vertical del canal 1\r","525 -> Puerta vertical del canal 5\r","Cuando la fábrica recibe un ID que no existe exactamente, intenta\r","interpretarlo de la siguiente forma:\r","objeto = id / 10\r","canal  = id % 10\r","Si existe un constructor para \"objeto\", crea la instancia utilizando el\r","canal obtenido.\r","De esta forma no es necesario registrar un constructor para cada posible\r","canal, sino solamente para el tipo base del objeto.\r"]]},"level":"error","message":"✘ Failed to get type description: Error: {\n  \"errors\": [\n    null,\n    [\n      \"/*\\r\",\n      \"Este archivo define los identificadores (IDs) utilizados por los niveles y\\r\",\n      \"cómo la fábrica convierte cada ID en un objeto del juego.\\r\",\n      \"Cada celda del nivel contiene un número entero.\\r\",\n      \"Los IDs simples representan directamente un tipo de objeto:\\r\",\n      \"Objetos\\r\",\n      \"0   = Celda vacía\\r\",\n      \"1   = Colisión\\r\",\n      \"2   = Moneda\\r\",\n      \"20  = Baldosa\\r\",\n      \"30  = Pinchos\\r\",\n      \"31  = Pinchos cerrados\\r\",\n      \"4   = Palanca\\r\",\n      \"6   = Caja\\r\",\n      \"7   = Portal\\r\",\n      \"8   = Botón\\r\",\n      \"51  = Puerta horizontal\\r\",\n      \"52  = Puerta vertical\\r\",\n      \"53  = Puerta horizontal abierta\\r\",\n      \"54  = Puerta vertical abierta\\r\",\n      \"800 = Láser hacia arriba\\r\",\n      \"810 = Láser hacia abajo\\r\",\n      \"820 = Láser hacia la derecha\\r\",\n      \"830 = Láser hacia la izquierda\\r\",\n      \"101 = Salida hacia la izquierda\\r\",\n      \"102 = Salida hacia la derecha\\r\",\n      \"Enemigos\\r\",\n      \"90 = Sapo\\r\",\n      \"91 = Murciélago\\r\",\n      \"92 = Gato\\r\",\n      \"Personaje\\r\",\n      \"99 = Posición inicial del jugador\\r\",\n      \"------------------------------------------------------------\\r\",\n      \"Canales\\r\",\n      \"------------------------------------------------------------\\r\",\n      \"Algunos objetos (palancas, botones, puertas, pinchos, láseres, etc.)\\r\",\n      \"pueden pertenecer a un canal.\\r\",\n      \"El canal se codifica agregando un dígito al final del ID.\\r\",\n      \"Ejemplos:\\r\",\n      \"301 -> Pinchos del canal 1\\r\",\n      \"304 -> Pinchos del canal 4\\r\",\n      \"81 -> Botón del canal 1\\r\",\n      \"85 -> Botón del canal 5\\r\",\n      \"521 -> Puerta vertical del canal 1\\r\",\n      \"525 -> Puerta vertical del canal 5\\r\",\n      \"Cuando la fábrica recibe un ID que no existe exactamente, intenta\\r\",\n      \"interpretarlo de la siguiente forma:\\r\",\n      \"objeto = id / 10\\r\",\n      \"canal  = id % 10\\r\",\n      \"Si existe un constructor para \\\"objeto\\\", crea la instancia utilizando el\\r\",\n      \"canal obtenido.\\r\",\n      \"De esta forma no es necesario registrar un constructor para cada posible\\r\",\n      \"canal, sino solamente para el tipo base del objeto.\\r\"\n    ]\n  ]\n} {\n  \"errors\": [\n    null,\n    [\n      \"/*\\r\",\n      \"Este archivo define los identificadores (IDs) utilizados por los niveles y\\r\",\n      \"cómo la fábrica convierte cada ID en un objeto del juego.\\r\",\n      \"Cada celda del nivel contiene un número entero.\\r\",\n      \"Los IDs simples representan directamente un tipo de objeto:\\r\",\n      \"Objetos\\r\",\n      \"0   = Celda vacía\\r\",\n      \"1   = Colisión\\r\",\n      \"2   = Moneda\\r\",\n      \"20  = Baldosa\\r\",\n      \"30  = Pinchos\\r\",\n      \"31  = Pinchos cerrados\\r\",\n      \"4   = Palanca\\r\",\n      \"6   = Caja\\r\",\n      \"7   = Portal\\r\",\n      \"8   = Botón\\r\",\n      \"51  = Puerta horizontal\\r\",\n      \"52  = Puerta vertical\\r\",\n      \"53  = Puerta horizontal abierta\\r\",\n      \"54  = Puerta vertical abierta\\r\",\n      \"800 = Láser hacia arriba\\r\",\n      \"810 = Láser hacia abajo\\r\",\n      \"820 = Láser hacia la derecha\\r\",\n      \"830 = Láser hacia la izquierda\\r\",\n      \"101 = Salida hacia la izquierda\\r\",\n      \"102 = Salida hacia la derecha\\r\",\n      \"Enemigos\\r\",\n      \"90 = Sapo\\r\",\n      \"91 = Murciélago\\r\",\n      \"92 = Gato\\r\",\n      \"Personaje\\r\",\n      \"99 = Posición inicial del jugador\\r\",\n      \"------------------------------------------------------------\\r\",\n      \"Canales\\r\",\n      \"------------------------------------------------------------\\r\",\n      \"Algunos objetos (palancas, botones, puertas, pinchos, láseres, etc.)\\r\",\n      \"pueden pertenecer a un canal.\\r\",\n      \"El canal se codifica agregando un dígito al final del ID.\\r\",\n      \"Ejemplos:\\r\",\n      \"301 -> Pinchos del canal 1\\r\",\n      \"304 -> Pinchos del canal 4\\r\",\n      \"81 -> Botón del canal 1\\r\",\n      \"85 -> Botón del canal 5\\r\",\n      \"521 -> Puerta vertical del canal 1\\r\",\n      \"525 -> Puerta vertical del canal 5\\r\",\n      \"Cuando la fábrica recibe un ID que no existe exactamente, intenta\\r\",\n      \"interpretarlo de la siguiente forma:\\r\",\n      \"objeto = id / 10\\r\",\n      \"canal  = id % 10\\r\",\n      \"Si existe un constructor para \\\"objeto\\\", crea la instancia utilizando el\\r\",\n      \"canal obtenido.\\r\",\n      \"De esta forma no es necesario registrar un constructor para cada posible\\r\",\n      \"canal, sino solamente para el tipo base del objeto.\\r\"\n    ]\n  ]\n}","stack":"Error: {\n  \"errors\": [\n    null,\n    [\n      \"/*\\r\",\n      \"Este archivo define los identificadores (IDs) utilizados por los niveles y\\r\",\n      \"cómo la fábrica convierte cada ID en un objeto del juego.\\r\",\n      \"Cada celda del nivel contiene un número entero.\\r\",\n      \"Los IDs simples representan directamente un tipo de objeto:\\r\",\n      \"Objetos\\r\",\n      \"0   = Celda vacía\\r\",\n      \"1   = Colisión\\r\",\n      \"2   = Moneda\\r\",\n      \"20  = Baldosa\\r\",\n      \"30  = Pinchos\\r\",\n      \"31  = Pinchos cerrados\\r\",\n      \"4   = Palanca\\r\",\n      \"6   = Caja\\r\",\n      \"7   = Portal\\r\",\n      \"8   = Botón\\r\",\n      \"51  = Puerta horizontal\\r\",\n      \"52  = Puerta vertical\\r\",\n      \"53  = Puerta horizontal abierta\\r\",\n      \"54  = Puerta vertical abierta\\r\",\n      \"800 = Láser hacia arriba\\r\",\n      \"810 = Láser hacia abajo\\r\",\n      \"820 = Láser hacia la derecha\\r\",\n      \"830 = Láser hacia la izquierda\\r\",\n      \"101 = Salida hacia la izquierda\\r\",\n      \"102 = Salida hacia la derecha\\r\",\n      \"Enemigos\\r\",\n      \"90 = Sapo\\r\",\n      \"91 = Murciélago\\r\",\n      \"92 = Gato\\r\",\n      \"Personaje\\r\",\n      \"99 = Posición inicial del jugador\\r\",\n      \"------------------------------------------------------------\\r\",\n      \"Canales\\r\",\n      \"------------------------------------------------------------\\r\",\n      \"Algunos objetos (palancas, botones, puertas, pinchos, láseres, etc.)\\r\",\n      \"pueden pertenecer a un canal.\\r\",\n      \"El canal se codifica agregando un dígito al final del ID.\\r\",\n      \"Ejemplos:\\r\",\n      \"301 -> Pinchos del canal 1\\r\",\n      \"304 -> Pinchos del canal 4\\r\",\n      \"81 -> Botón del canal 1\\r\",\n      \"85 -> Botón del canal 5\\r\",\n      \"521 -> Puerta vertical del canal 1\\r\",\n      \"525 -> Puerta vertical del canal 5\\r\",\n      \"Cuando la fábrica recibe un ID que no existe exactamente, intenta\\r\",\n      \"interpretarlo de la siguiente forma:\\r\",\n      \"objeto = id / 10\\r\",\n      \"canal  = id % 10\\r\",\n      \"Si existe un constructor para \\\"objeto\\\", crea la instancia utilizando el\\r\",\n      \"canal obtenido.\\r\",\n      \"De esta forma no es necesario registrar un constructor para cada posible\\r\",\n      \"canal, sino solamente para el tipo base del objeto.\\r\"\n    ]\n  ]\n}\n    at lS (c:\\Users\\Usuario\\.vscode\\extensions\\uqbar.wollok-lsp-ide-0.5.4\\out\\server\\src\\server.js:64:34609)\n    at Q1 (c:\\Users\\Usuario\\.vscode\\extensions\\uqbar.wollok-lsp-ide-0.5.4\\out\\server\\src\\server.js:64:34682)\n    at c:\\Users\\Usuario\\.vscode\\extensions\\uqbar.wollok-lsp-ide-0.5.4\\out\\server\\src\\server.js:64:37949\n    at o.y1 (c:\\Users\\Usuario\\.vscode\\extensions\\uqbar.wollok-lsp-ide-0.5.4\\out\\server\\src\\server.js:57:59114)\n    at c:\\Users\\Usuario\\.vscode\\extensions\\uqbar.wollok-lsp-ide-0.5.4\\out\\server\\src\\server.js:64:37918\n    at c:\\Users\\Usuario\\.vscode\\extensions\\uqbar.wollok-lsp-ide-0.5.4\\out\\server\\src\\server.js:57:57154\n    at Cfn (c:\\Users\\Usuario\\.vscode\\extensions\\uqbar.wollok-lsp-ide-0.5.4\\out\\server\\src\\server.js:68:11324)\n    at c:\\Users\\Usuario\\.vscode\\extensions\\uqbar.wollok-lsp-ide-0.5.4\\out\\server\\src\\server.js:68:3629\n    at Array.map (<anonymous>)\n    at c:\\Users\\Usuario\\.vscode\\extensions\\uqbar.wollok-lsp-ide-0.5.4\\out\\server\\src\\server.js:68:4693","timestamp":"2026-07-11T03:58:48.843Z"}
{"errors":{"errors":[null,["/*\r","Este archivo define los identificadores (IDs) utilizados por los niveles y\r","cómo la fábrica convierte cada ID en un objeto del juego.\r","Cada celda del nivel contiene un número entero.\r","Los IDs simples representan directamente un tipo de objeto:\r","Objetos\r","0   = Celda vacía\r","1   = Colisión\r","2   = Moneda\r","20  = Baldosa\r","30  = Pinchos\r","31  = Pinchos cerrados\r","4   = Palanca\r","6   = Caja\r","7   = Portal\r","8   = Botón\r","51  = Puerta horizontal\r","52  = Puerta vertical\r","53  = Puerta horizontal abierta\r","54  = Puerta vertical abierta\r","800 = Láser hacia arriba\r","810 = Láser hacia abajo\r","820 = Láser hacia la derecha\r","830 = Láser hacia la izquierda\r","101 = Salida hacia la izquierda\r","102 = Salida hacia la derecha\r","Enemigos\r","90 = Sapo\r","91 = Murciélago\r","92 = Gato\r","Personaje\r","99 = Posición inicial del jugador\r","------------------------------------------------------------\r","Canales\r","------------------------------------------------------------\r","Algunos objetos (palancas, botones, puertas, pinchos, láseres, etc.)\r","pueden pertenecer a un canal.\r","El canal se codifica agregando un dígito al final del ID.\r","Ejemplos:\r","301 -> Pinchos del canal 1\r","304 -> Pinchos del canal 4\r","81 -> Botón del canal 1\r","85 -> Botón del canal 5\r","521 -> Puerta vertical del canal 1\r","525 -> Puerta vertical del canal 5\r","Cuando la fábrica recibe un ID que no existe exactamente, intenta\r","interpretarlo de la siguiente forma:\r","objeto = id / 10\r","canal  = id % 10\r","Si existe un constructor para \"objeto\", crea la instancia utilizando el\r","canal obtenido.\r","De esta forma no es necesario registrar un constructor para cada posible\r","canal, sino solamente para el tipo base del objeto.\r"]]},"level":"error","message":"✘ Failed to get type description: Error: {\n  \"errors\": [\n    null,\n    [\n      \"/*\\r\",\n      \"Este archivo define los identificadores (IDs) utilizados por los niveles y\\r\",\n      \"cómo la fábrica convierte cada ID en un objeto del juego.\\r\",\n      \"Cada celda del nivel contiene un número entero.\\r\",\n      \"Los IDs simples representan directamente un tipo de objeto:\\r\",\n      \"Objetos\\r\",\n      \"0   = Celda vacía\\r\",\n      \"1   = Colisión\\r\",\n      \"2   = Moneda\\r\",\n      \"20  = Baldosa\\r\",\n      \"30  = Pinchos\\r\",\n      \"31  = Pinchos cerrados\\r\",\n      \"4   = Palanca\\r\",\n      \"6   = Caja\\r\",\n      \"7   = Portal\\r\",\n      \"8   = Botón\\r\",\n      \"51  = Puerta horizontal\\r\",\n      \"52  = Puerta vertical\\r\",\n      \"53  = Puerta horizontal abierta\\r\",\n      \"54  = Puerta vertical abierta\\r\",\n      \"800 = Láser hacia arriba\\r\",\n      \"810 = Láser hacia abajo\\r\",\n      \"820 = Láser hacia la derecha\\r\",\n      \"830 = Láser hacia la izquierda\\r\",\n      \"101 = Salida hacia la izquierda\\r\",\n      \"102 = Salida hacia la derecha\\r\",\n      \"Enemigos\\r\",\n      \"90 = Sapo\\r\",\n      \"91 = Murciélago\\r\",\n      \"92 = Gato\\r\",\n      \"Personaje\\r\",\n      \"99 = Posición inicial del jugador\\r\",\n      \"------------------------------------------------------------\\r\",\n      \"Canales\\r\",\n      \"------------------------------------------------------------\\r\",\n      \"Algunos objetos (palancas, botones, puertas, pinchos, láseres, etc.)\\r\",\n      \"pueden pertenecer a un canal.\\r\",\n      \"El canal se codifica agregando un dígito al final del ID.\\r\",\n      \"Ejemplos:\\r\",\n      \"301 -> Pinchos del canal 1\\r\",\n      \"304 -> Pinchos del canal 4\\r\",\n      \"81 -> Botón del canal 1\\r\",\n      \"85 -> Botón del canal 5\\r\",\n      \"521 -> Puerta vertical del canal 1\\r\",\n      \"525 -> Puerta vertical del canal 5\\r\",\n      \"Cuando la fábrica recibe un ID que no existe exactamente, intenta\\r\",\n      \"interpretarlo de la siguiente forma:\\r\",\n      \"objeto = id / 10\\r\",\n      \"canal  = id % 10\\r\",\n      \"Si existe un constructor para \\\"objeto\\\", crea la instancia utilizando el\\r\",\n      \"canal obtenido.\\r\",\n      \"De esta forma no es necesario registrar un constructor para cada posible\\r\",\n      \"canal, sino solamente para el tipo base del objeto.\\r\"\n    ]\n  ]\n} {\n  \"errors\": [\n    null,\n    [\n      \"/*\\r\",\n      \"Este archivo define los identificadores (IDs) utilizados por los niveles y\\r\",\n      \"cómo la fábrica convierte cada ID en un objeto del juego.\\r\",\n      \"Cada celda del nivel contiene un número entero.\\r\",\n      \"Los IDs simples representan directamente un tipo de objeto:\\r\",\n      \"Objetos\\r\",\n      \"0   = Celda vacía\\r\",\n      \"1   = Colisión\\r\",\n      \"2   = Moneda\\r\",\n      \"20  = Baldosa\\r\",\n      \"30  = Pinchos\\r\",\n      \"31  = Pinchos cerrados\\r\",\n      \"4   = Palanca\\r\",\n      \"6   = Caja\\r\",\n      \"7   = Portal\\r\",\n      \"8   = Botón\\r\",\n      \"51  = Puerta horizontal\\r\",\n      \"52  = Puerta vertical\\r\",\n      \"53  = Puerta horizontal abierta\\r\",\n      \"54  = Puerta vertical abierta\\r\",\n      \"800 = Láser hacia arriba\\r\",\n      \"810 = Láser hacia abajo\\r\",\n      \"820 = Láser hacia la derecha\\r\",\n      \"830 = Láser hacia la izquierda\\r\",\n      \"101 = Salida hacia la izquierda\\r\",\n      \"102 = Salida hacia la derecha\\r\",\n      \"Enemigos\\r\",\n      \"90 = Sapo\\r\",\n      \"91 = Murciélago\\r\",\n      \"92 = Gato\\r\",\n      \"Personaje\\r\",\n      \"99 = Posición inicial del jugador\\r\",\n      \"------------------------------------------------------------\\r\",\n      \"Canales\\r\",\n      \"------------------------------------------------------------\\r\",\n      \"Algunos objetos (palancas, botones, puertas, pinchos, láseres, etc.)\\r\",\n      \"pueden pertenecer a un canal.\\r\",\n      \"El canal se codifica agregando un dígito al final del ID.\\r\",\n      \"Ejemplos:\\r\",\n      \"301 -> Pinchos del canal 1\\r\",\n      \"304 -> Pinchos del canal 4\\r\",\n      \"81 -> Botón del canal 1\\r\",\n      \"85 -> Botón del canal 5\\r\",\n      \"521 -> Puerta vertical del canal 1\\r\",\n      \"525 -> Puerta vertical del canal 5\\r\",\n      \"Cuando la fábrica recibe un ID que no existe exactamente, intenta\\r\",\n      \"interpretarlo de la siguiente forma:\\r\",\n      \"objeto = id / 10\\r\",\n      \"canal  = id % 10\\r\",\n      \"Si existe un constructor para \\\"objeto\\\", crea la instancia utilizando el\\r\",\n      \"canal obtenido.\\r\",\n      \"De esta forma no es necesario registrar un constructor para cada posible\\r\",\n      \"canal, sino solamente para el tipo base del objeto.\\r\"\n    ]\n  ]\n}","stack":"Error: {\n  \"errors\": [\n    null,\n    [\n      \"/*\\r\",\n      \"Este archivo define los identificadores (IDs) utilizados por los niveles y\\r\",\n      \"cómo la fábrica convierte cada ID en un objeto del juego.\\r\",\n      \"Cada celda del nivel contiene un número entero.\\r\",\n      \"Los IDs simples representan directamente un tipo de objeto:\\r\",\n      \"Objetos\\r\",\n      \"0   = Celda vacía\\r\",\n      \"1   = Colisión\\r\",\n      \"2   = Moneda\\r\",\n      \"20  = Baldosa\\r\",\n      \"30  = Pinchos\\r\",\n      \"31  = Pinchos cerrados\\r\",\n      \"4   = Palanca\\r\",\n      \"6   = Caja\\r\",\n      \"7   = Portal\\r\",\n      \"8   = Botón\\r\",\n      \"51  = Puerta horizontal\\r\",\n      \"52  = Puerta vertical\\r\",\n      \"53  = Puerta horizontal abierta\\r\",\n      \"54  = Puerta vertical abierta\\r\",\n      \"800 = Láser hacia arriba\\r\",\n      \"810 = Láser hacia abajo\\r\",\n      \"820 = Láser hacia la derecha\\r\",\n      \"830 = Láser hacia la izquierda\\r\",\n      \"101 = Salida hacia la izquierda\\r\",\n      \"102 = Salida hacia la derecha\\r\",\n      \"Enemigos\\r\",\n      \"90 = Sapo\\r\",\n      \"91 = Murciélago\\r\",\n      \"92 = Gato\\r\",\n      \"Personaje\\r\",\n      \"99 = Posición inicial del jugador\\r\",\n      \"------------------------------------------------------------\\r\",\n      \"Canales\\r\",\n      \"------------------------------------------------------------\\r\",\n      \"Algunos objetos (palancas, botones, puertas, pinchos, láseres, etc.)\\r\",\n      \"pueden pertenecer a un canal.\\r\",\n      \"El canal se codifica agregando un dígito al final del ID.\\r\",\n      \"Ejemplos:\\r\",\n      \"301 -> Pinchos del canal 1\\r\",\n      \"304 -> Pinchos del canal 4\\r\",\n      \"81 -> Botón del canal 1\\r\",\n      \"85 -> Botón del canal 5\\r\",\n      \"521 -> Puerta vertical del canal 1\\r\",\n      \"525 -> Puerta vertical del canal 5\\r\",\n      \"Cuando la fábrica recibe un ID que no existe exactamente, intenta\\r\",\n      \"interpretarlo de la siguiente forma:\\r\",\n      \"objeto = id / 10\\r\",\n      \"canal  = id % 10\\r\",\n      \"Si existe un constructor para \\\"objeto\\\", crea la instancia utilizando el\\r\",\n      \"canal obtenido.\\r\",\n      \"De esta forma no es necesario registrar un constructor para cada posible\\r\",\n      \"canal, sino solamente para el tipo base del objeto.\\r\"\n    ]\n  ]\n}\n    at lS (c:\\Users\\Usuario\\.vscode\\extensions\\uqbar.wollok-lsp-ide-0.5.4\\out\\server\\src\\server.js:64:34609)\n    at Q1 (c:\\Users\\Usuario\\.vscode\\extensions\\uqbar.wollok-lsp-ide-0.5.4\\out\\server\\src\\server.js:64:34682)\n    at c:\\Users\\Usuario\\.vscode\\extensions\\uqbar.wollok-lsp-ide-0.5.4\\out\\server\\src\\server.js:64:37949\n    at o.y1 (c:\\Users\\Usuario\\.vscode\\extensions\\uqbar.wollok-lsp-ide-0.5.4\\out\\server\\src\\server.js:57:59114)\n    at c:\\Users\\Usuario\\.vscode\\extensions\\uqbar.wollok-lsp-ide-0.5.4\\out\\server\\src\\server.js:64:37918\n    at c:\\Users\\Usuario\\.vscode\\extensions\\uqbar.wollok-lsp-ide-0.5.4\\out\\server\\src\\server.js:57:57154\n    at Cfn (c:\\Users\\Usuario\\.vscode\\extensions\\uqbar.wollok-lsp-ide-0.5.4\\out\\server\\src\\server.js:68:11324)\n    at c:\\Users\\Usuario\\.vscode\\extensions\\uqbar.wollok-lsp-ide-0.5.4\\out\\server\\src\\server.js:68:3629\n    at Array.map (<anonymous>)\n    at c:\\Users\\Usuario\\.vscode\\extensions\\uqbar.wollok-lsp-ide-0.5.4\\out\\server\\src\\server.js:68:4693","timestamp":"2026-07-11T03:58:53.854Z"}
{"errors":{"errors":[null,["/*\r","Este archivo define los identificadores (IDs) utilizados por los niveles y\r","cómo la fábrica convierte cada ID en un objeto del juego.\r","Cada celda del nivel contiene un número entero.\r","Los IDs simples representan directamente un tipo de objeto:\r","Objetos\r","0   = Celda vacía\r","1   = Colisión\r","2   = Moneda\r","20  = Baldosa\r","30  = Pinchos\r","31  = Pinchos cerrados\r","4   = Palanca\r","6   = Caja\r","7   = Portal\r","8   = Botón\r","51  = Puerta horizontal\r","52  = Puerta vertical\r","53  = Puerta horizontal abierta\r","54  = Puerta vertical abierta\r","800 = Láser hacia arriba\r","810 = Láser hacia abajo\r","820 = Láser hacia la derecha\r","830 = Láser hacia la izquierda\r","101 = Salida hacia la izquierda\r","102 = Salida hacia la derecha\r","Enemigos\r","90 = Sapo\r","91 = Murciélago\r","92 = Gato\r","Personaje\r","99 = Posición inicial del jugador\r","------------------------------------------------------------\r","Canales\r","------------------------------------------------------------\r","Algunos objetos (palancas, botones, puertas, pinchos, láseres, etc.)\r","pueden pertenecer a un canal.\r","El canal se codifica agregando un dígito al final del ID.\r","Ejemplos:\r","301 -> Pinchos del canal 1\r","304 -> Pinchos del canal 4\r","81 -> Botón del canal 1\r","85 -> Botón del canal 5\r","521 -> Puerta vertical del canal 1\r","525 -> Puerta vertical del canal 5\r","Cuando la fábrica recibe un ID que no existe exactamente, intenta\r","interpretarlo de la siguiente forma:\r","objeto = id / 10\r","canal  = id % 10\r","Si existe un constructor para \"objeto\", crea la instancia utilizando el\r","canal obtenido.\r","De esta forma no es necesario registrar un constructor para cada posible\r","canal, sino solamente para el tipo base del objeto.\r"]]},"level":"error","message":"✘ Failed to get type description: Error: {\n  \"errors\": [\n    null,\n    [\n      \"/*\\r\",\n      \"Este archivo define los identificadores (IDs) utilizados por los niveles y\\r\",\n      \"cómo la fábrica convierte cada ID en un objeto del juego.\\r\",\n      \"Cada celda del nivel contiene un número entero.\\r\",\n      \"Los IDs simples representan directamente un tipo de objeto:\\r\",\n      \"Objetos\\r\",\n      \"0   = Celda vacía\\r\",\n      \"1   = Colisión\\r\",\n      \"2   = Moneda\\r\",\n      \"20  = Baldosa\\r\",\n      \"30  = Pinchos\\r\",\n      \"31  = Pinchos cerrados\\r\",\n      \"4   = Palanca\\r\",\n      \"6   = Caja\\r\",\n      \"7   = Portal\\r\",\n      \"8   = Botón\\r\",\n      \"51  = Puerta horizontal\\r\",\n      \"52  = Puerta vertical\\r\",\n      \"53  = Puerta horizontal abierta\\r\",\n      \"54  = Puerta vertical abierta\\r\",\n      \"800 = Láser hacia arriba\\r\",\n      \"810 = Láser hacia abajo\\r\",\n      \"820 = Láser hacia la derecha\\r\",\n      \"830 = Láser hacia la izquierda\\r\",\n      \"101 = Salida hacia la izquierda\\r\",\n      \"102 = Salida hacia la derecha\\r\",\n      \"Enemigos\\r\",\n      \"90 = Sapo\\r\",\n      \"91 = Murciélago\\r\",\n      \"92 = Gato\\r\",\n      \"Personaje\\r\",\n      \"99 = Posición inicial del jugador\\r\",\n      \"------------------------------------------------------------\\r\",\n      \"Canales\\r\",\n      \"------------------------------------------------------------\\r\",\n      \"Algunos objetos (palancas, botones, puertas, pinchos, láseres, etc.)\\r\",\n      \"pueden pertenecer a un canal.\\r\",\n      \"El canal se codifica agregando un dígito al final del ID.\\r\",\n      \"Ejemplos:\\r\",\n      \"301 -> Pinchos del canal 1\\r\",\n      \"304 -> Pinchos del canal 4\\r\",\n      \"81 -> Botón del canal 1\\r\",\n      \"85 -> Botón del canal 5\\r\",\n      \"521 -> Puerta vertical del canal 1\\r\",\n      \"525 -> Puerta vertical del canal 5\\r\",\n      \"Cuando la fábrica recibe un ID que no existe exactamente, intenta\\r\",\n      \"interpretarlo de la siguiente forma:\\r\",\n      \"objeto = id / 10\\r\",\n      \"canal  = id % 10\\r\",\n      \"Si existe un constructor para \\\"objeto\\\", crea la instancia utilizando el\\r\",\n      \"canal obtenido.\\r\",\n      \"De esta forma no es necesario registrar un constructor para cada posible\\r\",\n      \"canal, sino solamente para el tipo base del objeto.\\r\"\n    ]\n  ]\n} {\n  \"errors\": [\n    null,\n    [\n      \"/*\\r\",\n      \"Este archivo define los identificadores (IDs) utilizados por los niveles y\\r\",\n      \"cómo la fábrica convierte cada ID en un objeto del juego.\\r\",\n      \"Cada celda del nivel contiene un número entero.\\r\",\n      \"Los IDs simples representan directamente un tipo de objeto:\\r\",\n      \"Objetos\\r\",\n      \"0   = Celda vacía\\r\",\n      \"1   = Colisión\\r\",\n      \"2   = Moneda\\r\",\n      \"20  = Baldosa\\r\",\n      \"30  = Pinchos\\r\",\n      \"31  = Pinchos cerrados\\r\",\n      \"4   = Palanca\\r\",\n      \"6   = Caja\\r\",\n      \"7   = Portal\\r\",\n      \"8   = Botón\\r\",\n      \"51  = Puerta horizontal\\r\",\n      \"52  = Puerta vertical\\r\",\n      \"53  = Puerta horizontal abierta\\r\",\n      \"54  = Puerta vertical abierta\\r\",\n      \"800 = Láser hacia arriba\\r\",\n      \"810 = Láser hacia abajo\\r\",\n      \"820 = Láser hacia la derecha\\r\",\n      \"830 = Láser hacia la izquierda\\r\",\n      \"101 = Salida hacia la izquierda\\r\",\n      \"102 = Salida hacia la derecha\\r\",\n      \"Enemigos\\r\",\n      \"90 = Sapo\\r\",\n      \"91 = Murciélago\\r\",\n      \"92 = Gato\\r\",\n      \"Personaje\\r\",\n      \"99 = Posición inicial del jugador\\r\",\n      \"------------------------------------------------------------\\r\",\n      \"Canales\\r\",\n      \"------------------------------------------------------------\\r\",\n      \"Algunos objetos (palancas, botones, puertas, pinchos, láseres, etc.)\\r\",\n      \"pueden pertenecer a un canal.\\r\",\n      \"El canal se codifica agregando un dígito al final del ID.\\r\",\n      \"Ejemplos:\\r\",\n      \"301 -> Pinchos del canal 1\\r\",\n      \"304 -> Pinchos del canal 4\\r\",\n      \"81 -> Botón del canal 1\\r\",\n      \"85 -> Botón del canal 5\\r\",\n      \"521 -> Puerta vertical del canal 1\\r\",\n      \"525 -> Puerta vertical del canal 5\\r\",\n      \"Cuando la fábrica recibe un ID que no existe exactamente, intenta\\r\",\n      \"interpretarlo de la siguiente forma:\\r\",\n      \"objeto = id / 10\\r\",\n      \"canal  = id % 10\\r\",\n      \"Si existe un constructor para \\\"objeto\\\", crea la instancia utilizando el\\r\",\n      \"canal obtenido.\\r\",\n      \"De esta forma no es necesario registrar un constructor para cada posible\\r\",\n      \"canal, sino solamente para el tipo base del objeto.\\r\"\n    ]\n  ]\n}","stack":"Error: {\n  \"errors\": [\n    null,\n    [\n      \"/*\\r\",\n      \"Este archivo define los identificadores (IDs) utilizados por los niveles y\\r\",\n      \"cómo la fábrica convierte cada ID en un objeto del juego.\\r\",\n      \"Cada celda del nivel contiene un número entero.\\r\",\n      \"Los IDs simples representan directamente un tipo de objeto:\\r\",\n      \"Objetos\\r\",\n      \"0   = Celda vacía\\r\",\n      \"1   = Colisión\\r\",\n      \"2   = Moneda\\r\",\n      \"20  = Baldosa\\r\",\n      \"30  = Pinchos\\r\",\n      \"31  = Pinchos cerrados\\r\",\n      \"4   = Palanca\\r\",\n      \"6   = Caja\\r\",\n      \"7   = Portal\\r\",\n      \"8   = Botón\\r\",\n      \"51  = Puerta horizontal\\r\",\n      \"52  = Puerta vertical\\r\",\n      \"53  = Puerta horizontal abierta\\r\",\n      \"54  = Puerta vertical abierta\\r\",\n      \"800 = Láser hacia arriba\\r\",\n      \"810 = Láser hacia abajo\\r\",\n      \"820 = Láser hacia la derecha\\r\",\n      \"830 = Láser hacia la izquierda\\r\",\n      \"101 = Salida hacia la izquierda\\r\",\n      \"102 = Salida hacia la derecha\\r\",\n      \"Enemigos\\r\",\n      \"90 = Sapo\\r\",\n      \"91 = Murciélago\\r\",\n      \"92 = Gato\\r\",\n      \"Personaje\\r\",\n      \"99 = Posición inicial del jugador\\r\",\n      \"------------------------------------------------------------\\r\",\n      \"Canales\\r\",\n      \"------------------------------------------------------------\\r\",\n      \"Algunos objetos (palancas, botones, puertas, pinchos, láseres, etc.)\\r\",\n      \"pueden pertenecer a un canal.\\r\",\n      \"El canal se codifica agregando un dígito al final del ID.\\r\",\n      \"Ejemplos:\\r\",\n      \"301 -> Pinchos del canal 1\\r\",\n      \"304 -> Pinchos del canal 4\\r\",\n      \"81 -> Botón del canal 1\\r\",\n      \"85 -> Botón del canal 5\\r\",\n      \"521 -> Puerta vertical del canal 1\\r\",\n      \"525 -> Puerta vertical del canal 5\\r\",\n      \"Cuando la fábrica recibe un ID que no existe exactamente, intenta\\r\",\n      \"interpretarlo de la siguiente forma:\\r\",\n      \"objeto = id / 10\\r\",\n      \"canal  = id % 10\\r\",\n      \"Si existe un constructor para \\\"objeto\\\", crea la instancia utilizando el\\r\",\n      \"canal obtenido.\\r\",\n      \"De esta forma no es necesario registrar un constructor para cada posible\\r\",\n      \"canal, sino solamente para el tipo base del objeto.\\r\"\n    ]\n  ]\n}\n    at lS (c:\\Users\\Usuario\\.vscode\\extensions\\uqbar.wollok-lsp-ide-0.5.4\\out\\server\\src\\server.js:64:34609)\n    at Q1 (c:\\Users\\Usuario\\.vscode\\extensions\\uqbar.wollok-lsp-ide-0.5.4\\out\\server\\src\\server.js:64:34682)\n    at c:\\Users\\Usuario\\.vscode\\extensions\\uqbar.wollok-lsp-ide-0.5.4\\out\\server\\src\\server.js:64:37949\n    at o.y1 (c:\\Users\\Usuario\\.vscode\\extensions\\uqbar.wollok-lsp-ide-0.5.4\\out\\server\\src\\server.js:57:59114)\n    at c:\\Users\\Usuario\\.vscode\\extensions\\uqbar.wollok-lsp-ide-0.5.4\\out\\server\\src\\server.js:64:37918\n    at c:\\Users\\Usuario\\.vscode\\extensions\\uqbar.wollok-lsp-ide-0.5.4\\out\\server\\src\\server.js:57:57154\n    at Cfn (c:\\Users\\Usuario\\.vscode\\extensions\\uqbar.wollok-lsp-ide-0.5.4\\out\\server\\src\\server.js:68:11324)\n    at c:\\Users\\Usuario\\.vscode\\extensions\\uqbar.wollok-lsp-ide-0.5.4\\out\\server\\src\\server.js:68:3629\n    at Array.map (<anonymous>)\n    at c:\\Users\\Usuario\\.vscode\\extensions\\uqbar.wollok-lsp-ide-0.5.4\\out\\server\\src\\server.js:68:4693","timestamp":"2026-07-11T03:58:54.858Z"}
{"errors":{"errors":[null,["/*\r","Este archivo define los identificadores (IDs) utilizados por los niveles y\r","cómo la fábrica convierte cada ID en un objeto del juego.\r","Cada celda del nivel contiene un número entero.\r","Los IDs simples representan directamente un tipo de objeto:\r","Objetos\r","0   = Celda vacía\r","1   = Colisión\r","2   = Moneda\r","20  = Baldosa\r","30  = Pinchos\r","31  = Pinchos cerrados\r","4   = Palanca\r","6   = Caja\r","7   = Portal\r","8   = Botón\r","51  = Puerta horizontal\r","52  = Puerta vertical\r","53  = Puerta horizontal abierta\r","54  = Puerta vertical abierta\r","800 = Láser hacia arriba\r","810 = Láser hacia abajo\r","820 = Láser hacia la derecha\r","830 = Láser hacia la izquierda\r","101 = Salida hacia la izquierda\r","102 = Salida hacia la derecha\r","Enemigos\r","90 = Sapo\r","91 = Murciélago\r","92 = Gato\r","Personaje\r","99 = Posición inicial del jugador\r","------------------------------------------------------------\r","Canales\r","------------------------------------------------------------\r","Algunos objetos (palancas, botones, puertas, pinchos, láseres, etc.)\r","pueden pertenecer a un canal.\r","El canal se codifica agregando un dígito al final del ID.\r","Ejemplos:\r","301 -> Pinchos del canal 1\r","304 -> Pinchos del canal 4\r","81 -> Botón del canal 1\r","85 -> Botón del canal 5\r","521 -> Puerta vertical del canal 1\r","525 -> Puerta vertical del canal 5\r","Cuando la fábrica recibe un ID que no existe exactamente, intenta\r","interpretarlo de la siguiente forma:\r","objeto = id / 10\r","canal  = id % 10\r","Si existe un constructor para \"objeto\", crea la instancia utilizando el\r","canal obtenido.\r","De esta forma no es necesario registrar un constructor para cada posible\r","canal, sino solamente para el tipo base del objeto.\r"]]},"level":"error","message":"✘ Failed to get type description: Error: {\n  \"errors\": [\n    null,\n    [\n      \"/*\\r\",\n      \"Este archivo define los identificadores (IDs) utilizados por los niveles y\\r\",\n      \"cómo la fábrica convierte cada ID en un objeto del juego.\\r\",\n      \"Cada celda del nivel contiene un número entero.\\r\",\n      \"Los IDs simples representan directamente un tipo de objeto:\\r\",\n      \"Objetos\\r\",\n      \"0   = Celda vacía\\r\",\n      \"1   = Colisión\\r\",\n      \"2   = Moneda\\r\",\n      \"20  = Baldosa\\r\",\n      \"30  = Pinchos\\r\",\n      \"31  = Pinchos cerrados\\r\",\n      \"4   = Palanca\\r\",\n      \"6   = Caja\\r\",\n      \"7   = Portal\\r\",\n      \"8   = Botón\\r\",\n      \"51  = Puerta horizontal\\r\",\n      \"52  = Puerta vertical\\r\",\n      \"53  = Puerta horizontal abierta\\r\",\n      \"54  = Puerta vertical abierta\\r\",\n      \"800 = Láser hacia arriba\\r\",\n      \"810 = Láser hacia abajo\\r\",\n      \"820 = Láser hacia la derecha\\r\",\n      \"830 = Láser hacia la izquierda\\r\",\n      \"101 = Salida hacia la izquierda\\r\",\n      \"102 = Salida hacia la derecha\\r\",\n      \"Enemigos\\r\",\n      \"90 = Sapo\\r\",\n      \"91 = Murciélago\\r\",\n      \"92 = Gato\\r\",\n      \"Personaje\\r\",\n      \"99 = Posición inicial del jugador\\r\",\n      \"------------------------------------------------------------\\r\",\n      \"Canales\\r\",\n      \"------------------------------------------------------------\\r\",\n      \"Algunos objetos (palancas, botones, puertas, pinchos, láseres, etc.)\\r\",\n      \"pueden pertenecer a un canal.\\r\",\n      \"El canal se codifica agregando un dígito al final del ID.\\r\",\n      \"Ejemplos:\\r\",\n      \"301 -> Pinchos del canal 1\\r\",\n      \"304 -> Pinchos del canal 4\\r\",\n      \"81 -> Botón del canal 1\\r\",\n      \"85 -> Botón del canal 5\\r\",\n      \"521 -> Puerta vertical del canal 1\\r\",\n      \"525 -> Puerta vertical del canal 5\\r\",\n      \"Cuando la fábrica recibe un ID que no existe exactamente, intenta\\r\",\n      \"interpretarlo de la siguiente forma:\\r\",\n      \"objeto = id / 10\\r\",\n      \"canal  = id % 10\\r\",\n      \"Si existe un constructor para \\\"objeto\\\", crea la instancia utilizando el\\r\",\n      \"canal obtenido.\\r\",\n      \"De esta forma no es necesario registrar un constructor para cada posible\\r\",\n      \"canal, sino solamente para el tipo base del objeto.\\r\"\n    ]\n  ]\n} {\n  \"errors\": [\n    null,\n    [\n      \"/*\\r\",\n      \"Este archivo define los identificadores (IDs) utilizados por los niveles y\\r\",\n      \"cómo la fábrica convierte cada ID en un objeto del juego.\\r\",\n      \"Cada celda del nivel contiene un número entero.\\r\",\n      \"Los IDs simples representan directamente un tipo de objeto:\\r\",\n      \"Objetos\\r\",\n      \"0   = Celda vacía\\r\",\n      \"1   = Colisión\\r\",\n      \"2   = Moneda\\r\",\n      \"20  = Baldosa\\r\",\n      \"30  = Pinchos\\r\",\n      \"31  = Pinchos cerrados\\r\",\n      \"4   = Palanca\\r\",\n      \"6   = Caja\\r\",\n      \"7   = Portal\\r\",\n      \"8   = Botón\\r\",\n      \"51  = Puerta horizontal\\r\",\n      \"52  = Puerta vertical\\r\",\n      \"53  = Puerta horizontal abierta\\r\",\n      \"54  = Puerta vertical abierta\\r\",\n      \"800 = Láser hacia arriba\\r\",\n      \"810 = Láser hacia abajo\\r\",\n      \"820 = Láser hacia la derecha\\r\",\n      \"830 = Láser hacia la izquierda\\r\",\n      \"101 = Salida hacia la izquierda\\r\",\n      \"102 = Salida hacia la derecha\\r\",\n      \"Enemigos\\r\",\n      \"90 = Sapo\\r\",\n      \"91 = Murciélago\\r\",\n      \"92 = Gato\\r\",\n      \"Personaje\\r\",\n      \"99 = Posición inicial del jugador\\r\",\n      \"------------------------------------------------------------\\r\",\n      \"Canales\\r\",\n      \"------------------------------------------------------------\\r\",\n      \"Algunos objetos (palancas, botones, puertas, pinchos, láseres, etc.)\\r\",\n      \"pueden pertenecer a un canal.\\r\",\n      \"El canal se codifica agregando un dígito al final del ID.\\r\",\n      \"Ejemplos:\\r\",\n      \"301 -> Pinchos del canal 1\\r\",\n      \"304 -> Pinchos del canal 4\\r\",\n      \"81 -> Botón del canal 1\\r\",\n      \"85 -> Botón del canal 5\\r\",\n      \"521 -> Puerta vertical del canal 1\\r\",\n      \"525 -> Puerta vertical del canal 5\\r\",\n      \"Cuando la fábrica recibe un ID que no existe exactamente, intenta\\r\",\n      \"interpretarlo de la siguiente forma:\\r\",\n      \"objeto = id / 10\\r\",\n      \"canal  = id % 10\\r\",\n      \"Si existe un constructor para \\\"objeto\\\", crea la instancia utilizando el\\r\",\n      \"canal obtenido.\\r\",\n      \"De esta forma no es necesario registrar un constructor para cada posible\\r\",\n      \"canal, sino solamente para el tipo base del objeto.\\r\"\n    ]\n  ]\n}","stack":"Error: {\n  \"errors\": [\n    null,\n    [\n      \"/*\\r\",\n      \"Este archivo define los identificadores (IDs) utilizados por los niveles y\\r\",\n      \"cómo la fábrica convierte cada ID en un objeto del juego.\\r\",\n      \"Cada celda del nivel contiene un número entero.\\r\",\n      \"Los IDs simples representan directamente un tipo de objeto:\\r\",\n      \"Objetos\\r\",\n      \"0   = Celda vacía\\r\",\n      \"1   = Colisión\\r\",\n      \"2   = Moneda\\r\",\n      \"20  = Baldosa\\r\",\n      \"30  = Pinchos\\r\",\n      \"31  = Pinchos cerrados\\r\",\n      \"4   = Palanca\\r\",\n      \"6   = Caja\\r\",\n      \"7   = Portal\\r\",\n      \"8   = Botón\\r\",\n      \"51  = Puerta horizontal\\r\",\n      \"52  = Puerta vertical\\r\",\n      \"53  = Puerta horizontal abierta\\r\",\n      \"54  = Puerta vertical abierta\\r\",\n      \"800 = Láser hacia arriba\\r\",\n      \"810 = Láser hacia abajo\\r\",\n      \"820 = Láser hacia la derecha\\r\",\n      \"830 = Láser hacia la izquierda\\r\",\n      \"101 = Salida hacia la izquierda\\r\",\n      \"102 = Salida hacia la derecha\\r\",\n      \"Enemigos\\r\",\n      \"90 = Sapo\\r\",\n      \"91 = Murciélago\\r\",\n      \"92 = Gato\\r\",\n      \"Personaje\\r\",\n      \"99 = Posición inicial del jugador\\r\",\n      \"------------------------------------------------------------\\r\",\n      \"Canales\\r\",\n      \"------------------------------------------------------------\\r\",\n      \"Algunos objetos (palancas, botones, puertas, pinchos, láseres, etc.)\\r\",\n      \"pueden pertenecer a un canal.\\r\",\n      \"El canal se codifica agregando un dígito al final del ID.\\r\",\n      \"Ejemplos:\\r\",\n      \"301 -> Pinchos del canal 1\\r\",\n      \"304 -> Pinchos del canal 4\\r\",\n      \"81 -> Botón del canal 1\\r\",\n      \"85 -> Botón del canal 5\\r\",\n      \"521 -> Puerta vertical del canal 1\\r\",\n      \"525 -> Puerta vertical del canal 5\\r\",\n      \"Cuando la fábrica recibe un ID que no existe exactamente, intenta\\r\",\n      \"interpretarlo de la siguiente forma:\\r\",\n      \"objeto = id / 10\\r\",\n      \"canal  = id % 10\\r\",\n      \"Si existe un constructor para \\\"objeto\\\", crea la instancia utilizando el\\r\",\n      \"canal obtenido.\\r\",\n      \"De esta forma no es necesario registrar un constructor para cada posible\\r\",\n      \"canal, sino solamente para el tipo base del objeto.\\r\"\n    ]\n  ]\n}\n    at lS (c:\\Users\\Usuario\\.vscode\\extensions\\uqbar.wollok-lsp-ide-0.5.4\\out\\server\\src\\server.js:64:34609)\n    at Q1 (c:\\Users\\Usuario\\.vscode\\extensions\\uqbar.wollok-lsp-ide-0.5.4\\out\\server\\src\\server.js:64:34682)\n    at c:\\Users\\Usuario\\.vscode\\extensions\\uqbar.wollok-lsp-ide-0.5.4\\out\\server\\src\\server.js:64:37949\n    at o.y1 (c:\\Users\\Usuario\\.vscode\\extensions\\uqbar.wollok-lsp-ide-0.5.4\\out\\server\\src\\server.js:57:59114)\n    at c:\\Users\\Usuario\\.vscode\\extensions\\uqbar.wollok-lsp-ide-0.5.4\\out\\server\\src\\server.js:64:37918\n    at c:\\Users\\Usuario\\.vscode\\extensions\\uqbar.wollok-lsp-ide-0.5.4\\out\\server\\src\\server.js:57:57154\n    at Cfn (c:\\Users\\Usuario\\.vscode\\extensions\\uqbar.wollok-lsp-ide-0.5.4\\out\\server\\src\\server.js:68:11324)\n    at c:\\Users\\Usuario\\.vscode\\extensions\\uqbar.wollok-lsp-ide-0.5.4\\out\\server\\src\\server.js:68:3629\n    at Array.map (<anonymous>)\n    at c:\\Users\\Usuario\\.vscode\\extensions\\uqbar.wollok-lsp-ide-0.5.4\\out\\server\\src\\server.js:68:4693","timestamp":"2026-07-11T03:58:55.392Z"}
{"errors":{"errors":[null,["/*\r","Este archivo define los identificadores (IDs) utilizados por los niveles y\r","cómo la fábrica convierte cada ID en un objeto del juego.\r","Cada celda del nivel contiene un número entero.\r","Los IDs simples representan directamente un tipo de objeto:\r","Objetos\r","0   = Celda vacía\r","1   = Colisión\r","2   = Moneda\r","20  = Baldosa\r","30  = Pinchos\r","31  = Pinchos cerrados\r","4   = Palanca\r","6   = Caja\r","7   = Portal\r","8   = Botón\r","51  = Puerta horizontal\r","52  = Puerta vertical\r","53  = Puerta horizontal abierta\r","54  = Puerta vertical abierta\r","800 = Láser hacia arriba\r","810 = Láser hacia abajo\r","820 = Láser hacia la derecha\r","830 = Láser hacia la izquierda\r","101 = Salida hacia la izquierda\r","102 = Salida hacia la derecha\r","Enemigos\r","90 = Sapo\r","91 = Murciélago\r","92 = Gato\r","Personaje\r","99 = Posición inicial del jugador\r","------------------------------------------------------------\r","Canales\r","------------------------------------------------------------\r","Algunos objetos (palancas, botones, puertas, pinchos, láseres, etc.)\r","pueden pertenecer a un canal.\r","El canal se codifica agregando un dígito al final del ID.\r","Ejemplos:\r","301 -> Pinchos del canal 1\r","304 -> Pinchos del canal 4\r","81 -> Botón del canal 1\r","85 -> Botón del canal 5\r","521 -> Puerta vertical del canal 1\r","525 -> Puerta vertical del canal 5\r","Cuando la fábrica recibe un ID que no existe exactamente, intenta\r","interpretarlo de la siguiente forma:\r","objeto = id / 10\r","canal  = id % 10\r","Si existe un constructor para \"objeto\", crea la instancia utilizando el\r","canal obtenido.\r","De esta forma no es necesario registrar un constructor para cada posible\r","canal, sino solamente para el tipo base del objeto.\r"]]},"level":"error","message":"✘ Failed to get type description: Error: {\n  \"errors\": [\n    null,\n    [\n      \"/*\\r\",\n      \"Este archivo define los identificadores (IDs) utilizados por los niveles y\\r\",\n      \"cómo la fábrica convierte cada ID en un objeto del juego.\\r\",\n      \"Cada celda del nivel contiene un número entero.\\r\",\n      \"Los IDs simples representan directamente un tipo de objeto:\\r\",\n      \"Objetos\\r\",\n      \"0   = Celda vacía\\r\",\n      \"1   = Colisión\\r\",\n      \"2   = Moneda\\r\",\n      \"20  = Baldosa\\r\",\n      \"30  = Pinchos\\r\",\n      \"31  = Pinchos cerrados\\r\",\n      \"4   = Palanca\\r\",\n      \"6   = Caja\\r\",\n      \"7   = Portal\\r\",\n      \"8   = Botón\\r\",\n      \"51  = Puerta horizontal\\r\",\n      \"52  = Puerta vertical\\r\",\n      \"53  = Puerta horizontal abierta\\r\",\n      \"54  = Puerta vertical abierta\\r\",\n      \"800 = Láser hacia arriba\\r\",\n      \"810 = Láser hacia abajo\\r\",\n      \"820 = Láser hacia la derecha\\r\",\n      \"830 = Láser hacia la izquierda\\r\",\n      \"101 = Salida hacia la izquierda\\r\",\n      \"102 = Salida hacia la derecha\\r\",\n      \"Enemigos\\r\",\n      \"90 = Sapo\\r\",\n      \"91 = Murciélago\\r\",\n      \"92 = Gato\\r\",\n      \"Personaje\\r\",\n      \"99 = Posición inicial del jugador\\r\",\n      \"------------------------------------------------------------\\r\",\n      \"Canales\\r\",\n      \"------------------------------------------------------------\\r\",\n      \"Algunos objetos (palancas, botones, puertas, pinchos, láseres, etc.)\\r\",\n      \"pueden pertenecer a un canal.\\r\",\n      \"El canal se codifica agregando un dígito al final del ID.\\r\",\n      \"Ejemplos:\\r\",\n      \"301 -> Pinchos del canal 1\\r\",\n      \"304 -> Pinchos del canal 4\\r\",\n      \"81 -> Botón del canal 1\\r\",\n      \"85 -> Botón del canal 5\\r\",\n      \"521 -> Puerta vertical del canal 1\\r\",\n      \"525 -> Puerta vertical del canal 5\\r\",\n      \"Cuando la fábrica recibe un ID que no existe exactamente, intenta\\r\",\n      \"interpretarlo de la siguiente forma:\\r\",\n      \"objeto = id / 10\\r\",\n      \"canal  = id % 10\\r\",\n      \"Si existe un constructor para \\\"objeto\\\", crea la instancia utilizando el\\r\",\n      \"canal obtenido.\\r\",\n      \"De esta forma no es necesario registrar un constructor para cada posible\\r\",\n      \"canal, sino solamente para el tipo base del objeto.\\r\"\n    ]\n  ]\n} {\n  \"errors\": [\n    null,\n    [\n      \"/*\\r\",\n      \"Este archivo define los identificadores (IDs) utilizados por los niveles y\\r\",\n      \"cómo la fábrica convierte cada ID en un objeto del juego.\\r\",\n      \"Cada celda del nivel contiene un número entero.\\r\",\n      \"Los IDs simples representan directamente un tipo de objeto:\\r\",\n      \"Objetos\\r\",\n      \"0   = Celda vacía\\r\",\n      \"1   = Colisión\\r\",\n      \"2   = Moneda\\r\",\n      \"20  = Baldosa\\r\",\n      \"30  = Pinchos\\r\",\n      \"31  = Pinchos cerrados\\r\",\n      \"4   = Palanca\\r\",\n      \"6   = Caja\\r\",\n      \"7   = Portal\\r\",\n      \"8   = Botón\\r\",\n      \"51  = Puerta horizontal\\r\",\n      \"52  = Puerta vertical\\r\",\n      \"53  = Puerta horizontal abierta\\r\",\n      \"54  = Puerta vertical abierta\\r\",\n      \"800 = Láser hacia arriba\\r\",\n      \"810 = Láser hacia abajo\\r\",\n      \"820 = Láser hacia la derecha\\r\",\n      \"830 = Láser hacia la izquierda\\r\",\n      \"101 = Salida hacia la izquierda\\r\",\n      \"102 = Salida hacia la derecha\\r\",\n      \"Enemigos\\r\",\n      \"90 = Sapo\\r\",\n      \"91 = Murciélago\\r\",\n      \"92 = Gato\\r\",\n      \"Personaje\\r\",\n      \"99 = Posición inicial del jugador\\r\",\n      \"------------------------------------------------------------\\r\",\n      \"Canales\\r\",\n      \"------------------------------------------------------------\\r\",\n      \"Algunos objetos (palancas, botones, puertas, pinchos, láseres, etc.)\\r\",\n      \"pueden pertenecer a un canal.\\r\",\n      \"El canal se codifica agregando un dígito al final del ID.\\r\",\n      \"Ejemplos:\\r\",\n      \"301 -> Pinchos del canal 1\\r\",\n      \"304 -> Pinchos del canal 4\\r\",\n      \"81 -> Botón del canal 1\\r\",\n      \"85 -> Botón del canal 5\\r\",\n      \"521 -> Puerta vertical del canal 1\\r\",\n      \"525 -> Puerta vertical del canal 5\\r\",\n      \"Cuando la fábrica recibe un ID que no existe exactamente, intenta\\r\",\n      \"interpretarlo de la siguiente forma:\\r\",\n      \"objeto = id / 10\\r\",\n      \"canal  = id % 10\\r\",\n      \"Si existe un constructor para \\\"objeto\\\", crea la instancia utilizando el\\r\",\n      \"canal obtenido.\\r\",\n      \"De esta forma no es necesario registrar un constructor para cada posible\\r\",\n      \"canal, sino solamente para el tipo base del objeto.\\r\"\n    ]\n  ]\n}","stack":"Error: {\n  \"errors\": [\n    null,\n    [\n      \"/*\\r\",\n      \"Este archivo define los identificadores (IDs) utilizados por los niveles y\\r\",\n      \"cómo la fábrica convierte cada ID en un objeto del juego.\\r\",\n      \"Cada celda del nivel contiene un número entero.\\r\",\n      \"Los IDs simples representan directamente un tipo de objeto:\\r\",\n      \"Objetos\\r\",\n      \"0   = Celda vacía\\r\",\n      \"1   = Colisión\\r\",\n      \"2   = Moneda\\r\",\n      \"20  = Baldosa\\r\",\n      \"30  = Pinchos\\r\",\n      \"31  = Pinchos cerrados\\r\",\n      \"4   = Palanca\\r\",\n      \"6   = Caja\\r\",\n      \"7   = Portal\\r\",\n      \"8   = Botón\\r\",\n      \"51  = Puerta horizontal\\r\",\n      \"52  = Puerta vertical\\r\",\n      \"53  = Puerta horizontal abierta\\r\",\n      \"54  = Puerta vertical abierta\\r\",\n      \"800 = Láser hacia arriba\\r\",\n      \"810 = Láser hacia abajo\\r\",\n      \"820 = Láser hacia la derecha\\r\",\n      \"830 = Láser hacia la izquierda\\r\",\n      \"101 = Salida hacia la izquierda\\r\",\n      \"102 = Salida hacia la derecha\\r\",\n      \"Enemigos\\r\",\n      \"90 = Sapo\\r\",\n      \"91 = Murciélago\\r\",\n      \"92 = Gato\\r\",\n      \"Personaje\\r\",\n      \"99 = Posición inicial del jugador\\r\",\n      \"------------------------------------------------------------\\r\",\n      \"Canales\\r\",\n      \"------------------------------------------------------------\\r\",\n      \"Algunos objetos (palancas, botones, puertas, pinchos, láseres, etc.)\\r\",\n      \"pueden pertenecer a un canal.\\r\",\n      \"El canal se codifica agregando un dígito al final del ID.\\r\",\n      \"Ejemplos:\\r\",\n      \"301 -> Pinchos del canal 1\\r\",\n      \"304 -> Pinchos del canal 4\\r\",\n      \"81 -> Botón del canal 1\\r\",\n      \"85 -> Botón del canal 5\\r\",\n      \"521 -> Puerta vertical del canal 1\\r\",\n      \"525 -> Puerta vertical del canal 5\\r\",\n      \"Cuando la fábrica recibe un ID que no existe exactamente, intenta\\r\",\n      \"interpretarlo de la siguiente forma:\\r\",\n      \"objeto = id / 10\\r\",\n      \"canal  = id % 10\\r\",\n      \"Si existe un constructor para \\\"objeto\\\", crea la instancia utilizando el\\r\",\n      \"canal obtenido.\\r\",\n      \"De esta forma no es necesario registrar un constructor para cada posible\\r\",\n      \"canal, sino solamente para el tipo base del objeto.\\r\"\n    ]\n  ]\n}\n    at lS (c:\\Users\\Usuario\\.vscode\\extensions\\uqbar.wollok-lsp-ide-0.5.4\\out\\server\\src\\server.js:64:34609)\n    at Q1 (c:\\Users\\Usuario\\.vscode\\extensions\\uqbar.wollok-lsp-ide-0.5.4\\out\\server\\src\\server.js:64:34682)\n    at c:\\Users\\Usuario\\.vscode\\extensions\\uqbar.wollok-lsp-ide-0.5.4\\out\\server\\src\\server.js:64:37949\n    at o.y1 (c:\\Users\\Usuario\\.vscode\\extensions\\uqbar.wollok-lsp-ide-0.5.4\\out\\server\\src\\server.js:57:59114)\n    at c:\\Users\\Usuario\\.vscode\\extensions\\uqbar.wollok-lsp-ide-0.5.4\\out\\server\\src\\server.js:64:37918\n    at c:\\Users\\Usuario\\.vscode\\extensions\\uqbar.wollok-lsp-ide-0.5.4\\out\\server\\src\\server.js:57:57154\n    at Cfn (c:\\Users\\Usuario\\.vscode\\extensions\\uqbar.wollok-lsp-ide-0.5.4\\out\\server\\src\\server.js:68:11324)\n    at c:\\Users\\Usuario\\.vscode\\extensions\\uqbar.wollok-lsp-ide-0.5.4\\out\\server\\src\\server.js:68:3629\n    at Array.map (<anonymous>)\n    at c:\\Users\\Usuario\\.vscode\\extensions\\uqbar.wollok-lsp-ide-0.5.4\\out\\server\\src\\server.js:68:4693","timestamp":"2026-07-11T03:58:56.042Z"}
{"level":"info","message":"⌛ Building environment","timeElapsed":247,"timestamp":"2026-07-11T03:59:17.619Z"}
{"level":"info","message":"⌛ Validating scripts/gestionNiveles/niveles/datosNivel6.wlk","timeElapsed":326,"timestamp":"2026-07-11T03:59:17.964Z"}
{"level":"info","message":"⌛ Building environment","timeElapsed":284,"timestamp":"2026-07-11T03:59:18.298Z"}
{"level":"info","message":"⌛ Validating scripts/gestionNiveles/niveles/datosNivel6.wlk","timeElapsed":275,"timestamp":"2026-07-11T03:59:18.610Z"}
{"level":"info","message":"⌛ Building environment","timeElapsed":273,"timestamp":"2026-07-11T03:59:22.788Z"}
{"level":"info","message":"⌛ Building environment","timeElapsed":327,"timestamp":"2026-07-11T03:59:23.115Z"}
{"level":"info","message":"⌛ Validating scripts/gestionNiveles/niveles/datosNivel6.wlk","timeElapsed":299,"timestamp":"2026-07-11T03:59:23.414Z"}
{"level":"info","message":"⌛ Validating scripts/gestionNiveles/niveles/datosNivel6.wlk","timeElapsed":246,"timestamp":"2026-07-11T03:59:23.677Z"}
{"level":"info","message":"⌛ Building environment","timeElapsed":259,"timestamp":"2026-07-11T03:59:24.181Z"}
{"level":"info","message":"⌛ Validating scripts/gestionNiveles/niveles/datosNivel6.wlk","timeElapsed":334,"timestamp":"2026-07-11T03:59:24.515Z"}
{"level":"info","message":"⌛ Building environment","timeElapsed":264,"timestamp":"2026-07-11T03:59:26.563Z"}
{"level":"info","message":"⌛ Building environment","timeElapsed":367,"timestamp":"2026-07-11T03:59:26.940Z"}
{"level":"info","message":"⌛ Validating scripts/gestionNiveles/niveles/datosNivel6.wlk","timeElapsed":289,"timestamp":"2026-07-11T03:59:27.234Z"}
{"level":"info","message":"⌛ Validating scripts/gestionNiveles/niveles/datosNivel6.wlk","timeElapsed":345,"timestamp":"2026-07-11T03:59:27.607Z"}
{"level":"info","message":"⌛ Building environment","timeElapsed":251,"timestamp":"2026-07-11T03:59:29.827Z"}
{"level":"info","message":"⌛ Building environment","timeElapsed":342,"timestamp":"2026-07-11T03:59:30.169Z"}
{"level":"info","message":"⌛ Validating scripts/gestionNiveles/niveles/datosNivel6.wlk","timeElapsed":368,"timestamp":"2026-07-11T03:59:30.541Z"}
{"level":"info","message":"⌛ Validating scripts/gestionNiveles/niveles/datosNivel6.wlk","timeElapsed":390,"timestamp":"2026-07-11T03:59:30.951Z"}
{"level":"info","message":"⌛ Building environment","timeElapsed":576,"timestamp":"2026-07-11T03:59:31.558Z"}
{"level":"info","message":"⌛ Building environment","timeElapsed":328,"timestamp":"2026-07-11T03:59:31.887Z"}
{"level":"info","message":"⌛ Validating scripts/gestionNiveles/niveles/datosNivel6.wlk","timeElapsed":328,"timestamp":"2026-07-11T03:59:32.234Z"}
{"level":"info","message":"⌛ Validating scripts/gestionNiveles/niveles/datosNivel6.wlk","timeElapsed":361,"timestamp":"2026-07-11T03:59:32.599Z"}
{"level":"info","message":"⌛ Building environment","timeElapsed":335,"timestamp":"2026-07-11T03:59:32.940Z"}
{"level":"info","message":"⌛ Building environment","timeElapsed":264,"timestamp":"2026-07-11T03:59:33.219Z"}
{"level":"info","message":"⌛ Validating scripts/gestionNiveles/niveles/datosNivel6.wlk","timeElapsed":621,"timestamp":"2026-07-11T03:59:33.869Z"}
{"level":"info","message":"⌛ Validating scripts/gestionNiveles/niveles/datosNivel6.wlk","timeElapsed":422,"timestamp":"2026-07-11T03:59:34.297Z"}
{"level":"info","message":"⌛ Building environment","timeElapsed":292,"timestamp":"2026-07-11T03:59:34.596Z"}
{"level":"info","message":"⌛ Building environment","timeElapsed":244,"timestamp":"2026-07-11T03:59:34.860Z"}
{"level":"info","message":"⌛ Validating scripts/gestionNiveles/niveles/datosNivel6.wlk","timeElapsed":331,"timestamp":"2026-07-11T03:59:35.231Z"}
{"level":"info","message":"⌛ Validating scripts/gestionNiveles/niveles/datosNivel6.wlk","timeElapsed":417,"timestamp":"2026-07-11T03:59:35.648Z"}
{"level":"info","message":"⌛ Building environment","timeElapsed":434,"timestamp":"2026-07-11T03:59:36.083Z"}
{"level":"info","message":"⌛ Building environment","timeElapsed":750,"timestamp":"2026-07-11T03:59:36.852Z"}
{"level":"info","message":"⌛ Validating scripts/gestionNiveles/niveles/datosNivel6.wlk","timeElapsed":544,"timestamp":"2026-07-11T03:59:37.459Z"}
{"level":"info","message":"⌛ Building environment","timeElapsed":310,"timestamp":"2026-07-11T03:59:37.775Z"}
{"level":"info","message":"⌛ Building environment","timeElapsed":360,"timestamp":"2026-07-11T03:59:38.136Z"}
{"level":"info","message":"⌛ Validating scripts/gestionNiveles/niveles/datosNivel6.wlk","timeElapsed":337,"timestamp":"2026-07-11T03:59:38.488Z"}
{"level":"info","message":"⌛ Building environment","timeElapsed":305,"timestamp":"2026-07-11T03:59:38.804Z"}
{"level":"info","message":"⌛ Validating scripts/gestionNiveles/niveles/datosNivel6.wlk","timeElapsed":297,"timestamp":"2026-07-11T03:59:39.122Z"}
{"level":"info","message":"⌛ Building environment","timeElapsed":332,"timestamp":"2026-07-11T03:59:39.457Z"}
{"level":"info","message":"⌛ Building environment","timeElapsed":253,"timestamp":"2026-07-11T03:59:39.711Z"}
{"level":"info","message":"⌛ Validating scripts/gestionNiveles/niveles/datosNivel6.wlk","timeElapsed":316,"timestamp":"2026-07-11T03:59:40.027Z"}
{"level":"info","message":"⌛ Validating scripts/gestionNiveles/niveles/datosNivel6.wlk","timeElapsed":314,"timestamp":"2026-07-11T03:59:40.370Z"}
{"level":"info","message":"⌛ Building environment","timeElapsed":242,"timestamp":"2026-07-11T03:59:40.612Z"}
{"level":"info","message":"⌛ Validating scripts/gestionNiveles/niveles/datosNivel6.wlk","timeElapsed":237,"timestamp":"2026-07-11T03:59:40.880Z"}
{"level":"info","message":"⌛ Validating scripts/gestionNiveles/niveles/datosNivel6.wlk","timeElapsed":287,"timestamp":"2026-07-11T03:59:41.167Z"}
{"level":"info","message":"⌛ Validating scripts/gestionNiveles/niveles/datosNivel6.wlk","timeElapsed":347,"timestamp":"2026-07-11T03:59:41.525Z"}
{"level":"info","message":"⌛ Building environment","timeElapsed":250,"timestamp":"2026-07-11T03:59:45.704Z"}
{"level":"info","message":"⌛ Validating scripts/gestionNiveles/niveles/datosNivel6.wlk","timeElapsed":300,"timestamp":"2026-07-11T03:59:46.006Z"}
{"level":"info","message":"⌛ Building environment","timeElapsed":406,"timestamp":"2026-07-11T03:59:47.415Z"}
{"level":"info","message":"⌛ Validating scripts/gestionNiveles/niveles/datosNivel6.wlk","timeElapsed":654,"timestamp":"2026-07-11T03:59:48.087Z"}
{"level":"info","message":"⌛ Building environment","timeElapsed":317,"timestamp":"2026-07-11T03:59:55.746Z"}
{"level":"info","message":"⌛ Validating scripts/gestionNiveles/niveles/datosNivel6.wlk","timeElapsed":356,"timestamp":"2026-07-11T03:59:56.172Z"}
{"level":"info","message":"⌛ Building environment","timeElapsed":490,"timestamp":"2026-07-11T04:00:20.108Z"}
{"level":"info","message":"⌛ Building environment","timeElapsed":293,"timestamp":"2026-07-11T04:00:20.402Z"}
{"level":"info","message":"⌛ Validating scripts/gestionNiveles/niveles/datosNivel6.wlk","timeElapsed":309,"timestamp":"2026-07-11T04:00:20.727Z"}
{"level":"info","message":"⌛ Validating scripts/gestionNiveles/niveles/datosNivel6.wlk","timeElapsed":432,"timestamp":"2026-07-11T04:00:21.161Z"}
{"level":"info","message":"⌛ Building environment","timeElapsed":710,"timestamp":"2026-07-11T04:00:22.439Z"}
{"level":"info","message":"⌛ Building environment","timeElapsed":580,"timestamp":"2026-07-11T04:00:23.019Z"}
{"level":"info","message":"⌛ Validating scripts/gestionNiveles/niveles/datosNivel6.wlk","timeElapsed":329,"timestamp":"2026-07-11T04:00:23.363Z"}
{"level":"info","message":"⌛ Building environment","timeElapsed":319,"timestamp":"2026-07-11T04:00:23.688Z"}
{"level":"info","message":"⌛ Building environment","timeElapsed":259,"timestamp":"2026-07-11T04:00:23.962Z"}
{"level":"info","message":"⌛ Validating scripts/gestionNiveles/niveles/datosNivel6.wlk","timeElapsed":355,"timestamp":"2026-07-11T04:00:24.331Z"}
{"level":"info","message":"⌛ Validating scripts/gestionNiveles/niveles/datosNivel6.wlk","timeElapsed":342,"timestamp":"2026-07-11T04:00:24.688Z"}
{"level":"info","message":"⌛ Validating scripts/gestionNiveles/niveles/datosNivel6.wlk","timeElapsed":289,"timestamp":"2026-07-11T04:00:24.978Z"}
{"level":"info","message":"⌛ Building environment","timeElapsed":244,"timestamp":"2026-07-11T04:00:32.419Z"}
{"level":"info","message":"⌛ Building environment","timeElapsed":268,"timestamp":"2026-07-11T04:00:32.688Z"}
{"level":"info","message":"⌛ Validating scripts/gestionNiveles/niveles/datosNivel6.wlk","timeElapsed":267,"timestamp":"2026-07-11T04:00:32.956Z"}
{"level":"info","message":"⌛ Validating scripts/gestionNiveles/niveles/datosNivel6.wlk","timeElapsed":412,"timestamp":"2026-07-11T04:00:33.409Z"}
{"level":"info","message":"⌛ Building environment","timeElapsed":280,"timestamp":"2026-07-11T04:00:49.174Z"}
{"level":"info","message":"⌛ Building environment","timeElapsed":286,"timestamp":"2026-07-11T04:00:49.479Z"}
{"level":"info","message":"⌛ Validating scripts/gestionNiveles/niveles/datosNivel6.wlk","timeElapsed":320,"timestamp":"2026-07-11T04:00:49.800Z"}
{"level":"info","message":"⌛ Validating scripts/gestionNiveles/niveles/datosNivel6.wlk","timeElapsed":597,"timestamp":"2026-07-11T04:00:50.522Z"}
{"level":"info","message":"⌛ Building environment","timeElapsed":299,"timestamp":"2026-07-11T04:00:54.448Z"}
{"level":"info","message":"⌛ Building environment","timeElapsed":307,"timestamp":"2026-07-11T04:00:54.756Z"}
{"level":"info","message":"⌛ Validating scripts/gestionNiveles/niveles/datosNivel6.wlk","timeElapsed":308,"timestamp":"2026-07-11T04:00:55.065Z"}
{"level":"info","message":"⌛ Validating scripts/gestionNiveles/niveles/datosNivel6.wlk","timeElapsed":584,"timestamp":"2026-07-11T04:00:55.671Z"}
{"level":"info","message":"⌛ Building environment","timeElapsed":306,"timestamp":"2026-07-11T04:00:55.985Z"}
{"level":"info","message":"⌛ Building environment","timeElapsed":651,"timestamp":"2026-07-11T04:00:56.637Z"}
{"level":"info","message":"⌛ Validating scripts/gestionNiveles/niveles/datosNivel6.wlk","timeElapsed":635,"timestamp":"2026-07-11T04:00:57.342Z"}
{"level":"info","message":"⌛ Building environment","timeElapsed":333,"timestamp":"2026-07-11T04:00:57.678Z"}
{"level":"info","message":"⌛ Building environment","timeElapsed":308,"timestamp":"2026-07-11T04:00:58.000Z"}
{"level":"info","message":"⌛ Validating scripts/gestionNiveles/niveles/datosNivel6.wlk","timeElapsed":402,"timestamp":"2026-07-11T04:00:58.405Z"}
{"level":"info","message":"⌛ Building environment","timeElapsed":381,"timestamp":"2026-07-11T04:00:58.807Z"}
{"level":"info","message":"⌛ Validating scripts/gestionNiveles/niveles/datosNivel6.wlk","timeElapsed":270,"timestamp":"2026-07-11T04:00:59.093Z"}
{"level":"info","message":"⌛ Building environment","timeElapsed":282,"timestamp":"2026-07-11T04:00:59.378Z"}
{"level":"info","message":"⌛ Building environment","timeElapsed":225,"timestamp":"2026-07-11T04:00:59.604Z"}
{"level":"info","message":"⌛ Validating scripts/gestionNiveles/niveles/datosNivel6.wlk","timeElapsed":295,"timestamp":"2026-07-11T04:00:59.900Z"}
{"level":"info","message":"⌛ Building environment","timeElapsed":513,"timestamp":"2026-07-11T04:01:00.414Z"}
{"level":"info","message":"⌛ Validating scripts/gestionNiveles/niveles/datosNivel6.wlk","timeElapsed":396,"timestamp":"2026-07-11T04:01:00.840Z"}
{"level":"info","message":"⌛ Validating scripts/gestionNiveles/niveles/datosNivel6.wlk","timeElapsed":323,"timestamp":"2026-07-11T04:01:01.173Z"}
{"level":"info","message":"⌛ Validating scripts/gestionNiveles/niveles/datosNivel6.wlk","timeElapsed":259,"timestamp":"2026-07-11T04:01:01.433Z"}
{"level":"info","message":"⌛ Building environment","timeElapsed":392,"timestamp":"2026-07-11T04:01:01.829Z"}
{"level":"info","message":"⌛ Building environment","timeElapsed":366,"timestamp":"2026-07-11T04:01:02.197Z"}
{"level":"info","message":"⌛ Validating scripts/gestionNiveles/niveles/datosNivel6.wlk","timeElapsed":718,"timestamp":"2026-07-11T04:01:02.929Z"}
{"level":"info","message":"⌛ Building environment","timeElapsed":283,"timestamp":"2026-07-11T04:01:03.217Z"}
{"level":"info","message":"⌛ Building environment","timeElapsed":267,"timestamp":"2026-07-11T04:01:03.513Z"}
{"level":"info","message":"⌛ Building environment","timeElapsed":339,"timestamp":"2026-07-11T04:01:03.868Z"}
{"level":"info","message":"⌛ Validating scripts/gestionNiveles/niveles/datosNivel6.wlk","timeElapsed":355,"timestamp":"2026-07-11T04:01:04.225Z"}
{"level":"info","message":"⌛ Building environment","timeElapsed":313,"timestamp":"2026-07-11T04:01:04.538Z"}
{"level":"info","message":"⌛ Validating scripts/gestionNiveles/niveles/datosNivel6.wlk","timeElapsed":395,"timestamp":"2026-07-11T04:01:05.100Z"}
{"level":"info","message":"⌛ Validating scripts/gestionNiveles/niveles/datosNivel6.wlk","timeElapsed":337,"timestamp":"2026-07-11T04:01:05.452Z"}
{"level":"info","message":"⌛ Building environment","timeElapsed":301,"timestamp":"2026-07-11T04:01:05.757Z"}
{"level":"info","message":"⌛ Validating scripts/gestionNiveles/niveles/datosNivel6.wlk","timeElapsed":261,"timestamp":"2026-07-11T04:01:06.029Z"}
{"level":"info","message":"⌛ Building environment","timeElapsed":282,"timestamp":"2026-07-11T04:01:06.325Z"}
{"level":"info","message":"⌛ Validating scripts/gestionNiveles/niveles/datosNivel6.wlk","timeElapsed":319,"timestamp":"2026-07-11T04:01:06.658Z"}
{"level":"info","message":"⌛ Validating scripts/gestionNiveles/niveles/datosNivel6.wlk","timeElapsed":330,"timestamp":"2026-07-11T04:01:07.010Z"}
{"level":"info","message":"⌛ Validating scripts/gestionNiveles/niveles/datosNivel6.wlk","timeElapsed":321,"timestamp":"2026-07-11T04:01:07.340Z"}
{"level":"info","message":"⌛ Validating scripts/gestionNiveles/niveles/datosNivel6.wlk","timeElapsed":266,"timestamp":"2026-07-11T04:01:07.607Z"}
{"level":"info","message":"⌛ Building environment","timeElapsed":277,"timestamp":"2026-07-11T04:01:28.907Z"}
{"level":"info","message":"⌛ Building environment","timeElapsed":267,"timestamp":"2026-07-11T04:01:29.190Z"}
{"level":"info","message":"⌛ Validating scripts/gestionNiveles/niveles/datosNivel6.wlk","timeElapsed":291,"timestamp":"2026-07-11T04:01:29.481Z"}
{"level":"info","message":"⌛ Validating scripts/gestionNiveles/niveles/datosNivel6.wlk","timeElapsed":468,"timestamp":"2026-07-11T04:01:29.967Z"}
{"errors":{"errors":[null,["/*\r","Este archivo define los identificadores (IDs) utilizados por los niveles y\r","cómo la fábrica convierte cada ID en un objeto del juego.\r","Cada celda del nivel contiene un número entero.\r","Los IDs simples representan directamente un tipo de objeto:\r","Objetos\r","0   = Celda vacía\r","1   = Colisión\r","2   = Moneda\r","20  = Baldosa\r","30  = Pinchos\r","31  = Pinchos cerrados\r","4   = Palanca\r","6   = Caja\r","7   = Portal\r","8   = Botón\r","51  = Puerta horizontal\r","52  = Puerta vertical\r","53  = Puerta horizontal abierta\r","54  = Puerta vertical abierta\r","800 = Láser hacia arriba\r","810 = Láser hacia abajo\r","820 = Láser hacia la derecha\r","830 = Láser hacia la izquierda\r","101 = Salida hacia la izquierda\r","102 = Salida hacia la derecha\r","Enemigos\r","90 = Sapo\r","91 = Murciélago\r","92 = Gato\r","Personaje\r","99 = Posición inicial del jugador\r","------------------------------------------------------------\r","Canales\r","------------------------------------------------------------\r","Algunos objetos (palancas, botones, puertas, pinchos, láseres, etc.)\r","pueden pertenecer a un canal.\r","El canal se codifica agregando un dígito al final del ID.\r","Ejemplos:\r","301 -> Pinchos del canal 1\r","304 -> Pinchos del canal 4\r","81 -> Botón del canal 1\r","85 -> Botón del canal 5\r","521 -> Puerta vertical del canal 1\r","525 -> Puerta vertical del canal 5\r","Cuando la fábrica recibe un ID que no existe exactamente, intenta\r","interpretarlo de la siguiente forma:\r","objeto = id / 10\r","canal  = id % 10\r","Si existe un constructor para \"objeto\", crea la instancia utilizando el\r","canal obtenido.\r","De esta forma no es necesario registrar un constructor para cada posible\r","canal, sino solamente para el tipo base del objeto.\r"]]},"level":"error","message":"✘ Failed to get type description: Error: {\n  \"errors\": [\n    null,\n    [\n      \"/*\\r\",\n      \"Este archivo define los identificadores (IDs) utilizados por los niveles y\\r\",\n      \"cómo la fábrica convierte cada ID en un objeto del juego.\\r\",\n      \"Cada celda del nivel contiene un número entero.\\r\",\n      \"Los IDs simples representan directamente un tipo de objeto:\\r\",\n      \"Objetos\\r\",\n      \"0   = Celda vacía\\r\",\n      \"1   = Colisión\\r\",\n      \"2   = Moneda\\r\",\n      \"20  = Baldosa\\r\",\n      \"30  = Pinchos\\r\",\n      \"31  = Pinchos cerrados\\r\",\n      \"4   = Palanca\\r\",\n      \"6   = Caja\\r\",\n      \"7   = Portal\\r\",\n      \"8   = Botón\\r\",\n      \"51  = Puerta horizontal\\r\",\n      \"52  = Puerta vertical\\r\",\n      \"53  = Puerta horizontal abierta\\r\",\n      \"54  = Puerta vertical abierta\\r\",\n      \"800 = Láser hacia arriba\\r\",\n      \"810 = Láser hacia abajo\\r\",\n      \"820 = Láser hacia la derecha\\r\",\n      \"830 = Láser hacia la izquierda\\r\",\n      \"101 = Salida hacia la izquierda\\r\",\n      \"102 = Salida hacia la derecha\\r\",\n      \"Enemigos\\r\",\n      \"90 = Sapo\\r\",\n      \"91 = Murciélago\\r\",\n      \"92 = Gato\\r\",\n      \"Personaje\\r\",\n      \"99 = Posición inicial del jugador\\r\",\n      \"------------------------------------------------------------\\r\",\n      \"Canales\\r\",\n      \"------------------------------------------------------------\\r\",\n      \"Algunos objetos (palancas, botones, puertas, pinchos, láseres, etc.)\\r\",\n      \"pueden pertenecer a un canal.\\r\",\n      \"El canal se codifica agregando un dígito al final del ID.\\r\",\n      \"Ejemplos:\\r\",\n      \"301 -> Pinchos del canal 1\\r\",\n      \"304 -> Pinchos del canal 4\\r\",\n      \"81 -> Botón del canal 1\\r\",\n      \"85 -> Botón del canal 5\\r\",\n      \"521 -> Puerta vertical del canal 1\\r\",\n      \"525 -> Puerta vertical del canal 5\\r\",\n      \"Cuando la fábrica recibe un ID que no existe exactamente, intenta\\r\",\n      \"interpretarlo de la siguiente forma:\\r\",\n      \"objeto = id / 10\\r\",\n      \"canal  = id % 10\\r\",\n      \"Si existe un constructor para \\\"objeto\\\", crea la instancia utilizando el\\r\",\n      \"canal obtenido.\\r\",\n      \"De esta forma no es necesario registrar un constructor para cada posible\\r\",\n      \"canal, sino solamente para el tipo base del objeto.\\r\"\n    ]\n  ]\n} {\n  \"errors\": [\n    null,\n    [\n      \"/*\\r\",\n      \"Este archivo define los identificadores (IDs) utilizados por los niveles y\\r\",\n      \"cómo la fábrica convierte cada ID en un objeto del juego.\\r\",\n      \"Cada celda del nivel contiene un número entero.\\r\",\n      \"Los IDs simples representan directamente un tipo de objeto:\\r\",\n      \"Objetos\\r\",\n      \"0   = Celda vacía\\r\",\n      \"1   = Colisión\\r\",\n      \"2   = Moneda\\r\",\n      \"20  = Baldosa\\r\",\n      \"30  = Pinchos\\r\",\n      \"31  = Pinchos cerrados\\r\",\n      \"4   = Palanca\\r\",\n      \"6   = Caja\\r\",\n      \"7   = Portal\\r\",\n      \"8   = Botón\\r\",\n      \"51  = Puerta horizontal\\r\",\n      \"52  = Puerta vertical\\r\",\n      \"53  = Puerta horizontal abierta\\r\",\n      \"54  = Puerta vertical abierta\\r\",\n      \"800 = Láser hacia arriba\\r\",\n      \"810 = Láser hacia abajo\\r\",\n      \"820 = Láser hacia la derecha\\r\",\n      \"830 = Láser hacia la izquierda\\r\",\n      \"101 = Salida hacia la izquierda\\r\",\n      \"102 = Salida hacia la derecha\\r\",\n      \"Enemigos\\r\",\n      \"90 = Sapo\\r\",\n      \"91 = Murciélago\\r\",\n      \"92 = Gato\\r\",\n      \"Personaje\\r\",\n      \"99 = Posición inicial del jugador\\r\",\n      \"------------------------------------------------------------\\r\",\n      \"Canales\\r\",\n      \"------------------------------------------------------------\\r\",\n      \"Algunos objetos (palancas, botones, puertas, pinchos, láseres, etc.)\\r\",\n      \"pueden pertenecer a un canal.\\r\",\n      \"El canal se codifica agregando un dígito al final del ID.\\r\",\n      \"Ejemplos:\\r\",\n      \"301 -> Pinchos del canal 1\\r\",\n      \"304 -> Pinchos del canal 4\\r\",\n      \"81 -> Botón del canal 1\\r\",\n      \"85 -> Botón del canal 5\\r\",\n      \"521 -> Puerta vertical del canal 1\\r\",\n      \"525 -> Puerta vertical del canal 5\\r\",\n      \"Cuando la fábrica recibe un ID que no existe exactamente, intenta\\r\",\n      \"interpretarlo de la siguiente forma:\\r\",\n      \"objeto = id / 10\\r\",\n      \"canal  = id % 10\\r\",\n      \"Si existe un constructor para \\\"objeto\\\", crea la instancia utilizando el\\r\",\n      \"canal obtenido.\\r\",\n      \"De esta forma no es necesario registrar un constructor para cada posible\\r\",\n      \"canal, sino solamente para el tipo base del objeto.\\r\"\n    ]\n  ]\n}","stack":"Error: {\n  \"errors\": [\n    null,\n    [\n      \"/*\\r\",\n      \"Este archivo define los identificadores (IDs) utilizados por los niveles y\\r\",\n      \"cómo la fábrica convierte cada ID en un objeto del juego.\\r\",\n      \"Cada celda del nivel contiene un número entero.\\r\",\n      \"Los IDs simples representan directamente un tipo de objeto:\\r\",\n      \"Objetos\\r\",\n      \"0   = Celda vacía\\r\",\n      \"1   = Colisión\\r\",\n      \"2   = Moneda\\r\",\n      \"20  = Baldosa\\r\",\n      \"30  = Pinchos\\r\",\n      \"31  = Pinchos cerrados\\r\",\n      \"4   = Palanca\\r\",\n      \"6   = Caja\\r\",\n      \"7   = Portal\\r\",\n      \"8   = Botón\\r\",\n      \"51  = Puerta horizontal\\r\",\n      \"52  = Puerta vertical\\r\",\n      \"53  = Puerta horizontal abierta\\r\",\n      \"54  = Puerta vertical abierta\\r\",\n      \"800 = Láser hacia arriba\\r\",\n      \"810 = Láser hacia abajo\\r\",\n      \"820 = Láser hacia la derecha\\r\",\n      \"830 = Láser hacia la izquierda\\r\",\n      \"101 = Salida hacia la izquierda\\r\",\n      \"102 = Salida hacia la derecha\\r\",\n      \"Enemigos\\r\",\n      \"90 = Sapo\\r\",\n      \"91 = Murciélago\\r\",\n      \"92 = Gato\\r\",\n      \"Personaje\\r\",\n      \"99 = Posición inicial del jugador\\r\",\n      \"------------------------------------------------------------\\r\",\n      \"Canales\\r\",\n      \"------------------------------------------------------------\\r\",\n      \"Algunos objetos (palancas, botones, puertas, pinchos, láseres, etc.)\\r\",\n      \"pueden pertenecer a un canal.\\r\",\n      \"El canal se codifica agregando un dígito al final del ID.\\r\",\n      \"Ejemplos:\\r\",\n      \"301 -> Pinchos del canal 1\\r\",\n      \"304 -> Pinchos del canal 4\\r\",\n      \"81 -> Botón del canal 1\\r\",\n      \"85 -> Botón del canal 5\\r\",\n      \"521 -> Puerta vertical del canal 1\\r\",\n      \"525 -> Puerta vertical del canal 5\\r\",\n      \"Cuando la fábrica recibe un ID que no existe exactamente, intenta\\r\",\n      \"interpretarlo de la siguiente forma:\\r\",\n      \"objeto = id / 10\\r\",\n      \"canal  = id % 10\\r\",\n      \"Si existe un constructor para \\\"objeto\\\", crea la instancia utilizando el\\r\",\n      \"canal obtenido.\\r\",\n      \"De esta forma no es necesario registrar un constructor para cada posible\\r\",\n      \"canal, sino solamente para el tipo base del objeto.\\r\"\n    ]\n  ]\n}\n    at lS (c:\\Users\\Usuario\\.vscode\\extensions\\uqbar.wollok-lsp-ide-0.5.4\\out\\server\\src\\server.js:64:34609)\n    at Q1 (c:\\Users\\Usuario\\.vscode\\extensions\\uqbar.wollok-lsp-ide-0.5.4\\out\\server\\src\\server.js:64:34682)\n    at c:\\Users\\Usuario\\.vscode\\extensions\\uqbar.wollok-lsp-ide-0.5.4\\out\\server\\src\\server.js:64:37949\n    at o.y1 (c:\\Users\\Usuario\\.vscode\\extensions\\uqbar.wollok-lsp-ide-0.5.4\\out\\server\\src\\server.js:57:59114)\n    at c:\\Users\\Usuario\\.vscode\\extensions\\uqbar.wollok-lsp-ide-0.5.4\\out\\server\\src\\server.js:64:37918\n    at c:\\Users\\Usuario\\.vscode\\extensions\\uqbar.wollok-lsp-ide-0.5.4\\out\\server\\src\\server.js:57:57154\n    at Cfn (c:\\Users\\Usuario\\.vscode\\extensions\\uqbar.wollok-lsp-ide-0.5.4\\out\\server\\src\\server.js:68:11324)\n    at c:\\Users\\Usuario\\.vscode\\extensions\\uqbar.wollok-lsp-ide-0.5.4\\out\\server\\src\\server.js:68:3629\n    at Array.map (<anonymous>)\n    at c:\\Users\\Usuario\\.vscode\\extensions\\uqbar.wollok-lsp-ide-0.5.4\\out\\server\\src\\server.js:68:4693","timestamp":"2026-07-11T04:01:31.407Z"}
{"errors":{"errors":[null,["/*\r","Este archivo define los identificadores (IDs) utilizados por los niveles y\r","cómo la fábrica convierte cada ID en un objeto del juego.\r","Cada celda del nivel contiene un número entero.\r","Los IDs simples representan directamente un tipo de objeto:\r","Objetos\r","0   = Celda vacía\r","1   = Colisión\r","2   = Moneda\r","20  = Baldosa\r","30  = Pinchos\r","31  = Pinchos cerrados\r","4   = Palanca\r","6   = Caja\r","7   = Portal\r","8   = Botón\r","51  = Puerta horizontal\r","52  = Puerta vertical\r","53  = Puerta horizontal abierta\r","54  = Puerta vertical abierta\r","800 = Láser hacia arriba\r","810 = Láser hacia abajo\r","820 = Láser hacia la derecha\r","830 = Láser hacia la izquierda\r","101 = Salida hacia la izquierda\r","102 = Salida hacia la derecha\r","Enemigos\r","90 = Sapo\r","91 = Murciélago\r","92 = Gato\r","Personaje\r","99 = Posición inicial del jugador\r","------------------------------------------------------------\r","Canales\r","------------------------------------------------------------\r","Algunos objetos (palancas, botones, puertas, pinchos, láseres, etc.)\r","pueden pertenecer a un canal.\r","El canal se codifica agregando un dígito al final del ID.\r","Ejemplos:\r","301 -> Pinchos del canal 1\r","304 -> Pinchos del canal 4\r","81 -> Botón del canal 1\r","85 -> Botón del canal 5\r","521 -> Puerta vertical del canal 1\r","525 -> Puerta vertical del canal 5\r","Cuando la fábrica recibe un ID que no existe exactamente, intenta\r","interpretarlo de la siguiente forma:\r","objeto = id / 10\r","canal  = id % 10\r","Si existe un constructor para \"objeto\", crea la instancia utilizando el\r","canal obtenido.\r","De esta forma no es necesario registrar un constructor para cada posible\r","canal, sino solamente para el tipo base del objeto.\r"]]},"level":"error","message":"✘ Failed to get type description: Error: {\n  \"errors\": [\n    null,\n    [\n      \"/*\\r\",\n      \"Este archivo define los identificadores (IDs) utilizados por los niveles y\\r\",\n      \"cómo la fábrica convierte cada ID en un objeto del juego.\\r\",\n      \"Cada celda del nivel contiene un número entero.\\r\",\n      \"Los IDs simples representan directamente un tipo de objeto:\\r\",\n      \"Objetos\\r\",\n      \"0   = Celda vacía\\r\",\n      \"1   = Colisión\\r\",\n      \"2   = Moneda\\r\",\n      \"20  = Baldosa\\r\",\n      \"30  = Pinchos\\r\",\n      \"31  = Pinchos cerrados\\r\",\n      \"4   = Palanca\\r\",\n      \"6   = Caja\\r\",\n      \"7   = Portal\\r\",\n      \"8   = Botón\\r\",\n      \"51  = Puerta horizontal\\r\",\n      \"52  = Puerta vertical\\r\",\n      \"53  = Puerta horizontal abierta\\r\",\n      \"54  = Puerta vertical abierta\\r\",\n      \"800 = Láser hacia arriba\\r\",\n      \"810 = Láser hacia abajo\\r\",\n      \"820 = Láser hacia la derecha\\r\",\n      \"830 = Láser hacia la izquierda\\r\",\n      \"101 = Salida hacia la izquierda\\r\",\n      \"102 = Salida hacia la derecha\\r\",\n      \"Enemigos\\r\",\n      \"90 = Sapo\\r\",\n      \"91 = Murciélago\\r\",\n      \"92 = Gato\\r\",\n      \"Personaje\\r\",\n      \"99 = Posición inicial del jugador\\r\",\n      \"------------------------------------------------------------\\r\",\n      \"Canales\\r\",\n      \"------------------------------------------------------------\\r\",\n      \"Algunos objetos (palancas, botones, puertas, pinchos, láseres, etc.)\\r\",\n      \"pueden pertenecer a un canal.\\r\",\n      \"El canal se codifica agregando un dígito al final del ID.\\r\",\n      \"Ejemplos:\\r\",\n      \"301 -> Pinchos del canal 1\\r\",\n      \"304 -> Pinchos del canal 4\\r\",\n      \"81 -> Botón del canal 1\\r\",\n      \"85 -> Botón del canal 5\\r\",\n      \"521 -> Puerta vertical del canal 1\\r\",\n      \"525 -> Puerta vertical del canal 5\\r\",\n      \"Cuando la fábrica recibe un ID que no existe exactamente, intenta\\r\",\n      \"interpretarlo de la siguiente forma:\\r\",\n      \"objeto = id / 10\\r\",\n      \"canal  = id % 10\\r\",\n      \"Si existe un constructor para \\\"objeto\\\", crea la instancia utilizando el\\r\",\n      \"canal obtenido.\\r\",\n      \"De esta forma no es necesario registrar un constructor para cada posible\\r\",\n      \"canal, sino solamente para el tipo base del objeto.\\r\"\n    ]\n  ]\n} {\n  \"errors\": [\n    null,\n    [\n      \"/*\\r\",\n      \"Este archivo define los identificadores (IDs) utilizados por los niveles y\\r\",\n      \"cómo la fábrica convierte cada ID en un objeto del juego.\\r\",\n      \"Cada celda del nivel contiene un número entero.\\r\",\n      \"Los IDs simples representan directamente un tipo de objeto:\\r\",\n      \"Objetos\\r\",\n      \"0   = Celda vacía\\r\",\n      \"1   = Colisión\\r\",\n      \"2   = Moneda\\r\",\n      \"20  = Baldosa\\r\",\n      \"30  = Pinchos\\r\",\n      \"31  = Pinchos cerrados\\r\",\n      \"4   = Palanca\\r\",\n      \"6   = Caja\\r\",\n      \"7   = Portal\\r\",\n      \"8   = Botón\\r\",\n      \"51  = Puerta horizontal\\r\",\n      \"52  = Puerta vertical\\r\",\n      \"53  = Puerta horizontal abierta\\r\",\n      \"54  = Puerta vertical abierta\\r\",\n      \"800 = Láser hacia arriba\\r\",\n      \"810 = Láser hacia abajo\\r\",\n      \"820 = Láser hacia la derecha\\r\",\n      \"830 = Láser hacia la izquierda\\r\",\n      \"101 = Salida hacia la izquierda\\r\",\n      \"102 = Salida hacia la derecha\\r\",\n      \"Enemigos\\r\",\n      \"90 = Sapo\\r\",\n      \"91 = Murciélago\\r\",\n      \"92 = Gato\\r\",\n      \"Personaje\\r\",\n      \"99 = Posición inicial del jugador\\r\",\n      \"------------------------------------------------------------\\r\",\n      \"Canales\\r\",\n      \"------------------------------------------------------------\\r\",\n      \"Algunos objetos (palancas, botones, puertas, pinchos, láseres, etc.)\\r\",\n      \"pueden pertenecer a un canal.\\r\",\n      \"El canal se codifica agregando un dígito al final del ID.\\r\",\n      \"Ejemplos:\\r\",\n      \"301 -> Pinchos del canal 1\\r\",\n      \"304 -> Pinchos del canal 4\\r\",\n      \"81 -> Botón del canal 1\\r\",\n      \"85 -> Botón del canal 5\\r\",\n      \"521 -> Puerta vertical del canal 1\\r\",\n      \"525 -> Puerta vertical del canal 5\\r\",\n      \"Cuando la fábrica recibe un ID que no existe exactamente, intenta\\r\",\n      \"interpretarlo de la siguiente forma:\\r\",\n      \"objeto = id / 10\\r\",\n      \"canal  = id % 10\\r\",\n      \"Si existe un constructor para \\\"objeto\\\", crea la instancia utilizando el\\r\",\n      \"canal obtenido.\\r\",\n      \"De esta forma no es necesario registrar un constructor para cada posible\\r\",\n      \"canal, sino solamente para el tipo base del objeto.\\r\"\n    ]\n  ]\n}","stack":"Error: {\n  \"errors\": [\n    null,\n    [\n      \"/*\\r\",\n      \"Este archivo define los identificadores (IDs) utilizados por los niveles y\\r\",\n      \"cómo la fábrica convierte cada ID en un objeto del juego.\\r\",\n      \"Cada celda del nivel contiene un número entero.\\r\",\n      \"Los IDs simples representan directamente un tipo de objeto:\\r\",\n      \"Objetos\\r\",\n      \"0   = Celda vacía\\r\",\n      \"1   = Colisión\\r\",\n      \"2   = Moneda\\r\",\n      \"20  = Baldosa\\r\",\n      \"30  = Pinchos\\r\",\n      \"31  = Pinchos cerrados\\r\",\n      \"4   = Palanca\\r\",\n      \"6   = Caja\\r\",\n      \"7   = Portal\\r\",\n      \"8   = Botón\\r\",\n      \"51  = Puerta horizontal\\r\",\n      \"52  = Puerta vertical\\r\",\n      \"53  = Puerta horizontal abierta\\r\",\n      \"54  = Puerta vertical abierta\\r\",\n      \"800 = Láser hacia arriba\\r\",\n      \"810 = Láser hacia abajo\\r\",\n      \"820 = Láser hacia la derecha\\r\",\n      \"830 = Láser hacia la izquierda\\r\",\n      \"101 = Salida hacia la izquierda\\r\",\n      \"102 = Salida hacia la derecha\\r\",\n      \"Enemigos\\r\",\n      \"90 = Sapo\\r\",\n      \"91 = Murciélago\\r\",\n      \"92 = Gato\\r\",\n      \"Personaje\\r\",\n      \"99 = Posición inicial del jugador\\r\",\n      \"------------------------------------------------------------\\r\",\n      \"Canales\\r\",\n      \"------------------------------------------------------------\\r\",\n      \"Algunos objetos (palancas, botones, puertas, pinchos, láseres, etc.)\\r\",\n      \"pueden pertenecer a un canal.\\r\",\n      \"El canal se codifica agregando un dígito al final del ID.\\r\",\n      \"Ejemplos:\\r\",\n      \"301 -> Pinchos del canal 1\\r\",\n      \"304 -> Pinchos del canal 4\\r\",\n      \"81 -> Botón del canal 1\\r\",\n      \"85 -> Botón del canal 5\\r\",\n      \"521 -> Puerta vertical del canal 1\\r\",\n      \"525 -> Puerta vertical del canal 5\\r\",\n      \"Cuando la fábrica recibe un ID que no existe exactamente, intenta\\r\",\n      \"interpretarlo de la siguiente forma:\\r\",\n      \"objeto = id / 10\\r\",\n      \"canal  = id % 10\\r\",\n      \"Si existe un constructor para \\\"objeto\\\", crea la instancia utilizando el\\r\",\n      \"canal obtenido.\\r\",\n      \"De esta forma no es necesario registrar un constructor para cada posible\\r\",\n      \"canal, sino solamente para el tipo base del objeto.\\r\"\n    ]\n  ]\n}\n    at lS (c:\\Users\\Usuario\\.vscode\\extensions\\uqbar.wollok-lsp-ide-0.5.4\\out\\server\\src\\server.js:64:34609)\n    at Q1 (c:\\Users\\Usuario\\.vscode\\extensions\\uqbar.wollok-lsp-ide-0.5.4\\out\\server\\src\\server.js:64:34682)\n    at c:\\Users\\Usuario\\.vscode\\extensions\\uqbar.wollok-lsp-ide-0.5.4\\out\\server\\src\\server.js:64:37949\n    at o.y1 (c:\\Users\\Usuario\\.vscode\\extensions\\uqbar.wollok-lsp-ide-0.5.4\\out\\server\\src\\server.js:57:59114)\n    at c:\\Users\\Usuario\\.vscode\\extensions\\uqbar.wollok-lsp-ide-0.5.4\\out\\server\\src\\server.js:64:37918\n    at c:\\Users\\Usuario\\.vscode\\extensions\\uqbar.wollok-lsp-ide-0.5.4\\out\\server\\src\\server.js:57:57154\n    at Cfn (c:\\Users\\Usuario\\.vscode\\extensions\\uqbar.wollok-lsp-ide-0.5.4\\out\\server\\src\\server.js:68:11324)\n    at c:\\Users\\Usuario\\.vscode\\extensions\\uqbar.wollok-lsp-ide-0.5.4\\out\\server\\src\\server.js:68:3629\n    at Array.map (<anonymous>)\n    at c:\\Users\\Usuario\\.vscode\\extensions\\uqbar.wollok-lsp-ide-0.5.4\\out\\server\\src\\server.js:68:4693","timestamp":"2026-07-11T04:01:31.947Z"}
{"errors":{"errors":[null,["/*\r","Este archivo define los identificadores (IDs) utilizados por los niveles y\r","cómo la fábrica convierte cada ID en un objeto del juego.\r","Cada celda del nivel contiene un número entero.\r","Los IDs simples representan directamente un tipo de objeto:\r","Objetos\r","0   = Celda vacía\r","1   = Colisión\r","2   = Moneda\r","20  = Baldosa\r","30  = Pinchos\r","31  = Pinchos cerrados\r","4   = Palanca\r","6   = Caja\r","7   = Portal\r","8   = Botón\r","51  = Puerta horizontal\r","52  = Puerta vertical\r","53  = Puerta horizontal abierta\r","54  = Puerta vertical abierta\r","800 = Láser hacia arriba\r","810 = Láser hacia abajo\r","820 = Láser hacia la derecha\r","830 = Láser hacia la izquierda\r","101 = Salida hacia la izquierda\r","102 = Salida hacia la derecha\r","Enemigos\r","90 = Sapo\r","91 = Murciélago\r","92 = Gato\r","Personaje\r","99 = Posición inicial del jugador\r","------------------------------------------------------------\r","Canales\r","------------------------------------------------------------\r","Algunos objetos (palancas, botones, puertas, pinchos, láseres, etc.)\r","pueden pertenecer a un canal.\r","El canal se codifica agregando un dígito al final del ID.\r","Ejemplos:\r","301 -> Pinchos del canal 1\r","304 -> Pinchos del canal 4\r","81 -> Botón del canal 1\r","85 -> Botón del canal 5\r","521 -> Puerta vertical del canal 1\r","525 -> Puerta vertical del canal 5\r","Cuando la fábrica recibe un ID que no existe exactamente, intenta\r","interpretarlo de la siguiente forma:\r","objeto = id / 10\r","canal  = id % 10\r","Si existe un constructor para \"objeto\", crea la instancia utilizando el\r","canal obtenido.\r","De esta forma no es necesario registrar un constructor para cada posible\r","canal, sino solamente para el tipo base del objeto.\r"]]},"level":"error","message":"✘ Failed to get type description: Error: {\n  \"errors\": [\n    null,\n    [\n      \"/*\\r\",\n      \"Este archivo define los identificadores (IDs) utilizados por los niveles y\\r\",\n      \"cómo la fábrica convierte cada ID en un objeto del juego.\\r\",\n      \"Cada celda del nivel contiene un número entero.\\r\",\n      \"Los IDs simples representan directamente un tipo de objeto:\\r\",\n      \"Objetos\\r\",\n      \"0   = Celda vacía\\r\",\n      \"1   = Colisión\\r\",\n      \"2   = Moneda\\r\",\n      \"20  = Baldosa\\r\",\n      \"30  = Pinchos\\r\",\n      \"31  = Pinchos cerrados\\r\",\n      \"4   = Palanca\\r\",\n      \"6   = Caja\\r\",\n      \"7   = Portal\\r\",\n      \"8   = Botón\\r\",\n      \"51  = Puerta horizontal\\r\",\n      \"52  = Puerta vertical\\r\",\n      \"53  = Puerta horizontal abierta\\r\",\n      \"54  = Puerta vertical abierta\\r\",\n      \"800 = Láser hacia arriba\\r\",\n      \"810 = Láser hacia abajo\\r\",\n      \"820 = Láser hacia la derecha\\r\",\n      \"830 = Láser hacia la izquierda\\r\",\n      \"101 = Salida hacia la izquierda\\r\",\n      \"102 = Salida hacia la derecha\\r\",\n      \"Enemigos\\r\",\n      \"90 = Sapo\\r\",\n      \"91 = Murciélago\\r\",\n      \"92 = Gato\\r\",\n      \"Personaje\\r\",\n      \"99 = Posición inicial del jugador\\r\",\n      \"------------------------------------------------------------\\r\",\n      \"Canales\\r\",\n      \"------------------------------------------------------------\\r\",\n      \"Algunos objetos (palancas, botones, puertas, pinchos, láseres, etc.)\\r\",\n      \"pueden pertenecer a un canal.\\r\",\n      \"El canal se codifica agregando un dígito al final del ID.\\r\",\n      \"Ejemplos:\\r\",\n      \"301 -> Pinchos del canal 1\\r\",\n      \"304 -> Pinchos del canal 4\\r\",\n      \"81 -> Botón del canal 1\\r\",\n      \"85 -> Botón del canal 5\\r\",\n      \"521 -> Puerta vertical del canal 1\\r\",\n      \"525 -> Puerta vertical del canal 5\\r\",\n      \"Cuando la fábrica recibe un ID que no existe exactamente, intenta\\r\",\n      \"interpretarlo de la siguiente forma:\\r\",\n      \"objeto = id / 10\\r\",\n      \"canal  = id % 10\\r\",\n      \"Si existe un constructor para \\\"objeto\\\", crea la instancia utilizando el\\r\",\n      \"canal obtenido.\\r\",\n      \"De esta forma no es necesario registrar un constructor para cada posible\\r\",\n      \"canal, sino solamente para el tipo base del objeto.\\r\"\n    ]\n  ]\n} {\n  \"errors\": [\n    null,\n    [\n      \"/*\\r\",\n      \"Este archivo define los identificadores (IDs) utilizados por los niveles y\\r\",\n      \"cómo la fábrica convierte cada ID en un objeto del juego.\\r\",\n      \"Cada celda del nivel contiene un número entero.\\r\",\n      \"Los IDs simples representan directamente un tipo de objeto:\\r\",\n      \"Objetos\\r\",\n      \"0   = Celda vacía\\r\",\n      \"1   = Colisión\\r\",\n      \"2   = Moneda\\r\",\n      \"20  = Baldosa\\r\",\n      \"30  = Pinchos\\r\",\n      \"31  = Pinchos cerrados\\r\",\n      \"4   = Palanca\\r\",\n      \"6   = Caja\\r\",\n      \"7   = Portal\\r\",\n      \"8   = Botón\\r\",\n      \"51  = Puerta horizontal\\r\",\n      \"52  = Puerta vertical\\r\",\n      \"53  = Puerta horizontal abierta\\r\",\n      \"54  = Puerta vertical abierta\\r\",\n      \"800 = Láser hacia arriba\\r\",\n      \"810 = Láser hacia abajo\\r\",\n      \"820 = Láser hacia la derecha\\r\",\n      \"830 = Láser hacia la izquierda\\r\",\n      \"101 = Salida hacia la izquierda\\r\",\n      \"102 = Salida hacia la derecha\\r\",\n      \"Enemigos\\r\",\n      \"90 = Sapo\\r\",\n      \"91 = Murciélago\\r\",\n      \"92 = Gato\\r\",\n      \"Personaje\\r\",\n      \"99 = Posición inicial del jugador\\r\",\n      \"------------------------------------------------------------\\r\",\n      \"Canales\\r\",\n      \"------------------------------------------------------------\\r\",\n      \"Algunos objetos (palancas, botones, puertas, pinchos, láseres, etc.)\\r\",\n      \"pueden pertenecer a un canal.\\r\",\n      \"El canal se codifica agregando un dígito al final del ID.\\r\",\n      \"Ejemplos:\\r\",\n      \"301 -> Pinchos del canal 1\\r\",\n      \"304 -> Pinchos del canal 4\\r\",\n      \"81 -> Botón del canal 1\\r\",\n      \"85 -> Botón del canal 5\\r\",\n      \"521 -> Puerta vertical del canal 1\\r\",\n      \"525 -> Puerta vertical del canal 5\\r\",\n      \"Cuando la fábrica recibe un ID que no existe exactamente, intenta\\r\",\n      \"interpretarlo de la siguiente forma:\\r\",\n      \"objeto = id / 10\\r\",\n      \"canal  = id % 10\\r\",\n      \"Si existe un constructor para \\\"objeto\\\", crea la instancia utilizando el\\r\",\n      \"canal obtenido.\\r\",\n      \"De esta forma no es necesario registrar un constructor para cada posible\\r\",\n      \"canal, sino solamente para el tipo base del objeto.\\r\"\n    ]\n  ]\n}","stack":"Error: {\n  \"errors\": [\n    null,\n    [\n      \"/*\\r\",\n      \"Este archivo define los identificadores (IDs) utilizados por los niveles y\\r\",\n      \"cómo la fábrica convierte cada ID en un objeto del juego.\\r\",\n      \"Cada celda del nivel contiene un número entero.\\r\",\n      \"Los IDs simples representan directamente un tipo de objeto:\\r\",\n      \"Objetos\\r\",\n      \"0   = Celda vacía\\r\",\n      \"1   = Colisión\\r\",\n      \"2   = Moneda\\r\",\n      \"20  = Baldosa\\r\",\n      \"30  = Pinchos\\r\",\n      \"31  = Pinchos cerrados\\r\",\n      \"4   = Palanca\\r\",\n      \"6   = Caja\\r\",\n      \"7   = Portal\\r\",\n      \"8   = Botón\\r\",\n      \"51  = Puerta horizontal\\r\",\n      \"52  = Puerta vertical\\r\",\n      \"53  = Puerta horizontal abierta\\r\",\n      \"54  = Puerta vertical abierta\\r\",\n      \"800 = Láser hacia arriba\\r\",\n      \"810 = Láser hacia abajo\\r\",\n      \"820 = Láser hacia la derecha\\r\",\n      \"830 = Láser hacia la izquierda\\r\",\n      \"101 = Salida hacia la izquierda\\r\",\n      \"102 = Salida hacia la derecha\\r\",\n      \"Enemigos\\r\",\n      \"90 = Sapo\\r\",\n      \"91 = Murciélago\\r\",\n      \"92 = Gato\\r\",\n      \"Personaje\\r\",\n      \"99 = Posición inicial del jugador\\r\",\n      \"------------------------------------------------------------\\r\",\n      \"Canales\\r\",\n      \"------------------------------------------------------------\\r\",\n      \"Algunos objetos (palancas, botones, puertas, pinchos, láseres, etc.)\\r\",\n      \"pueden pertenecer a un canal.\\r\",\n      \"El canal se codifica agregando un dígito al final del ID.\\r\",\n      \"Ejemplos:\\r\",\n      \"301 -> Pinchos del canal 1\\r\",\n      \"304 -> Pinchos del canal 4\\r\",\n      \"81 -> Botón del canal 1\\r\",\n      \"85 -> Botón del canal 5\\r\",\n      \"521 -> Puerta vertical del canal 1\\r\",\n      \"525 -> Puerta vertical del canal 5\\r\",\n      \"Cuando la fábrica recibe un ID que no existe exactamente, intenta\\r\",\n      \"interpretarlo de la siguiente forma:\\r\",\n      \"objeto = id / 10\\r\",\n      \"canal  = id % 10\\r\",\n      \"Si existe un constructor para \\\"objeto\\\", crea la instancia utilizando el\\r\",\n      \"canal obtenido.\\r\",\n      \"De esta forma no es necesario registrar un constructor para cada posible\\r\",\n      \"canal, sino solamente para el tipo base del objeto.\\r\"\n    ]\n  ]\n}\n    at lS (c:\\Users\\Usuario\\.vscode\\extensions\\uqbar.wollok-lsp-ide-0.5.4\\out\\server\\src\\server.js:64:34609)\n    at Q1 (c:\\Users\\Usuario\\.vscode\\extensions\\uqbar.wollok-lsp-ide-0.5.4\\out\\server\\src\\server.js:64:34682)\n    at c:\\Users\\Usuario\\.vscode\\extensions\\uqbar.wollok-lsp-ide-0.5.4\\out\\server\\src\\server.js:64:37949\n    at o.y1 (c:\\Users\\Usuario\\.vscode\\extensions\\uqbar.wollok-lsp-ide-0.5.4\\out\\server\\src\\server.js:57:59114)\n    at c:\\Users\\Usuario\\.vscode\\extensions\\uqbar.wollok-lsp-ide-0.5.4\\out\\server\\src\\server.js:64:37918\n    at c:\\Users\\Usuario\\.vscode\\extensions\\uqbar.wollok-lsp-ide-0.5.4\\out\\server\\src\\server.js:57:57154\n    at Cfn (c:\\Users\\Usuario\\.vscode\\extensions\\uqbar.wollok-lsp-ide-0.5.4\\out\\server\\src\\server.js:68:11324)\n    at c:\\Users\\Usuario\\.vscode\\extensions\\uqbar.wollok-lsp-ide-0.5.4\\out\\server\\src\\server.js:68:3629\n    at Array.map (<anonymous>)\n    at c:\\Users\\Usuario\\.vscode\\extensions\\uqbar.wollok-lsp-ide-0.5.4\\out\\server\\src\\server.js:68:4693","timestamp":"2026-07-11T04:01:33.702Z"}
{"errors":{"errors":[null,["/*\r","Este archivo define los identificadores (IDs) utilizados por los niveles y\r","cómo la fábrica convierte cada ID en un objeto del juego.\r","Cada celda del nivel contiene un número entero.\r","Los IDs simples representan directamente un tipo de objeto:\r","Objetos\r","0   = Celda vacía\r","1   = Colisión\r","2   = Moneda\r","20  = Baldosa\r","30  = Pinchos\r","31  = Pinchos cerrados\r","4   = Palanca\r","6   = Caja\r","7   = Portal\r","8   = Botón\r","51  = Puerta horizontal\r","52  = Puerta vertical\r","53  = Puerta horizontal abierta\r","54  = Puerta vertical abierta\r","800 = Láser hacia arriba\r","810 = Láser hacia abajo\r","820 = Láser hacia la derecha\r","830 = Láser hacia la izquierda\r","101 = Salida hacia la izquierda\r","102 = Salida hacia la derecha\r","Enemigos\r","90 = Sapo\r","91 = Murciélago\r","92 = Gato\r","Personaje\r","99 = Posición inicial del jugador\r","------------------------------------------------------------\r","Canales\r","------------------------------------------------------------\r","Algunos objetos (palancas, botones, puertas, pinchos, láseres, etc.)\r","pueden pertenecer a un canal.\r","El canal se codifica agregando un dígito al final del ID.\r","Ejemplos:\r","301 -> Pinchos del canal 1\r","304 -> Pinchos del canal 4\r","81 -> Botón del canal 1\r","85 -> Botón del canal 5\r","521 -> Puerta vertical del canal 1\r","525 -> Puerta vertical del canal 5\r","Cuando la fábrica recibe un ID que no existe exactamente, intenta\r","interpretarlo de la siguiente forma:\r","objeto = id / 10\r","canal  = id % 10\r","Si existe un constructor para \"objeto\", crea la instancia utilizando el\r","canal obtenido.\r","De esta forma no es necesario registrar un constructor para cada posible\r","canal, sino solamente para el tipo base del objeto.\r"]]},"level":"error","message":"✘ Failed to get type description: Error: {\n  \"errors\": [\n    null,\n    [\n      \"/*\\r\",\n      \"Este archivo define los identificadores (IDs) utilizados por los niveles y\\r\",\n      \"cómo la fábrica convierte cada ID en un objeto del juego.\\r\",\n      \"Cada celda del nivel contiene un número entero.\\r\",\n      \"Los IDs simples representan directamente un tipo de objeto:\\r\",\n      \"Objetos\\r\",\n      \"0   = Celda vacía\\r\",\n      \"1   = Colisión\\r\",\n      \"2   = Moneda\\r\",\n      \"20  = Baldosa\\r\",\n      \"30  = Pinchos\\r\",\n      \"31  = Pinchos cerrados\\r\",\n      \"4   = Palanca\\r\",\n      \"6   = Caja\\r\",\n      \"7   = Portal\\r\",\n      \"8   = Botón\\r\",\n      \"51  = Puerta horizontal\\r\",\n      \"52  = Puerta vertical\\r\",\n      \"53  = Puerta horizontal abierta\\r\",\n      \"54  = Puerta vertical abierta\\r\",\n      \"800 = Láser hacia arriba\\r\",\n      \"810 = Láser hacia abajo\\r\",\n      \"820 = Láser hacia la derecha\\r\",\n      \"830 = Láser hacia la izquierda\\r\",\n      \"101 = Salida hacia la izquierda\\r\",\n      \"102 = Salida hacia la derecha\\r\",\n      \"Enemigos\\r\",\n      \"90 = Sapo\\r\",\n      \"91 = Murciélago\\r\",\n      \"92 = Gato\\r\",\n      \"Personaje\\r\",\n      \"99 = Posición inicial del jugador\\r\",\n      \"------------------------------------------------------------\\r\",\n      \"Canales\\r\",\n      \"------------------------------------------------------------\\r\",\n      \"Algunos objetos (palancas, botones, puertas, pinchos, láseres, etc.)\\r\",\n      \"pueden pertenecer a un canal.\\r\",\n      \"El canal se codifica agregando un dígito al final del ID.\\r\",\n      \"Ejemplos:\\r\",\n      \"301 -> Pinchos del canal 1\\r\",\n      \"304 -> Pinchos del canal 4\\r\",\n      \"81 -> Botón del canal 1\\r\",\n      \"85 -> Botón del canal 5\\r\",\n      \"521 -> Puerta vertical del canal 1\\r\",\n      \"525 -> Puerta vertical del canal 5\\r\",\n      \"Cuando la fábrica recibe un ID que no existe exactamente, intenta\\r\",\n      \"interpretarlo de la siguiente forma:\\r\",\n      \"objeto = id / 10\\r\",\n      \"canal  = id % 10\\r\",\n      \"Si existe un constructor para \\\"objeto\\\", crea la instancia utilizando el\\r\",\n      \"canal obtenido.\\r\",\n      \"De esta forma no es necesario registrar un constructor para cada posible\\r\",\n      \"canal, sino solamente para el tipo base del objeto.\\r\"\n    ]\n  ]\n} {\n  \"errors\": [\n    null,\n    [\n      \"/*\\r\",\n      \"Este archivo define los identificadores (IDs) utilizados por los niveles y\\r\",\n      \"cómo la fábrica convierte cada ID en un objeto del juego.\\r\",\n      \"Cada celda del nivel contiene un número entero.\\r\",\n      \"Los IDs simples representan directamente un tipo de objeto:\\r\",\n      \"Objetos\\r\",\n      \"0   = Celda vacía\\r\",\n      \"1   = Colisión\\r\",\n      \"2   = Moneda\\r\",\n      \"20  = Baldosa\\r\",\n      \"30  = Pinchos\\r\",\n      \"31  = Pinchos cerrados\\r\",\n      \"4   = Palanca\\r\",\n      \"6   = Caja\\r\",\n      \"7   = Portal\\r\",\n      \"8   = Botón\\r\",\n      \"51  = Puerta horizontal\\r\",\n      \"52  = Puerta vertical\\r\",\n      \"53  = Puerta horizontal abierta\\r\",\n      \"54  = Puerta vertical abierta\\r\",\n      \"800 = Láser hacia arriba\\r\",\n      \"810 = Láser hacia abajo\\r\",\n      \"820 = Láser hacia la derecha\\r\",\n      \"830 = Láser hacia la izquierda\\r\",\n      \"101 = Salida hacia la izquierda\\r\",\n      \"102 = Salida hacia la derecha\\r\",\n      \"Enemigos\\r\",\n      \"90 = Sapo\\r\",\n      \"91 = Murciélago\\r\",\n      \"92 = Gato\\r\",\n      \"Personaje\\r\",\n      \"99 = Posición inicial del jugador\\r\",\n      \"------------------------------------------------------------\\r\",\n      \"Canales\\r\",\n      \"------------------------------------------------------------\\r\",\n      \"Algunos objetos (palancas, botones, puertas, pinchos, láseres, etc.)\\r\",\n      \"pueden pertenecer a un canal.\\r\",\n      \"El canal se codifica agregando un dígito al final del ID.\\r\",\n      \"Ejemplos:\\r\",\n      \"301 -> Pinchos del canal 1\\r\",\n      \"304 -> Pinchos del canal 4\\r\",\n      \"81 -> Botón del canal 1\\r\",\n      \"85 -> Botón del canal 5\\r\",\n      \"521 -> Puerta vertical del canal 1\\r\",\n      \"525 -> Puerta vertical del canal 5\\r\",\n      \"Cuando la fábrica recibe un ID que no existe exactamente, intenta\\r\",\n      \"interpretarlo de la siguiente forma:\\r\",\n      \"objeto = id / 10\\r\",\n      \"canal  = id % 10\\r\",\n      \"Si existe un constructor para \\\"objeto\\\", crea la instancia utilizando el\\r\",\n      \"canal obtenido.\\r\",\n      \"De esta forma no es necesario registrar un constructor para cada posible\\r\",\n      \"canal, sino solamente para el tipo base del objeto.\\r\"\n    ]\n  ]\n}","stack":"Error: {\n  \"errors\": [\n    null,\n    [\n      \"/*\\r\",\n      \"Este archivo define los identificadores (IDs) utilizados por los niveles y\\r\",\n      \"cómo la fábrica convierte cada ID en un objeto del juego.\\r\",\n      \"Cada celda del nivel contiene un número entero.\\r\",\n      \"Los IDs simples representan directamente un tipo de objeto:\\r\",\n      \"Objetos\\r\",\n      \"0   = Celda vacía\\r\",\n      \"1   = Colisión\\r\",\n      \"2   = Moneda\\r\",\n      \"20  = Baldosa\\r\",\n      \"30  = Pinchos\\r\",\n      \"31  = Pinchos cerrados\\r\",\n      \"4   = Palanca\\r\",\n      \"6   = Caja\\r\",\n      \"7   = Portal\\r\",\n      \"8   = Botón\\r\",\n      \"51  = Puerta horizontal\\r\",\n      \"52  = Puerta vertical\\r\",\n      \"53  = Puerta horizontal abierta\\r\",\n      \"54  = Puerta vertical abierta\\r\",\n      \"800 = Láser hacia arriba\\r\",\n      \"810 = Láser hacia abajo\\r\",\n      \"820 = Láser hacia la derecha\\r\",\n      \"830 = Láser hacia la izquierda\\r\",\n      \"101 = Salida hacia la izquierda\\r\",\n      \"102 = Salida hacia la derecha\\r\",\n      \"Enemigos\\r\",\n      \"90 = Sapo\\r\",\n      \"91 = Murciélago\\r\",\n      \"92 = Gato\\r\",\n      \"Personaje\\r\",\n      \"99 = Posición inicial del jugador\\r\",\n      \"------------------------------------------------------------\\r\",\n      \"Canales\\r\",\n      \"------------------------------------------------------------\\r\",\n      \"Algunos objetos (palancas, botones, puertas, pinchos, láseres, etc.)\\r\",\n      \"pueden pertenecer a un canal.\\r\",\n      \"El canal se codifica agregando un dígito al final del ID.\\r\",\n      \"Ejemplos:\\r\",\n      \"301 -> Pinchos del canal 1\\r\",\n      \"304 -> Pinchos del canal 4\\r\",\n      \"81 -> Botón del canal 1\\r\",\n      \"85 -> Botón del canal 5\\r\",\n      \"521 -> Puerta vertical del canal 1\\r\",\n      \"525 -> Puerta vertical del canal 5\\r\",\n      \"Cuando la fábrica recibe un ID que no existe exactamente, intenta\\r\",\n      \"interpretarlo de la siguiente forma:\\r\",\n      \"objeto = id / 10\\r\",\n      \"canal  = id % 10\\r\",\n      \"Si existe un constructor para \\\"objeto\\\", crea la instancia utilizando el\\r\",\n      \"canal obtenido.\\r\",\n      \"De esta forma no es necesario registrar un constructor para cada posible\\r\",\n      \"canal, sino solamente para el tipo base del objeto.\\r\"\n    ]\n  ]\n}\n    at lS (c:\\Users\\Usuario\\.vscode\\extensions\\uqbar.wollok-lsp-ide-0.5.4\\out\\server\\src\\server.js:64:34609)\n    at Q1 (c:\\Users\\Usuario\\.vscode\\extensions\\uqbar.wollok-lsp-ide-0.5.4\\out\\server\\src\\server.js:64:34682)\n    at c:\\Users\\Usuario\\.vscode\\extensions\\uqbar.wollok-lsp-ide-0.5.4\\out\\server\\src\\server.js:64:37949\n    at o.y1 (c:\\Users\\Usuario\\.vscode\\extensions\\uqbar.wollok-lsp-ide-0.5.4\\out\\server\\src\\server.js:57:59114)\n    at c:\\Users\\Usuario\\.vscode\\extensions\\uqbar.wollok-lsp-ide-0.5.4\\out\\server\\src\\server.js:64:37918\n    at c:\\Users\\Usuario\\.vscode\\extensions\\uqbar.wollok-lsp-ide-0.5.4\\out\\server\\src\\server.js:57:57154\n    at Cfn (c:\\Users\\Usuario\\.vscode\\extensions\\uqbar.wollok-lsp-ide-0.5.4\\out\\server\\src\\server.js:68:11324)\n    at c:\\Users\\Usuario\\.vscode\\extensions\\uqbar.wollok-lsp-ide-0.5.4\\out\\server\\src\\server.js:68:3629\n    at Array.map (<anonymous>)\n    at c:\\Users\\Usuario\\.vscode\\extensions\\uqbar.wollok-lsp-ide-0.5.4\\out\\server\\src\\server.js:68:4693","timestamp":"2026-07-11T04:01:34.105Z"}
{"errors":{"errors":[null,["/*\r","Este archivo define los identificadores (IDs) utilizados por los niveles y\r","cómo la fábrica convierte cada ID en un objeto del juego.\r","Cada celda del nivel contiene un número entero.\r","Los IDs simples representan directamente un tipo de objeto:\r","Objetos\r","0   = Celda vacía\r","1   = Colisión\r","2   = Moneda\r","20  = Baldosa\r","30  = Pinchos\r","31  = Pinchos cerrados\r","4   = Palanca\r","6   = Caja\r","7   = Portal\r","8   = Botón\r","51  = Puerta horizontal\r","52  = Puerta vertical\r","53  = Puerta horizontal abierta\r","54  = Puerta vertical abierta\r","800 = Láser hacia arriba\r","810 = Láser hacia abajo\r","820 = Láser hacia la derecha\r","830 = Láser hacia la izquierda\r","101 = Salida hacia la izquierda\r","102 = Salida hacia la derecha\r","Enemigos\r","90 = Sapo\r","91 = Murciélago\r","92 = Gato\r","Personaje\r","99 = Posición inicial del jugador\r","------------------------------------------------------------\r","Canales\r","------------------------------------------------------------\r","Algunos objetos (palancas, botones, puertas, pinchos, láseres, etc.)\r","pueden pertenecer a un canal.\r","El canal se codifica agregando un dígito al final del ID.\r","Ejemplos:\r","301 -> Pinchos del canal 1\r","304 -> Pinchos del canal 4\r","81 -> Botón del canal 1\r","85 -> Botón del canal 5\r","521 -> Puerta vertical del canal 1\r","525 -> Puerta vertical del canal 5\r","Cuando la fábrica recibe un ID que no existe exactamente, intenta\r","interpretarlo de la siguiente forma:\r","objeto = id / 10\r","canal  = id % 10\r","Si existe un constructor para \"objeto\", crea la instancia utilizando el\r","canal obtenido.\r","De esta forma no es necesario registrar un constructor para cada posible\r","canal, sino solamente para el tipo base del objeto.\r"]]},"level":"error","message":"✘ Failed to get type description: Error: {\n  \"errors\": [\n    null,\n    [\n      \"/*\\r\",\n      \"Este archivo define los identificadores (IDs) utilizados por los niveles y\\r\",\n      \"cómo la fábrica convierte cada ID en un objeto del juego.\\r\",\n      \"Cada celda del nivel contiene un número entero.\\r\",\n      \"Los IDs simples representan directamente un tipo de objeto:\\r\",\n      \"Objetos\\r\",\n      \"0   = Celda vacía\\r\",\n      \"1   = Colisión\\r\",\n      \"2   = Moneda\\r\",\n      \"20  = Baldosa\\r\",\n      \"30  = Pinchos\\r\",\n      \"31  = Pinchos cerrados\\r\",\n      \"4   = Palanca\\r\",\n      \"6   = Caja\\r\",\n      \"7   = Portal\\r\",\n      \"8   = Botón\\r\",\n      \"51  = Puerta horizontal\\r\",\n      \"52  = Puerta vertical\\r\",\n      \"53  = Puerta horizontal abierta\\r\",\n      \"54  = Puerta vertical abierta\\r\",\n      \"800 = Láser hacia arriba\\r\",\n      \"810 = Láser hacia abajo\\r\",\n      \"820 = Láser hacia la derecha\\r\",\n      \"830 = Láser hacia la izquierda\\r\",\n      \"101 = Salida hacia la izquierda\\r\",\n      \"102 = Salida hacia la derecha\\r\",\n      \"Enemigos\\r\",\n      \"90 = Sapo\\r\",\n      \"91 = Murciélago\\r\",\n      \"92 = Gato\\r\",\n      \"Personaje\\r\",\n      \"99 = Posición inicial del jugador\\r\",\n      \"------------------------------------------------------------\\r\",\n      \"Canales\\r\",\n      \"------------------------------------------------------------\\r\",\n      \"Algunos objetos (palancas, botones, puertas, pinchos, láseres, etc.)\\r\",\n      \"pueden pertenecer a un canal.\\r\",\n      \"El canal se codifica agregando un dígito al final del ID.\\r\",\n      \"Ejemplos:\\r\",\n      \"301 -> Pinchos del canal 1\\r\",\n      \"304 -> Pinchos del canal 4\\r\",\n      \"81 -> Botón del canal 1\\r\",\n      \"85 -> Botón del canal 5\\r\",\n      \"521 -> Puerta vertical del canal 1\\r\",\n      \"525 -> Puerta vertical del canal 5\\r\",\n      \"Cuando la fábrica recibe un ID que no existe exactamente, intenta\\r\",\n      \"interpretarlo de la siguiente forma:\\r\",\n      \"objeto = id / 10\\r\",\n      \"canal  = id % 10\\r\",\n      \"Si existe un constructor para \\\"objeto\\\", crea la instancia utilizando el\\r\",\n      \"canal obtenido.\\r\",\n      \"De esta forma no es necesario registrar un constructor para cada posible\\r\",\n      \"canal, sino solamente para el tipo base del objeto.\\r\"\n    ]\n  ]\n} {\n  \"errors\": [\n    null,\n    [\n      \"/*\\r\",\n      \"Este archivo define los identificadores (IDs) utilizados por los niveles y\\r\",\n      \"cómo la fábrica convierte cada ID en un objeto del juego.\\r\",\n      \"Cada celda del nivel contiene un número entero.\\r\",\n      \"Los IDs simples representan directamente un tipo de objeto:\\r\",\n      \"Objetos\\r\",\n      \"0   = Celda vacía\\r\",\n      \"1   = Colisión\\r\",\n      \"2   = Moneda\\r\",\n      \"20  = Baldosa\\r\",\n      \"30  = Pinchos\\r\",\n      \"31  = Pinchos cerrados\\r\",\n      \"4   = Palanca\\r\",\n      \"6   = Caja\\r\",\n      \"7   = Portal\\r\",\n      \"8   = Botón\\r\",\n      \"51  = Puerta horizontal\\r\",\n      \"52  = Puerta vertical\\r\",\n      \"53  = Puerta horizontal abierta\\r\",\n      \"54  = Puerta vertical abierta\\r\",\n      \"800 = Láser hacia arriba\\r\",\n      \"810 = Láser hacia abajo\\r\",\n      \"820 = Láser hacia la derecha\\r\",\n      \"830 = Láser hacia la izquierda\\r\",\n      \"101 = Salida hacia la izquierda\\r\",\n      \"102 = Salida hacia la derecha\\r\",\n      \"Enemigos\\r\",\n      \"90 = Sapo\\r\",\n      \"91 = Murciélago\\r\",\n      \"92 = Gato\\r\",\n      \"Personaje\\r\",\n      \"99 = Posición inicial del jugador\\r\",\n      \"------------------------------------------------------------\\r\",\n      \"Canales\\r\",\n      \"------------------------------------------------------------\\r\",\n      \"Algunos objetos (palancas, botones, puertas, pinchos, láseres, etc.)\\r\",\n      \"pueden pertenecer a un canal.\\r\",\n      \"El canal se codifica agregando un dígito al final del ID.\\r\",\n      \"Ejemplos:\\r\",\n      \"301 -> Pinchos del canal 1\\r\",\n      \"304 -> Pinchos del canal 4\\r\",\n      \"81 -> Botón del canal 1\\r\",\n      \"85 -> Botón del canal 5\\r\",\n      \"521 -> Puerta vertical del canal 1\\r\",\n      \"525 -> Puerta vertical del canal 5\\r\",\n      \"Cuando la fábrica recibe un ID que no existe exactamente, intenta\\r\",\n      \"interpretarlo de la siguiente forma:\\r\",\n      \"objeto = id / 10\\r\",\n      \"canal  = id % 10\\r\",\n      \"Si existe un constructor para \\\"objeto\\\", crea la instancia utilizando el\\r\",\n      \"canal obtenido.\\r\",\n      \"De esta forma no es necesario registrar un constructor para cada posible\\r\",\n      \"canal, sino solamente para el tipo base del objeto.\\r\"\n    ]\n  ]\n}","stack":"Error: {\n  \"errors\": [\n    null,\n    [\n      \"/*\\r\",\n      \"Este archivo define los identificadores (IDs) utilizados por los niveles y\\r\",\n      \"cómo la fábrica convierte cada ID en un objeto del juego.\\r\",\n      \"Cada celda del nivel contiene un número entero.\\r\",\n      \"Los IDs simples representan directamente un tipo de objeto:\\r\",\n      \"Objetos\\r\",\n      \"0   = Celda vacía\\r\",\n      \"1   = Colisión\\r\",\n      \"2   = Moneda\\r\",\n      \"20  = Baldosa\\r\",\n      \"30  = Pinchos\\r\",\n      \"31  = Pinchos cerrados\\r\",\n      \"4   = Palanca\\r\",\n      \"6   = Caja\\r\",\n      \"7   = Portal\\r\",\n      \"8   = Botón\\r\",\n      \"51  = Puerta horizontal\\r\",\n      \"52  = Puerta vertical\\r\",\n      \"53  = Puerta horizontal abierta\\r\",\n      \"54  = Puerta vertical abierta\\r\",\n      \"800 = Láser hacia arriba\\r\",\n      \"810 = Láser hacia abajo\\r\",\n      \"820 = Láser hacia la derecha\\r\",\n      \"830 = Láser hacia la izquierda\\r\",\n      \"101 = Salida hacia la izquierda\\r\",\n      \"102 = Salida hacia la derecha\\r\",\n      \"Enemigos\\r\",\n      \"90 = Sapo\\r\",\n      \"91 = Murciélago\\r\",\n      \"92 = Gato\\r\",\n      \"Personaje\\r\",\n      \"99 = Posición inicial del jugador\\r\",\n      \"------------------------------------------------------------\\r\",\n      \"Canales\\r\",\n      \"------------------------------------------------------------\\r\",\n      \"Algunos objetos (palancas, botones, puertas, pinchos, láseres, etc.)\\r\",\n      \"pueden pertenecer a un canal.\\r\",\n      \"El canal se codifica agregando un dígito al final del ID.\\r\",\n      \"Ejemplos:\\r\",\n      \"301 -> Pinchos del canal 1\\r\",\n      \"304 -> Pinchos del canal 4\\r\",\n      \"81 -> Botón del canal 1\\r\",\n      \"85 -> Botón del canal 5\\r\",\n      \"521 -> Puerta vertical del canal 1\\r\",\n      \"525 -> Puerta vertical del canal 5\\r\",\n      \"Cuando la fábrica recibe un ID que no existe exactamente, intenta\\r\",\n      \"interpretarlo de la siguiente forma:\\r\",\n      \"objeto = id / 10\\r\",\n      \"canal  = id % 10\\r\",\n      \"Si existe un constructor para \\\"objeto\\\", crea la instancia utilizando el\\r\",\n      \"canal obtenido.\\r\",\n      \"De esta forma no es necesario registrar un constructor para cada posible\\r\",\n      \"canal, sino solamente para el tipo base del objeto.\\r\"\n    ]\n  ]\n}\n    at lS (c:\\Users\\Usuario\\.vscode\\extensions\\uqbar.wollok-lsp-ide-0.5.4\\out\\server\\src\\server.js:64:34609)\n    at Q1 (c:\\Users\\Usuario\\.vscode\\extensions\\uqbar.wollok-lsp-ide-0.5.4\\out\\server\\src\\server.js:64:34682)\n    at c:\\Users\\Usuario\\.vscode\\extensions\\uqbar.wollok-lsp-ide-0.5.4\\out\\server\\src\\server.js:64:37949\n    at o.y1 (c:\\Users\\Usuario\\.vscode\\extensions\\uqbar.wollok-lsp-ide-0.5.4\\out\\server\\src\\server.js:57:59114)\n    at c:\\Users\\Usuario\\.vscode\\extensions\\uqbar.wollok-lsp-ide-0.5.4\\out\\server\\src\\server.js:64:37918\n    at c:\\Users\\Usuario\\.vscode\\extensions\\uqbar.wollok-lsp-ide-0.5.4\\out\\server\\src\\server.js:57:57154\n    at Cfn (c:\\Users\\Usuario\\.vscode\\extensions\\uqbar.wollok-lsp-ide-0.5.4\\out\\server\\src\\server.js:68:11324)\n    at c:\\Users\\Usuario\\.vscode\\extensions\\uqbar.wollok-lsp-ide-0.5.4\\out\\server\\src\\server.js:68:3629\n    at Array.map (<anonymous>)\n    at c:\\Users\\Usuario\\.vscode\\extensions\\uqbar.wollok-lsp-ide-0.5.4\\out\\server\\src\\server.js:68:4693","timestamp":"2026-07-11T04:01:34.330Z"}
{"errors":{"errors":[null,["/*\r","Este archivo define los identificadores (IDs) utilizados por los niveles y\r","cómo la fábrica convierte cada ID en un objeto del juego.\r","Cada celda del nivel contiene un número entero.\r","Los IDs simples representan directamente un tipo de objeto:\r","Objetos\r","0   = Celda vacía\r","1   = Colisión\r","2   = Moneda\r","20  = Baldosa\r","30  = Pinchos\r","31  = Pinchos cerrados\r","4   = Palanca\r","6   = Caja\r","7   = Portal\r","8   = Botón\r","51  = Puerta horizontal\r","52  = Puerta vertical\r","53  = Puerta horizontal abierta\r","54  = Puerta vertical abierta\r","800 = Láser hacia arriba\r","810 = Láser hacia abajo\r","820 = Láser hacia la derecha\r","830 = Láser hacia la izquierda\r","101 = Salida hacia la izquierda\r","102 = Salida hacia la derecha\r","Enemigos\r","90 = Sapo\r","91 = Murciélago\r","92 = Gato\r","Personaje\r","99 = Posición inicial del jugador\r","------------------------------------------------------------\r","Canales\r","------------------------------------------------------------\r","Algunos objetos (palancas, botones, puertas, pinchos, láseres, etc.)\r","pueden pertenecer a un canal.\r","El canal se codifica agregando un dígito al final del ID.\r","Ejemplos:\r","301 -> Pinchos del canal 1\r","304 -> Pinchos del canal 4\r","81 -> Botón del canal 1\r","85 -> Botón del canal 5\r","521 -> Puerta vertical del canal 1\r","525 -> Puerta vertical del canal 5\r","Cuando la fábrica recibe un ID que no existe exactamente, intenta\r","interpretarlo de la siguiente forma:\r","objeto = id / 10\r","canal  = id % 10\r","Si existe un constructor para \"objeto\", crea la instancia utilizando el\r","canal obtenido.\r","De esta forma no es necesario registrar un constructor para cada posible\r","canal, sino solamente para el tipo base del objeto.\r"]]},"level":"error","message":"✘ Failed to get type description: Error: {\n  \"errors\": [\n    null,\n    [\n      \"/*\\r\",\n      \"Este archivo define los identificadores (IDs) utilizados por los niveles y\\r\",\n      \"cómo la fábrica convierte cada ID en un objeto del juego.\\r\",\n      \"Cada celda del nivel contiene un número entero.\\r\",\n      \"Los IDs simples representan directamente un tipo de objeto:\\r\",\n      \"Objetos\\r\",\n      \"0   = Celda vacía\\r\",\n      \"1   = Colisión\\r\",\n      \"2   = Moneda\\r\",\n      \"20  = Baldosa\\r\",\n      \"30  = Pinchos\\r\",\n      \"31  = Pinchos cerrados\\r\",\n      \"4   = Palanca\\r\",\n      \"6   = Caja\\r\",\n      \"7   = Portal\\r\",\n      \"8   = Botón\\r\",\n      \"51  = Puerta horizontal\\r\",\n      \"52  = Puerta vertical\\r\",\n      \"53  = Puerta horizontal abierta\\r\",\n      \"54  = Puerta vertical abierta\\r\",\n      \"800 = Láser hacia arriba\\r\",\n      \"810 = Láser hacia abajo\\r\",\n      \"820 = Láser hacia la derecha\\r\",\n      \"830 = Láser hacia la izquierda\\r\",\n      \"101 = Salida hacia la izquierda\\r\",\n      \"102 = Salida hacia la derecha\\r\",\n      \"Enemigos\\r\",\n      \"90 = Sapo\\r\",\n      \"91 = Murciélago\\r\",\n      \"92 = Gato\\r\",\n      \"Personaje\\r\",\n      \"99 = Posición inicial del jugador\\r\",\n      \"------------------------------------------------------------\\r\",\n      \"Canales\\r\",\n      \"------------------------------------------------------------\\r\",\n      \"Algunos objetos (palancas, botones, puertas, pinchos, láseres, etc.)\\r\",\n      \"pueden pertenecer a un canal.\\r\",\n      \"El canal se codifica agregando un dígito al final del ID.\\r\",\n      \"Ejemplos:\\r\",\n      \"301 -> Pinchos del canal 1\\r\",\n      \"304 -> Pinchos del canal 4\\r\",\n      \"81 -> Botón del canal 1\\r\",\n      \"85 -> Botón del canal 5\\r\",\n      \"521 -> Puerta vertical del canal 1\\r\",\n      \"525 -> Puerta vertical del canal 5\\r\",\n      \"Cuando la fábrica recibe un ID que no existe exactamente, intenta\\r\",\n      \"interpretarlo de la siguiente forma:\\r\",\n      \"objeto = id / 10\\r\",\n      \"canal  = id % 10\\r\",\n      \"Si existe un constructor para \\\"objeto\\\", crea la instancia utilizando el\\r\",\n      \"canal obtenido.\\r\",\n      \"De esta forma no es necesario registrar un constructor para cada posible\\r\",\n      \"canal, sino solamente para el tipo base del objeto.\\r\"\n    ]\n  ]\n} {\n  \"errors\": [\n    null,\n    [\n      \"/*\\r\",\n      \"Este archivo define los identificadores (IDs) utilizados por los niveles y\\r\",\n      \"cómo la fábrica convierte cada ID en un objeto del juego.\\r\",\n      \"Cada celda del nivel contiene un número entero.\\r\",\n      \"Los IDs simples representan directamente un tipo de objeto:\\r\",\n      \"Objetos\\r\",\n      \"0   = Celda vacía\\r\",\n      \"1   = Colisión\\r\",\n      \"2   = Moneda\\r\",\n      \"20  = Baldosa\\r\",\n      \"30  = Pinchos\\r\",\n      \"31  = Pinchos cerrados\\r\",\n      \"4   = Palanca\\r\",\n      \"6   = Caja\\r\",\n      \"7   = Portal\\r\",\n      \"8   = Botón\\r\",\n      \"51  = Puerta horizontal\\r\",\n      \"52  = Puerta vertical\\r\",\n      \"53  = Puerta horizontal abierta\\r\",\n      \"54  = Puerta vertical abierta\\r\",\n      \"800 = Láser hacia arriba\\r\",\n      \"810 = Láser hacia abajo\\r\",\n      \"820 = Láser hacia la derecha\\r\",\n      \"830 = Láser hacia la izquierda\\r\",\n      \"101 = Salida hacia la izquierda\\r\",\n      \"102 = Salida hacia la derecha\\r\",\n      \"Enemigos\\r\",\n      \"90 = Sapo\\r\",\n      \"91 = Murciélago\\r\",\n      \"92 = Gato\\r\",\n      \"Personaje\\r\",\n      \"99 = Posición inicial del jugador\\r\",\n      \"------------------------------------------------------------\\r\",\n      \"Canales\\r\",\n      \"------------------------------------------------------------\\r\",\n      \"Algunos objetos (palancas, botones, puertas, pinchos, láseres, etc.)\\r\",\n      \"pueden pertenecer a un canal.\\r\",\n      \"El canal se codifica agregando un dígito al final del ID.\\r\",\n      \"Ejemplos:\\r\",\n      \"301 -> Pinchos del canal 1\\r\",\n      \"304 -> Pinchos del canal 4\\r\",\n      \"81 -> Botón del canal 1\\r\",\n      \"85 -> Botón del canal 5\\r\",\n      \"521 -> Puerta vertical del canal 1\\r\",\n      \"525 -> Puerta vertical del canal 5\\r\",\n      \"Cuando la fábrica recibe un ID que no existe exactamente, intenta\\r\",\n      \"interpretarlo de la siguiente forma:\\r\",\n      \"objeto = id / 10\\r\",\n      \"canal  = id % 10\\r\",\n      \"Si existe un constructor para \\\"objeto\\\", crea la instancia utilizando el\\r\",\n      \"canal obtenido.\\r\",\n      \"De esta forma no es necesario registrar un constructor para cada posible\\r\",\n      \"canal, sino solamente para el tipo base del objeto.\\r\"\n    ]\n  ]\n}","stack":"Error: {\n  \"errors\": [\n    null,\n    [\n      \"/*\\r\",\n      \"Este archivo define los identificadores (IDs) utilizados por los niveles y\\r\",\n      \"cómo la fábrica convierte cada ID en un objeto del juego.\\r\",\n      \"Cada celda del nivel contiene un número entero.\\r\",\n      \"Los IDs simples representan directamente un tipo de objeto:\\r\",\n      \"Objetos\\r\",\n      \"0   = Celda vacía\\r\",\n      \"1   = Colisión\\r\",\n      \"2   = Moneda\\r\",\n      \"20  = Baldosa\\r\",\n      \"30  = Pinchos\\r\",\n      \"31  = Pinchos cerrados\\r\",\n      \"4   = Palanca\\r\",\n      \"6   = Caja\\r\",\n      \"7   = Portal\\r\",\n      \"8   = Botón\\r\",\n      \"51  = Puerta horizontal\\r\",\n      \"52  = Puerta vertical\\r\",\n      \"53  = Puerta horizontal abierta\\r\",\n      \"54  = Puerta vertical abierta\\r\",\n      \"800 = Láser hacia arriba\\r\",\n      \"810 = Láser hacia abajo\\r\",\n      \"820 = Láser hacia la derecha\\r\",\n      \"830 = Láser hacia la izquierda\\r\",\n      \"101 = Salida hacia la izquierda\\r\",\n      \"102 = Salida hacia la derecha\\r\",\n      \"Enemigos\\r\",\n      \"90 = Sapo\\r\",\n      \"91 = Murciélago\\r\",\n      \"92 = Gato\\r\",\n      \"Personaje\\r\",\n      \"99 = Posición inicial del jugador\\r\",\n      \"------------------------------------------------------------\\r\",\n      \"Canales\\r\",\n      \"------------------------------------------------------------\\r\",\n      \"Algunos objetos (palancas, botones, puertas, pinchos, láseres, etc.)\\r\",\n      \"pueden pertenecer a un canal.\\r\",\n      \"El canal se codifica agregando un dígito al final del ID.\\r\",\n      \"Ejemplos:\\r\",\n      \"301 -> Pinchos del canal 1\\r\",\n      \"304 -> Pinchos del canal 4\\r\",\n      \"81 -> Botón del canal 1\\r\",\n      \"85 -> Botón del canal 5\\r\",\n      \"521 -> Puerta vertical del canal 1\\r\",\n      \"525 -> Puerta vertical del canal 5\\r\",\n      \"Cuando la fábrica recibe un ID que no existe exactamente, intenta\\r\",\n      \"interpretarlo de la siguiente forma:\\r\",\n      \"objeto = id / 10\\r\",\n      \"canal  = id % 10\\r\",\n      \"Si existe un constructor para \\\"objeto\\\", crea la instancia utilizando el\\r\",\n      \"canal obtenido.\\r\",\n      \"De esta forma no es necesario registrar un constructor para cada posible\\r\",\n      \"canal, sino solamente para el tipo base del objeto.\\r\"\n    ]\n  ]\n}\n    at lS (c:\\Users\\Usuario\\.vscode\\extensions\\uqbar.wollok-lsp-ide-0.5.4\\out\\server\\src\\server.js:64:34609)\n    at Q1 (c:\\Users\\Usuario\\.vscode\\extensions\\uqbar.wollok-lsp-ide-0.5.4\\out\\server\\src\\server.js:64:34682)\n    at c:\\Users\\Usuario\\.vscode\\extensions\\uqbar.wollok-lsp-ide-0.5.4\\out\\server\\src\\server.js:64:37949\n    at o.y1 (c:\\Users\\Usuario\\.vscode\\extensions\\uqbar.wollok-lsp-ide-0.5.4\\out\\server\\src\\server.js:57:59114)\n    at c:\\Users\\Usuario\\.vscode\\extensions\\uqbar.wollok-lsp-ide-0.5.4\\out\\server\\src\\server.js:64:37918\n    at c:\\Users\\Usuario\\.vscode\\extensions\\uqbar.wollok-lsp-ide-0.5.4\\out\\server\\src\\server.js:57:57154\n    at Cfn (c:\\Users\\Usuario\\.vscode\\extensions\\uqbar.wollok-lsp-ide-0.5.4\\out\\server\\src\\server.js:68:11324)\n    at c:\\Users\\Usuario\\.vscode\\extensions\\uqbar.wollok-lsp-ide-0.5.4\\out\\server\\src\\server.js:68:3629\n    at Array.map (<anonymous>)\n    at c:\\Users\\Usuario\\.vscode\\extensions\\uqbar.wollok-lsp-ide-0.5.4\\out\\server\\src\\server.js:68:4693","timestamp":"2026-07-11T04:01:34.874Z"}
{"errors":{"errors":[null,["/*\r","Este archivo define los identificadores (IDs) utilizados por los niveles y\r","cómo la fábrica convierte cada ID en un objeto del juego.\r","Cada celda del nivel contiene un número entero.\r","Los IDs simples representan directamente un tipo de objeto:\r","Objetos\r","0   = Celda vacía\r","1   = Colisión\r","2   = Moneda\r","20  = Baldosa\r","30  = Pinchos\r","31  = Pinchos cerrados\r","4   = Palanca\r","6   = Caja\r","7   = Portal\r","8   = Botón\r","51  = Puerta horizontal\r","52  = Puerta vertical\r","53  = Puerta horizontal abierta\r","54  = Puerta vertical abierta\r","800 = Láser hacia arriba\r","810 = Láser hacia abajo\r","820 = Láser hacia la derecha\r","830 = Láser hacia la izquierda\r","101 = Salida hacia la izquierda\r","102 = Salida hacia la derecha\r","Enemigos\r","90 = Sapo\r","91 = Murciélago\r","92 = Gato\r","Personaje\r","99 = Posición inicial del jugador\r","------------------------------------------------------------\r","Canales\r","------------------------------------------------------------\r","Algunos objetos (palancas, botones, puertas, pinchos, láseres, etc.)\r","pueden pertenecer a un canal.\r","El canal se codifica agregando un dígito al final del ID.\r","Ejemplos:\r","301 -> Pinchos del canal 1\r","304 -> Pinchos del canal 4\r","81 -> Botón del canal 1\r","85 -> Botón del canal 5\r","521 -> Puerta vertical del canal 1\r","525 -> Puerta vertical del canal 5\r","Cuando la fábrica recibe un ID que no existe exactamente, intenta\r","interpretarlo de la siguiente forma:\r","objeto = id / 10\r","canal  = id % 10\r","Si existe un constructor para \"objeto\", crea la instancia utilizando el\r","canal obtenido.\r","De esta forma no es necesario registrar un constructor para cada posible\r","canal, sino solamente para el tipo base del objeto.\r"]]},"level":"error","message":"✘ Failed to get type description: Error: {\n  \"errors\": [\n    null,\n    [\n      \"/*\\r\",\n      \"Este archivo define los identificadores (IDs) utilizados por los niveles y\\r\",\n      \"cómo la fábrica convierte cada ID en un objeto del juego.\\r\",\n      \"Cada celda del nivel contiene un número entero.\\r\",\n      \"Los IDs simples representan directamente un tipo de objeto:\\r\",\n      \"Objetos\\r\",\n      \"0   = Celda vacía\\r\",\n      \"1   = Colisión\\r\",\n      \"2   = Moneda\\r\",\n      \"20  = Baldosa\\r\",\n      \"30  = Pinchos\\r\",\n      \"31  = Pinchos cerrados\\r\",\n      \"4   = Palanca\\r\",\n      \"6   = Caja\\r\",\n      \"7   = Portal\\r\",\n      \"8   = Botón\\r\",\n      \"51  = Puerta horizontal\\r\",\n      \"52  = Puerta vertical\\r\",\n      \"53  = Puerta horizontal abierta\\r\",\n      \"54  = Puerta vertical abierta\\r\",\n      \"800 = Láser hacia arriba\\r\",\n      \"810 = Láser hacia abajo\\r\",\n      \"820 = Láser hacia la derecha\\r\",\n      \"830 = Láser hacia la izquierda\\r\",\n      \"101 = Salida hacia la izquierda\\r\",\n      \"102 = Salida hacia la derecha\\r\",\n      \"Enemigos\\r\",\n      \"90 = Sapo\\r\",\n      \"91 = Murciélago\\r\",\n      \"92 = Gato\\r\",\n      \"Personaje\\r\",\n      \"99 = Posición inicial del jugador\\r\",\n      \"------------------------------------------------------------\\r\",\n      \"Canales\\r\",\n      \"------------------------------------------------------------\\r\",\n      \"Algunos objetos (palancas, botones, puertas, pinchos, láseres, etc.)\\r\",\n      \"pueden pertenecer a un canal.\\r\",\n      \"El canal se codifica agregando un dígito al final del ID.\\r\",\n      \"Ejemplos:\\r\",\n      \"301 -> Pinchos del canal 1\\r\",\n      \"304 -> Pinchos del canal 4\\r\",\n      \"81 -> Botón del canal 1\\r\",\n      \"85 -> Botón del canal 5\\r\",\n      \"521 -> Puerta vertical del canal 1\\r\",\n      \"525 -> Puerta vertical del canal 5\\r\",\n      \"Cuando la fábrica recibe un ID que no existe exactamente, intenta\\r\",\n      \"interpretarlo de la siguiente forma:\\r\",\n      \"objeto = id / 10\\r\",\n      \"canal  = id % 10\\r\",\n      \"Si existe un constructor para \\\"objeto\\\", crea la instancia utilizando el\\r\",\n      \"canal obtenido.\\r\",\n      \"De esta forma no es necesario registrar un constructor para cada posible\\r\",\n      \"canal, sino solamente para el tipo base del objeto.\\r\"\n    ]\n  ]\n} {\n  \"errors\": [\n    null,\n    [\n      \"/*\\r\",\n      \"Este archivo define los identificadores (IDs) utilizados por los niveles y\\r\",\n      \"cómo la fábrica convierte cada ID en un objeto del juego.\\r\",\n      \"Cada celda del nivel contiene un número entero.\\r\",\n      \"Los IDs simples representan directamente un tipo de objeto:\\r\",\n      \"Objetos\\r\",\n      \"0   = Celda vacía\\r\",\n      \"1   = Colisión\\r\",\n      \"2   = Moneda\\r\",\n      \"20  = Baldosa\\r\",\n      \"30  = Pinchos\\r\",\n      \"31  = Pinchos cerrados\\r\",\n      \"4   = Palanca\\r\",\n      \"6   = Caja\\r\",\n      \"7   = Portal\\r\",\n      \"8   = Botón\\r\",\n      \"51  = Puerta horizontal\\r\",\n      \"52  = Puerta vertical\\r\",\n      \"53  = Puerta horizontal abierta\\r\",\n      \"54  = Puerta vertical abierta\\r\",\n      \"800 = Láser hacia arriba\\r\",\n      \"810 = Láser hacia abajo\\r\",\n      \"820 = Láser hacia la derecha\\r\",\n      \"830 = Láser hacia la izquierda\\r\",\n      \"101 = Salida hacia la izquierda\\r\",\n      \"102 = Salida hacia la derecha\\r\",\n      \"Enemigos\\r\",\n      \"90 = Sapo\\r\",\n      \"91 = Murciélago\\r\",\n      \"92 = Gato\\r\",\n      \"Personaje\\r\",\n      \"99 = Posición inicial del jugador\\r\",\n      \"------------------------------------------------------------\\r\",\n      \"Canales\\r\",\n      \"------------------------------------------------------------\\r\",\n      \"Algunos objetos (palancas, botones, puertas, pinchos, láseres, etc.)\\r\",\n      \"pueden pertenecer a un canal.\\r\",\n      \"El canal se codifica agregando un dígito al final del ID.\\r\",\n      \"Ejemplos:\\r\",\n      \"301 -> Pinchos del canal 1\\r\",\n      \"304 -> Pinchos del canal 4\\r\",\n      \"81 -> Botón del canal 1\\r\",\n      \"85 -> Botón del canal 5\\r\",\n      \"521 -> Puerta vertical del canal 1\\r\",\n      \"525 -> Puerta vertical del canal 5\\r\",\n      \"Cuando la fábrica recibe un ID que no existe exactamente, intenta\\r\",\n      \"interpretarlo de la siguiente forma:\\r\",\n      \"objeto = id / 10\\r\",\n      \"canal  = id % 10\\r\",\n      \"Si existe un constructor para \\\"objeto\\\", crea la instancia utilizando el\\r\",\n      \"canal obtenido.\\r\",\n      \"De esta forma no es necesario registrar un constructor para cada posible\\r\",\n      \"canal, sino solamente para el tipo base del objeto.\\r\"\n    ]\n  ]\n}","stack":"Error: {\n  \"errors\": [\n    null,\n    [\n      \"/*\\r\",\n      \"Este archivo define los identificadores (IDs) utilizados por los niveles y\\r\",\n      \"cómo la fábrica convierte cada ID en un objeto del juego.\\r\",\n      \"Cada celda del nivel contiene un número entero.\\r\",\n      \"Los IDs simples representan directamente un tipo de objeto:\\r\",\n      \"Objetos\\r\",\n      \"0   = Celda vacía\\r\",\n      \"1   = Colisión\\r\",\n      \"2   = Moneda\\r\",\n      \"20  = Baldosa\\r\",\n      \"30  = Pinchos\\r\",\n      \"31  = Pinchos cerrados\\r\",\n      \"4   = Palanca\\r\",\n      \"6   = Caja\\r\",\n      \"7   = Portal\\r\",\n      \"8   = Botón\\r\",\n      \"51  = Puerta horizontal\\r\",\n      \"52  = Puerta vertical\\r\",\n      \"53  = Puerta horizontal abierta\\r\",\n      \"54  = Puerta vertical abierta\\r\",\n      \"800 = Láser hacia arriba\\r\",\n      \"810 = Láser hacia abajo\\r\",\n      \"820 = Láser hacia la derecha\\r\",\n      \"830 = Láser hacia la izquierda\\r\",\n      \"101 = Salida hacia la izquierda\\r\",\n      \"102 = Salida hacia la derecha\\r\",\n      \"Enemigos\\r\",\n      \"90 = Sapo\\r\",\n      \"91 = Murciélago\\r\",\n      \"92 = Gato\\r\",\n      \"Personaje\\r\",\n      \"99 = Posición inicial del jugador\\r\",\n      \"------------------------------------------------------------\\r\",\n      \"Canales\\r\",\n      \"------------------------------------------------------------\\r\",\n      \"Algunos objetos (palancas, botones, puertas, pinchos, láseres, etc.)\\r\",\n      \"pueden pertenecer a un canal.\\r\",\n      \"El canal se codifica agregando un dígito al final del ID.\\r\",\n      \"Ejemplos:\\r\",\n      \"301 -> Pinchos del canal 1\\r\",\n      \"304 -> Pinchos del canal 4\\r\",\n      \"81 -> Botón del canal 1\\r\",\n      \"85 -> Botón del canal 5\\r\",\n      \"521 -> Puerta vertical del canal 1\\r\",\n      \"525 -> Puerta vertical del canal 5\\r\",\n      \"Cuando la fábrica recibe un ID que no existe exactamente, intenta\\r\",\n      \"interpretarlo de la siguiente forma:\\r\",\n      \"objeto = id / 10\\r\",\n      \"canal  = id % 10\\r\",\n      \"Si existe un constructor para \\\"objeto\\\", crea la instancia utilizando el\\r\",\n      \"canal obtenido.\\r\",\n      \"De esta forma no es necesario registrar un constructor para cada posible\\r\",\n      \"canal, sino solamente para el tipo base del objeto.\\r\"\n    ]\n  ]\n}\n    at lS (c:\\Users\\Usuario\\.vscode\\extensions\\uqbar.wollok-lsp-ide-0.5.4\\out\\server\\src\\server.js:64:34609)\n    at Q1 (c:\\Users\\Usuario\\.vscode\\extensions\\uqbar.wollok-lsp-ide-0.5.4\\out\\server\\src\\server.js:64:34682)\n    at c:\\Users\\Usuario\\.vscode\\extensions\\uqbar.wollok-lsp-ide-0.5.4\\out\\server\\src\\server.js:64:37949\n    at o.y1 (c:\\Users\\Usuario\\.vscode\\extensions\\uqbar.wollok-lsp-ide-0.5.4\\out\\server\\src\\server.js:57:59114)\n    at c:\\Users\\Usuario\\.vscode\\extensions\\uqbar.wollok-lsp-ide-0.5.4\\out\\server\\src\\server.js:64:37918\n    at c:\\Users\\Usuario\\.vscode\\extensions\\uqbar.wollok-lsp-ide-0.5.4\\out\\server\\src\\server.js:57:57154\n    at Cfn (c:\\Users\\Usuario\\.vscode\\extensions\\uqbar.wollok-lsp-ide-0.5.4\\out\\server\\src\\server.js:68:11324)\n    at c:\\Users\\Usuario\\.vscode\\extensions\\uqbar.wollok-lsp-ide-0.5.4\\out\\server\\src\\server.js:68:3629\n    at Array.map (<anonymous>)\n    at c:\\Users\\Usuario\\.vscode\\extensions\\uqbar.wollok-lsp-ide-0.5.4\\out\\server\\src\\server.js:68:4693","timestamp":"2026-07-11T04:01:35.816Z"}
{"errors":{"errors":[null,["/*\r","Este archivo define los identificadores (IDs) utilizados por los niveles y\r","cómo la fábrica convierte cada ID en un objeto del juego.\r","Cada celda del nivel contiene un número entero.\r","Los IDs simples representan directamente un tipo de objeto:\r","Objetos\r","0   = Celda vacía\r","1   = Colisión\r","2   = Moneda\r","20  = Baldosa\r","30  = Pinchos\r","31  = Pinchos cerrados\r","4   = Palanca\r","6   = Caja\r","7   = Portal\r","8   = Botón\r","51  = Puerta horizontal\r","52  = Puerta vertical\r","53  = Puerta horizontal abierta\r","54  = Puerta vertical abierta\r","800 = Láser hacia arriba\r","810 = Láser hacia abajo\r","820 = Láser hacia la derecha\r","830 = Láser hacia la izquierda\r","101 = Salida hacia la izquierda\r","102 = Salida hacia la derecha\r","Enemigos\r","90 = Sapo\r","91 = Murciélago\r","92 = Gato\r","Personaje\r","99 = Posición inicial del jugador\r","------------------------------------------------------------\r","Canales\r","------------------------------------------------------------\r","Algunos objetos (palancas, botones, puertas, pinchos, láseres, etc.)\r","pueden pertenecer a un canal.\r","El canal se codifica agregando un dígito al final del ID.\r","Ejemplos:\r","301 -> Pinchos del canal 1\r","304 -> Pinchos del canal 4\r","81 -> Botón del canal 1\r","85 -> Botón del canal 5\r","521 -> Puerta vertical del canal 1\r","525 -> Puerta vertical del canal 5\r","Cuando la fábrica recibe un ID que no existe exactamente, intenta\r","interpretarlo de la siguiente forma:\r","objeto = id / 10\r","canal  = id % 10\r","Si existe un constructor para \"objeto\", crea la instancia utilizando el\r","canal obtenido.\r","De esta forma no es necesario registrar un constructor para cada posible\r","canal, sino solamente para el tipo base del objeto.\r"]]},"level":"error","message":"✘ Failed to get type description: Error: {\n  \"errors\": [\n    null,\n    [\n      \"/*\\r\",\n      \"Este archivo define los identificadores (IDs) utilizados por los niveles y\\r\",\n      \"cómo la fábrica convierte cada ID en un objeto del juego.\\r\",\n      \"Cada celda del nivel contiene un número entero.\\r\",\n      \"Los IDs simples representan directamente un tipo de objeto:\\r\",\n      \"Objetos\\r\",\n      \"0   = Celda vacía\\r\",\n      \"1   = Colisión\\r\",\n      \"2   = Moneda\\r\",\n      \"20  = Baldosa\\r\",\n      \"30  = Pinchos\\r\",\n      \"31  = Pinchos cerrados\\r\",\n      \"4   = Palanca\\r\",\n      \"6   = Caja\\r\",\n      \"7   = Portal\\r\",\n      \"8   = Botón\\r\",\n      \"51  = Puerta horizontal\\r\",\n      \"52  = Puerta vertical\\r\",\n      \"53  = Puerta horizontal abierta\\r\",\n      \"54  = Puerta vertical abierta\\r\",\n      \"800 = Láser hacia arriba\\r\",\n      \"810 = Láser hacia abajo\\r\",\n      \"820 = Láser hacia la derecha\\r\",\n      \"830 = Láser hacia la izquierda\\r\",\n      \"101 = Salida hacia la izquierda\\r\",\n      \"102 = Salida hacia la derecha\\r\",\n      \"Enemigos\\r\",\n      \"90 = Sapo\\r\",\n      \"91 = Murciélago\\r\",\n      \"92 = Gato\\r\",\n      \"Personaje\\r\",\n      \"99 = Posición inicial del jugador\\r\",\n      \"------------------------------------------------------------\\r\",\n      \"Canales\\r\",\n      \"------------------------------------------------------------\\r\",\n      \"Algunos objetos (palancas, botones, puertas, pinchos, láseres, etc.)\\r\",\n      \"pueden pertenecer a un canal.\\r\",\n      \"El canal se codifica agregando un dígito al final del ID.\\r\",\n      \"Ejemplos:\\r\",\n      \"301 -> Pinchos del canal 1\\r\",\n      \"304 -> Pinchos del canal 4\\r\",\n      \"81 -> Botón del canal 1\\r\",\n      \"85 -> Botón del canal 5\\r\",\n      \"521 -> Puerta vertical del canal 1\\r\",\n      \"525 -> Puerta vertical del canal 5\\r\",\n      \"Cuando la fábrica recibe un ID que no existe exactamente, intenta\\r\",\n      \"interpretarlo de la siguiente forma:\\r\",\n      \"objeto = id / 10\\r\",\n      \"canal  = id % 10\\r\",\n      \"Si existe un constructor para \\\"objeto\\\", crea la instancia utilizando el\\r\",\n      \"canal obtenido.\\r\",\n      \"De esta forma no es necesario registrar un constructor para cada posible\\r\",\n      \"canal, sino solamente para el tipo base del objeto.\\r\"\n    ]\n  ]\n} {\n  \"errors\": [\n    null,\n    [\n      \"/*\\r\",\n      \"Este archivo define los identificadores (IDs) utilizados por los niveles y\\r\",\n      \"cómo la fábrica convierte cada ID en un objeto del juego.\\r\",\n      \"Cada celda del nivel contiene un número entero.\\r\",\n      \"Los IDs simples representan directamente un tipo de objeto:\\r\",\n      \"Objetos\\r\",\n      \"0   = Celda vacía\\r\",\n      \"1   = Colisión\\r\",\n      \"2   = Moneda\\r\",\n      \"20  = Baldosa\\r\",\n      \"30  = Pinchos\\r\",\n      \"31  = Pinchos cerrados\\r\",\n      \"4   = Palanca\\r\",\n      \"6   = Caja\\r\",\n      \"7   = Portal\\r\",\n      \"8   = Botón\\r\",\n      \"51  = Puerta horizontal\\r\",\n      \"52  = Puerta vertical\\r\",\n      \"53  = Puerta horizontal abierta\\r\",\n      \"54  = Puerta vertical abierta\\r\",\n      \"800 = Láser hacia arriba\\r\",\n      \"810 = Láser hacia abajo\\r\",\n      \"820 = Láser hacia la derecha\\r\",\n      \"830 = Láser hacia la izquierda\\r\",\n      \"101 = Salida hacia la izquierda\\r\",\n      \"102 = Salida hacia la derecha\\r\",\n      \"Enemigos\\r\",\n      \"90 = Sapo\\r\",\n      \"91 = Murciélago\\r\",\n      \"92 = Gato\\r\",\n      \"Personaje\\r\",\n      \"99 = Posición inicial del jugador\\r\",\n      \"------------------------------------------------------------\\r\",\n      \"Canales\\r\",\n      \"------------------------------------------------------------\\r\",\n      \"Algunos objetos (palancas, botones, puertas, pinchos, láseres, etc.)\\r\",\n      \"pueden pertenecer a un canal.\\r\",\n      \"El canal se codifica agregando un dígito al final del ID.\\r\",\n      \"Ejemplos:\\r\",\n      \"301 -> Pinchos del canal 1\\r\",\n      \"304 -> Pinchos del canal 4\\r\",\n      \"81 -> Botón del canal 1\\r\",\n      \"85 -> Botón del canal 5\\r\",\n      \"521 -> Puerta vertical del canal 1\\r\",\n      \"525 -> Puerta vertical del canal 5\\r\",\n      \"Cuando la fábrica recibe un ID que no existe exactamente, intenta\\r\",\n      \"interpretarlo de la siguiente forma:\\r\",\n      \"objeto = id / 10\\r\",\n      \"canal  = id % 10\\r\",\n      \"Si existe un constructor para \\\"objeto\\\", crea la instancia utilizando el\\r\",\n      \"canal obtenido.\\r\",\n      \"De esta forma no es necesario registrar un constructor para cada posible\\r\",\n      \"canal, sino solamente para el tipo base del objeto.\\r\"\n    ]\n  ]\n}","stack":"Error: {\n  \"errors\": [\n    null,\n    [\n      \"/*\\r\",\n      \"Este archivo define los identificadores (IDs) utilizados por los niveles y\\r\",\n      \"cómo la fábrica convierte cada ID en un objeto del juego.\\r\",\n      \"Cada celda del nivel contiene un número entero.\\r\",\n      \"Los IDs simples representan directamente un tipo de objeto:\\r\",\n      \"Objetos\\r\",\n      \"0   = Celda vacía\\r\",\n      \"1   = Colisión\\r\",\n      \"2   = Moneda\\r\",\n      \"20  = Baldosa\\r\",\n      \"30  = Pinchos\\r\",\n      \"31  = Pinchos cerrados\\r\",\n      \"4   = Palanca\\r\",\n      \"6   = Caja\\r\",\n      \"7   = Portal\\r\",\n      \"8   = Botón\\r\",\n      \"51  = Puerta horizontal\\r\",\n      \"52  = Puerta vertical\\r\",\n      \"53  = Puerta horizontal abierta\\r\",\n      \"54  = Puerta vertical abierta\\r\",\n      \"800 = Láser hacia arriba\\r\",\n      \"810 = Láser hacia abajo\\r\",\n      \"820 = Láser hacia la derecha\\r\",\n      \"830 = Láser hacia la izquierda\\r\",\n      \"101 = Salida hacia la izquierda\\r\",\n      \"102 = Salida hacia la derecha\\r\",\n      \"Enemigos\\r\",\n      \"90 = Sapo\\r\",\n      \"91 = Murciélago\\r\",\n      \"92 = Gato\\r\",\n      \"Personaje\\r\",\n      \"99 = Posición inicial del jugador\\r\",\n      \"------------------------------------------------------------\\r\",\n      \"Canales\\r\",\n      \"------------------------------------------------------------\\r\",\n      \"Algunos objetos (palancas, botones, puertas, pinchos, láseres, etc.)\\r\",\n      \"pueden pertenecer a un canal.\\r\",\n      \"El canal se codifica agregando un dígito al final del ID.\\r\",\n      \"Ejemplos:\\r\",\n      \"301 -> Pinchos del canal 1\\r\",\n      \"304 -> Pinchos del canal 4\\r\",\n      \"81 -> Botón del canal 1\\r\",\n      \"85 -> Botón del canal 5\\r\",\n      \"521 -> Puerta vertical del canal 1\\r\",\n      \"525 -> Puerta vertical del canal 5\\r\",\n      \"Cuando la fábrica recibe un ID que no existe exactamente, intenta\\r\",\n      \"interpretarlo de la siguiente forma:\\r\",\n      \"objeto = id / 10\\r\",\n      \"canal  = id % 10\\r\",\n      \"Si existe un constructor para \\\"objeto\\\", crea la instancia utilizando el\\r\",\n      \"canal obtenido.\\r\",\n      \"De esta forma no es necesario registrar un constructor para cada posible\\r\",\n      \"canal, sino solamente para el tipo base del objeto.\\r\"\n    ]\n  ]\n}\n    at lS (c:\\Users\\Usuario\\.vscode\\extensions\\uqbar.wollok-lsp-ide-0.5.4\\out\\server\\src\\server.js:64:34609)\n    at Q1 (c:\\Users\\Usuario\\.vscode\\extensions\\uqbar.wollok-lsp-ide-0.5.4\\out\\server\\src\\server.js:64:34682)\n    at c:\\Users\\Usuario\\.vscode\\extensions\\uqbar.wollok-lsp-ide-0.5.4\\out\\server\\src\\server.js:64:37949\n    at o.y1 (c:\\Users\\Usuario\\.vscode\\extensions\\uqbar.wollok-lsp-ide-0.5.4\\out\\server\\src\\server.js:57:59114)\n    at c:\\Users\\Usuario\\.vscode\\extensions\\uqbar.wollok-lsp-ide-0.5.4\\out\\server\\src\\server.js:64:37918\n    at c:\\Users\\Usuario\\.vscode\\extensions\\uqbar.wollok-lsp-ide-0.5.4\\out\\server\\src\\server.js:57:57154\n    at Cfn (c:\\Users\\Usuario\\.vscode\\extensions\\uqbar.wollok-lsp-ide-0.5.4\\out\\server\\src\\server.js:68:11324)\n    at c:\\Users\\Usuario\\.vscode\\extensions\\uqbar.wollok-lsp-ide-0.5.4\\out\\server\\src\\server.js:68:3629\n    at Array.map (<anonymous>)\n    at c:\\Users\\Usuario\\.vscode\\extensions\\uqbar.wollok-lsp-ide-0.5.4\\out\\server\\src\\server.js:68:4693","timestamp":"2026-07-11T04:01:36.077Z"}
{"level":"info","message":"⌛ Building environment","timeElapsed":353,"timestamp":"2026-07-11T04:02:33.287Z"}
{"level":"info","message":"⌛ Validating scripts/gestionNiveles/niveles/datosNivel6.wlk","timeElapsed":388,"timestamp":"2026-07-11T04:02:33.760Z"}
{"level":"info","message":"⌛ Building environment","timeElapsed":331,"timestamp":"2026-07-11T04:02:34.092Z"}
{"level":"info","message":"⌛ Building environment","timeElapsed":282,"timestamp":"2026-07-11T04:02:34.375Z"}
{"level":"info","message":"⌛ Validating scripts/gestionNiveles/niveles/datosNivel6.wlk","timeElapsed":359,"timestamp":"2026-07-11T04:02:34.756Z"}
{"level":"info","message":"⌛ Validating scripts/gestionNiveles/niveles/datosNivel6.wlk","timeElapsed":299,"timestamp":"2026-07-11T04:02:35.056Z"}
{"level":"info","message":"⌛ Building environment","timeElapsed":488,"timestamp":"2026-07-11T04:02:35.969Z"}
{"level":"info","message":"⌛ Validating scripts/gestionNiveles/niveles/datosNivel6.wlk","timeElapsed":467,"timestamp":"2026-07-11T04:02:36.486Z"}
{"level":"info","message":"⌛ Building environment","timeElapsed":349,"timestamp":"2026-07-11T04:02:38.136Z"}
{"level":"info","message":"⌛ Building environment","timeElapsed":240,"timestamp":"2026-07-11T04:02:38.391Z"}
{"level":"info","message":"⌛ Validating scripts/gestionNiveles/niveles/datosNivel6.wlk","timeElapsed":261,"timestamp":"2026-07-11T04:02:38.653Z"}
{"level":"info","message":"⌛ Validating scripts/gestionNiveles/niveles/datosNivel6.wlk","timeElapsed":531,"timestamp":"2026-07-11T04:02:39.199Z"}
{"level":"info","message":"⌛ Building environment","timeElapsed":293,"timestamp":"2026-07-11T04:02:39.668Z"}
{"level":"info","message":"⌛ Building environment","timeElapsed":272,"timestamp":"2026-07-11T04:02:39.941Z"}
{"level":"info","message":"⌛ Building environment","timeElapsed":275,"timestamp":"2026-07-11T04:02:40.232Z"}
{"level":"info","message":"⌛ Validating scripts/gestionNiveles/niveles/datosNivel6.wlk","timeElapsed":287,"timestamp":"2026-07-11T04:02:40.520Z"}
{"level":"info","message":"⌛ Validating scripts/gestionNiveles/niveles/datosNivel6.wlk","timeElapsed":321,"timestamp":"2026-07-11T04:02:40.859Z"}
{"level":"info","message":"⌛ Validating scripts/gestionNiveles/niveles/datosNivel6.wlk","timeElapsed":262,"timestamp":"2026-07-11T04:02:41.121Z"}
{"errors":{"errors":[null,["/*\r","Este archivo define los identificadores (IDs) utilizados por los niveles y\r","cómo la fábrica convierte cada ID en un objeto del juego.\r","Cada celda del nivel contiene un número entero.\r","Los IDs simples representan directamente un tipo de objeto:\r","Objetos\r","0   = Celda vacía\r","1   = Colisión\r","2   = Moneda\r","20  = Baldosa\r","30  = Pinchos\r","31  = Pinchos cerrados\r","4   = Palanca\r","6   = Caja\r","7   = Portal\r","8   = Botón\r","51  = Puerta horizontal\r","52  = Puerta vertical\r","53  = Puerta horizontal abierta\r","54  = Puerta vertical abierta\r","800 = Láser hacia arriba\r","810 = Láser hacia abajo\r","820 = Láser hacia la derecha\r","830 = Láser hacia la izquierda\r","101 = Salida hacia la izquierda\r","102 = Salida hacia la derecha\r","Enemigos\r","90 = Sapo\r","91 = Murciélago\r","92 = Gato\r","Personaje\r","99 = Posición inicial del jugador\r","------------------------------------------------------------\r","Canales\r","------------------------------------------------------------\r","Algunos objetos (palancas, botones, puertas, pinchos, láseres, etc.)\r","pueden pertenecer a un canal.\r","El canal se codifica agregando un dígito al final del ID.\r","Ejemplos:\r","301 -> Pinchos del canal 1\r","304 -> Pinchos del canal 4\r","81 -> Botón del canal 1\r","85 -> Botón del canal 5\r","521 -> Puerta vertical del canal 1\r","525 -> Puerta vertical del canal 5\r","Cuando la fábrica recibe un ID que no existe exactamente, intenta\r","interpretarlo de la siguiente forma:\r","objeto = id / 10\r","canal  = id % 10\r","Si existe un constructor para \"objeto\", crea la instancia utilizando el\r","canal obtenido.\r","De esta forma no es necesario registrar un constructor para cada posible\r","canal, sino solamente para el tipo base del objeto.\r"]]},"level":"error","message":"✘ Failed to get type description: Error: {\n  \"errors\": [\n    null,\n    [\n      \"/*\\r\",\n      \"Este archivo define los identificadores (IDs) utilizados por los niveles y\\r\",\n      \"cómo la fábrica convierte cada ID en un objeto del juego.\\r\",\n      \"Cada celda del nivel contiene un número entero.\\r\",\n      \"Los IDs simples representan directamente un tipo de objeto:\\r\",\n      \"Objetos\\r\",\n      \"0   = Celda vacía\\r\",\n      \"1   = Colisión\\r\",\n      \"2   = Moneda\\r\",\n      \"20  = Baldosa\\r\",\n      \"30  = Pinchos\\r\",\n      \"31  = Pinchos cerrados\\r\",\n      \"4   = Palanca\\r\",\n      \"6   = Caja\\r\",\n      \"7   = Portal\\r\",\n      \"8   = Botón\\r\",\n      \"51  = Puerta horizontal\\r\",\n      \"52  = Puerta vertical\\r\",\n      \"53  = Puerta horizontal abierta\\r\",\n      \"54  = Puerta vertical abierta\\r\",\n      \"800 = Láser hacia arriba\\r\",\n      \"810 = Láser hacia abajo\\r\",\n      \"820 = Láser hacia la derecha\\r\",\n      \"830 = Láser hacia la izquierda\\r\",\n      \"101 = Salida hacia la izquierda\\r\",\n      \"102 = Salida hacia la derecha\\r\",\n      \"Enemigos\\r\",\n      \"90 = Sapo\\r\",\n      \"91 = Murciélago\\r\",\n      \"92 = Gato\\r\",\n      \"Personaje\\r\",\n      \"99 = Posición inicial del jugador\\r\",\n      \"------------------------------------------------------------\\r\",\n      \"Canales\\r\",\n      \"------------------------------------------------------------\\r\",\n      \"Algunos objetos (palancas, botones, puertas, pinchos, láseres, etc.)\\r\",\n      \"pueden pertenecer a un canal.\\r\",\n      \"El canal se codifica agregando un dígito al final del ID.\\r\",\n      \"Ejemplos:\\r\",\n      \"301 -> Pinchos del canal 1\\r\",\n      \"304 -> Pinchos del canal 4\\r\",\n      \"81 -> Botón del canal 1\\r\",\n      \"85 -> Botón del canal 5\\r\",\n      \"521 -> Puerta vertical del canal 1\\r\",\n      \"525 -> Puerta vertical del canal 5\\r\",\n      \"Cuando la fábrica recibe un ID que no existe exactamente, intenta\\r\",\n      \"interpretarlo de la siguiente forma:\\r\",\n      \"objeto = id / 10\\r\",\n      \"canal  = id % 10\\r\",\n      \"Si existe un constructor para \\\"objeto\\\", crea la instancia utilizando el\\r\",\n      \"canal obtenido.\\r\",\n      \"De esta forma no es necesario registrar un constructor para cada posible\\r\",\n      \"canal, sino solamente para el tipo base del objeto.\\r\"\n    ]\n  ]\n} {\n  \"errors\": [\n    null,\n    [\n      \"/*\\r\",\n      \"Este archivo define los identificadores (IDs) utilizados por los niveles y\\r\",\n      \"cómo la fábrica convierte cada ID en un objeto del juego.\\r\",\n      \"Cada celda del nivel contiene un número entero.\\r\",\n      \"Los IDs simples representan directamente un tipo de objeto:\\r\",\n      \"Objetos\\r\",\n      \"0   = Celda vacía\\r\",\n      \"1   = Colisión\\r\",\n      \"2   = Moneda\\r\",\n      \"20  = Baldosa\\r\",\n      \"30  = Pinchos\\r\",\n      \"31  = Pinchos cerrados\\r\",\n      \"4   = Palanca\\r\",\n      \"6   = Caja\\r\",\n      \"7   = Portal\\r\",\n      \"8   = Botón\\r\",\n      \"51  = Puerta horizontal\\r\",\n      \"52  = Puerta vertical\\r\",\n      \"53  = Puerta horizontal abierta\\r\",\n      \"54  = Puerta vertical abierta\\r\",\n      \"800 = Láser hacia arriba\\r\",\n      \"810 = Láser hacia abajo\\r\",\n      \"820 = Láser hacia la derecha\\r\",\n      \"830 = Láser hacia la izquierda\\r\",\n      \"101 = Salida hacia la izquierda\\r\",\n      \"102 = Salida hacia la derecha\\r\",\n      \"Enemigos\\r\",\n      \"90 = Sapo\\r\",\n      \"91 = Murciélago\\r\",\n      \"92 = Gato\\r\",\n      \"Personaje\\r\",\n      \"99 = Posición inicial del jugador\\r\",\n      \"------------------------------------------------------------\\r\",\n      \"Canales\\r\",\n      \"------------------------------------------------------------\\r\",\n      \"Algunos objetos (palancas, botones, puertas, pinchos, láseres, etc.)\\r\",\n      \"pueden pertenecer a un canal.\\r\",\n      \"El canal se codifica agregando un dígito al final del ID.\\r\",\n      \"Ejemplos:\\r\",\n      \"301 -> Pinchos del canal 1\\r\",\n      \"304 -> Pinchos del canal 4\\r\",\n      \"81 -> Botón del canal 1\\r\",\n      \"85 -> Botón del canal 5\\r\",\n      \"521 -> Puerta vertical del canal 1\\r\",\n      \"525 -> Puerta vertical del canal 5\\r\",\n      \"Cuando la fábrica recibe un ID que no existe exactamente, intenta\\r\",\n      \"interpretarlo de la siguiente forma:\\r\",\n      \"objeto = id / 10\\r\",\n      \"canal  = id % 10\\r\",\n      \"Si existe un constructor para \\\"objeto\\\", crea la instancia utilizando el\\r\",\n      \"canal obtenido.\\r\",\n      \"De esta forma no es necesario registrar un constructor para cada posible\\r\",\n      \"canal, sino solamente para el tipo base del objeto.\\r\"\n    ]\n  ]\n}","stack":"Error: {\n  \"errors\": [\n    null,\n    [\n      \"/*\\r\",\n      \"Este archivo define los identificadores (IDs) utilizados por los niveles y\\r\",\n      \"cómo la fábrica convierte cada ID en un objeto del juego.\\r\",\n      \"Cada celda del nivel contiene un número entero.\\r\",\n      \"Los IDs simples representan directamente un tipo de objeto:\\r\",\n      \"Objetos\\r\",\n      \"0   = Celda vacía\\r\",\n      \"1   = Colisión\\r\",\n      \"2   = Moneda\\r\",\n      \"20  = Baldosa\\r\",\n      \"30  = Pinchos\\r\",\n      \"31  = Pinchos cerrados\\r\",\n      \"4   = Palanca\\r\",\n      \"6   = Caja\\r\",\n      \"7   = Portal\\r\",\n      \"8   = Botón\\r\",\n      \"51  = Puerta horizontal\\r\",\n      \"52  = Puerta vertical\\r\",\n      \"53  = Puerta horizontal abierta\\r\",\n      \"54  = Puerta vertical abierta\\r\",\n      \"800 = Láser hacia arriba\\r\",\n      \"810 = Láser hacia abajo\\r\",\n      \"820 = Láser hacia la derecha\\r\",\n      \"830 = Láser hacia la izquierda\\r\",\n      \"101 = Salida hacia la izquierda\\r\",\n      \"102 = Salida hacia la derecha\\r\",\n      \"Enemigos\\r\",\n      \"90 = Sapo\\r\",\n      \"91 = Murciélago\\r\",\n      \"92 = Gato\\r\",\n      \"Personaje\\r\",\n      \"99 = Posición inicial del jugador\\r\",\n      \"------------------------------------------------------------\\r\",\n      \"Canales\\r\",\n      \"------------------------------------------------------------\\r\",\n      \"Algunos objetos (palancas, botones, puertas, pinchos, láseres, etc.)\\r\",\n      \"pueden pertenecer a un canal.\\r\",\n      \"El canal se codifica agregando un dígito al final del ID.\\r\",\n      \"Ejemplos:\\r\",\n      \"301 -> Pinchos del canal 1\\r\",\n      \"304 -> Pinchos del canal 4\\r\",\n      \"81 -> Botón del canal 1\\r\",\n      \"85 -> Botón del canal 5\\r\",\n      \"521 -> Puerta vertical del canal 1\\r\",\n      \"525 -> Puerta vertical del canal 5\\r\",\n      \"Cuando la fábrica recibe un ID que no existe exactamente, intenta\\r\",\n      \"interpretarlo de la siguiente forma:\\r\",\n      \"objeto = id / 10\\r\",\n      \"canal  = id % 10\\r\",\n      \"Si existe un constructor para \\\"objeto\\\", crea la instancia utilizando el\\r\",\n      \"canal obtenido.\\r\",\n      \"De esta forma no es necesario registrar un constructor para cada posible\\r\",\n      \"canal, sino solamente para el tipo base del objeto.\\r\"\n    ]\n  ]\n}\n    at lS (c:\\Users\\Usuario\\.vscode\\extensions\\uqbar.wollok-lsp-ide-0.5.4\\out\\server\\src\\server.js:64:34609)\n    at Q1 (c:\\Users\\Usuario\\.vscode\\extensions\\uqbar.wollok-lsp-ide-0.5.4\\out\\server\\src\\server.js:64:34682)\n    at c:\\Users\\Usuario\\.vscode\\extensions\\uqbar.wollok-lsp-ide-0.5.4\\out\\server\\src\\server.js:64:37949\n    at o.y1 (c:\\Users\\Usuario\\.vscode\\extensions\\uqbar.wollok-lsp-ide-0.5.4\\out\\server\\src\\server.js:57:59114)\n    at c:\\Users\\Usuario\\.vscode\\extensions\\uqbar.wollok-lsp-ide-0.5.4\\out\\server\\src\\server.js:64:37918\n    at c:\\Users\\Usuario\\.vscode\\extensions\\uqbar.wollok-lsp-ide-0.5.4\\out\\server\\src\\server.js:57:57154\n    at Cfn (c:\\Users\\Usuario\\.vscode\\extensions\\uqbar.wollok-lsp-ide-0.5.4\\out\\server\\src\\server.js:68:11324)\n    at c:\\Users\\Usuario\\.vscode\\extensions\\uqbar.wollok-lsp-ide-0.5.4\\out\\server\\src\\server.js:68:3629\n    at Array.map (<anonymous>)\n    at c:\\Users\\Usuario\\.vscode\\extensions\\uqbar.wollok-lsp-ide-0.5.4\\out\\server\\src\\server.js:68:4693","timestamp":"2026-07-11T04:02:47.865Z"}
{"errors":{"errors":[null,["/*\r","Este archivo define los identificadores (IDs) utilizados por los niveles y\r","cómo la fábrica convierte cada ID en un objeto del juego.\r","Cada celda del nivel contiene un número entero.\r","Los IDs simples representan directamente un tipo de objeto:\r","Objetos\r","0   = Celda vacía\r","1   = Colisión\r","2   = Moneda\r","20  = Baldosa\r","30  = Pinchos\r","31  = Pinchos cerrados\r","4   = Palanca\r","6   = Caja\r","7   = Portal\r","8   = Botón\r","51  = Puerta horizontal\r","52  = Puerta vertical\r","53  = Puerta horizontal abierta\r","54  = Puerta vertical abierta\r","800 = Láser hacia arriba\r","810 = Láser hacia abajo\r","820 = Láser hacia la derecha\r","830 = Láser hacia la izquierda\r","101 = Salida hacia la izquierda\r","102 = Salida hacia la derecha\r","Enemigos\r","90 = Sapo\r","91 = Murciélago\r","92 = Gato\r","Personaje\r","99 = Posición inicial del jugador\r","------------------------------------------------------------\r","Canales\r","------------------------------------------------------------\r","Algunos objetos (palancas, botones, puertas, pinchos, láseres, etc.)\r","pueden pertenecer a un canal.\r","El canal se codifica agregando un dígito al final del ID.\r","Ejemplos:\r","301 -> Pinchos del canal 1\r","304 -> Pinchos del canal 4\r","81 -> Botón del canal 1\r","85 -> Botón del canal 5\r","521 -> Puerta vertical del canal 1\r","525 -> Puerta vertical del canal 5\r","Cuando la fábrica recibe un ID que no existe exactamente, intenta\r","interpretarlo de la siguiente forma:\r","objeto = id / 10\r","canal  = id % 10\r","Si existe un constructor para \"objeto\", crea la instancia utilizando el\r","canal obtenido.\r","De esta forma no es necesario registrar un constructor para cada posible\r","canal, sino solamente para el tipo base del objeto.\r"]]},"level":"error","message":"✘ Failed to get type description: Error: {\n  \"errors\": [\n    null,\n    [\n      \"/*\\r\",\n      \"Este archivo define los identificadores (IDs) utilizados por los niveles y\\r\",\n      \"cómo la fábrica convierte cada ID en un objeto del juego.\\r\",\n      \"Cada celda del nivel contiene un número entero.\\r\",\n      \"Los IDs simples representan directamente un tipo de objeto:\\r\",\n      \"Objetos\\r\",\n      \"0   = Celda vacía\\r\",\n      \"1   = Colisión\\r\",\n      \"2   = Moneda\\r\",\n      \"20  = Baldosa\\r\",\n      \"30  = Pinchos\\r\",\n      \"31  = Pinchos cerrados\\r\",\n      \"4   = Palanca\\r\",\n      \"6   = Caja\\r\",\n      \"7   = Portal\\r\",\n      \"8   = Botón\\r\",\n      \"51  = Puerta horizontal\\r\",\n      \"52  = Puerta vertical\\r\",\n      \"53  = Puerta horizontal abierta\\r\",\n      \"54  = Puerta vertical abierta\\r\",\n      \"800 = Láser hacia arriba\\r\",\n      \"810 = Láser hacia abajo\\r\",\n      \"820 = Láser hacia la derecha\\r\",\n      \"830 = Láser hacia la izquierda\\r\",\n      \"101 = Salida hacia la izquierda\\r\",\n      \"102 = Salida hacia la derecha\\r\",\n      \"Enemigos\\r\",\n      \"90 = Sapo\\r\",\n      \"91 = Murciélago\\r\",\n      \"92 = Gato\\r\",\n      \"Personaje\\r\",\n      \"99 = Posición inicial del jugador\\r\",\n      \"------------------------------------------------------------\\r\",\n      \"Canales\\r\",\n      \"------------------------------------------------------------\\r\",\n      \"Algunos objetos (palancas, botones, puertas, pinchos, láseres, etc.)\\r\",\n      \"pueden pertenecer a un canal.\\r\",\n      \"El canal se codifica agregando un dígito al final del ID.\\r\",\n      \"Ejemplos:\\r\",\n      \"301 -> Pinchos del canal 1\\r\",\n      \"304 -> Pinchos del canal 4\\r\",\n      \"81 -> Botón del canal 1\\r\",\n      \"85 -> Botón del canal 5\\r\",\n      \"521 -> Puerta vertical del canal 1\\r\",\n      \"525 -> Puerta vertical del canal 5\\r\",\n      \"Cuando la fábrica recibe un ID que no existe exactamente, intenta\\r\",\n      \"interpretarlo de la siguiente forma:\\r\",\n      \"objeto = id / 10\\r\",\n      \"canal  = id % 10\\r\",\n      \"Si existe un constructor para \\\"objeto\\\", crea la instancia utilizando el\\r\",\n      \"canal obtenido.\\r\",\n      \"De esta forma no es necesario registrar un constructor para cada posible\\r\",\n      \"canal, sino solamente para el tipo base del objeto.\\r\"\n    ]\n  ]\n} {\n  \"errors\": [\n    null,\n    [\n      \"/*\\r\",\n      \"Este archivo define los identificadores (IDs) utilizados por los niveles y\\r\",\n      \"cómo la fábrica convierte cada ID en un objeto del juego.\\r\",\n      \"Cada celda del nivel contiene un número entero.\\r\",\n      \"Los IDs simples representan directamente un tipo de objeto:\\r\",\n      \"Objetos\\r\",\n      \"0   = Celda vacía\\r\",\n      \"1   = Colisión\\r\",\n      \"2   = Moneda\\r\",\n      \"20  = Baldosa\\r\",\n      \"30  = Pinchos\\r\",\n      \"31  = Pinchos cerrados\\r\",\n      \"4   = Palanca\\r\",\n      \"6   = Caja\\r\",\n      \"7   = Portal\\r\",\n      \"8   = Botón\\r\",\n      \"51  = Puerta horizontal\\r\",\n      \"52  = Puerta vertical\\r\",\n      \"53  = Puerta horizontal abierta\\r\",\n      \"54  = Puerta vertical abierta\\r\",\n      \"800 = Láser hacia arriba\\r\",\n      \"810 = Láser hacia abajo\\r\",\n      \"820 = Láser hacia la derecha\\r\",\n      \"830 = Láser hacia la izquierda\\r\",\n      \"101 = Salida hacia la izquierda\\r\",\n      \"102 = Salida hacia la derecha\\r\",\n      \"Enemigos\\r\",\n      \"90 = Sapo\\r\",\n      \"91 = Murciélago\\r\",\n      \"92 = Gato\\r\",\n      \"Personaje\\r\",\n      \"99 = Posición inicial del jugador\\r\",\n      \"------------------------------------------------------------\\r\",\n      \"Canales\\r\",\n      \"------------------------------------------------------------\\r\",\n      \"Algunos objetos (palancas, botones, puertas, pinchos, láseres, etc.)\\r\",\n      \"pueden pertenecer a un canal.\\r\",\n      \"El canal se codifica agregando un dígito al final del ID.\\r\",\n      \"Ejemplos:\\r\",\n      \"301 -> Pinchos del canal 1\\r\",\n      \"304 -> Pinchos del canal 4\\r\",\n      \"81 -> Botón del canal 1\\r\",\n      \"85 -> Botón del canal 5\\r\",\n      \"521 -> Puerta vertical del canal 1\\r\",\n      \"525 -> Puerta vertical del canal 5\\r\",\n      \"Cuando la fábrica recibe un ID que no existe exactamente, intenta\\r\",\n      \"interpretarlo de la siguiente forma:\\r\",\n      \"objeto = id / 10\\r\",\n      \"canal  = id % 10\\r\",\n      \"Si existe un constructor para \\\"objeto\\\", crea la instancia utilizando el\\r\",\n      \"canal obtenido.\\r\",\n      \"De esta forma no es necesario registrar un constructor para cada posible\\r\",\n      \"canal, sino solamente para el tipo base del objeto.\\r\"\n    ]\n  ]\n}","stack":"Error: {\n  \"errors\": [\n    null,\n    [\n      \"/*\\r\",\n      \"Este archivo define los identificadores (IDs) utilizados por los niveles y\\r\",\n      \"cómo la fábrica convierte cada ID en un objeto del juego.\\r\",\n      \"Cada celda del nivel contiene un número entero.\\r\",\n      \"Los IDs simples representan directamente un tipo de objeto:\\r\",\n      \"Objetos\\r\",\n      \"0   = Celda vacía\\r\",\n      \"1   = Colisión\\r\",\n      \"2   = Moneda\\r\",\n      \"20  = Baldosa\\r\",\n      \"30  = Pinchos\\r\",\n      \"31  = Pinchos cerrados\\r\",\n      \"4   = Palanca\\r\",\n      \"6   = Caja\\r\",\n      \"7   = Portal\\r\",\n      \"8   = Botón\\r\",\n      \"51  = Puerta horizontal\\r\",\n      \"52  = Puerta vertical\\r\",\n      \"53  = Puerta horizontal abierta\\r\",\n      \"54  = Puerta vertical abierta\\r\",\n      \"800 = Láser hacia arriba\\r\",\n      \"810 = Láser hacia abajo\\r\",\n      \"820 = Láser hacia la derecha\\r\",\n      \"830 = Láser hacia la izquierda\\r\",\n      \"101 = Salida hacia la izquierda\\r\",\n      \"102 = Salida hacia la derecha\\r\",\n      \"Enemigos\\r\",\n      \"90 = Sapo\\r\",\n      \"91 = Murciélago\\r\",\n      \"92 = Gato\\r\",\n      \"Personaje\\r\",\n      \"99 = Posición inicial del jugador\\r\",\n      \"------------------------------------------------------------\\r\",\n      \"Canales\\r\",\n      \"------------------------------------------------------------\\r\",\n      \"Algunos objetos (palancas, botones, puertas, pinchos, láseres, etc.)\\r\",\n      \"pueden pertenecer a un canal.\\r\",\n      \"El canal se codifica agregando un dígito al final del ID.\\r\",\n      \"Ejemplos:\\r\",\n      \"301 -> Pinchos del canal 1\\r\",\n      \"304 -> Pinchos del canal 4\\r\",\n      \"81 -> Botón del canal 1\\r\",\n      \"85 -> Botón del canal 5\\r\",\n      \"521 -> Puerta vertical del canal 1\\r\",\n      \"525 -> Puerta vertical del canal 5\\r\",\n      \"Cuando la fábrica recibe un ID que no existe exactamente, intenta\\r\",\n      \"interpretarlo de la siguiente forma:\\r\",\n      \"objeto = id / 10\\r\",\n      \"canal  = id % 10\\r\",\n      \"Si existe un constructor para \\\"objeto\\\", crea la instancia utilizando el\\r\",\n      \"canal obtenido.\\r\",\n      \"De esta forma no es necesario registrar un constructor para cada posible\\r\",\n      \"canal, sino solamente para el tipo base del objeto.\\r\"\n    ]\n  ]\n}\n    at lS (c:\\Users\\Usuario\\.vscode\\extensions\\uqbar.wollok-lsp-ide-0.5.4\\out\\server\\src\\server.js:64:34609)\n    at Q1 (c:\\Users\\Usuario\\.vscode\\extensions\\uqbar.wollok-lsp-ide-0.5.4\\out\\server\\src\\server.js:64:34682)\n    at c:\\Users\\Usuario\\.vscode\\extensions\\uqbar.wollok-lsp-ide-0.5.4\\out\\server\\src\\server.js:64:37949\n    at o.y1 (c:\\Users\\Usuario\\.vscode\\extensions\\uqbar.wollok-lsp-ide-0.5.4\\out\\server\\src\\server.js:57:59114)\n    at c:\\Users\\Usuario\\.vscode\\extensions\\uqbar.wollok-lsp-ide-0.5.4\\out\\server\\src\\server.js:64:37918\n    at c:\\Users\\Usuario\\.vscode\\extensions\\uqbar.wollok-lsp-ide-0.5.4\\out\\server\\src\\server.js:57:57154\n    at Cfn (c:\\Users\\Usuario\\.vscode\\extensions\\uqbar.wollok-lsp-ide-0.5.4\\out\\server\\src\\server.js:68:11324)\n    at c:\\Users\\Usuario\\.vscode\\extensions\\uqbar.wollok-lsp-ide-0.5.4\\out\\server\\src\\server.js:68:3629\n    at Array.map (<anonymous>)\n    at c:\\Users\\Usuario\\.vscode\\extensions\\uqbar.wollok-lsp-ide-0.5.4\\out\\server\\src\\server.js:68:4693","timestamp":"2026-07-11T04:02:48.098Z"}
{"errors":{"errors":[null,["/*\r","Este archivo define los identificadores (IDs) utilizados por los niveles y\r","cómo la fábrica convierte cada ID en un objeto del juego.\r","Cada celda del nivel contiene un número entero.\r","Los IDs simples representan directamente un tipo de objeto:\r","Objetos\r","0   = Celda vacía\r","1   = Colisión\r","2   = Moneda\r","20  = Baldosa\r","30  = Pinchos\r","31  = Pinchos cerrados\r","4   = Palanca\r","6   = Caja\r","7   = Portal\r","8   = Botón\r","51  = Puerta horizontal\r","52  = Puerta vertical\r","53  = Puerta horizontal abierta\r","54  = Puerta vertical abierta\r","800 = Láser hacia arriba\r","810 = Láser hacia abajo\r","820 = Láser hacia la derecha\r","830 = Láser hacia la izquierda\r","101 = Salida hacia la izquierda\r","102 = Salida hacia la derecha\r","Enemigos\r","90 = Sapo\r","91 = Murciélago\r","92 = Gato\r","Personaje\r","99 = Posición inicial del jugador\r","------------------------------------------------------------\r","Canales\r","------------------------------------------------------------\r","Algunos objetos (palancas, botones, puertas, pinchos, láseres, etc.)\r","pueden pertenecer a un canal.\r","El canal se codifica agregando un dígito al final del ID.\r","Ejemplos:\r","301 -> Pinchos del canal 1\r","304 -> Pinchos del canal 4\r","81 -> Botón del canal 1\r","85 -> Botón del canal 5\r","521 -> Puerta vertical del canal 1\r","525 -> Puerta vertical del canal 5\r","Cuando la fábrica recibe un ID que no existe exactamente, intenta\r","interpretarlo de la siguiente forma:\r","objeto = id / 10\r","canal  = id % 10\r","Si existe un constructor para \"objeto\", crea la instancia utilizando el\r","canal obtenido.\r","De esta forma no es necesario registrar un constructor para cada posible\r","canal, sino solamente para el tipo base del objeto.\r"]]},"level":"error","message":"✘ Failed to get type description: Error: {\n  \"errors\": [\n    null,\n    [\n      \"/*\\r\",\n      \"Este archivo define los identificadores (IDs) utilizados por los niveles y\\r\",\n      \"cómo la fábrica convierte cada ID en un objeto del juego.\\r\",\n      \"Cada celda del nivel contiene un número entero.\\r\",\n      \"Los IDs simples representan directamente un tipo de objeto:\\r\",\n      \"Objetos\\r\",\n      \"0   = Celda vacía\\r\",\n      \"1   = Colisión\\r\",\n      \"2   = Moneda\\r\",\n      \"20  = Baldosa\\r\",\n      \"30  = Pinchos\\r\",\n      \"31  = Pinchos cerrados\\r\",\n      \"4   = Palanca\\r\",\n      \"6   = Caja\\r\",\n      \"7   = Portal\\r\",\n      \"8   = Botón\\r\",\n      \"51  = Puerta horizontal\\r\",\n      \"52  = Puerta vertical\\r\",\n      \"53  = Puerta horizontal abierta\\r\",\n      \"54  = Puerta vertical abierta\\r\",\n      \"800 = Láser hacia arriba\\r\",\n      \"810 = Láser hacia abajo\\r\",\n      \"820 = Láser hacia la derecha\\r\",\n      \"830 = Láser hacia la izquierda\\r\",\n      \"101 = Salida hacia la izquierda\\r\",\n      \"102 = Salida hacia la derecha\\r\",\n      \"Enemigos\\r\",\n      \"90 = Sapo\\r\",\n      \"91 = Murciélago\\r\",\n      \"92 = Gato\\r\",\n      \"Personaje\\r\",\n      \"99 = Posición inicial del jugador\\r\",\n      \"------------------------------------------------------------\\r\",\n      \"Canales\\r\",\n      \"------------------------------------------------------------\\r\",\n      \"Algunos objetos (palancas, botones, puertas, pinchos, láseres, etc.)\\r\",\n      \"pueden pertenecer a un canal.\\r\",\n      \"El canal se codifica agregando un dígito al final del ID.\\r\",\n      \"Ejemplos:\\r\",\n      \"301 -> Pinchos del canal 1\\r\",\n      \"304 -> Pinchos del canal 4\\r\",\n      \"81 -> Botón del canal 1\\r\",\n      \"85 -> Botón del canal 5\\r\",\n      \"521 -> Puerta vertical del canal 1\\r\",\n      \"525 -> Puerta vertical del canal 5\\r\",\n      \"Cuando la fábrica recibe un ID que no existe exactamente, intenta\\r\",\n      \"interpretarlo de la siguiente forma:\\r\",\n      \"objeto = id / 10\\r\",\n      \"canal  = id % 10\\r\",\n      \"Si existe un constructor para \\\"objeto\\\", crea la instancia utilizando el\\r\",\n      \"canal obtenido.\\r\",\n      \"De esta forma no es necesario registrar un constructor para cada posible\\r\",\n      \"canal, sino solamente para el tipo base del objeto.\\r\"\n    ]\n  ]\n} {\n  \"errors\": [\n    null,\n    [\n      \"/*\\r\",\n      \"Este archivo define los identificadores (IDs) utilizados por los niveles y\\r\",\n      \"cómo la fábrica convierte cada ID en un objeto del juego.\\r\",\n      \"Cada celda del nivel contiene un número entero.\\r\",\n      \"Los IDs simples representan directamente un tipo de objeto:\\r\",\n      \"Objetos\\r\",\n      \"0   = Celda vacía\\r\",\n      \"1   = Colisión\\r\",\n      \"2   = Moneda\\r\",\n      \"20  = Baldosa\\r\",\n      \"30  = Pinchos\\r\",\n      \"31  = Pinchos cerrados\\r\",\n      \"4   = Palanca\\r\",\n      \"6   = Caja\\r\",\n      \"7   = Portal\\r\",\n      \"8   = Botón\\r\",\n      \"51  = Puerta horizontal\\r\",\n      \"52  = Puerta vertical\\r\",\n      \"53  = Puerta horizontal abierta\\r\",\n      \"54  = Puerta vertical abierta\\r\",\n      \"800 = Láser hacia arriba\\r\",\n      \"810 = Láser hacia abajo\\r\",\n      \"820 = Láser hacia la derecha\\r\",\n      \"830 = Láser hacia la izquierda\\r\",\n      \"101 = Salida hacia la izquierda\\r\",\n      \"102 = Salida hacia la derecha\\r\",\n      \"Enemigos\\r\",\n      \"90 = Sapo\\r\",\n      \"91 = Murciélago\\r\",\n      \"92 = Gato\\r\",\n      \"Personaje\\r\",\n      \"99 = Posición inicial del jugador\\r\",\n      \"------------------------------------------------------------\\r\",\n      \"Canales\\r\",\n      \"------------------------------------------------------------\\r\",\n      \"Algunos objetos (palancas, botones, puertas, pinchos, láseres, etc.)\\r\",\n      \"pueden pertenecer a un canal.\\r\",\n      \"El canal se codifica agregando un dígito al final del ID.\\r\",\n      \"Ejemplos:\\r\",\n      \"301 -> Pinchos del canal 1\\r\",\n      \"304 -> Pinchos del canal 4\\r\",\n      \"81 -> Botón del canal 1\\r\",\n      \"85 -> Botón del canal 5\\r\",\n      \"521 -> Puerta vertical del canal 1\\r\",\n      \"525 -> Puerta vertical del canal 5\\r\",\n      \"Cuando la fábrica recibe un ID que no existe exactamente, intenta\\r\",\n      \"interpretarlo de la siguiente forma:\\r\",\n      \"objeto = id / 10\\r\",\n      \"canal  = id % 10\\r\",\n      \"Si existe un constructor para \\\"objeto\\\", crea la instancia utilizando el\\r\",\n      \"canal obtenido.\\r\",\n      \"De esta forma no es necesario registrar un constructor para cada posible\\r\",\n      \"canal, sino solamente para el tipo base del objeto.\\r\"\n    ]\n  ]\n}","stack":"Error: {\n  \"errors\": [\n    null,\n    [\n      \"/*\\r\",\n      \"Este archivo define los identificadores (IDs) utilizados por los niveles y\\r\",\n      \"cómo la fábrica convierte cada ID en un objeto del juego.\\r\",\n      \"Cada celda del nivel contiene un número entero.\\r\",\n      \"Los IDs simples representan directamente un tipo de objeto:\\r\",\n      \"Objetos\\r\",\n      \"0   = Celda vacía\\r\",\n      \"1   = Colisión\\r\",\n      \"2   = Moneda\\r\",\n      \"20  = Baldosa\\r\",\n      \"30  = Pinchos\\r\",\n      \"31  = Pinchos cerrados\\r\",\n      \"4   = Palanca\\r\",\n      \"6   = Caja\\r\",\n      \"7   = Portal\\r\",\n      \"8   = Botón\\r\",\n      \"51  = Puerta horizontal\\r\",\n      \"52  = Puerta vertical\\r\",\n      \"53  = Puerta horizontal abierta\\r\",\n      \"54  = Puerta vertical abierta\\r\",\n      \"800 = Láser hacia arriba\\r\",\n      \"810 = Láser hacia abajo\\r\",\n      \"820 = Láser hacia la derecha\\r\",\n      \"830 = Láser hacia la izquierda\\r\",\n      \"101 = Salida hacia la izquierda\\r\",\n      \"102 = Salida hacia la derecha\\r\",\n      \"Enemigos\\r\",\n      \"90 = Sapo\\r\",\n      \"91 = Murciélago\\r\",\n      \"92 = Gato\\r\",\n      \"Personaje\\r\",\n      \"99 = Posición inicial del jugador\\r\",\n      \"------------------------------------------------------------\\r\",\n      \"Canales\\r\",\n      \"------------------------------------------------------------\\r\",\n      \"Algunos objetos (palancas, botones, puertas, pinchos, láseres, etc.)\\r\",\n      \"pueden pertenecer a un canal.\\r\",\n      \"El canal se codifica agregando un dígito al final del ID.\\r\",\n      \"Ejemplos:\\r\",\n      \"301 -> Pinchos del canal 1\\r\",\n      \"304 -> Pinchos del canal 4\\r\",\n      \"81 -> Botón del canal 1\\r\",\n      \"85 -> Botón del canal 5\\r\",\n      \"521 -> Puerta vertical del canal 1\\r\",\n      \"525 -> Puerta vertical del canal 5\\r\",\n      \"Cuando la fábrica recibe un ID que no existe exactamente, intenta\\r\",\n      \"interpretarlo de la siguiente forma:\\r\",\n      \"objeto = id / 10\\r\",\n      \"canal  = id % 10\\r\",\n      \"Si existe un constructor para \\\"objeto\\\", crea la instancia utilizando el\\r\",\n      \"canal obtenido.\\r\",\n      \"De esta forma no es necesario registrar un constructor para cada posible\\r\",\n      \"canal, sino solamente para el tipo base del objeto.\\r\"\n    ]\n  ]\n}\n    at lS (c:\\Users\\Usuario\\.vscode\\extensions\\uqbar.wollok-lsp-ide-0.5.4\\out\\server\\src\\server.js:64:34609)\n    at Q1 (c:\\Users\\Usuario\\.vscode\\extensions\\uqbar.wollok-lsp-ide-0.5.4\\out\\server\\src\\server.js:64:34682)\n    at c:\\Users\\Usuario\\.vscode\\extensions\\uqbar.wollok-lsp-ide-0.5.4\\out\\server\\src\\server.js:64:37949\n    at o.y1 (c:\\Users\\Usuario\\.vscode\\extensions\\uqbar.wollok-lsp-ide-0.5.4\\out\\server\\src\\server.js:57:59114)\n    at c:\\Users\\Usuario\\.vscode\\extensions\\uqbar.wollok-lsp-ide-0.5.4\\out\\server\\src\\server.js:64:37918\n    at c:\\Users\\Usuario\\.vscode\\extensions\\uqbar.wollok-lsp-ide-0.5.4\\out\\server\\src\\server.js:57:57154\n    at Cfn (c:\\Users\\Usuario\\.vscode\\extensions\\uqbar.wollok-lsp-ide-0.5.4\\out\\server\\src\\server.js:68:11324)\n    at c:\\Users\\Usuario\\.vscode\\extensions\\uqbar.wollok-lsp-ide-0.5.4\\out\\server\\src\\server.js:68:3629\n    at Array.map (<anonymous>)\n    at c:\\Users\\Usuario\\.vscode\\extensions\\uqbar.wollok-lsp-ide-0.5.4\\out\\server\\src\\server.js:68:4693","timestamp":"2026-07-11T04:02:48.406Z"}
{"errors":{"errors":[null,["/*\r","Este archivo define los identificadores (IDs) utilizados por los niveles y\r","cómo la fábrica convierte cada ID en un objeto del juego.\r","Cada celda del nivel contiene un número entero.\r","Los IDs simples representan directamente un tipo de objeto:\r","Objetos\r","0   = Celda vacía\r","1   = Colisión\r","2   = Moneda\r","20  = Baldosa\r","30  = Pinchos\r","31  = Pinchos cerrados\r","4   = Palanca\r","6   = Caja\r","7   = Portal\r","8   = Botón\r","51  = Puerta horizontal\r","52  = Puerta vertical\r","53  = Puerta horizontal abierta\r","54  = Puerta vertical abierta\r","800 = Láser hacia arriba\r","810 = Láser hacia abajo\r","820 = Láser hacia la derecha\r","830 = Láser hacia la izquierda\r","101 = Salida hacia la izquierda\r","102 = Salida hacia la derecha\r","Enemigos\r","90 = Sapo\r","91 = Murciélago\r","92 = Gato\r","Personaje\r","99 = Posición inicial del jugador\r","------------------------------------------------------------\r","Canales\r","------------------------------------------------------------\r","Algunos objetos (palancas, botones, puertas, pinchos, láseres, etc.)\r","pueden pertenecer a un canal.\r","El canal se codifica agregando un dígito al final del ID.\r","Ejemplos:\r","301 -> Pinchos del canal 1\r","304 -> Pinchos del canal 4\r","81 -> Botón del canal 1\r","85 -> Botón del canal 5\r","521 -> Puerta vertical del canal 1\r","525 -> Puerta vertical del canal 5\r","Cuando la fábrica recibe un ID que no existe exactamente, intenta\r","interpretarlo de la siguiente forma:\r","objeto = id / 10\r","canal  = id % 10\r","Si existe un constructor para \"objeto\", crea la instancia utilizando el\r","canal obtenido.\r","De esta forma no es necesario registrar un constructor para cada posible\r","canal, sino solamente para el tipo base del objeto.\r"]]},"level":"error","message":"✘ Failed to get type description: Error: {\n  \"errors\": [\n    null,\n    [\n      \"/*\\r\",\n      \"Este archivo define los identificadores (IDs) utilizados por los niveles y\\r\",\n      \"cómo la fábrica convierte cada ID en un objeto del juego.\\r\",\n      \"Cada celda del nivel contiene un número entero.\\r\",\n      \"Los IDs simples representan directamente un tipo de objeto:\\r\",\n      \"Objetos\\r\",\n      \"0   = Celda vacía\\r\",\n      \"1   = Colisión\\r\",\n      \"2   = Moneda\\r\",\n      \"20  = Baldosa\\r\",\n      \"30  = Pinchos\\r\",\n      \"31  = Pinchos cerrados\\r\",\n      \"4   = Palanca\\r\",\n      \"6   = Caja\\r\",\n      \"7   = Portal\\r\",\n      \"8   = Botón\\r\",\n      \"51  = Puerta horizontal\\r\",\n      \"52  = Puerta vertical\\r\",\n      \"53  = Puerta horizontal abierta\\r\",\n      \"54  = Puerta vertical abierta\\r\",\n      \"800 = Láser hacia arriba\\r\",\n      \"810 = Láser hacia abajo\\r\",\n      \"820 = Láser hacia la derecha\\r\",\n      \"830 = Láser hacia la izquierda\\r\",\n      \"101 = Salida hacia la izquierda\\r\",\n      \"102 = Salida hacia la derecha\\r\",\n      \"Enemigos\\r\",\n      \"90 = Sapo\\r\",\n      \"91 = Murciélago\\r\",\n      \"92 = Gato\\r\",\n      \"Personaje\\r\",\n      \"99 = Posición inicial del jugador\\r\",\n      \"------------------------------------------------------------\\r\",\n      \"Canales\\r\",\n      \"------------------------------------------------------------\\r\",\n      \"Algunos objetos (palancas, botones, puertas, pinchos, láseres, etc.)\\r\",\n      \"pueden pertenecer a un canal.\\r\",\n      \"El canal se codifica agregando un dígito al final del ID.\\r\",\n      \"Ejemplos:\\r\",\n      \"301 -> Pinchos del canal 1\\r\",\n      \"304 -> Pinchos del canal 4\\r\",\n      \"81 -> Botón del canal 1\\r\",\n      \"85 -> Botón del canal 5\\r\",\n      \"521 -> Puerta vertical del canal 1\\r\",\n      \"525 -> Puerta vertical del canal 5\\r\",\n      \"Cuando la fábrica recibe un ID que no existe exactamente, intenta\\r\",\n      \"interpretarlo de la siguiente forma:\\r\",\n      \"objeto = id / 10\\r\",\n      \"canal  = id % 10\\r\",\n      \"Si existe un constructor para \\\"objeto\\\", crea la instancia utilizando el\\r\",\n      \"canal obtenido.\\r\",\n      \"De esta forma no es necesario registrar un constructor para cada posible\\r\",\n      \"canal, sino solamente para el tipo base del objeto.\\r\"\n    ]\n  ]\n} {\n  \"errors\": [\n    null,\n    [\n      \"/*\\r\",\n      \"Este archivo define los identificadores (IDs) utilizados por los niveles y\\r\",\n      \"cómo la fábrica convierte cada ID en un objeto del juego.\\r\",\n      \"Cada celda del nivel contiene un número entero.\\r\",\n      \"Los IDs simples representan directamente un tipo de objeto:\\r\",\n      \"Objetos\\r\",\n      \"0   = Celda vacía\\r\",\n      \"1   = Colisión\\r\",\n      \"2   = Moneda\\r\",\n      \"20  = Baldosa\\r\",\n      \"30  = Pinchos\\r\",\n      \"31  = Pinchos cerrados\\r\",\n      \"4   = Palanca\\r\",\n      \"6   = Caja\\r\",\n      \"7   = Portal\\r\",\n      \"8   = Botón\\r\",\n      \"51  = Puerta horizontal\\r\",\n      \"52  = Puerta vertical\\r\",\n      \"53  = Puerta horizontal abierta\\r\",\n      \"54  = Puerta vertical abierta\\r\",\n      \"800 = Láser hacia arriba\\r\",\n      \"810 = Láser hacia abajo\\r\",\n      \"820 = Láser hacia la derecha\\r\",\n      \"830 = Láser hacia la izquierda\\r\",\n      \"101 = Salida hacia la izquierda\\r\",\n      \"102 = Salida hacia la derecha\\r\",\n      \"Enemigos\\r\",\n      \"90 = Sapo\\r\",\n      \"91 = Murciélago\\r\",\n      \"92 = Gato\\r\",\n      \"Personaje\\r\",\n      \"99 = Posición inicial del jugador\\r\",\n      \"------------------------------------------------------------\\r\",\n      \"Canales\\r\",\n      \"------------------------------------------------------------\\r\",\n      \"Algunos objetos (palancas, botones, puertas, pinchos, láseres, etc.)\\r\",\n      \"pueden pertenecer a un canal.\\r\",\n      \"El canal se codifica agregando un dígito al final del ID.\\r\",\n      \"Ejemplos:\\r\",\n      \"301 -> Pinchos del canal 1\\r\",\n      \"304 -> Pinchos del canal 4\\r\",\n      \"81 -> Botón del canal 1\\r\",\n      \"85 -> Botón del canal 5\\r\",\n      \"521 -> Puerta vertical del canal 1\\r\",\n      \"525 -> Puerta vertical del canal 5\\r\",\n      \"Cuando la fábrica recibe un ID que no existe exactamente, intenta\\r\",\n      \"interpretarlo de la siguiente forma:\\r\",\n      \"objeto = id / 10\\r\",\n      \"canal  = id % 10\\r\",\n      \"Si existe un constructor para \\\"objeto\\\", crea la instancia utilizando el\\r\",\n      \"canal obtenido.\\r\",\n      \"De esta forma no es necesario registrar un constructor para cada posible\\r\",\n      \"canal, sino solamente para el tipo base del objeto.\\r\"\n    ]\n  ]\n}","stack":"Error: {\n  \"errors\": [\n    null,\n    [\n      \"/*\\r\",\n      \"Este archivo define los identificadores (IDs) utilizados por los niveles y\\r\",\n      \"cómo la fábrica convierte cada ID en un objeto del juego.\\r\",\n      \"Cada celda del nivel contiene un número entero.\\r\",\n      \"Los IDs simples representan directamente un tipo de objeto:\\r\",\n      \"Objetos\\r\",\n      \"0   = Celda vacía\\r\",\n      \"1   = Colisión\\r\",\n      \"2   = Moneda\\r\",\n      \"20  = Baldosa\\r\",\n      \"30  = Pinchos\\r\",\n      \"31  = Pinchos cerrados\\r\",\n      \"4   = Palanca\\r\",\n      \"6   = Caja\\r\",\n      \"7   = Portal\\r\",\n      \"8   = Botón\\r\",\n      \"51  = Puerta horizontal\\r\",\n      \"52  = Puerta vertical\\r\",\n      \"53  = Puerta horizontal abierta\\r\",\n      \"54  = Puerta vertical abierta\\r\",\n      \"800 = Láser hacia arriba\\r\",\n      \"810 = Láser hacia abajo\\r\",\n      \"820 = Láser hacia la derecha\\r\",\n      \"830 = Láser hacia la izquierda\\r\",\n      \"101 = Salida hacia la izquierda\\r\",\n      \"102 = Salida hacia la derecha\\r\",\n      \"Enemigos\\r\",\n      \"90 = Sapo\\r\",\n      \"91 = Murciélago\\r\",\n      \"92 = Gato\\r\",\n      \"Personaje\\r\",\n      \"99 = Posición inicial del jugador\\r\",\n      \"------------------------------------------------------------\\r\",\n      \"Canales\\r\",\n      \"------------------------------------------------------------\\r\",\n      \"Algunos objetos (palancas, botones, puertas, pinchos, láseres, etc.)\\r\",\n      \"pueden pertenecer a un canal.\\r\",\n      \"El canal se codifica agregando un dígito al final del ID.\\r\",\n      \"Ejemplos:\\r\",\n      \"301 -> Pinchos del canal 1\\r\",\n      \"304 -> Pinchos del canal 4\\r\",\n      \"81 -> Botón del canal 1\\r\",\n      \"85 -> Botón del canal 5\\r\",\n      \"521 -> Puerta vertical del canal 1\\r\",\n      \"525 -> Puerta vertical del canal 5\\r\",\n      \"Cuando la fábrica recibe un ID que no existe exactamente, intenta\\r\",\n      \"interpretarlo de la siguiente forma:\\r\",\n      \"objeto = id / 10\\r\",\n      \"canal  = id % 10\\r\",\n      \"Si existe un constructor para \\\"objeto\\\", crea la instancia utilizando el\\r\",\n      \"canal obtenido.\\r\",\n      \"De esta forma no es necesario registrar un constructor para cada posible\\r\",\n      \"canal, sino solamente para el tipo base del objeto.\\r\"\n    ]\n  ]\n}\n    at lS (c:\\Users\\Usuario\\.vscode\\extensions\\uqbar.wollok-lsp-ide-0.5.4\\out\\server\\src\\server.js:64:34609)\n    at Q1 (c:\\Users\\Usuario\\.vscode\\extensions\\uqbar.wollok-lsp-ide-0.5.4\\out\\server\\src\\server.js:64:34682)\n    at c:\\Users\\Usuario\\.vscode\\extensions\\uqbar.wollok-lsp-ide-0.5.4\\out\\server\\src\\server.js:64:37949\n    at o.y1 (c:\\Users\\Usuario\\.vscode\\extensions\\uqbar.wollok-lsp-ide-0.5.4\\out\\server\\src\\server.js:57:59114)\n    at c:\\Users\\Usuario\\.vscode\\extensions\\uqbar.wollok-lsp-ide-0.5.4\\out\\server\\src\\server.js:64:37918\n    at c:\\Users\\Usuario\\.vscode\\extensions\\uqbar.wollok-lsp-ide-0.5.4\\out\\server\\src\\server.js:57:57154\n    at Cfn (c:\\Users\\Usuario\\.vscode\\extensions\\uqbar.wollok-lsp-ide-0.5.4\\out\\server\\src\\server.js:68:11324)\n    at c:\\Users\\Usuario\\.vscode\\extensions\\uqbar.wollok-lsp-ide-0.5.4\\out\\server\\src\\server.js:68:3629\n    at Array.map (<anonymous>)\n    at c:\\Users\\Usuario\\.vscode\\extensions\\uqbar.wollok-lsp-ide-0.5.4\\out\\server\\src\\server.js:68:4693","timestamp":"2026-07-11T04:02:48.590Z"}
{"errors":{"errors":[null,["/*\r","Este archivo define los identificadores (IDs) utilizados por los niveles y\r","cómo la fábrica convierte cada ID en un objeto del juego.\r","Cada celda del nivel contiene un número entero.\r","Los IDs simples representan directamente un tipo de objeto:\r","Objetos\r","0   = Celda vacía\r","1   = Colisión\r","2   = Moneda\r","20  = Baldosa\r","30  = Pinchos\r","31  = Pinchos cerrados\r","4   = Palanca\r","6   = Caja\r","7   = Portal\r","8   = Botón\r","51  = Puerta horizontal\r","52  = Puerta vertical\r","53  = Puerta horizontal abierta\r","54  = Puerta vertical abierta\r","800 = Láser hacia arriba\r","810 = Láser hacia abajo\r","820 = Láser hacia la derecha\r","830 = Láser hacia la izquierda\r","101 = Salida hacia la izquierda\r","102 = Salida hacia la derecha\r","Enemigos\r","90 = Sapo\r","91 = Murciélago\r","92 = Gato\r","Personaje\r","99 = Posición inicial del jugador\r","------------------------------------------------------------\r","Canales\r","------------------------------------------------------------\r","Algunos objetos (palancas, botones, puertas, pinchos, láseres, etc.)\r","pueden pertenecer a un canal.\r","El canal se codifica agregando un dígito al final del ID.\r","Ejemplos:\r","301 -> Pinchos del canal 1\r","304 -> Pinchos del canal 4\r","81 -> Botón del canal 1\r","85 -> Botón del canal 5\r","521 -> Puerta vertical del canal 1\r","525 -> Puerta vertical del canal 5\r","Cuando la fábrica recibe un ID que no existe exactamente, intenta\r","interpretarlo de la siguiente forma:\r","objeto = id / 10\r","canal  = id % 10\r","Si existe un constructor para \"objeto\", crea la instancia utilizando el\r","canal obtenido.\r","De esta forma no es necesario registrar un constructor para cada posible\r","canal, sino solamente para el tipo base del objeto.\r"]]},"level":"error","message":"✘ Failed to get type description: Error: {\n  \"errors\": [\n    null,\n    [\n      \"/*\\r\",\n      \"Este archivo define los identificadores (IDs) utilizados por los niveles y\\r\",\n      \"cómo la fábrica convierte cada ID en un objeto del juego.\\r\",\n      \"Cada celda del nivel contiene un número entero.\\r\",\n      \"Los IDs simples representan directamente un tipo de objeto:\\r\",\n      \"Objetos\\r\",\n      \"0   = Celda vacía\\r\",\n      \"1   = Colisión\\r\",\n      \"2   = Moneda\\r\",\n      \"20  = Baldosa\\r\",\n      \"30  = Pinchos\\r\",\n      \"31  = Pinchos cerrados\\r\",\n      \"4   = Palanca\\r\",\n      \"6   = Caja\\r\",\n      \"7   = Portal\\r\",\n      \"8   = Botón\\r\",\n      \"51  = Puerta horizontal\\r\",\n      \"52  = Puerta vertical\\r\",\n      \"53  = Puerta horizontal abierta\\r\",\n      \"54  = Puerta vertical abierta\\r\",\n      \"800 = Láser hacia arriba\\r\",\n      \"810 = Láser hacia abajo\\r\",\n      \"820 = Láser hacia la derecha\\r\",\n      \"830 = Láser hacia la izquierda\\r\",\n      \"101 = Salida hacia la izquierda\\r\",\n      \"102 = Salida hacia la derecha\\r\",\n      \"Enemigos\\r\",\n      \"90 = Sapo\\r\",\n      \"91 = Murciélago\\r\",\n      \"92 = Gato\\r\",\n      \"Personaje\\r\",\n      \"99 = Posición inicial del jugador\\r\",\n      \"------------------------------------------------------------\\r\",\n      \"Canales\\r\",\n      \"------------------------------------------------------------\\r\",\n      \"Algunos objetos (palancas, botones, puertas, pinchos, láseres, etc.)\\r\",\n      \"pueden pertenecer a un canal.\\r\",\n      \"El canal se codifica agregando un dígito al final del ID.\\r\",\n      \"Ejemplos:\\r\",\n      \"301 -> Pinchos del canal 1\\r\",\n      \"304 -> Pinchos del canal 4\\r\",\n      \"81 -> Botón del canal 1\\r\",\n      \"85 -> Botón del canal 5\\r\",\n      \"521 -> Puerta vertical del canal 1\\r\",\n      \"525 -> Puerta vertical del canal 5\\r\",\n      \"Cuando la fábrica recibe un ID que no existe exactamente, intenta\\r\",\n      \"interpretarlo de la siguiente forma:\\r\",\n      \"objeto = id / 10\\r\",\n      \"canal  = id % 10\\r\",\n      \"Si existe un constructor para \\\"objeto\\\", crea la instancia utilizando el\\r\",\n      \"canal obtenido.\\r\",\n      \"De esta forma no es necesario registrar un constructor para cada posible\\r\",\n      \"canal, sino solamente para el tipo base del objeto.\\r\"\n    ]\n  ]\n} {\n  \"errors\": [\n    null,\n    [\n      \"/*\\r\",\n      \"Este archivo define los identificadores (IDs) utilizados por los niveles y\\r\",\n      \"cómo la fábrica convierte cada ID en un objeto del juego.\\r\",\n      \"Cada celda del nivel contiene un número entero.\\r\",\n      \"Los IDs simples representan directamente un tipo de objeto:\\r\",\n      \"Objetos\\r\",\n      \"0   = Celda vacía\\r\",\n      \"1   = Colisión\\r\",\n      \"2   = Moneda\\r\",\n      \"20  = Baldosa\\r\",\n      \"30  = Pinchos\\r\",\n      \"31  = Pinchos cerrados\\r\",\n      \"4   = Palanca\\r\",\n      \"6   = Caja\\r\",\n      \"7   = Portal\\r\",\n      \"8   = Botón\\r\",\n      \"51  = Puerta horizontal\\r\",\n      \"52  = Puerta vertical\\r\",\n      \"53  = Puerta horizontal abierta\\r\",\n      \"54  = Puerta vertical abierta\\r\",\n      \"800 = Láser hacia arriba\\r\",\n      \"810 = Láser hacia abajo\\r\",\n      \"820 = Láser hacia la derecha\\r\",\n      \"830 = Láser hacia la izquierda\\r\",\n      \"101 = Salida hacia la izquierda\\r\",\n      \"102 = Salida hacia la derecha\\r\",\n      \"Enemigos\\r\",\n      \"90 = Sapo\\r\",\n      \"91 = Murciélago\\r\",\n      \"92 = Gato\\r\",\n      \"Personaje\\r\",\n      \"99 = Posición inicial del jugador\\r\",\n      \"------------------------------------------------------------\\r\",\n      \"Canales\\r\",\n      \"------------------------------------------------------------\\r\",\n      \"Algunos objetos (palancas, botones, puertas, pinchos, láseres, etc.)\\r\",\n      \"pueden pertenecer a un canal.\\r\",\n      \"El canal se codifica agregando un dígito al final del ID.\\r\",\n      \"Ejemplos:\\r\",\n      \"301 -> Pinchos del canal 1\\r\",\n      \"304 -> Pinchos del canal 4\\r\",\n      \"81 -> Botón del canal 1\\r\",\n      \"85 -> Botón del canal 5\\r\",\n      \"521 -> Puerta vertical del canal 1\\r\",\n      \"525 -> Puerta vertical del canal 5\\r\",\n      \"Cuando la fábrica recibe un ID que no existe exactamente, intenta\\r\",\n      \"interpretarlo de la siguiente forma:\\r\",\n      \"objeto = id / 10\\r\",\n      \"canal  = id % 10\\r\",\n      \"Si existe un constructor para \\\"objeto\\\", crea la instancia utilizando el\\r\",\n      \"canal obtenido.\\r\",\n      \"De esta forma no es necesario registrar un constructor para cada posible\\r\",\n      \"canal, sino solamente para el tipo base del objeto.\\r\"\n    ]\n  ]\n}","stack":"Error: {\n  \"errors\": [\n    null,\n    [\n      \"/*\\r\",\n      \"Este archivo define los identificadores (IDs) utilizados por los niveles y\\r\",\n      \"cómo la fábrica convierte cada ID en un objeto del juego.\\r\",\n      \"Cada celda del nivel contiene un número entero.\\r\",\n      \"Los IDs simples representan directamente un tipo de objeto:\\r\",\n      \"Objetos\\r\",\n      \"0   = Celda vacía\\r\",\n      \"1   = Colisión\\r\",\n      \"2   = Moneda\\r\",\n      \"20  = Baldosa\\r\",\n      \"30  = Pinchos\\r\",\n      \"31  = Pinchos cerrados\\r\",\n      \"4   = Palanca\\r\",\n      \"6   = Caja\\r\",\n      \"7   = Portal\\r\",\n      \"8   = Botón\\r\",\n      \"51  = Puerta horizontal\\r\",\n      \"52  = Puerta vertical\\r\",\n      \"53  = Puerta horizontal abierta\\r\",\n      \"54  = Puerta vertical abierta\\r\",\n      \"800 = Láser hacia arriba\\r\",\n      \"810 = Láser hacia abajo\\r\",\n      \"820 = Láser hacia la derecha\\r\",\n      \"830 = Láser hacia la izquierda\\r\",\n      \"101 = Salida hacia la izquierda\\r\",\n      \"102 = Salida hacia la derecha\\r\",\n      \"Enemigos\\r\",\n      \"90 = Sapo\\r\",\n      \"91 = Murciélago\\r\",\n      \"92 = Gato\\r\",\n      \"Personaje\\r\",\n      \"99 = Posición inicial del jugador\\r\",\n      \"------------------------------------------------------------\\r\",\n      \"Canales\\r\",\n      \"------------------------------------------------------------\\r\",\n      \"Algunos objetos (palancas, botones, puertas, pinchos, láseres, etc.)\\r\",\n      \"pueden pertenecer a un canal.\\r\",\n      \"El canal se codifica agregando un dígito al final del ID.\\r\",\n      \"Ejemplos:\\r\",\n      \"301 -> Pinchos del canal 1\\r\",\n      \"304 -> Pinchos del canal 4\\r\",\n      \"81 -> Botón del canal 1\\r\",\n      \"85 -> Botón del canal 5\\r\",\n      \"521 -> Puerta vertical del canal 1\\r\",\n      \"525 -> Puerta vertical del canal 5\\r\",\n      \"Cuando la fábrica recibe un ID que no existe exactamente, intenta\\r\",\n      \"interpretarlo de la siguiente forma:\\r\",\n      \"objeto = id / 10\\r\",\n      \"canal  = id % 10\\r\",\n      \"Si existe un constructor para \\\"objeto\\\", crea la instancia utilizando el\\r\",\n      \"canal obtenido.\\r\",\n      \"De esta forma no es necesario registrar un constructor para cada posible\\r\",\n      \"canal, sino solamente para el tipo base del objeto.\\r\"\n    ]\n  ]\n}\n    at lS (c:\\Users\\Usuario\\.vscode\\extensions\\uqbar.wollok-lsp-ide-0.5.4\\out\\server\\src\\server.js:64:34609)\n    at Q1 (c:\\Users\\Usuario\\.vscode\\extensions\\uqbar.wollok-lsp-ide-0.5.4\\out\\server\\src\\server.js:64:34682)\n    at c:\\Users\\Usuario\\.vscode\\extensions\\uqbar.wollok-lsp-ide-0.5.4\\out\\server\\src\\server.js:64:37949\n    at o.y1 (c:\\Users\\Usuario\\.vscode\\extensions\\uqbar.wollok-lsp-ide-0.5.4\\out\\server\\src\\server.js:57:59114)\n    at c:\\Users\\Usuario\\.vscode\\extensions\\uqbar.wollok-lsp-ide-0.5.4\\out\\server\\src\\server.js:64:37918\n    at c:\\Users\\Usuario\\.vscode\\extensions\\uqbar.wollok-lsp-ide-0.5.4\\out\\server\\src\\server.js:57:57154\n    at Cfn (c:\\Users\\Usuario\\.vscode\\extensions\\uqbar.wollok-lsp-ide-0.5.4\\out\\server\\src\\server.js:68:11324)\n    at c:\\Users\\Usuario\\.vscode\\extensions\\uqbar.wollok-lsp-ide-0.5.4\\out\\server\\src\\server.js:68:3629\n    at Array.map (<anonymous>)\n    at c:\\Users\\Usuario\\.vscode\\extensions\\uqbar.wollok-lsp-ide-0.5.4\\out\\server\\src\\server.js:68:4693","timestamp":"2026-07-11T04:02:48.794Z"}
{"errors":{"errors":[null,["/*\r","Este archivo define los identificadores (IDs) utilizados por los niveles y\r","cómo la fábrica convierte cada ID en un objeto del juego.\r","Cada celda del nivel contiene un número entero.\r","Los IDs simples representan directamente un tipo de objeto:\r","Objetos\r","0   = Celda vacía\r","1   = Colisión\r","2   = Moneda\r","20  = Baldosa\r","30  = Pinchos\r","31  = Pinchos cerrados\r","4   = Palanca\r","6   = Caja\r","7   = Portal\r","8   = Botón\r","51  = Puerta horizontal\r","52  = Puerta vertical\r","53  = Puerta horizontal abierta\r","54  = Puerta vertical abierta\r","800 = Láser hacia arriba\r","810 = Láser hacia abajo\r","820 = Láser hacia la derecha\r","830 = Láser hacia la izquierda\r","101 = Salida hacia la izquierda\r","102 = Salida hacia la derecha\r","Enemigos\r","90 = Sapo\r","91 = Murciélago\r","92 = Gato\r","Personaje\r","99 = Posición inicial del jugador\r","------------------------------------------------------------\r","Canales\r","------------------------------------------------------------\r","Algunos objetos (palancas, botones, puertas, pinchos, láseres, etc.)\r","pueden pertenecer a un canal.\r","El canal se codifica agregando un dígito al final del ID.\r","Ejemplos:\r","301 -> Pinchos del canal 1\r","304 -> Pinchos del canal 4\r","81 -> Botón del canal 1\r","85 -> Botón del canal 5\r","521 -> Puerta vertical del canal 1\r","525 -> Puerta vertical del canal 5\r","Cuando la fábrica recibe un ID que no existe exactamente, intenta\r","interpretarlo de la siguiente forma:\r","objeto = id / 10\r","canal  = id % 10\r","Si existe un constructor para \"objeto\", crea la instancia utilizando el\r","canal obtenido.\r","De esta forma no es necesario registrar un constructor para cada posible\r","canal, sino solamente para el tipo base del objeto.\r"]]},"level":"error","message":"✘ Failed to get type description: Error: {\n  \"errors\": [\n    null,\n    [\n      \"/*\\r\",\n      \"Este archivo define los identificadores (IDs) utilizados por los niveles y\\r\",\n      \"cómo la fábrica convierte cada ID en un objeto del juego.\\r\",\n      \"Cada celda del nivel contiene un número entero.\\r\",\n      \"Los IDs simples representan directamente un tipo de objeto:\\r\",\n      \"Objetos\\r\",\n      \"0   = Celda vacía\\r\",\n      \"1   = Colisión\\r\",\n      \"2   = Moneda\\r\",\n      \"20  = Baldosa\\r\",\n      \"30  = Pinchos\\r\",\n      \"31  = Pinchos cerrados\\r\",\n      \"4   = Palanca\\r\",\n      \"6   = Caja\\r\",\n      \"7   = Portal\\r\",\n      \"8   = Botón\\r\",\n      \"51  = Puerta horizontal\\r\",\n      \"52  = Puerta vertical\\r\",\n      \"53  = Puerta horizontal abierta\\r\",\n      \"54  = Puerta vertical abierta\\r\",\n      \"800 = Láser hacia arriba\\r\",\n      \"810 = Láser hacia abajo\\r\",\n      \"820 = Láser hacia la derecha\\r\",\n      \"830 = Láser hacia la izquierda\\r\",\n      \"101 = Salida hacia la izquierda\\r\",\n      \"102 = Salida hacia la derecha\\r\",\n      \"Enemigos\\r\",\n      \"90 = Sapo\\r\",\n      \"91 = Murciélago\\r\",\n      \"92 = Gato\\r\",\n      \"Personaje\\r\",\n      \"99 = Posición inicial del jugador\\r\",\n      \"------------------------------------------------------------\\r\",\n      \"Canales\\r\",\n      \"------------------------------------------------------------\\r\",\n      \"Algunos objetos (palancas, botones, puertas, pinchos, láseres, etc.)\\r\",\n      \"pueden pertenecer a un canal.\\r\",\n      \"El canal se codifica agregando un dígito al final del ID.\\r\",\n      \"Ejemplos:\\r\",\n      \"301 -> Pinchos del canal 1\\r\",\n      \"304 -> Pinchos del canal 4\\r\",\n      \"81 -> Botón del canal 1\\r\",\n      \"85 -> Botón del canal 5\\r\",\n      \"521 -> Puerta vertical del canal 1\\r\",\n      \"525 -> Puerta vertical del canal 5\\r\",\n      \"Cuando la fábrica recibe un ID que no existe exactamente, intenta\\r\",\n      \"interpretarlo de la siguiente forma:\\r\",\n      \"objeto = id / 10\\r\",\n      \"canal  = id % 10\\r\",\n      \"Si existe un constructor para \\\"objeto\\\", crea la instancia utilizando el\\r\",\n      \"canal obtenido.\\r\",\n      \"De esta forma no es necesario registrar un constructor para cada posible\\r\",\n      \"canal, sino solamente para el tipo base del objeto.\\r\"\n    ]\n  ]\n} {\n  \"errors\": [\n    null,\n    [\n      \"/*\\r\",\n      \"Este archivo define los identificadores (IDs) utilizados por los niveles y\\r\",\n      \"cómo la fábrica convierte cada ID en un objeto del juego.\\r\",\n      \"Cada celda del nivel contiene un número entero.\\r\",\n      \"Los IDs simples representan directamente un tipo de objeto:\\r\",\n      \"Objetos\\r\",\n      \"0   = Celda vacía\\r\",\n      \"1   = Colisión\\r\",\n      \"2   = Moneda\\r\",\n      \"20  = Baldosa\\r\",\n      \"30  = Pinchos\\r\",\n      \"31  = Pinchos cerrados\\r\",\n      \"4   = Palanca\\r\",\n      \"6   = Caja\\r\",\n      \"7   = Portal\\r\",\n      \"8   = Botón\\r\",\n      \"51  = Puerta horizontal\\r\",\n      \"52  = Puerta vertical\\r\",\n      \"53  = Puerta horizontal abierta\\r\",\n      \"54  = Puerta vertical abierta\\r\",\n      \"800 = Láser hacia arriba\\r\",\n      \"810 = Láser hacia abajo\\r\",\n      \"820 = Láser hacia la derecha\\r\",\n      \"830 = Láser hacia la izquierda\\r\",\n      \"101 = Salida hacia la izquierda\\r\",\n      \"102 = Salida hacia la derecha\\r\",\n      \"Enemigos\\r\",\n      \"90 = Sapo\\r\",\n      \"91 = Murciélago\\r\",\n      \"92 = Gato\\r\",\n      \"Personaje\\r\",\n      \"99 = Posición inicial del jugador\\r\",\n      \"------------------------------------------------------------\\r\",\n      \"Canales\\r\",\n      \"------------------------------------------------------------\\r\",\n      \"Algunos objetos (palancas, botones, puertas, pinchos, láseres, etc.)\\r\",\n      \"pueden pertenecer a un canal.\\r\",\n      \"El canal se codifica agregando un dígito al final del ID.\\r\",\n      \"Ejemplos:\\r\",\n      \"301 -> Pinchos del canal 1\\r\",\n      \"304 -> Pinchos del canal 4\\r\",\n      \"81 -> Botón del canal 1\\r\",\n      \"85 -> Botón del canal 5\\r\",\n      \"521 -> Puerta vertical del canal 1\\r\",\n      \"525 -> Puerta vertical del canal 5\\r\",\n      \"Cuando la fábrica recibe un ID que no existe exactamente, intenta\\r\",\n      \"interpretarlo de la siguiente forma:\\r\",\n      \"objeto = id / 10\\r\",\n      \"canal  = id % 10\\r\",\n      \"Si existe un constructor para \\\"objeto\\\", crea la instancia utilizando el\\r\",\n      \"canal obtenido.\\r\",\n      \"De esta forma no es necesario registrar un constructor para cada posible\\r\",\n      \"canal, sino solamente para el tipo base del objeto.\\r\"\n    ]\n  ]\n}","stack":"Error: {\n  \"errors\": [\n    null,\n    [\n      \"/*\\r\",\n      \"Este archivo define los identificadores (IDs) utilizados por los niveles y\\r\",\n      \"cómo la fábrica convierte cada ID en un objeto del juego.\\r\",\n      \"Cada celda del nivel contiene un número entero.\\r\",\n      \"Los IDs simples representan directamente un tipo de objeto:\\r\",\n      \"Objetos\\r\",\n      \"0   = Celda vacía\\r\",\n      \"1   = Colisión\\r\",\n      \"2   = Moneda\\r\",\n      \"20  = Baldosa\\r\",\n      \"30  = Pinchos\\r\",\n      \"31  = Pinchos cerrados\\r\",\n      \"4   = Palanca\\r\",\n      \"6   = Caja\\r\",\n      \"7   = Portal\\r\",\n      \"8   = Botón\\r\",\n      \"51  = Puerta horizontal\\r\",\n      \"52  = Puerta vertical\\r\",\n      \"53  = Puerta horizontal abierta\\r\",\n      \"54  = Puerta vertical abierta\\r\",\n      \"800 = Láser hacia arriba\\r\",\n      \"810 = Láser hacia abajo\\r\",\n      \"820 = Láser hacia la derecha\\r\",\n      \"830 = Láser hacia la izquierda\\r\",\n      \"101 = Salida hacia la izquierda\\r\",\n      \"102 = Salida hacia la derecha\\r\",\n      \"Enemigos\\r\",\n      \"90 = Sapo\\r\",\n      \"91 = Murciélago\\r\",\n      \"92 = Gato\\r\",\n      \"Personaje\\r\",\n      \"99 = Posición inicial del jugador\\r\",\n      \"------------------------------------------------------------\\r\",\n      \"Canales\\r\",\n      \"------------------------------------------------------------\\r\",\n      \"Algunos objetos (palancas, botones, puertas, pinchos, láseres, etc.)\\r\",\n      \"pueden pertenecer a un canal.\\r\",\n      \"El canal se codifica agregando un dígito al final del ID.\\r\",\n      \"Ejemplos:\\r\",\n      \"301 -> Pinchos del canal 1\\r\",\n      \"304 -> Pinchos del canal 4\\r\",\n      \"81 -> Botón del canal 1\\r\",\n      \"85 -> Botón del canal 5\\r\",\n      \"521 -> Puerta vertical del canal 1\\r\",\n      \"525 -> Puerta vertical del canal 5\\r\",\n      \"Cuando la fábrica recibe un ID que no existe exactamente, intenta\\r\",\n      \"interpretarlo de la siguiente forma:\\r\",\n      \"objeto = id / 10\\r\",\n      \"canal  = id % 10\\r\",\n      \"Si existe un constructor para \\\"objeto\\\", crea la instancia utilizando el\\r\",\n      \"canal obtenido.\\r\",\n      \"De esta forma no es necesario registrar un constructor para cada posible\\r\",\n      \"canal, sino solamente para el tipo base del objeto.\\r\"\n    ]\n  ]\n}\n    at lS (c:\\Users\\Usuario\\.vscode\\extensions\\uqbar.wollok-lsp-ide-0.5.4\\out\\server\\src\\server.js:64:34609)\n    at Q1 (c:\\Users\\Usuario\\.vscode\\extensions\\uqbar.wollok-lsp-ide-0.5.4\\out\\server\\src\\server.js:64:34682)\n    at c:\\Users\\Usuario\\.vscode\\extensions\\uqbar.wollok-lsp-ide-0.5.4\\out\\server\\src\\server.js:64:37949\n    at o.y1 (c:\\Users\\Usuario\\.vscode\\extensions\\uqbar.wollok-lsp-ide-0.5.4\\out\\server\\src\\server.js:57:59114)\n    at c:\\Users\\Usuario\\.vscode\\extensions\\uqbar.wollok-lsp-ide-0.5.4\\out\\server\\src\\server.js:64:37918\n    at c:\\Users\\Usuario\\.vscode\\extensions\\uqbar.wollok-lsp-ide-0.5.4\\out\\server\\src\\server.js:57:57154\n    at Cfn (c:\\Users\\Usuario\\.vscode\\extensions\\uqbar.wollok-lsp-ide-0.5.4\\out\\server\\src\\server.js:68:11324)\n    at c:\\Users\\Usuario\\.vscode\\extensions\\uqbar.wollok-lsp-ide-0.5.4\\out\\server\\src\\server.js:68:3629\n    at Array.map (<anonymous>)\n    at c:\\Users\\Usuario\\.vscode\\extensions\\uqbar.wollok-lsp-ide-0.5.4\\out\\server\\src\\server.js:68:4693","timestamp":"2026-07-11T04:02:49.703Z"}
{"errors":{"errors":[null,["/*\r","Este archivo define los identificadores (IDs) utilizados por los niveles y\r","cómo la fábrica convierte cada ID en un objeto del juego.\r","Cada celda del nivel contiene un número entero.\r","Los IDs simples representan directamente un tipo de objeto:\r","Objetos\r","0   = Celda vacía\r","1   = Colisión\r","2   = Moneda\r","20  = Baldosa\r","30  = Pinchos\r","31  = Pinchos cerrados\r","4   = Palanca\r","6   = Caja\r","7   = Portal\r","8   = Botón\r","51  = Puerta horizontal\r","52  = Puerta vertical\r","53  = Puerta horizontal abierta\r","54  = Puerta vertical abierta\r","800 = Láser hacia arriba\r","810 = Láser hacia abajo\r","820 = Láser hacia la derecha\r","830 = Láser hacia la izquierda\r","101 = Salida hacia la izquierda\r","102 = Salida hacia la derecha\r","Enemigos\r","90 = Sapo\r","91 = Murciélago\r","92 = Gato\r","Personaje\r","99 = Posición inicial del jugador\r","------------------------------------------------------------\r","Canales\r","------------------------------------------------------------\r","Algunos objetos (palancas, botones, puertas, pinchos, láseres, etc.)\r","pueden pertenecer a un canal.\r","El canal se codifica agregando un dígito al final del ID.\r","Ejemplos:\r","301 -> Pinchos del canal 1\r","304 -> Pinchos del canal 4\r","81 -> Botón del canal 1\r","85 -> Botón del canal 5\r","521 -> Puerta vertical del canal 1\r","525 -> Puerta vertical del canal 5\r","Cuando la fábrica recibe un ID que no existe exactamente, intenta\r","interpretarlo de la siguiente forma:\r","objeto = id / 10\r","canal  = id % 10\r","Si existe un constructor para \"objeto\", crea la instancia utilizando el\r","canal obtenido.\r","De esta forma no es necesario registrar un constructor para cada posible\r","canal, sino solamente para el tipo base del objeto.\r"]]},"level":"error","message":"✘ Failed to get type description: Error: {\n  \"errors\": [\n    null,\n    [\n      \"/*\\r\",\n      \"Este archivo define los identificadores (IDs) utilizados por los niveles y\\r\",\n      \"cómo la fábrica convierte cada ID en un objeto del juego.\\r\",\n      \"Cada celda del nivel contiene un número entero.\\r\",\n      \"Los IDs simples representan directamente un tipo de objeto:\\r\",\n      \"Objetos\\r\",\n      \"0   = Celda vacía\\r\",\n      \"1   = Colisión\\r\",\n      \"2   = Moneda\\r\",\n      \"20  = Baldosa\\r\",\n      \"30  = Pinchos\\r\",\n      \"31  = Pinchos cerrados\\r\",\n      \"4   = Palanca\\r\",\n      \"6   = Caja\\r\",\n      \"7   = Portal\\r\",\n      \"8   = Botón\\r\",\n      \"51  = Puerta horizontal\\r\",\n      \"52  = Puerta vertical\\r\",\n      \"53  = Puerta horizontal abierta\\r\",\n      \"54  = Puerta vertical abierta\\r\",\n      \"800 = Láser hacia arriba\\r\",\n      \"810 = Láser hacia abajo\\r\",\n      \"820 = Láser hacia la derecha\\r\",\n      \"830 = Láser hacia la izquierda\\r\",\n      \"101 = Salida hacia la izquierda\\r\",\n      \"102 = Salida hacia la derecha\\r\",\n      \"Enemigos\\r\",\n      \"90 = Sapo\\r\",\n      \"91 = Murciélago\\r\",\n      \"92 = Gato\\r\",\n      \"Personaje\\r\",\n      \"99 = Posición inicial del jugador\\r\",\n      \"------------------------------------------------------------\\r\",\n      \"Canales\\r\",\n      \"------------------------------------------------------------\\r\",\n      \"Algunos objetos (palancas, botones, puertas, pinchos, láseres, etc.)\\r\",\n      \"pueden pertenecer a un canal.\\r\",\n      \"El canal se codifica agregando un dígito al final del ID.\\r\",\n      \"Ejemplos:\\r\",\n      \"301 -> Pinchos del canal 1\\r\",\n      \"304 -> Pinchos del canal 4\\r\",\n      \"81 -> Botón del canal 1\\r\",\n      \"85 -> Botón del canal 5\\r\",\n      \"521 -> Puerta vertical del canal 1\\r\",\n      \"525 -> Puerta vertical del canal 5\\r\",\n      \"Cuando la fábrica recibe un ID que no existe exactamente, intenta\\r\",\n      \"interpretarlo de la siguiente forma:\\r\",\n      \"objeto = id / 10\\r\",\n      \"canal  = id % 10\\r\",\n      \"Si existe un constructor para \\\"objeto\\\", crea la instancia utilizando el\\r\",\n      \"canal obtenido.\\r\",\n      \"De esta forma no es necesario registrar un constructor para cada posible\\r\",\n      \"canal, sino solamente para el tipo base del objeto.\\r\"\n    ]\n  ]\n} {\n  \"errors\": [\n    null,\n    [\n      \"/*\\r\",\n      \"Este archivo define los identificadores (IDs) utilizados por los niveles y\\r\",\n      \"cómo la fábrica convierte cada ID en un objeto del juego.\\r\",\n      \"Cada celda del nivel contiene un número entero.\\r\",\n      \"Los IDs simples representan directamente un tipo de objeto:\\r\",\n      \"Objetos\\r\",\n      \"0   = Celda vacía\\r\",\n      \"1   = Colisión\\r\",\n      \"2   = Moneda\\r\",\n      \"20  = Baldosa\\r\",\n      \"30  = Pinchos\\r\",\n      \"31  = Pinchos cerrados\\r\",\n      \"4   = Palanca\\r\",\n      \"6   = Caja\\r\",\n      \"7   = Portal\\r\",\n      \"8   = Botón\\r\",\n      \"51  = Puerta horizontal\\r\",\n      \"52  = Puerta vertical\\r\",\n      \"53  = Puerta horizontal abierta\\r\",\n      \"54  = Puerta vertical abierta\\r\",\n      \"800 = Láser hacia arriba\\r\",\n      \"810 = Láser hacia abajo\\r\",\n      \"820 = Láser hacia la derecha\\r\",\n      \"830 = Láser hacia la izquierda\\r\",\n      \"101 = Salida hacia la izquierda\\r\",\n      \"102 = Salida hacia la derecha\\r\",\n      \"Enemigos\\r\",\n      \"90 = Sapo\\r\",\n      \"91 = Murciélago\\r\",\n      \"92 = Gato\\r\",\n      \"Personaje\\r\",\n      \"99 = Posición inicial del jugador\\r\",\n      \"------------------------------------------------------------\\r\",\n      \"Canales\\r\",\n      \"------------------------------------------------------------\\r\",\n      \"Algunos objetos (palancas, botones, puertas, pinchos, láseres, etc.)\\r\",\n      \"pueden pertenecer a un canal.\\r\",\n      \"El canal se codifica agregando un dígito al final del ID.\\r\",\n      \"Ejemplos:\\r\",\n      \"301 -> Pinchos del canal 1\\r\",\n      \"304 -> Pinchos del canal 4\\r\",\n      \"81 -> Botón del canal 1\\r\",\n      \"85 -> Botón del canal 5\\r\",\n      \"521 -> Puerta vertical del canal 1\\r\",\n      \"525 -> Puerta vertical del canal 5\\r\",\n      \"Cuando la fábrica recibe un ID que no existe exactamente, intenta\\r\",\n      \"interpretarlo de la siguiente forma:\\r\",\n      \"objeto = id / 10\\r\",\n      \"canal  = id % 10\\r\",\n      \"Si existe un constructor para \\\"objeto\\\", crea la instancia utilizando el\\r\",\n      \"canal obtenido.\\r\",\n      \"De esta forma no es necesario registrar un constructor para cada posible\\r\",\n      \"canal, sino solamente para el tipo base del objeto.\\r\"\n    ]\n  ]\n}","stack":"Error: {\n  \"errors\": [\n    null,\n    [\n      \"/*\\r\",\n      \"Este archivo define los identificadores (IDs) utilizados por los niveles y\\r\",\n      \"cómo la fábrica convierte cada ID en un objeto del juego.\\r\",\n      \"Cada celda del nivel contiene un número entero.\\r\",\n      \"Los IDs simples representan directamente un tipo de objeto:\\r\",\n      \"Objetos\\r\",\n      \"0   = Celda vacía\\r\",\n      \"1   = Colisión\\r\",\n      \"2   = Moneda\\r\",\n      \"20  = Baldosa\\r\",\n      \"30  = Pinchos\\r\",\n      \"31  = Pinchos cerrados\\r\",\n      \"4   = Palanca\\r\",\n      \"6   = Caja\\r\",\n      \"7   = Portal\\r\",\n      \"8   = Botón\\r\",\n      \"51  = Puerta horizontal\\r\",\n      \"52  = Puerta vertical\\r\",\n      \"53  = Puerta horizontal abierta\\r\",\n      \"54  = Puerta vertical abierta\\r\",\n      \"800 = Láser hacia arriba\\r\",\n      \"810 = Láser hacia abajo\\r\",\n      \"820 = Láser hacia la derecha\\r\",\n      \"830 = Láser hacia la izquierda\\r\",\n      \"101 = Salida hacia la izquierda\\r\",\n      \"102 = Salida hacia la derecha\\r\",\n      \"Enemigos\\r\",\n      \"90 = Sapo\\r\",\n      \"91 = Murciélago\\r\",\n      \"92 = Gato\\r\",\n      \"Personaje\\r\",\n      \"99 = Posición inicial del jugador\\r\",\n      \"------------------------------------------------------------\\r\",\n      \"Canales\\r\",\n      \"------------------------------------------------------------\\r\",\n      \"Algunos objetos (palancas, botones, puertas, pinchos, láseres, etc.)\\r\",\n      \"pueden pertenecer a un canal.\\r\",\n      \"El canal se codifica agregando un dígito al final del ID.\\r\",\n      \"Ejemplos:\\r\",\n      \"301 -> Pinchos del canal 1\\r\",\n      \"304 -> Pinchos del canal 4\\r\",\n      \"81 -> Botón del canal 1\\r\",\n      \"85 -> Botón del canal 5\\r\",\n      \"521 -> Puerta vertical del canal 1\\r\",\n      \"525 -> Puerta vertical del canal 5\\r\",\n      \"Cuando la fábrica recibe un ID que no existe exactamente, intenta\\r\",\n      \"interpretarlo de la siguiente forma:\\r\",\n      \"objeto = id / 10\\r\",\n      \"canal  = id % 10\\r\",\n      \"Si existe un constructor para \\\"objeto\\\", crea la instancia utilizando el\\r\",\n      \"canal obtenido.\\r\",\n      \"De esta forma no es necesario registrar un constructor para cada posible\\r\",\n      \"canal, sino solamente para el tipo base del objeto.\\r\"\n    ]\n  ]\n}\n    at lS (c:\\Users\\Usuario\\.vscode\\extensions\\uqbar.wollok-lsp-ide-0.5.4\\out\\server\\src\\server.js:64:34609)\n    at Q1 (c:\\Users\\Usuario\\.vscode\\extensions\\uqbar.wollok-lsp-ide-0.5.4\\out\\server\\src\\server.js:64:34682)\n    at c:\\Users\\Usuario\\.vscode\\extensions\\uqbar.wollok-lsp-ide-0.5.4\\out\\server\\src\\server.js:64:37949\n    at o.y1 (c:\\Users\\Usuario\\.vscode\\extensions\\uqbar.wollok-lsp-ide-0.5.4\\out\\server\\src\\server.js:57:59114)\n    at c:\\Users\\Usuario\\.vscode\\extensions\\uqbar.wollok-lsp-ide-0.5.4\\out\\server\\src\\server.js:64:37918\n    at c:\\Users\\Usuario\\.vscode\\extensions\\uqbar.wollok-lsp-ide-0.5.4\\out\\server\\src\\server.js:57:57154\n    at Cfn (c:\\Users\\Usuario\\.vscode\\extensions\\uqbar.wollok-lsp-ide-0.5.4\\out\\server\\src\\server.js:68:11324)\n    at c:\\Users\\Usuario\\.vscode\\extensions\\uqbar.wollok-lsp-ide-0.5.4\\out\\server\\src\\server.js:68:3629\n    at Array.map (<anonymous>)\n    at c:\\Users\\Usuario\\.vscode\\extensions\\uqbar.wollok-lsp-ide-0.5.4\\out\\server\\src\\server.js:68:4693","timestamp":"2026-07-11T04:02:49.893Z"}
{"errors":{"errors":[null,["/*\r","Este archivo define los identificadores (IDs) utilizados por los niveles y\r","cómo la fábrica convierte cada ID en un objeto del juego.\r","Cada celda del nivel contiene un número entero.\r","Los IDs simples representan directamente un tipo de objeto:\r","Objetos\r","0   = Celda vacía\r","1   = Colisión\r","2   = Moneda\r","20  = Baldosa\r","30  = Pinchos\r","31  = Pinchos cerrados\r","4   = Palanca\r","6   = Caja\r","7   = Portal\r","8   = Botón\r","51  = Puerta horizontal\r","52  = Puerta vertical\r","53  = Puerta horizontal abierta\r","54  = Puerta vertical abierta\r","800 = Láser hacia arriba\r","810 = Láser hacia abajo\r","820 = Láser hacia la derecha\r","830 = Láser hacia la izquierda\r","101 = Salida hacia la izquierda\r","102 = Salida hacia la derecha\r","Enemigos\r","90 = Sapo\r","91 = Murciélago\r","92 = Gato\r","Personaje\r","99 = Posición inicial del jugador\r","------------------------------------------------------------\r","Canales\r","------------------------------------------------------------\r","Algunos objetos (palancas, botones, puertas, pinchos, láseres, etc.)\r","pueden pertenecer a un canal.\r","El canal se codifica agregando un dígito al final del ID.\r","Ejemplos:\r","301 -> Pinchos del canal 1\r","304 -> Pinchos del canal 4\r","81 -> Botón del canal 1\r","85 -> Botón del canal 5\r","521 -> Puerta vertical del canal 1\r","525 -> Puerta vertical del canal 5\r","Cuando la fábrica recibe un ID que no existe exactamente, intenta\r","interpretarlo de la siguiente forma:\r","objeto = id / 10\r","canal  = id % 10\r","Si existe un constructor para \"objeto\", crea la instancia utilizando el\r","canal obtenido.\r","De esta forma no es necesario registrar un constructor para cada posible\r","canal, sino solamente para el tipo base del objeto.\r"]]},"level":"error","message":"✘ Failed to get type description: Error: {\n  \"errors\": [\n    null,\n    [\n      \"/*\\r\",\n      \"Este archivo define los identificadores (IDs) utilizados por los niveles y\\r\",\n      \"cómo la fábrica convierte cada ID en un objeto del juego.\\r\",\n      \"Cada celda del nivel contiene un número entero.\\r\",\n      \"Los IDs simples representan directamente un tipo de objeto:\\r\",\n      \"Objetos\\r\",\n      \"0   = Celda vacía\\r\",\n      \"1   = Colisión\\r\",\n      \"2   = Moneda\\r\",\n      \"20  = Baldosa\\r\",\n      \"30  = Pinchos\\r\",\n      \"31  = Pinchos cerrados\\r\",\n      \"4   = Palanca\\r\",\n      \"6   = Caja\\r\",\n      \"7   = Portal\\r\",\n      \"8   = Botón\\r\",\n      \"51  = Puerta horizontal\\r\",\n      \"52  = Puerta vertical\\r\",\n      \"53  = Puerta horizontal abierta\\r\",\n      \"54  = Puerta vertical abierta\\r\",\n      \"800 = Láser hacia arriba\\r\",\n      \"810 = Láser hacia abajo\\r\",\n      \"820 = Láser hacia la derecha\\r\",\n      \"830 = Láser hacia la izquierda\\r\",\n      \"101 = Salida hacia la izquierda\\r\",\n      \"102 = Salida hacia la derecha\\r\",\n      \"Enemigos\\r\",\n      \"90 = Sapo\\r\",\n      \"91 = Murciélago\\r\",\n      \"92 = Gato\\r\",\n      \"Personaje\\r\",\n      \"99 = Posición inicial del jugador\\r\",\n      \"------------------------------------------------------------\\r\",\n      \"Canales\\r\",\n      \"------------------------------------------------------------\\r\",\n      \"Algunos objetos (palancas, botones, puertas, pinchos, láseres, etc.)\\r\",\n      \"pueden pertenecer a un canal.\\r\",\n      \"El canal se codifica agregando un dígito al final del ID.\\r\",\n      \"Ejemplos:\\r\",\n      \"301 -> Pinchos del canal 1\\r\",\n      \"304 -> Pinchos del canal 4\\r\",\n      \"81 -> Botón del canal 1\\r\",\n      \"85 -> Botón del canal 5\\r\",\n      \"521 -> Puerta vertical del canal 1\\r\",\n      \"525 -> Puerta vertical del canal 5\\r\",\n      \"Cuando la fábrica recibe un ID que no existe exactamente, intenta\\r\",\n      \"interpretarlo de la siguiente forma:\\r\",\n      \"objeto = id / 10\\r\",\n      \"canal  = id % 10\\r\",\n      \"Si existe un constructor para \\\"objeto\\\", crea la instancia utilizando el\\r\",\n      \"canal obtenido.\\r\",\n      \"De esta forma no es necesario registrar un constructor para cada posible\\r\",\n      \"canal, sino solamente para el tipo base del objeto.\\r\"\n    ]\n  ]\n} {\n  \"errors\": [\n    null,\n    [\n      \"/*\\r\",\n      \"Este archivo define los identificadores (IDs) utilizados por los niveles y\\r\",\n      \"cómo la fábrica convierte cada ID en un objeto del juego.\\r\",\n      \"Cada celda del nivel contiene un número entero.\\r\",\n      \"Los IDs simples representan directamente un tipo de objeto:\\r\",\n      \"Objetos\\r\",\n      \"0   = Celda vacía\\r\",\n      \"1   = Colisión\\r\",\n      \"2   = Moneda\\r\",\n      \"20  = Baldosa\\r\",\n      \"30  = Pinchos\\r\",\n      \"31  = Pinchos cerrados\\r\",\n      \"4   = Palanca\\r\",\n      \"6   = Caja\\r\",\n      \"7   = Portal\\r\",\n      \"8   = Botón\\r\",\n      \"51  = Puerta horizontal\\r\",\n      \"52  = Puerta vertical\\r\",\n      \"53  = Puerta horizontal abierta\\r\",\n      \"54  = Puerta vertical abierta\\r\",\n      \"800 = Láser hacia arriba\\r\",\n      \"810 = Láser hacia abajo\\r\",\n      \"820 = Láser hacia la derecha\\r\",\n      \"830 = Láser hacia la izquierda\\r\",\n      \"101 = Salida hacia la izquierda\\r\",\n      \"102 = Salida hacia la derecha\\r\",\n      \"Enemigos\\r\",\n      \"90 = Sapo\\r\",\n      \"91 = Murciélago\\r\",\n      \"92 = Gato\\r\",\n      \"Personaje\\r\",\n      \"99 = Posición inicial del jugador\\r\",\n      \"------------------------------------------------------------\\r\",\n      \"Canales\\r\",\n      \"------------------------------------------------------------\\r\",\n      \"Algunos objetos (palancas, botones, puertas, pinchos, láseres, etc.)\\r\",\n      \"pueden pertenecer a un canal.\\r\",\n      \"El canal se codifica agregando un dígito al final del ID.\\r\",\n      \"Ejemplos:\\r\",\n      \"301 -> Pinchos del canal 1\\r\",\n      \"304 -> Pinchos del canal 4\\r\",\n      \"81 -> Botón del canal 1\\r\",\n      \"85 -> Botón del canal 5\\r\",\n      \"521 -> Puerta vertical del canal 1\\r\",\n      \"525 -> Puerta vertical del canal 5\\r\",\n      \"Cuando la fábrica recibe un ID que no existe exactamente, intenta\\r\",\n      \"interpretarlo de la siguiente forma:\\r\",\n      \"objeto = id / 10\\r\",\n      \"canal  = id % 10\\r\",\n      \"Si existe un constructor para \\\"objeto\\\", crea la instancia utilizando el\\r\",\n      \"canal obtenido.\\r\",\n      \"De esta forma no es necesario registrar un constructor para cada posible\\r\",\n      \"canal, sino solamente para el tipo base del objeto.\\r\"\n    ]\n  ]\n}","stack":"Error: {\n  \"errors\": [\n    null,\n    [\n      \"/*\\r\",\n      \"Este archivo define los identificadores (IDs) utilizados por los niveles y\\r\",\n      \"cómo la fábrica convierte cada ID en un objeto del juego.\\r\",\n      \"Cada celda del nivel contiene un número entero.\\r\",\n      \"Los IDs simples representan directamente un tipo de objeto:\\r\",\n      \"Objetos\\r\",\n      \"0   = Celda vacía\\r\",\n      \"1   = Colisión\\r\",\n      \"2   = Moneda\\r\",\n      \"20  = Baldosa\\r\",\n      \"30  = Pinchos\\r\",\n      \"31  = Pinchos cerrados\\r\",\n      \"4   = Palanca\\r\",\n      \"6   = Caja\\r\",\n      \"7   = Portal\\r\",\n      \"8   = Botón\\r\",\n      \"51  = Puerta horizontal\\r\",\n      \"52  = Puerta vertical\\r\",\n      \"53  = Puerta horizontal abierta\\r\",\n      \"54  = Puerta vertical abierta\\r\",\n      \"800 = Láser hacia arriba\\r\",\n      \"810 = Láser hacia abajo\\r\",\n      \"820 = Láser hacia la derecha\\r\",\n      \"830 = Láser hacia la izquierda\\r\",\n      \"101 = Salida hacia la izquierda\\r\",\n      \"102 = Salida hacia la derecha\\r\",\n      \"Enemigos\\r\",\n      \"90 = Sapo\\r\",\n      \"91 = Murciélago\\r\",\n      \"92 = Gato\\r\",\n      \"Personaje\\r\",\n      \"99 = Posición inicial del jugador\\r\",\n      \"------------------------------------------------------------\\r\",\n      \"Canales\\r\",\n      \"------------------------------------------------------------\\r\",\n      \"Algunos objetos (palancas, botones, puertas, pinchos, láseres, etc.)\\r\",\n      \"pueden pertenecer a un canal.\\r\",\n      \"El canal se codifica agregando un dígito al final del ID.\\r\",\n      \"Ejemplos:\\r\",\n      \"301 -> Pinchos del canal 1\\r\",\n      \"304 -> Pinchos del canal 4\\r\",\n      \"81 -> Botón del canal 1\\r\",\n      \"85 -> Botón del canal 5\\r\",\n      \"521 -> Puerta vertical del canal 1\\r\",\n      \"525 -> Puerta vertical del canal 5\\r\",\n      \"Cuando la fábrica recibe un ID que no existe exactamente, intenta\\r\",\n      \"interpretarlo de la siguiente forma:\\r\",\n      \"objeto = id / 10\\r\",\n      \"canal  = id % 10\\r\",\n      \"Si existe un constructor para \\\"objeto\\\", crea la instancia utilizando el\\r\",\n      \"canal obtenido.\\r\",\n      \"De esta forma no es necesario registrar un constructor para cada posible\\r\",\n      \"canal, sino solamente para el tipo base del objeto.\\r\"\n    ]\n  ]\n}\n    at lS (c:\\Users\\Usuario\\.vscode\\extensions\\uqbar.wollok-lsp-ide-0.5.4\\out\\server\\src\\server.js:64:34609)\n    at Q1 (c:\\Users\\Usuario\\.vscode\\extensions\\uqbar.wollok-lsp-ide-0.5.4\\out\\server\\src\\server.js:64:34682)\n    at c:\\Users\\Usuario\\.vscode\\extensions\\uqbar.wollok-lsp-ide-0.5.4\\out\\server\\src\\server.js:64:37949\n    at o.y1 (c:\\Users\\Usuario\\.vscode\\extensions\\uqbar.wollok-lsp-ide-0.5.4\\out\\server\\src\\server.js:57:59114)\n    at c:\\Users\\Usuario\\.vscode\\extensions\\uqbar.wollok-lsp-ide-0.5.4\\out\\server\\src\\server.js:64:37918\n    at c:\\Users\\Usuario\\.vscode\\extensions\\uqbar.wollok-lsp-ide-0.5.4\\out\\server\\src\\server.js:57:57154\n    at Cfn (c:\\Users\\Usuario\\.vscode\\extensions\\uqbar.wollok-lsp-ide-0.5.4\\out\\server\\src\\server.js:68:11324)\n    at c:\\Users\\Usuario\\.vscode\\extensions\\uqbar.wollok-lsp-ide-0.5.4\\out\\server\\src\\server.js:68:3629\n    at Array.map (<anonymous>)\n    at c:\\Users\\Usuario\\.vscode\\extensions\\uqbar.wollok-lsp-ide-0.5.4\\out\\server\\src\\server.js:68:4693","timestamp":"2026-07-11T04:02:50.238Z"}
{"errors":{"errors":[null,["/*\r","Este archivo define los identificadores (IDs) utilizados por los niveles y\r","cómo la fábrica convierte cada ID en un objeto del juego.\r","Cada celda del nivel contiene un número entero.\r","Los IDs simples representan directamente un tipo de objeto:\r","Objetos\r","0   = Celda vacía\r","1   = Colisión\r","2   = Moneda\r","20  = Baldosa\r","30  = Pinchos\r","31  = Pinchos cerrados\r","4   = Palanca\r","6   = Caja\r","7   = Portal\r","8   = Botón\r","51  = Puerta horizontal\r","52  = Puerta vertical\r","53  = Puerta horizontal abierta\r","54  = Puerta vertical abierta\r","800 = Láser hacia arriba\r","810 = Láser hacia abajo\r","820 = Láser hacia la derecha\r","830 = Láser hacia la izquierda\r","101 = Salida hacia la izquierda\r","102 = Salida hacia la derecha\r","Enemigos\r","90 = Sapo\r","91 = Murciélago\r","92 = Gato\r","Personaje\r","99 = Posición inicial del jugador\r","------------------------------------------------------------\r","Canales\r","------------------------------------------------------------\r","Algunos objetos (palancas, botones, puertas, pinchos, láseres, etc.)\r","pueden pertenecer a un canal.\r","El canal se codifica agregando un dígito al final del ID.\r","Ejemplos:\r","301 -> Pinchos del canal 1\r","304 -> Pinchos del canal 4\r","81 -> Botón del canal 1\r","85 -> Botón del canal 5\r","521 -> Puerta vertical del canal 1\r","525 -> Puerta vertical del canal 5\r","Cuando la fábrica recibe un ID que no existe exactamente, intenta\r","interpretarlo de la siguiente forma:\r","objeto = id / 10\r","canal  = id % 10\r","Si existe un constructor para \"objeto\", crea la instancia utilizando el\r","canal obtenido.\r","De esta forma no es necesario registrar un constructor para cada posible\r","canal, sino solamente para el tipo base del objeto.\r"]]},"level":"error","message":"✘ Failed to get type description: Error: {\n  \"errors\": [\n    null,\n    [\n      \"/*\\r\",\n      \"Este archivo define los identificadores (IDs) utilizados por los niveles y\\r\",\n      \"cómo la fábrica convierte cada ID en un objeto del juego.\\r\",\n      \"Cada celda del nivel contiene un número entero.\\r\",\n      \"Los IDs simples representan directamente un tipo de objeto:\\r\",\n      \"Objetos\\r\",\n      \"0   = Celda vacía\\r\",\n      \"1   = Colisión\\r\",\n      \"2   = Moneda\\r\",\n      \"20  = Baldosa\\r\",\n      \"30  = Pinchos\\r\",\n      \"31  = Pinchos cerrados\\r\",\n      \"4   = Palanca\\r\",\n      \"6   = Caja\\r\",\n      \"7   = Portal\\r\",\n      \"8   = Botón\\r\",\n      \"51  = Puerta horizontal\\r\",\n      \"52  = Puerta vertical\\r\",\n      \"53  = Puerta horizontal abierta\\r\",\n      \"54  = Puerta vertical abierta\\r\",\n      \"800 = Láser hacia arriba\\r\",\n      \"810 = Láser hacia abajo\\r\",\n      \"820 = Láser hacia la derecha\\r\",\n      \"830 = Láser hacia la izquierda\\r\",\n      \"101 = Salida hacia la izquierda\\r\",\n      \"102 = Salida hacia la derecha\\r\",\n      \"Enemigos\\r\",\n      \"90 = Sapo\\r\",\n      \"91 = Murciélago\\r\",\n      \"92 = Gato\\r\",\n      \"Personaje\\r\",\n      \"99 = Posición inicial del jugador\\r\",\n      \"------------------------------------------------------------\\r\",\n      \"Canales\\r\",\n      \"------------------------------------------------------------\\r\",\n      \"Algunos objetos (palancas, botones, puertas, pinchos, láseres, etc.)\\r\",\n      \"pueden pertenecer a un canal.\\r\",\n      \"El canal se codifica agregando un dígito al final del ID.\\r\",\n      \"Ejemplos:\\r\",\n      \"301 -> Pinchos del canal 1\\r\",\n      \"304 -> Pinchos del canal 4\\r\",\n      \"81 -> Botón del canal 1\\r\",\n      \"85 -> Botón del canal 5\\r\",\n      \"521 -> Puerta vertical del canal 1\\r\",\n      \"525 -> Puerta vertical del canal 5\\r\",\n      \"Cuando la fábrica recibe un ID que no existe exactamente, intenta\\r\",\n      \"interpretarlo de la siguiente forma:\\r\",\n      \"objeto = id / 10\\r\",\n      \"canal  = id % 10\\r\",\n      \"Si existe un constructor para \\\"objeto\\\", crea la instancia utilizando el\\r\",\n      \"canal obtenido.\\r\",\n      \"De esta forma no es necesario registrar un constructor para cada posible\\r\",\n      \"canal, sino solamente para el tipo base del objeto.\\r\"\n    ]\n  ]\n} {\n  \"errors\": [\n    null,\n    [\n      \"/*\\r\",\n      \"Este archivo define los identificadores (IDs) utilizados por los niveles y\\r\",\n      \"cómo la fábrica convierte cada ID en un objeto del juego.\\r\",\n      \"Cada celda del nivel contiene un número entero.\\r\",\n      \"Los IDs simples representan directamente un tipo de objeto:\\r\",\n      \"Objetos\\r\",\n      \"0   = Celda vacía\\r\",\n      \"1   = Colisión\\r\",\n      \"2   = Moneda\\r\",\n      \"20  = Baldosa\\r\",\n      \"30  = Pinchos\\r\",\n      \"31  = Pinchos cerrados\\r\",\n      \"4   = Palanca\\r\",\n      \"6   = Caja\\r\",\n      \"7   = Portal\\r\",\n      \"8   = Botón\\r\",\n      \"51  = Puerta horizontal\\r\",\n      \"52  = Puerta vertical\\r\",\n      \"53  = Puerta horizontal abierta\\r\",\n      \"54  = Puerta vertical abierta\\r\",\n      \"800 = Láser hacia arriba\\r\",\n      \"810 = Láser hacia abajo\\r\",\n      \"820 = Láser hacia la derecha\\r\",\n      \"830 = Láser hacia la izquierda\\r\",\n      \"101 = Salida hacia la izquierda\\r\",\n      \"102 = Salida hacia la derecha\\r\",\n      \"Enemigos\\r\",\n      \"90 = Sapo\\r\",\n      \"91 = Murciélago\\r\",\n      \"92 = Gato\\r\",\n      \"Personaje\\r\",\n      \"99 = Posición inicial del jugador\\r\",\n      \"------------------------------------------------------------\\r\",\n      \"Canales\\r\",\n      \"------------------------------------------------------------\\r\",\n      \"Algunos objetos (palancas, botones, puertas, pinchos, láseres, etc.)\\r\",\n      \"pueden pertenecer a un canal.\\r\",\n      \"El canal se codifica agregando un dígito al final del ID.\\r\",\n      \"Ejemplos:\\r\",\n      \"301 -> Pinchos del canal 1\\r\",\n      \"304 -> Pinchos del canal 4\\r\",\n      \"81 -> Botón del canal 1\\r\",\n      \"85 -> Botón del canal 5\\r\",\n      \"521 -> Puerta vertical del canal 1\\r\",\n      \"525 -> Puerta vertical del canal 5\\r\",\n      \"Cuando la fábrica recibe un ID que no existe exactamente, intenta\\r\",\n      \"interpretarlo de la siguiente forma:\\r\",\n      \"objeto = id / 10\\r\",\n      \"canal  = id % 10\\r\",\n      \"Si existe un constructor para \\\"objeto\\\", crea la instancia utilizando el\\r\",\n      \"canal obtenido.\\r\",\n      \"De esta forma no es necesario registrar un constructor para cada posible\\r\",\n      \"canal, sino solamente para el tipo base del objeto.\\r\"\n    ]\n  ]\n}","stack":"Error: {\n  \"errors\": [\n    null,\n    [\n      \"/*\\r\",\n      \"Este archivo define los identificadores (IDs) utilizados por los niveles y\\r\",\n      \"cómo la fábrica convierte cada ID en un objeto del juego.\\r\",\n      \"Cada celda del nivel contiene un número entero.\\r\",\n      \"Los IDs simples representan directamente un tipo de objeto:\\r\",\n      \"Objetos\\r\",\n      \"0   = Celda vacía\\r\",\n      \"1   = Colisión\\r\",\n      \"2   = Moneda\\r\",\n      \"20  = Baldosa\\r\",\n      \"30  = Pinchos\\r\",\n      \"31  = Pinchos cerrados\\r\",\n      \"4   = Palanca\\r\",\n      \"6   = Caja\\r\",\n      \"7   = Portal\\r\",\n      \"8   = Botón\\r\",\n      \"51  = Puerta horizontal\\r\",\n      \"52  = Puerta vertical\\r\",\n      \"53  = Puerta horizontal abierta\\r\",\n      \"54  = Puerta vertical abierta\\r\",\n      \"800 = Láser hacia arriba\\r\",\n      \"810 = Láser hacia abajo\\r\",\n      \"820 = Láser hacia la derecha\\r\",\n      \"830 = Láser hacia la izquierda\\r\",\n      \"101 = Salida hacia la izquierda\\r\",\n      \"102 = Salida hacia la derecha\\r\",\n      \"Enemigos\\r\",\n      \"90 = Sapo\\r\",\n      \"91 = Murciélago\\r\",\n      \"92 = Gato\\r\",\n      \"Personaje\\r\",\n      \"99 = Posición inicial del jugador\\r\",\n      \"------------------------------------------------------------\\r\",\n      \"Canales\\r\",\n      \"------------------------------------------------------------\\r\",\n      \"Algunos objetos (palancas, botones, puertas, pinchos, láseres, etc.)\\r\",\n      \"pueden pertenecer a un canal.\\r\",\n      \"El canal se codifica agregando un dígito al final del ID.\\r\",\n      \"Ejemplos:\\r\",\n      \"301 -> Pinchos del canal 1\\r\",\n      \"304 -> Pinchos del canal 4\\r\",\n      \"81 -> Botón del canal 1\\r\",\n      \"85 -> Botón del canal 5\\r\",\n      \"521 -> Puerta vertical del canal 1\\r\",\n      \"525 -> Puerta vertical del canal 5\\r\",\n      \"Cuando la fábrica recibe un ID que no existe exactamente, intenta\\r\",\n      \"interpretarlo de la siguiente forma:\\r\",\n      \"objeto = id / 10\\r\",\n      \"canal  = id % 10\\r\",\n      \"Si existe un constructor para \\\"objeto\\\", crea la instancia utilizando el\\r\",\n      \"canal obtenido.\\r\",\n      \"De esta forma no es necesario registrar un constructor para cada posible\\r\",\n      \"canal, sino solamente para el tipo base del objeto.\\r\"\n    ]\n  ]\n}\n    at lS (c:\\Users\\Usuario\\.vscode\\extensions\\uqbar.wollok-lsp-ide-0.5.4\\out\\server\\src\\server.js:64:34609)\n    at Q1 (c:\\Users\\Usuario\\.vscode\\extensions\\uqbar.wollok-lsp-ide-0.5.4\\out\\server\\src\\server.js:64:34682)\n    at c:\\Users\\Usuario\\.vscode\\extensions\\uqbar.wollok-lsp-ide-0.5.4\\out\\server\\src\\server.js:64:37949\n    at o.y1 (c:\\Users\\Usuario\\.vscode\\extensions\\uqbar.wollok-lsp-ide-0.5.4\\out\\server\\src\\server.js:57:59114)\n    at c:\\Users\\Usuario\\.vscode\\extensions\\uqbar.wollok-lsp-ide-0.5.4\\out\\server\\src\\server.js:64:37918\n    at c:\\Users\\Usuario\\.vscode\\extensions\\uqbar.wollok-lsp-ide-0.5.4\\out\\server\\src\\server.js:57:57154\n    at Cfn (c:\\Users\\Usuario\\.vscode\\extensions\\uqbar.wollok-lsp-ide-0.5.4\\out\\server\\src\\server.js:68:11324)\n    at c:\\Users\\Usuario\\.vscode\\extensions\\uqbar.wollok-lsp-ide-0.5.4\\out\\server\\src\\server.js:68:3629\n    at Array.map (<anonymous>)\n    at c:\\Users\\Usuario\\.vscode\\extensions\\uqbar.wollok-lsp-ide-0.5.4\\out\\server\\src\\server.js:68:4693","timestamp":"2026-07-11T04:02:51.106Z"}
{"level":"info","message":"⌛ Building environment","timeElapsed":234,"timestamp":"2026-07-11T04:02:55.613Z"}
{"level":"info","message":"⌛ Validating scripts/gestionNiveles/niveles/datosNivel6.wlk","timeElapsed":327,"timestamp":"2026-07-11T04:02:55.941Z"}
{"level":"info","message":"⌛ Building environment","timeElapsed":284,"timestamp":"2026-07-11T04:02:56.247Z"}
{"level":"info","message":"⌛ Building environment","timeElapsed":482,"timestamp":"2026-07-11T04:02:56.730Z"}
{"level":"info","message":"⌛ Validating scripts/gestionNiveles/niveles/datosNivel6.wlk","timeElapsed":312,"timestamp":"2026-07-11T04:02:57.076Z"}
{"level":"info","message":"⌛ Validating scripts/gestionNiveles/niveles/datosNivel6.wlk","timeElapsed":426,"timestamp":"2026-07-11T04:02:57.504Z"}
{"level":"info","message":"⌛ Building environment","timeElapsed":308,"timestamp":"2026-07-11T04:03:06.557Z"}
{"level":"info","message":"⌛ Building environment","timeElapsed":335,"timestamp":"2026-07-11T04:03:06.911Z"}
{"level":"info","message":"⌛ Validating scripts/gestionNiveles/niveles/datosNivel6.wlk","timeElapsed":277,"timestamp":"2026-07-11T04:03:07.188Z"}
{"level":"info","message":"⌛ Validating scripts/gestionNiveles/niveles/datosNivel6.wlk","timeElapsed":286,"timestamp":"2026-07-11T04:03:07.493Z"}
{"level":"info","message":"⌛ Building environment","timeElapsed":253,"timestamp":"2026-07-11T04:03:18.260Z"}
{"level":"info","message":"⌛ Validating scripts/gestionNiveles/niveles/datosNivel6.wlk","timeElapsed":547,"timestamp":"2026-07-11T04:03:18.808Z"}
{"level":"info","message":"⌛ Building environment","timeElapsed":361,"timestamp":"2026-07-11T04:03:27.943Z"}
{"level":"info","message":"⌛ Building environment","timeElapsed":571,"timestamp":"2026-07-11T04:03:28.514Z"}
{"level":"info","message":"⌛ Validating scripts/gestionNiveles/niveles/datosNivel6.wlk","timeElapsed":295,"timestamp":"2026-07-11T04:03:28.824Z"}
{"level":"info","message":"⌛ Validating scripts/gestionNiveles/niveles/datosNivel6.wlk","timeElapsed":363,"timestamp":"2026-07-11T04:03:29.223Z"}
{"level":"info","message":"⌛ Building environment","timeElapsed":279,"timestamp":"2026-07-11T04:03:37.345Z"}
{"level":"info","message":"⌛ Building environment","timeElapsed":319,"timestamp":"2026-07-11T04:03:37.664Z"}
{"level":"info","message":"⌛ Validating scripts/gestionNiveles/niveles/datosNivel6.wlk","timeElapsed":308,"timestamp":"2026-07-11T04:03:37.986Z"}
{"level":"info","message":"⌛ Validating scripts/gestionNiveles/niveles/datosNivel6.wlk","timeElapsed":324,"timestamp":"2026-07-11T04:03:38.328Z"}
{"errors":{"errors":[null,["/*\r","Este archivo define los identificadores (IDs) utilizados por los niveles y\r","cómo la fábrica convierte cada ID en un objeto del juego.\r","Cada celda del nivel contiene un número entero.\r","Los IDs simples representan directamente un tipo de objeto:\r","Objetos\r","0   = Celda vacía\r","1   = Colisión\r","2   = Moneda\r","20  = Baldosa\r","30  = Pinchos\r","31  = Pinchos cerrados\r","4   = Palanca\r","6   = Caja\r","7   = Portal\r","8   = Botón\r","51  = Puerta horizontal\r","52  = Puerta vertical\r","53  = Puerta horizontal abierta\r","54  = Puerta vertical abierta\r","800 = Láser hacia arriba\r","810 = Láser hacia abajo\r","820 = Láser hacia la derecha\r","830 = Láser hacia la izquierda\r","101 = Salida hacia la izquierda\r","102 = Salida hacia la derecha\r","Enemigos\r","90 = Sapo\r","91 = Murciélago\r","92 = Gato\r","Personaje\r","99 = Posición inicial del jugador\r","------------------------------------------------------------\r","Canales\r","------------------------------------------------------------\r","Algunos objetos (palancas, botones, puertas, pinchos, láseres, etc.)\r","pueden pertenecer a un canal.\r","El canal se codifica agregando un dígito al final del ID.\r","Ejemplos:\r","301 -> Pinchos del canal 1\r","304 -> Pinchos del canal 4\r","81 -> Botón del canal 1\r","85 -> Botón del canal 5\r","521 -> Puerta vertical del canal 1\r","525 -> Puerta vertical del canal 5\r","Cuando la fábrica recibe un ID que no existe exactamente, intenta\r","interpretarlo de la siguiente forma:\r","objeto = id / 10\r","canal  = id % 10\r","Si existe un constructor para \"objeto\", crea la instancia utilizando el\r","canal obtenido.\r","De esta forma no es necesario registrar un constructor para cada posible\r","canal, sino solamente para el tipo base del objeto.\r"]]},"level":"error","message":"✘ Failed to get type description: Error: {\n  \"errors\": [\n    null,\n    [\n      \"/*\\r\",\n      \"Este archivo define los identificadores (IDs) utilizados por los niveles y\\r\",\n      \"cómo la fábrica convierte cada ID en un objeto del juego.\\r\",\n      \"Cada celda del nivel contiene un número entero.\\r\",\n      \"Los IDs simples representan directamente un tipo de objeto:\\r\",\n      \"Objetos\\r\",\n      \"0   = Celda vacía\\r\",\n      \"1   = Colisión\\r\",\n      \"2   = Moneda\\r\",\n      \"20  = Baldosa\\r\",\n      \"30  = Pinchos\\r\",\n      \"31  = Pinchos cerrados\\r\",\n      \"4   = Palanca\\r\",\n      \"6   = Caja\\r\",\n      \"7   = Portal\\r\",\n      \"8   = Botón\\r\",\n      \"51  = Puerta horizontal\\r\",\n      \"52  = Puerta vertical\\r\",\n      \"53  = Puerta horizontal abierta\\r\",\n      \"54  = Puerta vertical abierta\\r\",\n      \"800 = Láser hacia arriba\\r\",\n      \"810 = Láser hacia abajo\\r\",\n      \"820 = Láser hacia la derecha\\r\",\n      \"830 = Láser hacia la izquierda\\r\",\n      \"101 = Salida hacia la izquierda\\r\",\n      \"102 = Salida hacia la derecha\\r\",\n      \"Enemigos\\r\",\n      \"90 = Sapo\\r\",\n      \"91 = Murciélago\\r\",\n      \"92 = Gato\\r\",\n      \"Personaje\\r\",\n      \"99 = Posición inicial del jugador\\r\",\n      \"------------------------------------------------------------\\r\",\n      \"Canales\\r\",\n      \"------------------------------------------------------------\\r\",\n      \"Algunos objetos (palancas, botones, puertas, pinchos, láseres, etc.)\\r\",\n      \"pueden pertenecer a un canal.\\r\",\n      \"El canal se codifica agregando un dígito al final del ID.\\r\",\n      \"Ejemplos:\\r\",\n      \"301 -> Pinchos del canal 1\\r\",\n      \"304 -> Pinchos del canal 4\\r\",\n      \"81 -> Botón del canal 1\\r\",\n      \"85 -> Botón del canal 5\\r\",\n      \"521 -> Puerta vertical del canal 1\\r\",\n      \"525 -> Puerta vertical del canal 5\\r\",\n      \"Cuando la fábrica recibe un ID que no existe exactamente, intenta\\r\",\n      \"interpretarlo de la siguiente forma:\\r\",\n      \"objeto = id / 10\\r\",\n      \"canal  = id % 10\\r\",\n      \"Si existe un constructor para \\\"objeto\\\", crea la instancia utilizando el\\r\",\n      \"canal obtenido.\\r\",\n      \"De esta forma no es necesario registrar un constructor para cada posible\\r\",\n      \"canal, sino solamente para el tipo base del objeto.\\r\"\n    ]\n  ]\n} {\n  \"errors\": [\n    null,\n    [\n      \"/*\\r\",\n      \"Este archivo define los identificadores (IDs) utilizados por los niveles y\\r\",\n      \"cómo la fábrica convierte cada ID en un objeto del juego.\\r\",\n      \"Cada celda del nivel contiene un número entero.\\r\",\n      \"Los IDs simples representan directamente un tipo de objeto:\\r\",\n      \"Objetos\\r\",\n      \"0   = Celda vacía\\r\",\n      \"1   = Colisión\\r\",\n      \"2   = Moneda\\r\",\n      \"20  = Baldosa\\r\",\n      \"30  = Pinchos\\r\",\n      \"31  = Pinchos cerrados\\r\",\n      \"4   = Palanca\\r\",\n      \"6   = Caja\\r\",\n      \"7   = Portal\\r\",\n      \"8   = Botón\\r\",\n      \"51  = Puerta horizontal\\r\",\n      \"52  = Puerta vertical\\r\",\n      \"53  = Puerta horizontal abierta\\r\",\n      \"54  = Puerta vertical abierta\\r\",\n      \"800 = Láser hacia arriba\\r\",\n      \"810 = Láser hacia abajo\\r\",\n      \"820 = Láser hacia la derecha\\r\",\n      \"830 = Láser hacia la izquierda\\r\",\n      \"101 = Salida hacia la izquierda\\r\",\n      \"102 = Salida hacia la derecha\\r\",\n      \"Enemigos\\r\",\n      \"90 = Sapo\\r\",\n      \"91 = Murciélago\\r\",\n      \"92 = Gato\\r\",\n      \"Personaje\\r\",\n      \"99 = Posición inicial del jugador\\r\",\n      \"------------------------------------------------------------\\r\",\n      \"Canales\\r\",\n      \"------------------------------------------------------------\\r\",\n      \"Algunos objetos (palancas, botones, puertas, pinchos, láseres, etc.)\\r\",\n      \"pueden pertenecer a un canal.\\r\",\n      \"El canal se codifica agregando un dígito al final del ID.\\r\",\n      \"Ejemplos:\\r\",\n      \"301 -> Pinchos del canal 1\\r\",\n      \"304 -> Pinchos del canal 4\\r\",\n      \"81 -> Botón del canal 1\\r\",\n      \"85 -> Botón del canal 5\\r\",\n      \"521 -> Puerta vertical del canal 1\\r\",\n      \"525 -> Puerta vertical del canal 5\\r\",\n      \"Cuando la fábrica recibe un ID que no existe exactamente, intenta\\r\",\n      \"interpretarlo de la siguiente forma:\\r\",\n      \"objeto = id / 10\\r\",\n      \"canal  = id % 10\\r\",\n      \"Si existe un constructor para \\\"objeto\\\", crea la instancia utilizando el\\r\",\n      \"canal obtenido.\\r\",\n      \"De esta forma no es necesario registrar un constructor para cada posible\\r\",\n      \"canal, sino solamente para el tipo base del objeto.\\r\"\n    ]\n  ]\n}","stack":"Error: {\n  \"errors\": [\n    null,\n    [\n      \"/*\\r\",\n      \"Este archivo define los identificadores (IDs) utilizados por los niveles y\\r\",\n      \"cómo la fábrica convierte cada ID en un objeto del juego.\\r\",\n      \"Cada celda del nivel contiene un número entero.\\r\",\n      \"Los IDs simples representan directamente un tipo de objeto:\\r\",\n      \"Objetos\\r\",\n      \"0   = Celda vacía\\r\",\n      \"1   = Colisión\\r\",\n      \"2   = Moneda\\r\",\n      \"20  = Baldosa\\r\",\n      \"30  = Pinchos\\r\",\n      \"31  = Pinchos cerrados\\r\",\n      \"4   = Palanca\\r\",\n      \"6   = Caja\\r\",\n      \"7   = Portal\\r\",\n      \"8   = Botón\\r\",\n      \"51  = Puerta horizontal\\r\",\n      \"52  = Puerta vertical\\r\",\n      \"53  = Puerta horizontal abierta\\r\",\n      \"54  = Puerta vertical abierta\\r\",\n      \"800 = Láser hacia arriba\\r\",\n      \"810 = Láser hacia abajo\\r\",\n      \"820 = Láser hacia la derecha\\r\",\n      \"830 = Láser hacia la izquierda\\r\",\n      \"101 = Salida hacia la izquierda\\r\",\n      \"102 = Salida hacia la derecha\\r\",\n      \"Enemigos\\r\",\n      \"90 = Sapo\\r\",\n      \"91 = Murciélago\\r\",\n      \"92 = Gato\\r\",\n      \"Personaje\\r\",\n      \"99 = Posición inicial del jugador\\r\",\n      \"------------------------------------------------------------\\r\",\n      \"Canales\\r\",\n      \"------------------------------------------------------------\\r\",\n      \"Algunos objetos (palancas, botones, puertas, pinchos, láseres, etc.)\\r\",\n      \"pueden pertenecer a un canal.\\r\",\n      \"El canal se codifica agregando un dígito al final del ID.\\r\",\n      \"Ejemplos:\\r\",\n      \"301 -> Pinchos del canal 1\\r\",\n      \"304 -> Pinchos del canal 4\\r\",\n      \"81 -> Botón del canal 1\\r\",\n      \"85 -> Botón del canal 5\\r\",\n      \"521 -> Puerta vertical del canal 1\\r\",\n      \"525 -> Puerta vertical del canal 5\\r\",\n      \"Cuando la fábrica recibe un ID que no existe exactamente, intenta\\r\",\n      \"interpretarlo de la siguiente forma:\\r\",\n      \"objeto = id / 10\\r\",\n      \"canal  = id % 10\\r\",\n      \"Si existe un constructor para \\\"objeto\\\", crea la instancia utilizando el\\r\",\n      \"canal obtenido.\\r\",\n      \"De esta forma no es necesario registrar un constructor para cada posible\\r\",\n      \"canal, sino solamente para el tipo base del objeto.\\r\"\n    ]\n  ]\n}\n    at lS (c:\\Users\\Usuario\\.vscode\\extensions\\uqbar.wollok-lsp-ide-0.5.4\\out\\server\\src\\server.js:64:34609)\n    at Q1 (c:\\Users\\Usuario\\.vscode\\extensions\\uqbar.wollok-lsp-ide-0.5.4\\out\\server\\src\\server.js:64:34682)\n    at c:\\Users\\Usuario\\.vscode\\extensions\\uqbar.wollok-lsp-ide-0.5.4\\out\\server\\src\\server.js:64:37949\n    at o.y1 (c:\\Users\\Usuario\\.vscode\\extensions\\uqbar.wollok-lsp-ide-0.5.4\\out\\server\\src\\server.js:57:59114)\n    at c:\\Users\\Usuario\\.vscode\\extensions\\uqbar.wollok-lsp-ide-0.5.4\\out\\server\\src\\server.js:64:37918\n    at c:\\Users\\Usuario\\.vscode\\extensions\\uqbar.wollok-lsp-ide-0.5.4\\out\\server\\src\\server.js:57:57154\n    at Cfn (c:\\Users\\Usuario\\.vscode\\extensions\\uqbar.wollok-lsp-ide-0.5.4\\out\\server\\src\\server.js:68:11324)\n    at c:\\Users\\Usuario\\.vscode\\extensions\\uqbar.wollok-lsp-ide-0.5.4\\out\\server\\src\\server.js:68:3629\n    at Array.map (<anonymous>)\n    at c:\\Users\\Usuario\\.vscode\\extensions\\uqbar.wollok-lsp-ide-0.5.4\\out\\server\\src\\server.js:68:4693","timestamp":"2026-07-11T04:04:23.933Z"}
{"level":"info","message":"⌛ Building environment","timeElapsed":532,"timestamp":"2026-07-11T04:04:35.897Z"}
{"level":"info","message":"⌛ Building environment","timeElapsed":337,"timestamp":"2026-07-11T04:04:36.237Z"}
{"level":"info","message":"⌛ Validating scripts/gestionNiveles/niveles/datosNivel6.wlk","timeElapsed":351,"timestamp":"2026-07-11T04:04:36.620Z"}
{"level":"info","message":"⌛ Validating scripts/gestionNiveles/niveles/datosNivel6.wlk","timeElapsed":413,"timestamp":"2026-07-11T04:04:37.037Z"}
{"level":"info","message":"⌛ Building environment","timeElapsed":624,"timestamp":"2026-07-11T04:04:38.248Z"}
{"level":"info","message":"⌛ Building environment","timeElapsed":339,"timestamp":"2026-07-11T04:04:38.592Z"}
{"level":"info","message":"⌛ Validating scripts/gestionNiveles/niveles/datosNivel6.wlk","timeElapsed":325,"timestamp":"2026-07-11T04:04:38.951Z"}
{"level":"info","message":"⌛ Validating scripts/gestionNiveles/niveles/datosNivel6.wlk","timeElapsed":337,"timestamp":"2026-07-11T04:04:39.293Z"}
{"level":"info","message":"⌛ Building environment","timeElapsed":339,"timestamp":"2026-07-11T04:04:39.737Z"}
{"level":"info","message":"⌛ Building environment","timeElapsed":261,"timestamp":"2026-07-11T04:04:40.013Z"}
{"level":"info","message":"⌛ Validating scripts/gestionNiveles/niveles/datosNivel6.wlk","timeElapsed":305,"timestamp":"2026-07-11T04:04:40.318Z"}
{"level":"info","message":"⌛ Validating scripts/gestionNiveles/niveles/datosNivel6.wlk","timeElapsed":312,"timestamp":"2026-07-11T04:04:40.645Z"}
{"level":"info","message":"⌛ Building environment","timeElapsed":461,"timestamp":"2026-07-11T04:04:43.903Z"}
{"level":"info","message":"⌛ Building environment","timeElapsed":405,"timestamp":"2026-07-11T04:04:44.309Z"}
{"level":"info","message":"⌛ Validating scripts/gestionNiveles/niveles/datosNivel6.wlk","timeElapsed":331,"timestamp":"2026-07-11T04:04:44.660Z"}
{"level":"info","message":"⌛ Validating scripts/gestionNiveles/niveles/datosNivel6.wlk","timeElapsed":301,"timestamp":"2026-07-11T04:04:44.963Z"}
{"level":"info","message":"⌛ Building environment","timeElapsed":330,"timestamp":"2026-07-11T04:04:46.312Z"}
{"level":"info","message":"⌛ Building environment","timeElapsed":286,"timestamp":"2026-07-11T04:04:46.598Z"}
{"level":"info","message":"⌛ Validating scripts/gestionNiveles/niveles/datosNivel6.wlk","timeElapsed":262,"timestamp":"2026-07-11T04:04:46.893Z"}
{"level":"info","message":"⌛ Validating scripts/gestionNiveles/niveles/datosNivel6.wlk","timeElapsed":472,"timestamp":"2026-07-11T04:04:47.366Z"}
{"level":"info","message":"⌛ Building environment","timeElapsed":372,"timestamp":"2026-07-11T04:05:51.329Z"}
{"level":"info","message":"⌛ Validating scripts/gestionNiveles/niveles/datosNivel6.wlk","timeElapsed":299,"timestamp":"2026-07-11T04:05:51.738Z"}
{"level":"info","message":"⌛ Building environment","timeElapsed":293,"timestamp":"2026-07-11T04:06:09.740Z"}
{"level":"info","message":"⌛ Building environment","timeElapsed":333,"timestamp":"2026-07-11T04:06:10.074Z"}
{"level":"info","message":"⌛ Validating scripts/gestionNiveles/niveles/datosNivel6.wlk","timeElapsed":303,"timestamp":"2026-07-11T04:06:10.394Z"}
{"level":"info","message":"⌛ Validating scripts/gestionNiveles/niveles/datosNivel6.wlk","timeElapsed":338,"timestamp":"2026-07-11T04:06:10.757Z"}
{"level":"info","message":"⌛ Building environment","timeElapsed":586,"timestamp":"2026-07-11T04:06:16.205Z"}
{"level":"info","message":"⌛ Building environment","timeElapsed":356,"timestamp":"2026-07-11T04:06:16.563Z"}
{"level":"info","message":"⌛ Validating scripts/gestionNiveles/niveles/datosNivel6.wlk","timeElapsed":587,"timestamp":"2026-07-11T04:06:17.174Z"}
{"level":"info","message":"⌛ Validating scripts/gestionNiveles/niveles/datosNivel6.wlk","timeElapsed":410,"timestamp":"2026-07-11T04:06:17.586Z"}
{"level":"info","message":"⌛ Building environment","timeElapsed":283,"timestamp":"2026-07-11T04:06:17.873Z"}
{"level":"info","message":"⌛ Building environment","timeElapsed":593,"timestamp":"2026-07-11T04:06:18.467Z"}
{"level":"info","message":"⌛ Building environment","timeElapsed":310,"timestamp":"2026-07-11T04:06:18.833Z"}
{"level":"info","message":"⌛ Validating scripts/gestionNiveles/niveles/datosNivel6.wlk","timeElapsed":324,"timestamp":"2026-07-11T04:06:19.158Z"}
{"level":"info","message":"⌛ Building environment","timeElapsed":333,"timestamp":"2026-07-11T04:06:19.491Z"}
{"level":"info","message":"⌛ Validating scripts/gestionNiveles/niveles/datosNivel6.wlk","timeElapsed":283,"timestamp":"2026-07-11T04:06:19.803Z"}
{"level":"info","message":"⌛ Building environment","timeElapsed":358,"timestamp":"2026-07-11T04:06:20.166Z"}
{"level":"info","message":"⌛ Validating scripts/gestionNiveles/niveles/datosNivel6.wlk","timeElapsed":320,"timestamp":"2026-07-11T04:06:20.488Z"}
{"level":"info","message":"⌛ Building environment","timeElapsed":412,"timestamp":"2026-07-11T04:06:20.900Z"}
{"level":"info","message":"⌛ Validating scripts/gestionNiveles/niveles/datosNivel6.wlk","timeElapsed":323,"timestamp":"2026-07-11T04:06:21.239Z"}
{"level":"info","message":"⌛ Building environment","timeElapsed":407,"timestamp":"2026-07-11T04:06:21.661Z"}
{"level":"info","message":"⌛ Building environment","timeElapsed":314,"timestamp":"2026-07-11T04:06:21.976Z"}
{"level":"info","message":"⌛ Validating scripts/gestionNiveles/niveles/datosNivel6.wlk","timeElapsed":302,"timestamp":"2026-07-11T04:06:22.278Z"}
{"level":"info","message":"⌛ Validating scripts/gestionNiveles/niveles/datosNivel6.wlk","timeElapsed":289,"timestamp":"2026-07-11T04:06:22.590Z"}
{"level":"info","message":"⌛ Validating scripts/gestionNiveles/niveles/datosNivel6.wlk","timeElapsed":291,"timestamp":"2026-07-11T04:06:22.888Z"}
{"level":"info","message":"⌛ Validating scripts/gestionNiveles/niveles/datosNivel6.wlk","timeElapsed":294,"timestamp":"2026-07-11T04:06:23.184Z"}
{"level":"info","message":"⌛ Building environment","timeElapsed":278,"timestamp":"2026-07-11T04:06:25.242Z"}
{"level":"info","message":"⌛ Validating scripts/gestionNiveles/niveles/datosNivel6.wlk","timeElapsed":322,"timestamp":"2026-07-11T04:06:25.593Z"}
{"level":"info","message":"⌛ Building environment","timeElapsed":299,"timestamp":"2026-07-11T04:06:25.893Z"}
{"level":"info","message":"⌛ Validating scripts/gestionNiveles/niveles/datosNivel6.wlk","timeElapsed":286,"timestamp":"2026-07-11T04:06:26.215Z"}
{"level":"info","message":"⌛ Building environment","timeElapsed":266,"timestamp":"2026-07-11T04:07:04.133Z"}
{"level":"info","message":"⌛ Building environment","timeElapsed":326,"timestamp":"2026-07-11T04:07:04.459Z"}
{"level":"info","message":"⌛ Validating scripts/gestionNiveles/niveles/datosNivel6.wlk","timeElapsed":273,"timestamp":"2026-07-11T04:07:04.732Z"}
{"level":"info","message":"⌛ Validating scripts/gestionNiveles/niveles/datosNivel6.wlk","timeElapsed":354,"timestamp":"2026-07-11T04:07:05.203Z"}
{"level":"info","message":"⌛ Building environment","timeElapsed":447,"timestamp":"2026-07-11T04:07:08.787Z"}
{"level":"info","message":"⌛ Building environment","timeElapsed":234,"timestamp":"2026-07-11T04:07:09.035Z"}
{"level":"info","message":"⌛ Validating scripts/gestionNiveles/niveles/datosNivel6.wlk","timeElapsed":313,"timestamp":"2026-07-11T04:07:09.350Z"}
{"level":"info","message":"⌛ Validating scripts/gestionNiveles/niveles/datosNivel6.wlk","timeElapsed":422,"timestamp":"2026-07-11T04:07:09.808Z"}
{"level":"info","message":"⌛ Building environment","timeElapsed":499,"timestamp":"2026-07-11T04:07:10.314Z"}
{"level":"info","message":"⌛ Building environment","timeElapsed":349,"timestamp":"2026-07-11T04:07:10.664Z"}
{"level":"info","message":"⌛ Validating scripts/gestionNiveles/niveles/datosNivel6.wlk","timeElapsed":350,"timestamp":"2026-07-11T04:07:11.032Z"}
{"level":"info","message":"⌛ Building environment","timeElapsed":266,"timestamp":"2026-07-11T04:07:11.298Z"}
{"level":"info","message":"⌛ Building environment","timeElapsed":227,"timestamp":"2026-07-11T04:07:11.535Z"}
{"level":"info","message":"⌛ Validating scripts/gestionNiveles/niveles/datosNivel6.wlk","timeElapsed":611,"timestamp":"2026-07-11T04:07:12.147Z"}
{"level":"info","message":"⌛ Validating scripts/gestionNiveles/niveles/datosNivel6.wlk","timeElapsed":302,"timestamp":"2026-07-11T04:07:12.473Z"}
{"level":"info","message":"⌛ Validating scripts/gestionNiveles/niveles/datosNivel6.wlk","timeElapsed":481,"timestamp":"2026-07-11T04:07:12.957Z"}
{"level":"info","message":"⌛ Building environment","timeElapsed":387,"timestamp":"2026-07-11T04:07:20.422Z"}
{"level":"info","message":"⌛ Validating scripts/gestionNiveles/niveles/datosNivel6.wlk","timeElapsed":265,"timestamp":"2026-07-11T04:07:20.699Z"}
{"level":"info","message":"⌛ Building environment","timeElapsed":330,"timestamp":"2026-07-11T04:07:22.142Z"}
{"level":"info","message":"⌛ Building environment","timeElapsed":637,"timestamp":"2026-07-11T04:07:22.779Z"}
{"level":"info","message":"⌛ Validating scripts/gestionNiveles/niveles/datosNivel6.wlk","timeElapsed":320,"timestamp":"2026-07-11T04:07:23.136Z"}
{"level":"info","message":"⌛ Validating scripts/gestionNiveles/niveles/datosNivel6.wlk","timeElapsed":519,"timestamp":"2026-07-11T04:07:23.658Z"}
{"level":"info","message":"⌛ Building environment","timeElapsed":361,"timestamp":"2026-07-11T04:07:44.747Z"}
{"level":"info","message":"⌛ Validating scripts/gestionNiveles/niveles/datosNivel6.wlk","timeElapsed":280,"timestamp":"2026-07-11T04:07:45.124Z"}
{"level":"info","message":"⌛ Building environment","timeElapsed":471,"timestamp":"2026-07-11T04:07:47.516Z"}
{"level":"info","message":"⌛ Building environment","timeElapsed":315,"timestamp":"2026-07-11T04:07:47.832Z"}
{"level":"info","message":"⌛ Validating scripts/gestionNiveles/niveles/datosNivel6.wlk","timeElapsed":258,"timestamp":"2026-07-11T04:07:48.105Z"}
{"level":"info","message":"⌛ Validating scripts/gestionNiveles/niveles/datosNivel6.wlk","timeElapsed":332,"timestamp":"2026-07-11T04:07:48.441Z"}
{"level":"info","message":"⌛ Building environment","timeElapsed":409,"timestamp":"2026-07-11T04:07:49.553Z"}
{"level":"info","message":"⌛ Validating scripts/gestionNiveles/niveles/datosNivel6.wlk","timeElapsed":291,"timestamp":"2026-07-11T04:07:49.861Z"}
{"level":"info","message":"⌛ Building environment","timeElapsed":585,"timestamp":"2026-07-11T04:07:52.466Z"}
{"level":"info","message":"⌛ Building environment","timeElapsed":288,"timestamp":"2026-07-11T04:07:52.756Z"}
{"level":"info","message":"⌛ Validating scripts/gestionNiveles/niveles/datosNivel6.wlk","timeElapsed":416,"timestamp":"2026-07-11T04:07:53.260Z"}
{"level":"info","message":"⌛ Validating scripts/gestionNiveles/niveles/datosNivel6.wlk","timeElapsed":341,"timestamp":"2026-07-11T04:07:53.602Z"}
{"level":"info","message":"⌛ Building environment","timeElapsed":298,"timestamp":"2026-07-11T04:07:53.907Z"}
{"level":"info","message":"⌛ Building environment","timeElapsed":271,"timestamp":"2026-07-11T04:07:54.204Z"}
{"level":"info","message":"⌛ Validating scripts/gestionNiveles/niveles/datosNivel6.wlk","timeElapsed":506,"timestamp":"2026-07-11T04:07:54.753Z"}
{"level":"info","message":"⌛ Validating scripts/gestionNiveles/niveles/datosNivel6.wlk","timeElapsed":393,"timestamp":"2026-07-11T04:07:55.146Z"}
{"level":"info","message":"⌛ Building environment","timeElapsed":312,"timestamp":"2026-07-11T04:08:02.883Z"}
{"level":"info","message":"⌛ Building environment","timeElapsed":310,"timestamp":"2026-07-11T04:08:03.207Z"}
{"level":"info","message":"⌛ Validating scripts/gestionNiveles/niveles/datosNivel6.wlk","timeElapsed":307,"timestamp":"2026-07-11T04:08:03.527Z"}
{"level":"info","message":"⌛ Validating scripts/gestionNiveles/niveles/datosNivel6.wlk","timeElapsed":440,"timestamp":"2026-07-11T04:08:03.972Z"}
{"level":"info","message":"⌛ Building environment","timeElapsed":276,"timestamp":"2026-07-11T04:08:06.014Z"}
{"level":"info","message":"⌛ Validating scripts/gestionNiveles/niveles/datosNivel6.wlk","timeElapsed":339,"timestamp":"2026-07-11T04:08:06.406Z"}
{"level":"info","message":"⌛ Building environment","timeElapsed":368,"timestamp":"2026-07-11T04:08:06.774Z"}
{"level":"info","message":"⌛ Validating scripts/gestionNiveles/niveles/datosNivel6.wlk","timeElapsed":260,"timestamp":"2026-07-11T04:08:07.065Z"}
{"level":"info","message":"⌛ Building environment","timeElapsed":341,"timestamp":"2026-07-11T04:08:27.334Z"}
{"level":"info","message":"⌛ Building environment","timeElapsed":384,"timestamp":"2026-07-11T04:08:27.719Z"}
{"level":"info","message":"⌛ Validating scripts/gestionNiveles/niveles/datosNivel6.wlk","timeElapsed":331,"timestamp":"2026-07-11T04:08:28.077Z"}
{"level":"info","message":"⌛ Validating scripts/gestionNiveles/niveles/datosNivel6.wlk","timeElapsed":323,"timestamp":"2026-07-11T04:08:28.403Z"}
{"level":"info","message":"⌛ Building environment","timeElapsed":424,"timestamp":"2026-07-11T04:10:32.321Z"}
{"level":"info","message":"⌛ Building environment","timeElapsed":372,"timestamp":"2026-07-11T04:10:32.700Z"}
{"level":"info","message":"⌛ Building environment","timeElapsed":255,"timestamp":"2026-07-11T04:10:32.956Z"}
{"level":"info","message":"⌛ Validating scripts/gestionNiveles/niveles/datosNivel6.wlk","timeElapsed":507,"timestamp":"2026-07-11T04:10:33.464Z"}
{"level":"info","message":"⌛ Validating scripts/gestionNiveles/niveles/datosNivel6.wlk","timeElapsed":330,"timestamp":"2026-07-11T04:10:33.858Z"}
{"level":"info","message":"⌛ Validating scripts/gestionNiveles/niveles/datosNivel6.wlk","timeElapsed":337,"timestamp":"2026-07-11T04:10:34.197Z"}
{"level":"info","message":"⌛ Building environment","timeElapsed":321,"timestamp":"2026-07-11T04:10:37.383Z"}
{"level":"info","message":"⌛ Building environment","timeElapsed":268,"timestamp":"2026-07-11T04:10:37.671Z"}
{"level":"info","message":"⌛ Validating scripts/gestionNiveles/niveles/datosNivel6.wlk","timeElapsed":333,"timestamp":"2026-07-11T04:10:38.016Z"}
{"level":"info","message":"⌛ Validating scripts/gestionNiveles/niveles/datosNivel6.wlk","timeElapsed":315,"timestamp":"2026-07-11T04:10:38.334Z"}
{"level":"info","message":"⌛ Building environment","timeElapsed":329,"timestamp":"2026-07-11T04:10:45.314Z"}
{"level":"info","message":"⌛ Building environment","timeElapsed":263,"timestamp":"2026-07-11T04:10:45.577Z"}
{"level":"info","message":"⌛ Validating scripts/gestionNiveles/niveles/datosNivel6.wlk","timeElapsed":284,"timestamp":"2026-07-11T04:10:45.861Z"}
{"level":"info","message":"⌛ Validating scripts/gestionNiveles/niveles/datosNivel6.wlk","timeElapsed":319,"timestamp":"2026-07-11T04:10:46.202Z"}
{"level":"info","message":"⌛ Building environment","timeElapsed":270,"timestamp":"2026-07-11T04:10:53.222Z"}
{"level":"info","message":"⌛ Building environment","timeElapsed":565,"timestamp":"2026-07-11T04:10:53.801Z"}
{"level":"info","message":"⌛ Validating scripts/gestionNiveles/niveles/datosNivel6.wlk","timeElapsed":286,"timestamp":"2026-07-11T04:10:54.087Z"}
{"level":"info","message":"⌛ Validating scripts/gestionNiveles/niveles/datosNivel6.wlk","timeElapsed":390,"timestamp":"2026-07-11T04:10:54.498Z"}
{"level":"info","message":"⌛ Building environment","timeElapsed":523,"timestamp":"2026-07-11T04:10:55.030Z"}
{"level":"info","message":"⌛ Building environment","timeElapsed":413,"timestamp":"2026-07-11T04:10:55.453Z"}
{"level":"info","message":"⌛ Validating scripts/gestionNiveles/niveles/datosNivel6.wlk","timeElapsed":600,"timestamp":"2026-07-11T04:10:56.084Z"}
{"level":"info","message":"⌛ Building environment","timeElapsed":310,"timestamp":"2026-07-11T04:10:56.397Z"}
{"level":"info","message":"⌛ Building environment","timeElapsed":289,"timestamp":"2026-07-11T04:10:56.687Z"}
{"level":"info","message":"⌛ Validating scripts/gestionNiveles/niveles/datosNivel6.wlk","timeElapsed":315,"timestamp":"2026-07-11T04:10:57.016Z"}
{"level":"info","message":"⌛ Building environment","timeElapsed":303,"timestamp":"2026-07-11T04:10:57.338Z"}
{"level":"info","message":"⌛ Building environment","timeElapsed":270,"timestamp":"2026-07-11T04:10:57.623Z"}
{"level":"info","message":"⌛ Validating scripts/gestionNiveles/niveles/datosNivel6.wlk","timeElapsed":287,"timestamp":"2026-07-11T04:10:57.911Z"}
{"level":"info","message":"⌛ Validating scripts/gestionNiveles/niveles/datosNivel6.wlk","timeElapsed":357,"timestamp":"2026-07-11T04:10:58.283Z"}
{"level":"info","message":"⌛ Validating scripts/gestionNiveles/niveles/datosNivel6.wlk","timeElapsed":277,"timestamp":"2026-07-11T04:10:58.568Z"}
{"level":"info","message":"⌛ Validating scripts/gestionNiveles/niveles/datosNivel6.wlk","timeElapsed":281,"timestamp":"2026-07-11T04:10:58.850Z"}
{"level":"info","message":"⌛ Building environment","timeElapsed":271,"timestamp":"2026-07-11T04:10:59.859Z"}
{"level":"info","message":"⌛ Building environment","timeElapsed":314,"timestamp":"2026-07-11T04:11:00.188Z"}
{"level":"info","message":"⌛ Validating scripts/gestionNiveles/niveles/datosNivel6.wlk","timeElapsed":278,"timestamp":"2026-07-11T04:11:00.467Z"}
{"level":"info","message":"⌛ Validating scripts/gestionNiveles/niveles/datosNivel6.wlk","timeElapsed":381,"timestamp":"2026-07-11T04:11:00.973Z"}
{"level":"info","message":"⌛ Building environment","timeElapsed":313,"timestamp":"2026-07-11T04:11:34.577Z"}
{"level":"info","message":"⌛ Validating scripts/gestionNiveles/niveles/datosNivel6.wlk","timeElapsed":308,"timestamp":"2026-07-11T04:11:34.903Z"}
{"level":"info","message":"⌛ Building environment","timeElapsed":391,"timestamp":"2026-07-11T04:11:35.297Z"}
{"level":"info","message":"⌛ Building environment","timeElapsed":562,"timestamp":"2026-07-11T04:11:35.875Z"}
{"level":"info","message":"⌛ Validating scripts/gestionNiveles/niveles/datosNivel6.wlk","timeElapsed":445,"timestamp":"2026-07-11T04:11:36.396Z"}
{"level":"info","message":"⌛ Validating scripts/gestionNiveles/niveles/datosNivel6.wlk","timeElapsed":701,"timestamp":"2026-07-11T04:11:37.100Z"}
{"level":"info","message":"⌛ Building environment","timeElapsed":271,"timestamp":"2026-07-11T04:11:45.490Z"}
{"level":"info","message":"⌛ Building environment","timeElapsed":364,"timestamp":"2026-07-11T04:11:45.854Z"}
{"level":"info","message":"⌛ Validating scripts/gestionNiveles/niveles/datosNivel6.wlk","timeElapsed":260,"timestamp":"2026-07-11T04:11:46.128Z"}
{"level":"info","message":"⌛ Validating scripts/gestionNiveles/niveles/datosNivel6.wlk","timeElapsed":273,"timestamp":"2026-07-11T04:11:46.418Z"}
{"level":"info","message":"⌛ Building environment","timeElapsed":265,"timestamp":"2026-07-11T04:11:48.779Z"}
{"level":"info","message":"⌛ Building environment","timeElapsed":306,"timestamp":"2026-07-11T04:11:49.087Z"}
{"level":"info","message":"⌛ Validating scripts/gestionNiveles/niveles/datosNivel6.wlk","timeElapsed":287,"timestamp":"2026-07-11T04:11:49.375Z"}
{"level":"info","message":"⌛ Validating scripts/gestionNiveles/niveles/datosNivel6.wlk","timeElapsed":310,"timestamp":"2026-07-11T04:11:49.710Z"}
{"level":"info","message":"⌛ Building environment","timeElapsed":267,"timestamp":"2026-07-11T04:11:52.473Z"}
{"level":"info","message":"⌛ Building environment","timeElapsed":277,"timestamp":"2026-07-11T04:11:52.751Z"}
{"level":"info","message":"⌛ Validating scripts/gestionNiveles/niveles/datosNivel6.wlk","timeElapsed":264,"timestamp":"2026-07-11T04:11:53.016Z"}
{"level":"info","message":"⌛ Validating scripts/gestionNiveles/niveles/datosNivel6.wlk","timeElapsed":585,"timestamp":"2026-07-11T04:11:53.617Z"}
{"level":"info","message":"⌛ Building environment","timeElapsed":280,"timestamp":"2026-07-11T04:11:56.309Z"}
{"level":"info","message":"⌛ Building environment","timeElapsed":373,"timestamp":"2026-07-11T04:11:56.697Z"}
{"level":"info","message":"⌛ Validating scripts/gestionNiveles/niveles/datosNivel6.wlk","timeElapsed":302,"timestamp":"2026-07-11T04:11:57.000Z"}
{"level":"info","message":"⌛ Validating scripts/gestionNiveles/niveles/datosNivel6.wlk","timeElapsed":365,"timestamp":"2026-07-11T04:11:57.381Z"}
{"level":"info","message":"⌛ Building environment","timeElapsed":672,"timestamp":"2026-07-11T04:11:58.064Z"}
{"level":"info","message":"⌛ Building environment","timeElapsed":278,"timestamp":"2026-07-11T04:11:58.353Z"}
{"level":"info","message":"⌛ Validating scripts/gestionNiveles/niveles/datosNivel6.wlk","timeElapsed":713,"timestamp":"2026-07-11T04:11:59.086Z"}
{"level":"info","message":"⌛ Building environment","timeElapsed":582,"timestamp":"2026-07-11T04:11:59.686Z"}
{"level":"info","message":"⌛ Building environment","timeElapsed":322,"timestamp":"2026-07-11T04:12:00.009Z"}
{"level":"info","message":"⌛ Validating scripts/gestionNiveles/niveles/datosNivel6.wlk","timeElapsed":325,"timestamp":"2026-07-11T04:12:00.359Z"}
{"level":"info","message":"⌛ Building environment","timeElapsed":387,"timestamp":"2026-07-11T04:12:00.897Z"}
{"level":"info","message":"⌛ Building environment","timeElapsed":287,"timestamp":"2026-07-11T04:12:01.202Z"}
{"level":"info","message":"⌛ Validating scripts/gestionNiveles/niveles/datosNivel6.wlk","timeElapsed":371,"timestamp":"2026-07-11T04:12:01.590Z"}
{"level":"info","message":"⌛ Validating scripts/gestionNiveles/niveles/datosNivel6.wlk","timeElapsed":398,"timestamp":"2026-07-11T04:12:01.989Z"}
{"level":"info","message":"⌛ Building environment","timeElapsed":264,"timestamp":"2026-07-11T04:12:02.258Z"}
{"level":"info","message":"⌛ Building environment","timeElapsed":302,"timestamp":"2026-07-11T04:12:02.561Z"}
{"level":"info","message":"⌛ Validating scripts/gestionNiveles/niveles/datosNivel6.wlk","timeElapsed":355,"timestamp":"2026-07-11T04:12:02.938Z"}
{"level":"info","message":"⌛ Validating scripts/gestionNiveles/niveles/datosNivel6.wlk","timeElapsed":347,"timestamp":"2026-07-11T04:12:03.289Z"}
{"level":"info","message":"⌛ Building environment","timeElapsed":243,"timestamp":"2026-07-11T04:12:03.538Z"}
{"level":"info","message":"⌛ Building environment","timeElapsed":250,"timestamp":"2026-07-11T04:12:03.788Z"}
{"level":"info","message":"⌛ Validating scripts/gestionNiveles/niveles/datosNivel6.wlk","timeElapsed":309,"timestamp":"2026-07-11T04:12:04.133Z"}
{"level":"info","message":"⌛ Validating scripts/gestionNiveles/niveles/datosNivel6.wlk","timeElapsed":301,"timestamp":"2026-07-11T04:12:04.434Z"}
{"level":"info","message":"⌛ Validating scripts/gestionNiveles/niveles/datosNivel6.wlk","timeElapsed":416,"timestamp":"2026-07-11T04:12:04.861Z"}
{"level":"info","message":"⌛ Validating scripts/gestionNiveles/niveles/datosNivel6.wlk","timeElapsed":469,"timestamp":"2026-07-11T04:12:05.339Z"}
{"level":"info","message":"⌛ Building environment","timeElapsed":504,"timestamp":"2026-07-11T04:12:15.711Z"}
{"level":"info","message":"⌛ Building environment","timeElapsed":264,"timestamp":"2026-07-11T04:12:15.994Z"}
{"level":"info","message":"⌛ Validating scripts/gestionNiveles/niveles/datosNivel6.wlk","timeElapsed":275,"timestamp":"2026-07-11T04:12:16.284Z"}
{"level":"info","message":"⌛ Validating scripts/gestionNiveles/niveles/datosNivel6.wlk","timeElapsed":347,"timestamp":"2026-07-11T04:12:16.637Z"}
{"level":"info","message":"⌛ Building environment","timeElapsed":446,"timestamp":"2026-07-11T04:12:21.207Z"}
{"level":"info","message":"⌛ Building environment","timeElapsed":284,"timestamp":"2026-07-11T04:12:21.493Z"}
{"level":"info","message":"⌛ Validating scripts/gestionNiveles/niveles/datosNivel6.wlk","timeElapsed":459,"timestamp":"2026-07-11T04:12:21.965Z"}
{"level":"info","message":"⌛ Validating scripts/gestionNiveles/niveles/datosNivel6.wlk","timeElapsed":315,"timestamp":"2026-07-11T04:12:22.285Z"}
{"level":"info","message":"⌛ Building environment","timeElapsed":307,"timestamp":"2026-07-11T04:13:09.011Z"}
{"level":"info","message":"⌛ Validating scripts/gestionNiveles/niveles/datosNivel6.wlk","timeElapsed":288,"timestamp":"2026-07-11T04:13:09.379Z"}
{"level":"info","message":"⌛ Building environment","timeElapsed":309,"timestamp":"2026-07-11T04:13:27.333Z"}
{"level":"info","message":"⌛ Validating scripts/gestionNiveles/niveles/datosNivel6.wlk","timeElapsed":304,"timestamp":"2026-07-11T04:13:27.724Z"}
{"level":"info","message":"⌛ Building environment","timeElapsed":326,"timestamp":"2026-07-11T04:13:28.360Z"}
{"level":"info","message":"⌛ Building environment","timeElapsed":364,"timestamp":"2026-07-11T04:13:28.749Z"}
{"level":"info","message":"⌛ Building environment","timeElapsed":270,"timestamp":"2026-07-11T04:13:29.019Z"}
{"level":"info","message":"⌛ Validating scripts/gestionNiveles/niveles/datosNivel6.wlk","timeElapsed":265,"timestamp":"2026-07-11T04:13:29.300Z"}
{"level":"info","message":"⌛ Validating scripts/gestionNiveles/niveles/datosNivel6.wlk","timeElapsed":359,"timestamp":"2026-07-11T04:13:29.680Z"}
{"level":"info","message":"⌛ Validating scripts/gestionNiveles/niveles/datosNivel6.wlk","timeElapsed":248,"timestamp":"2026-07-11T04:13:29.930Z"}
{"level":"info","message":"⌛ Building environment","timeElapsed":261,"timestamp":"2026-07-11T04:13:38.486Z"}
{"level":"info","message":"⌛ Validating scripts/gestionNiveles/niveles/datosNivel6.wlk","timeElapsed":305,"timestamp":"2026-07-11T04:13:38.792Z"}
{"level":"info","message":"⌛ Building environment","timeElapsed":573,"timestamp":"2026-07-11T04:13:39.384Z"}
{"level":"info","message":"⌛ Building environment","timeElapsed":324,"timestamp":"2026-07-11T04:13:39.769Z"}
{"level":"info","message":"⌛ Validating scripts/gestionNiveles/niveles/datosNivel6.wlk","timeElapsed":312,"timestamp":"2026-07-11T04:13:40.110Z"}
{"level":"info","message":"⌛ Building environment","timeElapsed":305,"timestamp":"2026-07-11T04:13:40.417Z"}
{"level":"info","message":"⌛ Validating scripts/gestionNiveles/niveles/datosNivel6.wlk","timeElapsed":272,"timestamp":"2026-07-11T04:13:40.700Z"}
{"level":"info","message":"⌛ Validating scripts/gestionNiveles/niveles/datosNivel6.wlk","timeElapsed":279,"timestamp":"2026-07-11T04:13:41.003Z"}
{"level":"info","message":"⌛ Building environment","timeElapsed":258,"timestamp":"2026-07-11T04:13:43.954Z"}
{"level":"info","message":"⌛ Building environment","timeElapsed":271,"timestamp":"2026-07-11T04:13:44.241Z"}
{"level":"info","message":"⌛ Validating scripts/gestionNiveles/niveles/datosNivel6.wlk","timeElapsed":315,"timestamp":"2026-07-11T04:13:44.557Z"}
{"level":"info","message":"⌛ Validating scripts/gestionNiveles/niveles/datosNivel6.wlk","timeElapsed":272,"timestamp":"2026-07-11T04:13:44.846Z"}
{"level":"info","message":"⌛ Building environment","timeElapsed":238,"timestamp":"2026-07-11T04:13:45.084Z"}
{"level":"info","message":"⌛ Validating scripts/gestionNiveles/niveles/datosNivel6.wlk","timeElapsed":263,"timestamp":"2026-07-11T04:13:45.444Z"}
{"errors":{"errors":[null,["/*\r","import Nivel.*\r","object nivel_16 inherits Nivel\r","{\r","override method mapaData() =\r","[\r","[0, 0, 0, 0, 0, 0, 0, 0, 0, 0, 0, 0, 0, 0, 0, 0, 0, 0, 0, 0, 0 ],\r","[0, 0, 0, 0, 0, 0, 0, 0, 0, 0, 0, 0, 0, 0, 0, 0, 0, 0, 0, 0, 0 ],\r","[0, 0, 0, 0, 0, 0, 0, 0, 0, 0, 0, 0, 0, 0, 0, 0, 0, 0, 0, 0, 0 ],\r","[1 ,1 ,1 ,1 ,1 ,1 ,1 ,1 ,1 ,1 ,0 ,1 ,1 ,1 ,1 ,1 ,1 ,1 ,1 ,0 ,0 ],\r","[1 ,0 ,99 ,0 ,0 ,0 ,0 ,0 ,0 ,0 ,0 ,0 ,0 ,0 ,0 ,0 ,0 ,0 ,1 ,0 ,0 ],\r","[1 ,1 ,1 ,1 ,1 ,1 ,0 ,6 ,0 ,1 ,1 ,1 ,1 ,1 ,1 ,1 ,1 ,1 ,1 ,0 ,0 ],\r","[1 ,0 ,0 ,0 ,0 ,820,0 ,0 ,6 ,1 ,0 ,0 ,0 ,0 ,0 ,0 ,0 ,0 ,0 ,0 ,0 ],\r","[1 ,0 ,0 ,0 ,0 ,1 ,0 ,0 ,0 ,830,0 ,1 ,1 ,1 ,1 ,1 ,1 ,1 ,1 ,1 ,1 ],\r","[1 ,0 ,0 ,0 ,0 ,1 ,0 ,0 ,0 ,1 ,0 ,1 ,0 ,0 ,0 ,0 ,1 ,1 ,0 ,0 ,1 ],\r","[1 ,0 ,0 ,0 ,0 ,1 ,8 ,8 ,8 ,1 ,0 ,1 ,0 ,0 ,0 ,0 ,1 ,1 ,0 ,0 ,1 ],\r","[1 ,1 ,1 ,1 ,1 ,1 ,1 ,1 ,1 ,1 ,0 ,1 ,1 ,1 ,1 ,1 ,1 ,1 ,1 ,1 ,1 ]\r","]\r","}\r"]]},"level":"error","message":"✘ Failed to get type description: Error: {\n  \"errors\": [\n    null,\n    [\n      \"/*\\r\",\n      \"import Nivel.*\\r\",\n      \"object nivel_16 inherits Nivel\\r\",\n      \"{\\r\",\n      \"override method mapaData() =\\r\",\n      \"[\\r\",\n      \"[0, 0, 0, 0, 0, 0, 0, 0, 0, 0, 0, 0, 0, 0, 0, 0, 0, 0, 0, 0, 0 ],\\r\",\n      \"[0, 0, 0, 0, 0, 0, 0, 0, 0, 0, 0, 0, 0, 0, 0, 0, 0, 0, 0, 0, 0 ],\\r\",\n      \"[0, 0, 0, 0, 0, 0, 0, 0, 0, 0, 0, 0, 0, 0, 0, 0, 0, 0, 0, 0, 0 ],\\r\",\n      \"[1 ,1 ,1 ,1 ,1 ,1 ,1 ,1 ,1 ,1 ,0 ,1 ,1 ,1 ,1 ,1 ,1 ,1 ,1 ,0 ,0 ],\\r\",\n      \"[1 ,0 ,99 ,0 ,0 ,0 ,0 ,0 ,0 ,0 ,0 ,0 ,0 ,0 ,0 ,0 ,0 ,0 ,1 ,0 ,0 ],\\r\",\n      \"[1 ,1 ,1 ,1 ,1 ,1 ,0 ,6 ,0 ,1 ,1 ,1 ,1 ,1 ,1 ,1 ,1 ,1 ,1 ,0 ,0 ],\\r\",\n      \"[1 ,0 ,0 ,0 ,0 ,820,0 ,0 ,6 ,1 ,0 ,0 ,0 ,0 ,0 ,0 ,0 ,0 ,0 ,0 ,0 ],\\r\",\n      \"[1 ,0 ,0 ,0 ,0 ,1 ,0 ,0 ,0 ,830,0 ,1 ,1 ,1 ,1 ,1 ,1 ,1 ,1 ,1 ,1 ],\\r\",\n      \"[1 ,0 ,0 ,0 ,0 ,1 ,0 ,0 ,0 ,1 ,0 ,1 ,0 ,0 ,0 ,0 ,1 ,1 ,0 ,0 ,1 ],\\r\",\n      \"[1 ,0 ,0 ,0 ,0 ,1 ,8 ,8 ,8 ,1 ,0 ,1 ,0 ,0 ,0 ,0 ,1 ,1 ,0 ,0 ,1 ],\\r\",\n      \"[1 ,1 ,1 ,1 ,1 ,1 ,1 ,1 ,1 ,1 ,0 ,1 ,1 ,1 ,1 ,1 ,1 ,1 ,1 ,1 ,1 ]\\r\",\n      \"]\\r\",\n      \"}\\r\"\n    ]\n  ]\n} {\n  \"errors\": [\n    null,\n    [\n      \"/*\\r\",\n      \"import Nivel.*\\r\",\n      \"object nivel_16 inherits Nivel\\r\",\n      \"{\\r\",\n      \"override method mapaData() =\\r\",\n      \"[\\r\",\n      \"[0, 0, 0, 0, 0, 0, 0, 0, 0, 0, 0, 0, 0, 0, 0, 0, 0, 0, 0, 0, 0 ],\\r\",\n      \"[0, 0, 0, 0, 0, 0, 0, 0, 0, 0, 0, 0, 0, 0, 0, 0, 0, 0, 0, 0, 0 ],\\r\",\n      \"[0, 0, 0, 0, 0, 0, 0, 0, 0, 0, 0, 0, 0, 0, 0, 0, 0, 0, 0, 0, 0 ],\\r\",\n      \"[1 ,1 ,1 ,1 ,1 ,1 ,1 ,1 ,1 ,1 ,0 ,1 ,1 ,1 ,1 ,1 ,1 ,1 ,1 ,0 ,0 ],\\r\",\n      \"[1 ,0 ,99 ,0 ,0 ,0 ,0 ,0 ,0 ,0 ,0 ,0 ,0 ,0 ,0 ,0 ,0 ,0 ,1 ,0 ,0 ],\\r\",\n      \"[1 ,1 ,1 ,1 ,1 ,1 ,0 ,6 ,0 ,1 ,1 ,1 ,1 ,1 ,1 ,1 ,1 ,1 ,1 ,0 ,0 ],\\r\",\n      \"[1 ,0 ,0 ,0 ,0 ,820,0 ,0 ,6 ,1 ,0 ,0 ,0 ,0 ,0 ,0 ,0 ,0 ,0 ,0 ,0 ],\\r\",\n      \"[1 ,0 ,0 ,0 ,0 ,1 ,0 ,0 ,0 ,830,0 ,1 ,1 ,1 ,1 ,1 ,1 ,1 ,1 ,1 ,1 ],\\r\",\n      \"[1 ,0 ,0 ,0 ,0 ,1 ,0 ,0 ,0 ,1 ,0 ,1 ,0 ,0 ,0 ,0 ,1 ,1 ,0 ,0 ,1 ],\\r\",\n      \"[1 ,0 ,0 ,0 ,0 ,1 ,8 ,8 ,8 ,1 ,0 ,1 ,0 ,0 ,0 ,0 ,1 ,1 ,0 ,0 ,1 ],\\r\",\n      \"[1 ,1 ,1 ,1 ,1 ,1 ,1 ,1 ,1 ,1 ,0 ,1 ,1 ,1 ,1 ,1 ,1 ,1 ,1 ,1 ,1 ]\\r\",\n      \"]\\r\",\n      \"}\\r\"\n    ]\n  ]\n}","stack":"Error: {\n  \"errors\": [\n    null,\n    [\n      \"/*\\r\",\n      \"import Nivel.*\\r\",\n      \"object nivel_16 inherits Nivel\\r\",\n      \"{\\r\",\n      \"override method mapaData() =\\r\",\n      \"[\\r\",\n      \"[0, 0, 0, 0, 0, 0, 0, 0, 0, 0, 0, 0, 0, 0, 0, 0, 0, 0, 0, 0, 0 ],\\r\",\n      \"[0, 0, 0, 0, 0, 0, 0, 0, 0, 0, 0, 0, 0, 0, 0, 0, 0, 0, 0, 0, 0 ],\\r\",\n      \"[0, 0, 0, 0, 0, 0, 0, 0, 0, 0, 0, 0, 0, 0, 0, 0, 0, 0, 0, 0, 0 ],\\r\",\n      \"[1 ,1 ,1 ,1 ,1 ,1 ,1 ,1 ,1 ,1 ,0 ,1 ,1 ,1 ,1 ,1 ,1 ,1 ,1 ,0 ,0 ],\\r\",\n      \"[1 ,0 ,99 ,0 ,0 ,0 ,0 ,0 ,0 ,0 ,0 ,0 ,0 ,0 ,0 ,0 ,0 ,0 ,1 ,0 ,0 ],\\r\",\n      \"[1 ,1 ,1 ,1 ,1 ,1 ,0 ,6 ,0 ,1 ,1 ,1 ,1 ,1 ,1 ,1 ,1 ,1 ,1 ,0 ,0 ],\\r\",\n      \"[1 ,0 ,0 ,0 ,0 ,820,0 ,0 ,6 ,1 ,0 ,0 ,0 ,0 ,0 ,0 ,0 ,0 ,0 ,0 ,0 ],\\r\",\n      \"[1 ,0 ,0 ,0 ,0 ,1 ,0 ,0 ,0 ,830,0 ,1 ,1 ,1 ,1 ,1 ,1 ,1 ,1 ,1 ,1 ],\\r\",\n      \"[1 ,0 ,0 ,0 ,0 ,1 ,0 ,0 ,0 ,1 ,0 ,1 ,0 ,0 ,0 ,0 ,1 ,1 ,0 ,0 ,1 ],\\r\",\n      \"[1 ,0 ,0 ,0 ,0 ,1 ,8 ,8 ,8 ,1 ,0 ,1 ,0 ,0 ,0 ,0 ,1 ,1 ,0 ,0 ,1 ],\\r\",\n      \"[1 ,1 ,1 ,1 ,1 ,1 ,1 ,1 ,1 ,1 ,0 ,1 ,1 ,1 ,1 ,1 ,1 ,1 ,1 ,1 ,1 ]\\r\",\n      \"]\\r\",\n      \"}\\r\"\n    ]\n  ]\n}\n    at lS (c:\\Users\\Usuario\\.vscode\\extensions\\uqbar.wollok-lsp-ide-0.5.4\\out\\server\\src\\server.js:64:34609)\n    at Q1 (c:\\Users\\Usuario\\.vscode\\extensions\\uqbar.wollok-lsp-ide-0.5.4\\out\\server\\src\\server.js:64:34682)\n    at c:\\Users\\Usuario\\.vscode\\extensions\\uqbar.wollok-lsp-ide-0.5.4\\out\\server\\src\\server.js:64:37949\n    at o.y1 (c:\\Users\\Usuario\\.vscode\\extensions\\uqbar.wollok-lsp-ide-0.5.4\\out\\server\\src\\server.js:57:59114)\n    at c:\\Users\\Usuario\\.vscode\\extensions\\uqbar.wollok-lsp-ide-0.5.4\\out\\server\\src\\server.js:64:37918\n    at c:\\Users\\Usuario\\.vscode\\extensions\\uqbar.wollok-lsp-ide-0.5.4\\out\\server\\src\\server.js:57:57154\n    at Cfn (c:\\Users\\Usuario\\.vscode\\extensions\\uqbar.wollok-lsp-ide-0.5.4\\out\\server\\src\\server.js:68:11324)\n    at c:\\Users\\Usuario\\.vscode\\extensions\\uqbar.wollok-lsp-ide-0.5.4\\out\\server\\src\\server.js:68:3629\n    at Kbn (c:\\Users\\Usuario\\.vscode\\extensions\\uqbar.wollok-lsp-ide-0.5.4\\out\\server\\src\\server.js:68:3396)\n    at c:\\Users\\Usuario\\.vscode\\extensions\\uqbar.wollok-lsp-ide-0.5.4\\out\\server\\src\\server.js:2398:847","timestamp":"2026-07-11T04:13:59.221Z"}
{"level":"info","message":"⌛ Building environment","timeElapsed":636,"timestamp":"2026-07-11T04:14:22.653Z"}
{"level":"info","message":"⌛ Validating juego.wpgm","timeElapsed":447,"timestamp":"2026-07-11T04:14:23.274Z"}
{"exitCode":"SIGHUP","level":"info","message":"👾 Game executed juego.rpg on c:\\Users\\Usuario\\OneDrive\\Documentos\\tpGameSelf-y-sus-amigos\\tp-final-wollok-game-self-y-sus-amigos","timeElapsed":1627052,"timestamp":"2026-07-11T04:14:24.024Z"}
{"level":"info","message":"🚀 Program executed \u001b[3m\u001b[34mjuego.rpg\u001b[39m\u001b[23m on \u001b[3m\u001b[34mc:\\Users\\Usuario\\OneDrive\\Documentos\\tpGameSelf-y-sus-amigos\\tp-final-wollok-game-self-y-sus-amigos\u001b[39m\u001b[23m","ok":true,"timeElapsed":8024,"timestamp":"2026-07-11T04:14:37.063Z"}
{"level":"info","message":"⌛ Building environment","timeElapsed":295,"timestamp":"2026-07-11T04:18:12.127Z"}
{"level":"info","message":"⌛ Validating scripts/gestionNiveles/niveles/datosNivel6.wlk","timeElapsed":292,"timestamp":"2026-07-11T04:18:12.494Z"}
{"level":"info","message":"⌛ Building environment","timeElapsed":302,"timestamp":"2026-07-11T04:18:24.031Z"}
{"level":"info","message":"⌛ Validating scripts/gestionNiveles/gestorNivel.wlk","timeElapsed":319,"timestamp":"2026-07-11T04:18:24.386Z"}
{"level":"info","message":"⌛ Building environment","timeElapsed":358,"timestamp":"2026-07-11T04:18:24.745Z"}
{"level":"info","message":"⌛ Building environment","timeElapsed":368,"timestamp":"2026-07-11T04:18:25.116Z"}
{"level":"info","message":"⌛ Validating scripts/gestionNiveles/gestorNivel.wlk","timeElapsed":330,"timestamp":"2026-07-11T04:18:25.462Z"}
{"level":"info","message":"⌛ Building environment","timeElapsed":235,"timestamp":"2026-07-11T04:18:25.699Z"}
{"level":"info","message":"⌛ Validating scripts/gestionNiveles/gestorNivel.wlk","timeElapsed":313,"timestamp":"2026-07-11T04:18:26.050Z"}
{"level":"info","message":"⌛ Validating scripts/gestionNiveles/gestorNivel.wlk","timeElapsed":305,"timestamp":"2026-07-11T04:18:26.362Z"}
{"level":"info","message":"⌛ Building environment","timeElapsed":285,"timestamp":"2026-07-11T04:18:33.421Z"}
{"level":"info","message":"⌛ Validating scripts/gestionNiveles/gestorNivel.wlk","timeElapsed":309,"timestamp":"2026-07-11T04:18:33.773Z"}
{"level":"info","message":"⌛ Building environment","timeElapsed":230,"timestamp":"2026-07-11T04:18:34.822Z"}
{"level":"info","message":"⌛ Validating scripts/gestionNiveles/gestorNivel.wlk","timeElapsed":560,"timestamp":"2026-07-11T04:18:35.383Z"}
{"level":"info","message":"⌛ Building environment","timeElapsed":484,"timestamp":"2026-07-11T04:18:35.984Z"}
{"level":"info","message":"⌛ Building environment","timeElapsed":567,"timestamp":"2026-07-11T04:18:36.582Z"}
{"level":"info","message":"⌛ Validating scripts/gestionNiveles/gestorNivel.wlk","timeElapsed":481,"timestamp":"2026-07-11T04:18:37.127Z"}
{"level":"info","message":"⌛ Validating scripts/gestionNiveles/gestorNivel.wlk","timeElapsed":413,"timestamp":"2026-07-11T04:18:37.566Z"}
{"level":"info","message":"⌛ Building environment","timeElapsed":237,"timestamp":"2026-07-11T04:18:37.804Z"}
{"level":"info","message":"⌛ Validating scripts/gestionNiveles/gestorNivel.wlk","timeElapsed":319,"timestamp":"2026-07-11T04:18:38.140Z"}
{"level":"info","message":"⌛ Building environment","timeElapsed":277,"timestamp":"2026-07-11T04:18:41.555Z"}
{"level":"info","message":"⌛ Building environment","timeElapsed":431,"timestamp":"2026-07-11T04:18:41.991Z"}
{"level":"info","message":"⌛ Validating scripts/gestionNiveles/gestorNivel.wlk","timeElapsed":283,"timestamp":"2026-07-11T04:18:42.292Z"}
{"level":"info","message":"⌛ Validating scripts/gestionNiveles/gestorNivel.wlk","timeElapsed":345,"timestamp":"2026-07-11T04:18:42.653Z"}
{"level":"info","message":"⌛ Building environment","timeElapsed":241,"timestamp":"2026-07-11T04:18:43.788Z"}
{"level":"info","message":"⌛ Building environment","timeElapsed":357,"timestamp":"2026-07-11T04:18:44.149Z"}
{"level":"error","message":"✘ Completions for node Literal ([23:21, 31:6] - scripts/gestionNiveles/gestorNivel.wlk) failed: Error: wollok.lang.List [Reference]{9fa608} at scripts/gestionNiveles/gestorNivel.wlk:--,pantallaTitulo [Reference]{f11bf0} at scripts/gestionNiveles/gestorNivel.wlk:24,nivel_1 [Reference]{cf4a78} at scripts/gestionNiveles/gestorNivel.wlk:25,nivel_2 [Reference]{da1851} at scripts/gestionNiveles/gestorNivel.wlk:26,nivel_3 [Reference]{b6fea7} at scripts/gestionNiveles/gestorNivel.wlk:27,nivel_4 [Reference]{c959af} at scripts/gestionNiveles/gestorNivel.wlk:28,nivel_5 [Reference]{4d8c81} at scripts/gestionNiveles/gestorNivel.wlk:29,ni [Reference]{f1e0b2} at scripts/gestionNiveles/gestorNivel.wlk:30 [Literal]{6d026b} at scripts/gestionNiveles/gestorNivel.wlk:23 exhausted all cases without a match wollok.lang.List [Reference]{9fa608} at scripts/gestionNiveles/gestorNivel.wlk:--,pantallaTitulo [Reference]{f11bf0} at scripts/gestionNiveles/gestorNivel.wlk:24,nivel_1 [Reference]{cf4a78} at scripts/gestionNiveles/gestorNivel.wlk:25,nivel_2 [Reference]{da1851} at scripts/gestionNiveles/gestorNivel.wlk:26,nivel_3 [Reference]{b6fea7} at scripts/gestionNiveles/gestorNivel.wlk:27,nivel_4 [Reference]{c959af} at scripts/gestionNiveles/gestorNivel.wlk:28,nivel_5 [Reference]{4d8c81} at scripts/gestionNiveles/gestorNivel.wlk:29,ni [Reference]{f1e0b2} at scripts/gestionNiveles/gestorNivel.wlk:30 [Literal]{6d026b} at scripts/gestionNiveles/gestorNivel.wlk:23 exhausted all cases without a match","stack":"Error: wollok.lang.List [Reference]{9fa608} at scripts/gestionNiveles/gestorNivel.wlk:--,pantallaTitulo [Reference]{f11bf0} at scripts/gestionNiveles/gestorNivel.wlk:24,nivel_1 [Reference]{cf4a78} at scripts/gestionNiveles/gestorNivel.wlk:25,nivel_2 [Reference]{da1851} at scripts/gestionNiveles/gestorNivel.wlk:26,nivel_3 [Reference]{b6fea7} at scripts/gestionNiveles/gestorNivel.wlk:27,nivel_4 [Reference]{c959af} at scripts/gestionNiveles/gestorNivel.wlk:28,nivel_5 [Reference]{4d8c81} at scripts/gestionNiveles/gestorNivel.wlk:29,ni [Reference]{f1e0b2} at scripts/gestionNiveles/gestorNivel.wlk:30 [Literal]{6d026b} at scripts/gestionNiveles/gestorNivel.wlk:23 exhausted all cases without a match\n    at c:\\Users\\Usuario\\.vscode\\extensions\\uqbar.wollok-lsp-ide-0.5.4\\out\\server\\src\\server.js:38:6142\n    at L2 (c:\\Users\\Usuario\\.vscode\\extensions\\uqbar.wollok-lsp-ide-0.5.4\\out\\server\\src\\server.js:2389:42)\n    at Jh (c:\\Users\\Usuario\\.vscode\\extensions\\uqbar.wollok-lsp-ide-0.5.4\\out\\server\\src\\server.js:2389:1092)\n    at M5n (c:\\Users\\Usuario\\.vscode\\extensions\\uqbar.wollok-lsp-ide-0.5.4\\out\\server\\src\\server.js:2389:1248)\n    at c:\\Users\\Usuario\\.vscode\\extensions\\uqbar.wollok-lsp-ide-0.5.4\\out\\server\\src\\server.js:38:6131\n    at L2 (c:\\Users\\Usuario\\.vscode\\extensions\\uqbar.wollok-lsp-ide-0.5.4\\out\\server\\src\\server.js:2389:42)\n    at c:\\Users\\Usuario\\.vscode\\extensions\\uqbar.wollok-lsp-ide-0.5.4\\out\\server\\src\\server.js:2389:2988\n    at c:\\Users\\Usuario\\.vscode\\extensions\\uqbar.wollok-lsp-ide-0.5.4\\out\\server\\src\\server.js:2398:8440\n    at c:\\Users\\Usuario\\.vscode\\extensions\\uqbar.wollok-lsp-ide-0.5.4\\out\\server\\src\\server.js:37:74872\n    at Ke (c:\\Users\\Usuario\\.vscode\\extensions\\uqbar.wollok-lsp-ide-0.5.4\\out\\server\\src\\server.js:7:8527)","timestamp":"2026-07-11T04:18:44.397Z"}
{"level":"info","message":"⌛ Autocomplete - Reference","timeElapsed":216,"timestamp":"2026-07-11T04:18:44.398Z"}
{"level":"info","message":"⌛ Validating scripts/gestionNiveles/gestorNivel.wlk","timeElapsed":327,"timestamp":"2026-07-11T04:18:44.726Z"}
{"level":"info","message":"⌛ Building environment","timeElapsed":271,"timestamp":"2026-07-11T04:18:44.998Z"}
{"level":"info","message":"⌛ Building environment","timeElapsed":226,"timestamp":"2026-07-11T04:18:45.225Z"}
{"level":"info","message":"⌛ Building environment","timeElapsed":257,"timestamp":"2026-07-11T04:18:45.483Z"}
{"level":"info","message":"⌛ Validating scripts/gestionNiveles/gestorNivel.wlk","timeElapsed":341,"timestamp":"2026-07-11T04:18:45.825Z"}
{"level":"info","message":"⌛ Validating scripts/gestionNiveles/gestorNivel.wlk","timeElapsed":308,"timestamp":"2026-07-11T04:18:46.157Z"}
{"level":"info","message":"⌛ Validating scripts/gestionNiveles/gestorNivel.wlk","timeElapsed":686,"timestamp":"2026-07-11T04:18:46.844Z"}
{"level":"info","message":"⌛ Validating scripts/gestionNiveles/gestorNivel.wlk","timeElapsed":470,"timestamp":"2026-07-11T04:18:47.315Z"}
{"level":"info","message":"⌛ Building environment","timeElapsed":283,"timestamp":"2026-07-11T04:18:47.607Z"}
{"level":"error","message":"✘ Completions for node Literal ([23:21, 31:6] - scripts/gestionNiveles/gestorNivel.wlk) failed: Error: wollok.lang.List [Reference]{5f3b8d} at scripts/gestionNiveles/gestorNivel.wlk:--,pantallaTitulo [Reference]{7f080f} at scripts/gestionNiveles/gestorNivel.wlk:24,nivel_1 [Reference]{7622ab} at scripts/gestionNiveles/gestorNivel.wlk:25,nivel_2 [Reference]{0bc2c9} at scripts/gestionNiveles/gestorNivel.wlk:26,nivel_3 [Reference]{bf2895} at scripts/gestionNiveles/gestorNivel.wlk:27,nivel_4 [Reference]{ed8ca9} at scripts/gestionNiveles/gestorNivel.wlk:28,nivel_5 [Reference]{07ee8f} at scripts/gestionNiveles/gestorNivel.wlk:29,nivel_ [Reference]{c250e4} at scripts/gestionNiveles/gestorNivel.wlk:30 [Literal]{1a7263} at scripts/gestionNiveles/gestorNivel.wlk:23 exhausted all cases without a match wollok.lang.List [Reference]{5f3b8d} at scripts/gestionNiveles/gestorNivel.wlk:--,pantallaTitulo [Reference]{7f080f} at scripts/gestionNiveles/gestorNivel.wlk:24,nivel_1 [Reference]{7622ab} at scripts/gestionNiveles/gestorNivel.wlk:25,nivel_2 [Reference]{0bc2c9} at scripts/gestionNiveles/gestorNivel.wlk:26,nivel_3 [Reference]{bf2895} at scripts/gestionNiveles/gestorNivel.wlk:27,nivel_4 [Reference]{ed8ca9} at scripts/gestionNiveles/gestorNivel.wlk:28,nivel_5 [Reference]{07ee8f} at scripts/gestionNiveles/gestorNivel.wlk:29,nivel_ [Reference]{c250e4} at scripts/gestionNiveles/gestorNivel.wlk:30 [Literal]{1a7263} at scripts/gestionNiveles/gestorNivel.wlk:23 exhausted all cases without a match","stack":"Error: wollok.lang.List [Reference]{5f3b8d} at scripts/gestionNiveles/gestorNivel.wlk:--,pantallaTitulo [Reference]{7f080f} at scripts/gestionNiveles/gestorNivel.wlk:24,nivel_1 [Reference]{7622ab} at scripts/gestionNiveles/gestorNivel.wlk:25,nivel_2 [Reference]{0bc2c9} at scripts/gestionNiveles/gestorNivel.wlk:26,nivel_3 [Reference]{bf2895} at scripts/gestionNiveles/gestorNivel.wlk:27,nivel_4 [Reference]{ed8ca9} at scripts/gestionNiveles/gestorNivel.wlk:28,nivel_5 [Reference]{07ee8f} at scripts/gestionNiveles/gestorNivel.wlk:29,nivel_ [Reference]{c250e4} at scripts/gestionNiveles/gestorNivel.wlk:30 [Literal]{1a7263} at scripts/gestionNiveles/gestorNivel.wlk:23 exhausted all cases without a match\n    at c:\\Users\\Usuario\\.vscode\\extensions\\uqbar.wollok-lsp-ide-0.5.4\\out\\server\\src\\server.js:38:6142\n    at L2 (c:\\Users\\Usuario\\.vscode\\extensions\\uqbar.wollok-lsp-ide-0.5.4\\out\\server\\src\\server.js:2389:42)\n    at Jh (c:\\Users\\Usuario\\.vscode\\extensions\\uqbar.wollok-lsp-ide-0.5.4\\out\\server\\src\\server.js:2389:1092)\n    at M5n (c:\\Users\\Usuario\\.vscode\\extensions\\uqbar.wollok-lsp-ide-0.5.4\\out\\server\\src\\server.js:2389:1248)\n    at c:\\Users\\Usuario\\.vscode\\extensions\\uqbar.wollok-lsp-ide-0.5.4\\out\\server\\src\\server.js:38:6131\n    at L2 (c:\\Users\\Usuario\\.vscode\\extensions\\uqbar.wollok-lsp-ide-0.5.4\\out\\server\\src\\server.js:2389:42)\n    at c:\\Users\\Usuario\\.vscode\\extensions\\uqbar.wollok-lsp-ide-0.5.4\\out\\server\\src\\server.js:2389:2988\n    at c:\\Users\\Usuario\\.vscode\\extensions\\uqbar.wollok-lsp-ide-0.5.4\\out\\server\\src\\server.js:2398:8440\n    at c:\\Users\\Usuario\\.vscode\\extensions\\uqbar.wollok-lsp-ide-0.5.4\\out\\server\\src\\server.js:37:74872\n    at Ke (c:\\Users\\Usuario\\.vscode\\extensions\\uqbar.wollok-lsp-ide-0.5.4\\out\\server\\src\\server.js:7:8527)","timestamp":"2026-07-11T04:18:47.699Z"}
{"level":"info","message":"⌛ Building environment","timeElapsed":200,"timestamp":"2026-07-11T04:18:47.917Z"}
{"level":"info","message":"⌛ Building environment","timeElapsed":217,"timestamp":"2026-07-11T04:18:48.151Z"}
{"level":"info","message":"⌛ Validating scripts/gestionNiveles/gestorNivel.wlk","timeElapsed":285,"timestamp":"2026-07-11T04:18:48.475Z"}
{"level":"info","message":"⌛ Validating scripts/gestionNiveles/gestorNivel.wlk","timeElapsed":280,"timestamp":"2026-07-11T04:18:48.755Z"}
{"level":"info","message":"⌛ Validating scripts/gestionNiveles/gestorNivel.wlk","timeElapsed":309,"timestamp":"2026-07-11T04:18:49.067Z"}
{"level":"info","message":"⌛ Building environment","timeElapsed":369,"timestamp":"2026-07-11T04:27:39.942Z"}
{"level":"info","message":"⌛ Validating scripts/gestionNiveles/gestorNivel.wlk","timeElapsed":295,"timestamp":"2026-07-11T04:27:40.304Z"}
{"level":"info","message":"⌛ Building environment","timeElapsed":304,"timestamp":"2026-07-11T04:27:40.911Z"}
{"level":"info","message":"⌛ Building environment","timeElapsed":260,"timestamp":"2026-07-11T04:27:41.178Z"}
{"level":"info","message":"⌛ Autocomplete - Singleton","timeElapsed":186,"timestamp":"2026-07-11T04:27:41.374Z"}
{"level":"info","message":"⌛ Building environment","timeElapsed":292,"timestamp":"2026-07-11T04:27:41.667Z"}
{"level":"info","message":"⌛ Building environment","timeElapsed":345,"timestamp":"2026-07-11T04:27:42.013Z"}
{"level":"info","message":"⌛ Validating scripts/gestionNiveles/gestorNivel.wlk","timeElapsed":399,"timestamp":"2026-07-11T04:27:42.432Z"}
{"level":"info","message":"⌛ Building environment","timeElapsed":383,"timestamp":"2026-07-11T04:27:42.815Z"}
{"level":"info","message":"⌛ Validating scripts/gestionNiveles/gestorNivel.wlk","timeElapsed":335,"timestamp":"2026-07-11T04:27:43.151Z"}
{"level":"info","message":"⌛ Validating scripts/gestionNiveles/gestorNivel.wlk","timeElapsed":331,"timestamp":"2026-07-11T04:27:43.500Z"}
{"level":"info","message":"⌛ Validating scripts/gestionNiveles/gestorNivel.wlk","timeElapsed":284,"timestamp":"2026-07-11T04:27:43.784Z"}
{"level":"info","message":"⌛ Building environment","timeElapsed":283,"timestamp":"2026-07-11T04:27:44.068Z"}
{"level":"info","message":"⌛ Validating scripts/gestionNiveles/gestorNivel.wlk","timeElapsed":250,"timestamp":"2026-07-11T04:27:44.403Z"}
{"level":"info","message":"⌛ Building environment","timeElapsed":227,"timestamp":"2026-07-11T04:27:44.633Z"}
{"level":"info","message":"⌛ Validating scripts/gestionNiveles/gestorNivel.wlk","timeElapsed":326,"timestamp":"2026-07-11T04:27:45.015Z"}
{"level":"info","message":"⌛ Building environment","timeElapsed":216,"timestamp":"2026-07-11T04:27:45.234Z"}
{"level":"info","message":"⌛ Validating scripts/gestionNiveles/gestorNivel.wlk","timeElapsed":258,"timestamp":"2026-07-11T04:27:45.493Z"}
{"level":"info","message":"⌛ Validating scripts/gestionNiveles/gestorNivel.wlk","timeElapsed":360,"timestamp":"2026-07-11T04:27:45.873Z"}
{"level":"info","message":"⌛ Building environment","timeElapsed":252,"timestamp":"2026-07-11T04:27:50.063Z"}
{"level":"info","message":"⌛ Validating scripts/gestionNiveles/gestorNivel.wlk","timeElapsed":313,"timestamp":"2026-07-11T04:27:50.406Z"}
{"level":"info","message":"⌛ Building environment","timeElapsed":274,"timestamp":"2026-07-11T04:28:04.394Z"}
{"level":"info","message":"⌛ Building environment","timeElapsed":490,"timestamp":"2026-07-11T04:28:04.885Z"}
{"level":"info","message":"⌛ Validating scripts/gestionNiveles/niveles/datosNivel16.wlk","timeElapsed":250,"timestamp":"2026-07-11T04:28:05.151Z"}
{"level":"info","message":"⌛ Validating scripts/gestionNiveles/niveles/datosNivel16.wlk","timeElapsed":668,"timestamp":"2026-07-11T04:28:05.837Z"}
{"level":"info","message":"⌛ Building environment","timeElapsed":483,"timestamp":"2026-07-11T04:28:06.939Z"}
{"level":"info","message":"⌛ Building environment","timeElapsed":351,"timestamp":"2026-07-11T04:28:07.311Z"}
{"level":"info","message":"⌛ Validating scripts/gestionNiveles/niveles/datosNivel16.wlk","timeElapsed":287,"timestamp":"2026-07-11T04:28:07.617Z"}
{"level":"info","message":"⌛ Validating scripts/gestionNiveles/niveles/datosNivel16.wlk","timeElapsed":272,"timestamp":"2026-07-11T04:28:07.892Z"}
{"level":"info","message":"⌛ Building environment","timeElapsed":795,"timestamp":"2026-07-11T04:29:12.443Z"}
{"level":"info","message":"⌛ Validating scripts/gestionNiveles/fabricaNivel.wlk","timeElapsed":413,"timestamp":"2026-07-11T04:29:13.086Z"}
{"errors":{"errors":[null,["/*\r","Este archivo define los identificadores (IDs) utilizados por los niveles y\r","cómo la fábrica convierte cada ID en un objeto del juego.\r","Cada celda del nivel contiene un número entero.\r","Los IDs simples representan directamente un tipo de objeto:\r","Objetos\r","0   = Celda vacía\r","1   = Colisión\r","2   = Moneda\r","20  = Baldosa\r","30  = Pinchos\r","31  = Pinchos cerrados\r","4   = Palanca\r","6   = Caja\r","7   = Portal\r","8   = Botón\r","51  = Puerta horizontal\r","52  = Puerta vertical\r","53  = Puerta horizontal abierta\r","54  = Puerta vertical abierta\r","800 = Láser hacia arriba\r","810 = Láser hacia abajo\r","820 = Láser hacia la derecha\r","830 = Láser hacia la izquierda\r","101 = Salida hacia la izquierda\r","102 = Salida hacia la derecha\r","Enemigos\r","90 = Sapo\r","91 = Murciélago\r","92 = Gato\r","Personaje\r","99 = Posición inicial del jugador\r","------------------------------------------------------------\r","Canales\r","------------------------------------------------------------\r","Algunos objetos (palancas, botones, puertas, pinchos, láseres, etc.)\r","pueden pertenecer a un canal.\r","El canal se codifica agregando un dígito al final del ID.\r","Ejemplos:\r","301 -> Pinchos del canal 1\r","304 -> Pinchos del canal 4\r","81 -> Botón del canal 1\r","85 -> Botón del canal 5\r","521 -> Puerta vertical del canal 1\r","525 -> Puerta vertical del canal 5\r","Cuando la fábrica recibe un ID que no existe exactamente, intenta\r","interpretarlo de la siguiente forma:\r","objeto = id / 10\r","canal  = id % 10\r","Si existe un constructor para \"objeto\", crea la instancia utilizando el\r","canal obtenido.\r","De esta forma no es necesario registrar un constructor para cada posible\r","canal, sino solamente para el tipo base del objeto.\r"]]},"level":"error","message":"✘ Failed to get type description: Error: {\n  \"errors\": [\n    null,\n    [\n      \"/*\\r\",\n      \"Este archivo define los identificadores (IDs) utilizados por los niveles y\\r\",\n      \"cómo la fábrica convierte cada ID en un objeto del juego.\\r\",\n      \"Cada celda del nivel contiene un número entero.\\r\",\n      \"Los IDs simples representan directamente un tipo de objeto:\\r\",\n      \"Objetos\\r\",\n      \"0   = Celda vacía\\r\",\n      \"1   = Colisión\\r\",\n      \"2   = Moneda\\r\",\n      \"20  = Baldosa\\r\",\n      \"30  = Pinchos\\r\",\n      \"31  = Pinchos cerrados\\r\",\n      \"4   = Palanca\\r\",\n      \"6   = Caja\\r\",\n      \"7   = Portal\\r\",\n      \"8   = Botón\\r\",\n      \"51  = Puerta horizontal\\r\",\n      \"52  = Puerta vertical\\r\",\n      \"53  = Puerta horizontal abierta\\r\",\n      \"54  = Puerta vertical abierta\\r\",\n      \"800 = Láser hacia arriba\\r\",\n      \"810 = Láser hacia abajo\\r\",\n      \"820 = Láser hacia la derecha\\r\",\n      \"830 = Láser hacia la izquierda\\r\",\n      \"101 = Salida hacia la izquierda\\r\",\n      \"102 = Salida hacia la derecha\\r\",\n      \"Enemigos\\r\",\n      \"90 = Sapo\\r\",\n      \"91 = Murciélago\\r\",\n      \"92 = Gato\\r\",\n      \"Personaje\\r\",\n      \"99 = Posición inicial del jugador\\r\",\n      \"------------------------------------------------------------\\r\",\n      \"Canales\\r\",\n      \"------------------------------------------------------------\\r\",\n      \"Algunos objetos (palancas, botones, puertas, pinchos, láseres, etc.)\\r\",\n      \"pueden pertenecer a un canal.\\r\",\n      \"El canal se codifica agregando un dígito al final del ID.\\r\",\n      \"Ejemplos:\\r\",\n      \"301 -> Pinchos del canal 1\\r\",\n      \"304 -> Pinchos del canal 4\\r\",\n      \"81 -> Botón del canal 1\\r\",\n      \"85 -> Botón del canal 5\\r\",\n      \"521 -> Puerta vertical del canal 1\\r\",\n      \"525 -> Puerta vertical del canal 5\\r\",\n      \"Cuando la fábrica recibe un ID que no existe exactamente, intenta\\r\",\n      \"interpretarlo de la siguiente forma:\\r\",\n      \"objeto = id / 10\\r\",\n      \"canal  = id % 10\\r\",\n      \"Si existe un constructor para \\\"objeto\\\", crea la instancia utilizando el\\r\",\n      \"canal obtenido.\\r\",\n      \"De esta forma no es necesario registrar un constructor para cada posible\\r\",\n      \"canal, sino solamente para el tipo base del objeto.\\r\"\n    ]\n  ]\n} {\n  \"errors\": [\n    null,\n    [\n      \"/*\\r\",\n      \"Este archivo define los identificadores (IDs) utilizados por los niveles y\\r\",\n      \"cómo la fábrica convierte cada ID en un objeto del juego.\\r\",\n      \"Cada celda del nivel contiene un número entero.\\r\",\n      \"Los IDs simples representan directamente un tipo de objeto:\\r\",\n      \"Objetos\\r\",\n      \"0   = Celda vacía\\r\",\n      \"1   = Colisión\\r\",\n      \"2   = Moneda\\r\",\n      \"20  = Baldosa\\r\",\n      \"30  = Pinchos\\r\",\n      \"31  = Pinchos cerrados\\r\",\n      \"4   = Palanca\\r\",\n      \"6   = Caja\\r\",\n      \"7   = Portal\\r\",\n      \"8   = Botón\\r\",\n      \"51  = Puerta horizontal\\r\",\n      \"52  = Puerta vertical\\r\",\n      \"53  = Puerta horizontal abierta\\r\",\n      \"54  = Puerta vertical abierta\\r\",\n      \"800 = Láser hacia arriba\\r\",\n      \"810 = Láser hacia abajo\\r\",\n      \"820 = Láser hacia la derecha\\r\",\n      \"830 = Láser hacia la izquierda\\r\",\n      \"101 = Salida hacia la izquierda\\r\",\n      \"102 = Salida hacia la derecha\\r\",\n      \"Enemigos\\r\",\n      \"90 = Sapo\\r\",\n      \"91 = Murciélago\\r\",\n      \"92 = Gato\\r\",\n      \"Personaje\\r\",\n      \"99 = Posición inicial del jugador\\r\",\n      \"------------------------------------------------------------\\r\",\n      \"Canales\\r\",\n      \"------------------------------------------------------------\\r\",\n      \"Algunos objetos (palancas, botones, puertas, pinchos, láseres, etc.)\\r\",\n      \"pueden pertenecer a un canal.\\r\",\n      \"El canal se codifica agregando un dígito al final del ID.\\r\",\n      \"Ejemplos:\\r\",\n      \"301 -> Pinchos del canal 1\\r\",\n      \"304 -> Pinchos del canal 4\\r\",\n      \"81 -> Botón del canal 1\\r\",\n      \"85 -> Botón del canal 5\\r\",\n      \"521 -> Puerta vertical del canal 1\\r\",\n      \"525 -> Puerta vertical del canal 5\\r\",\n      \"Cuando la fábrica recibe un ID que no existe exactamente, intenta\\r\",\n      \"interpretarlo de la siguiente forma:\\r\",\n      \"objeto = id / 10\\r\",\n      \"canal  = id % 10\\r\",\n      \"Si existe un constructor para \\\"objeto\\\", crea la instancia utilizando el\\r\",\n      \"canal obtenido.\\r\",\n      \"De esta forma no es necesario registrar un constructor para cada posible\\r\",\n      \"canal, sino solamente para el tipo base del objeto.\\r\"\n    ]\n  ]\n}","stack":"Error: {\n  \"errors\": [\n    null,\n    [\n      \"/*\\r\",\n      \"Este archivo define los identificadores (IDs) utilizados por los niveles y\\r\",\n      \"cómo la fábrica convierte cada ID en un objeto del juego.\\r\",\n      \"Cada celda del nivel contiene un número entero.\\r\",\n      \"Los IDs simples representan directamente un tipo de objeto:\\r\",\n      \"Objetos\\r\",\n      \"0   = Celda vacía\\r\",\n      \"1   = Colisión\\r\",\n      \"2   = Moneda\\r\",\n      \"20  = Baldosa\\r\",\n      \"30  = Pinchos\\r\",\n      \"31  = Pinchos cerrados\\r\",\n      \"4   = Palanca\\r\",\n      \"6   = Caja\\r\",\n      \"7   = Portal\\r\",\n      \"8   = Botón\\r\",\n      \"51  = Puerta horizontal\\r\",\n      \"52  = Puerta vertical\\r\",\n      \"53  = Puerta horizontal abierta\\r\",\n      \"54  = Puerta vertical abierta\\r\",\n      \"800 = Láser hacia arriba\\r\",\n      \"810 = Láser hacia abajo\\r\",\n      \"820 = Láser hacia la derecha\\r\",\n      \"830 = Láser hacia la izquierda\\r\",\n      \"101 = Salida hacia la izquierda\\r\",\n      \"102 = Salida hacia la derecha\\r\",\n      \"Enemigos\\r\",\n      \"90 = Sapo\\r\",\n      \"91 = Murciélago\\r\",\n      \"92 = Gato\\r\",\n      \"Personaje\\r\",\n      \"99 = Posición inicial del jugador\\r\",\n      \"------------------------------------------------------------\\r\",\n      \"Canales\\r\",\n      \"------------------------------------------------------------\\r\",\n      \"Algunos objetos (palancas, botones, puertas, pinchos, láseres, etc.)\\r\",\n      \"pueden pertenecer a un canal.\\r\",\n      \"El canal se codifica agregando un dígito al final del ID.\\r\",\n      \"Ejemplos:\\r\",\n      \"301 -> Pinchos del canal 1\\r\",\n      \"304 -> Pinchos del canal 4\\r\",\n      \"81 -> Botón del canal 1\\r\",\n      \"85 -> Botón del canal 5\\r\",\n      \"521 -> Puerta vertical del canal 1\\r\",\n      \"525 -> Puerta vertical del canal 5\\r\",\n      \"Cuando la fábrica recibe un ID que no existe exactamente, intenta\\r\",\n      \"interpretarlo de la siguiente forma:\\r\",\n      \"objeto = id / 10\\r\",\n      \"canal  = id % 10\\r\",\n      \"Si existe un constructor para \\\"objeto\\\", crea la instancia utilizando el\\r\",\n      \"canal obtenido.\\r\",\n      \"De esta forma no es necesario registrar un constructor para cada posible\\r\",\n      \"canal, sino solamente para el tipo base del objeto.\\r\"\n    ]\n  ]\n}\n    at lS (c:\\Users\\Usuario\\.vscode\\extensions\\uqbar.wollok-lsp-ide-0.5.4\\out\\server\\src\\server.js:64:34609)\n    at Q1 (c:\\Users\\Usuario\\.vscode\\extensions\\uqbar.wollok-lsp-ide-0.5.4\\out\\server\\src\\server.js:64:34682)\n    at c:\\Users\\Usuario\\.vscode\\extensions\\uqbar.wollok-lsp-ide-0.5.4\\out\\server\\src\\server.js:64:37949\n    at o.y1 (c:\\Users\\Usuario\\.vscode\\extensions\\uqbar.wollok-lsp-ide-0.5.4\\out\\server\\src\\server.js:57:59114)\n    at c:\\Users\\Usuario\\.vscode\\extensions\\uqbar.wollok-lsp-ide-0.5.4\\out\\server\\src\\server.js:64:37918\n    at c:\\Users\\Usuario\\.vscode\\extensions\\uqbar.wollok-lsp-ide-0.5.4\\out\\server\\src\\server.js:57:57154\n    at Cfn (c:\\Users\\Usuario\\.vscode\\extensions\\uqbar.wollok-lsp-ide-0.5.4\\out\\server\\src\\server.js:68:11324)\n    at c:\\Users\\Usuario\\.vscode\\extensions\\uqbar.wollok-lsp-ide-0.5.4\\out\\server\\src\\server.js:68:3629\n    at Array.map (<anonymous>)\n    at c:\\Users\\Usuario\\.vscode\\extensions\\uqbar.wollok-lsp-ide-0.5.4\\out\\server\\src\\server.js:68:4693","timestamp":"2026-07-11T04:29:13.184Z"}
{"errors":{"errors":[null,["/*\r","Este archivo define los identificadores (IDs) utilizados por los niveles y\r","cómo la fábrica convierte cada ID en un objeto del juego.\r","Cada celda del nivel contiene un número entero.\r","Los IDs simples representan directamente un tipo de objeto:\r","Objetos\r","0   = Celda vacía\r","1   = Colisión\r","2   = Moneda\r","20  = Baldosa\r","30  = Pinchos\r","31  = Pinchos cerrados\r","4   = Palanca\r","6   = Caja\r","7   = Portal\r","8   = Botón\r","51  = Puerta horizontal\r","52  = Puerta vertical\r","53  = Puerta horizontal abierta\r","54  = Puerta vertical abierta\r","800 = Láser hacia arriba\r","810 = Láser hacia abajo\r","820 = Láser hacia la derecha\r","830 = Láser hacia la izquierda\r","101 = Salida hacia la izquierda\r","102 = Salida hacia la derecha\r","Enemigos\r","90 = Sapo\r","91 = Murciélago\r","92 = Gato\r","Personaje\r","99 = Posición inicial del jugador\r","------------------------------------------------------------\r","Canales\r","------------------------------------------------------------\r","Algunos objetos (palancas, botones, puertas, pinchos, láseres, etc.)\r","pueden pertenecer a un canal.\r","El canal se codifica agregando un dígito al final del ID.\r","Ejemplos:\r","301 -> Pinchos del canal 1\r","304 -> Pinchos del canal 4\r","81 -> Botón del canal 1\r","85 -> Botón del canal 5\r","521 -> Puerta vertical del canal 1\r","525 -> Puerta vertical del canal 5\r","Cuando la fábrica recibe un ID que no existe exactamente, intenta\r","interpretarlo de la siguiente forma:\r","objeto = id / 10\r","canal  = id % 10\r","Si existe un constructor para \"objeto\", crea la instancia utilizando el\r","canal obtenido.\r","De esta forma no es necesario registrar un constructor para cada posible\r","canal, sino solamente para el tipo base del objeto.\r"]]},"level":"error","message":"✘ Failed to get type description: Error: {\n  \"errors\": [\n    null,\n    [\n      \"/*\\r\",\n      \"Este archivo define los identificadores (IDs) utilizados por los niveles y\\r\",\n      \"cómo la fábrica convierte cada ID en un objeto del juego.\\r\",\n      \"Cada celda del nivel contiene un número entero.\\r\",\n      \"Los IDs simples representan directamente un tipo de objeto:\\r\",\n      \"Objetos\\r\",\n      \"0   = Celda vacía\\r\",\n      \"1   = Colisión\\r\",\n      \"2   = Moneda\\r\",\n      \"20  = Baldosa\\r\",\n      \"30  = Pinchos\\r\",\n      \"31  = Pinchos cerrados\\r\",\n      \"4   = Palanca\\r\",\n      \"6   = Caja\\r\",\n      \"7   = Portal\\r\",\n      \"8   = Botón\\r\",\n      \"51  = Puerta horizontal\\r\",\n      \"52  = Puerta vertical\\r\",\n      \"53  = Puerta horizontal abierta\\r\",\n      \"54  = Puerta vertical abierta\\r\",\n      \"800 = Láser hacia arriba\\r\",\n      \"810 = Láser hacia abajo\\r\",\n      \"820 = Láser hacia la derecha\\r\",\n      \"830 = Láser hacia la izquierda\\r\",\n      \"101 = Salida hacia la izquierda\\r\",\n      \"102 = Salida hacia la derecha\\r\",\n      \"Enemigos\\r\",\n      \"90 = Sapo\\r\",\n      \"91 = Murciélago\\r\",\n      \"92 = Gato\\r\",\n      \"Personaje\\r\",\n      \"99 = Posición inicial del jugador\\r\",\n      \"------------------------------------------------------------\\r\",\n      \"Canales\\r\",\n      \"------------------------------------------------------------\\r\",\n      \"Algunos objetos (palancas, botones, puertas, pinchos, láseres, etc.)\\r\",\n      \"pueden pertenecer a un canal.\\r\",\n      \"El canal se codifica agregando un dígito al final del ID.\\r\",\n      \"Ejemplos:\\r\",\n      \"301 -> Pinchos del canal 1\\r\",\n      \"304 -> Pinchos del canal 4\\r\",\n      \"81 -> Botón del canal 1\\r\",\n      \"85 -> Botón del canal 5\\r\",\n      \"521 -> Puerta vertical del canal 1\\r\",\n      \"525 -> Puerta vertical del canal 5\\r\",\n      \"Cuando la fábrica recibe un ID que no existe exactamente, intenta\\r\",\n      \"interpretarlo de la siguiente forma:\\r\",\n      \"objeto = id / 10\\r\",\n      \"canal  = id % 10\\r\",\n      \"Si existe un constructor para \\\"objeto\\\", crea la instancia utilizando el\\r\",\n      \"canal obtenido.\\r\",\n      \"De esta forma no es necesario registrar un constructor para cada posible\\r\",\n      \"canal, sino solamente para el tipo base del objeto.\\r\"\n    ]\n  ]\n} {\n  \"errors\": [\n    null,\n    [\n      \"/*\\r\",\n      \"Este archivo define los identificadores (IDs) utilizados por los niveles y\\r\",\n      \"cómo la fábrica convierte cada ID en un objeto del juego.\\r\",\n      \"Cada celda del nivel contiene un número entero.\\r\",\n      \"Los IDs simples representan directamente un tipo de objeto:\\r\",\n      \"Objetos\\r\",\n      \"0   = Celda vacía\\r\",\n      \"1   = Colisión\\r\",\n      \"2   = Moneda\\r\",\n      \"20  = Baldosa\\r\",\n      \"30  = Pinchos\\r\",\n      \"31  = Pinchos cerrados\\r\",\n      \"4   = Palanca\\r\",\n      \"6   = Caja\\r\",\n      \"7   = Portal\\r\",\n      \"8   = Botón\\r\",\n      \"51  = Puerta horizontal\\r\",\n      \"52  = Puerta vertical\\r\",\n      \"53  = Puerta horizontal abierta\\r\",\n      \"54  = Puerta vertical abierta\\r\",\n      \"800 = Láser hacia arriba\\r\",\n      \"810 = Láser hacia abajo\\r\",\n      \"820 = Láser hacia la derecha\\r\",\n      \"830 = Láser hacia la izquierda\\r\",\n      \"101 = Salida hacia la izquierda\\r\",\n      \"102 = Salida hacia la derecha\\r\",\n      \"Enemigos\\r\",\n      \"90 = Sapo\\r\",\n      \"91 = Murciélago\\r\",\n      \"92 = Gato\\r\",\n      \"Personaje\\r\",\n      \"99 = Posición inicial del jugador\\r\",\n      \"------------------------------------------------------------\\r\",\n      \"Canales\\r\",\n      \"------------------------------------------------------------\\r\",\n      \"Algunos objetos (palancas, botones, puertas, pinchos, láseres, etc.)\\r\",\n      \"pueden pertenecer a un canal.\\r\",\n      \"El canal se codifica agregando un dígito al final del ID.\\r\",\n      \"Ejemplos:\\r\",\n      \"301 -> Pinchos del canal 1\\r\",\n      \"304 -> Pinchos del canal 4\\r\",\n      \"81 -> Botón del canal 1\\r\",\n      \"85 -> Botón del canal 5\\r\",\n      \"521 -> Puerta vertical del canal 1\\r\",\n      \"525 -> Puerta vertical del canal 5\\r\",\n      \"Cuando la fábrica recibe un ID que no existe exactamente, intenta\\r\",\n      \"interpretarlo de la siguiente forma:\\r\",\n      \"objeto = id / 10\\r\",\n      \"canal  = id % 10\\r\",\n      \"Si existe un constructor para \\\"objeto\\\", crea la instancia utilizando el\\r\",\n      \"canal obtenido.\\r\",\n      \"De esta forma no es necesario registrar un constructor para cada posible\\r\",\n      \"canal, sino solamente para el tipo base del objeto.\\r\"\n    ]\n  ]\n}","stack":"Error: {\n  \"errors\": [\n    null,\n    [\n      \"/*\\r\",\n      \"Este archivo define los identificadores (IDs) utilizados por los niveles y\\r\",\n      \"cómo la fábrica convierte cada ID en un objeto del juego.\\r\",\n      \"Cada celda del nivel contiene un número entero.\\r\",\n      \"Los IDs simples representan directamente un tipo de objeto:\\r\",\n      \"Objetos\\r\",\n      \"0   = Celda vacía\\r\",\n      \"1   = Colisión\\r\",\n      \"2   = Moneda\\r\",\n      \"20  = Baldosa\\r\",\n      \"30  = Pinchos\\r\",\n      \"31  = Pinchos cerrados\\r\",\n      \"4   = Palanca\\r\",\n      \"6   = Caja\\r\",\n      \"7   = Portal\\r\",\n      \"8   = Botón\\r\",\n      \"51  = Puerta horizontal\\r\",\n      \"52  = Puerta vertical\\r\",\n      \"53  = Puerta horizontal abierta\\r\",\n      \"54  = Puerta vertical abierta\\r\",\n      \"800 = Láser hacia arriba\\r\",\n      \"810 = Láser hacia abajo\\r\",\n      \"820 = Láser hacia la derecha\\r\",\n      \"830 = Láser hacia la izquierda\\r\",\n      \"101 = Salida hacia la izquierda\\r\",\n      \"102 = Salida hacia la derecha\\r\",\n      \"Enemigos\\r\",\n      \"90 = Sapo\\r\",\n      \"91 = Murciélago\\r\",\n      \"92 = Gato\\r\",\n      \"Personaje\\r\",\n      \"99 = Posición inicial del jugador\\r\",\n      \"------------------------------------------------------------\\r\",\n      \"Canales\\r\",\n      \"------------------------------------------------------------\\r\",\n      \"Algunos objetos (palancas, botones, puertas, pinchos, láseres, etc.)\\r\",\n      \"pueden pertenecer a un canal.\\r\",\n      \"El canal se codifica agregando un dígito al final del ID.\\r\",\n      \"Ejemplos:\\r\",\n      \"301 -> Pinchos del canal 1\\r\",\n      \"304 -> Pinchos del canal 4\\r\",\n      \"81 -> Botón del canal 1\\r\",\n      \"85 -> Botón del canal 5\\r\",\n      \"521 -> Puerta vertical del canal 1\\r\",\n      \"525 -> Puerta vertical del canal 5\\r\",\n      \"Cuando la fábrica recibe un ID que no existe exactamente, intenta\\r\",\n      \"interpretarlo de la siguiente forma:\\r\",\n      \"objeto = id / 10\\r\",\n      \"canal  = id % 10\\r\",\n      \"Si existe un constructor para \\\"objeto\\\", crea la instancia utilizando el\\r\",\n      \"canal obtenido.\\r\",\n      \"De esta forma no es necesario registrar un constructor para cada posible\\r\",\n      \"canal, sino solamente para el tipo base del objeto.\\r\"\n    ]\n  ]\n}\n    at lS (c:\\Users\\Usuario\\.vscode\\extensions\\uqbar.wollok-lsp-ide-0.5.4\\out\\server\\src\\server.js:64:34609)\n    at Q1 (c:\\Users\\Usuario\\.vscode\\extensions\\uqbar.wollok-lsp-ide-0.5.4\\out\\server\\src\\server.js:64:34682)\n    at c:\\Users\\Usuario\\.vscode\\extensions\\uqbar.wollok-lsp-ide-0.5.4\\out\\server\\src\\server.js:64:37949\n    at o.y1 (c:\\Users\\Usuario\\.vscode\\extensions\\uqbar.wollok-lsp-ide-0.5.4\\out\\server\\src\\server.js:57:59114)\n    at c:\\Users\\Usuario\\.vscode\\extensions\\uqbar.wollok-lsp-ide-0.5.4\\out\\server\\src\\server.js:64:37918\n    at c:\\Users\\Usuario\\.vscode\\extensions\\uqbar.wollok-lsp-ide-0.5.4\\out\\server\\src\\server.js:57:57154\n    at Cfn (c:\\Users\\Usuario\\.vscode\\extensions\\uqbar.wollok-lsp-ide-0.5.4\\out\\server\\src\\server.js:68:11324)\n    at c:\\Users\\Usuario\\.vscode\\extensions\\uqbar.wollok-lsp-ide-0.5.4\\out\\server\\src\\server.js:68:3629\n    at Array.map (<anonymous>)\n    at c:\\Users\\Usuario\\.vscode\\extensions\\uqbar.wollok-lsp-ide-0.5.4\\out\\server\\src\\server.js:68:4693","timestamp":"2026-07-11T04:29:17.372Z"}
{"errors":{"errors":[null,["/*\r","Este archivo define los identificadores (IDs) utilizados por los niveles y\r","cómo la fábrica convierte cada ID en un objeto del juego.\r","Cada celda del nivel contiene un número entero.\r","Los IDs simples representan directamente un tipo de objeto:\r","Objetos\r","0   = Celda vacía\r","1   = Colisión\r","2   = Moneda\r","20  = Baldosa\r","30  = Pinchos\r","31  = Pinchos cerrados\r","4   = Palanca\r","6   = Caja\r","7   = Portal\r","8   = Botón\r","51  = Puerta horizontal\r","52  = Puerta vertical\r","53  = Puerta horizontal abierta\r","54  = Puerta vertical abierta\r","800 = Láser hacia arriba\r","810 = Láser hacia abajo\r","820 = Láser hacia la derecha\r","830 = Láser hacia la izquierda\r","101 = Salida hacia la izquierda\r","102 = Salida hacia la derecha\r","Enemigos\r","90 = Sapo\r","91 = Murciélago\r","92 = Gato\r","Personaje\r","99 = Posición inicial del jugador\r","------------------------------------------------------------\r","Canales\r","------------------------------------------------------------\r","Algunos objetos (palancas, botones, puertas, pinchos, láseres, etc.)\r","pueden pertenecer a un canal.\r","El canal se codifica agregando un dígito al final del ID.\r","Ejemplos:\r","301 -> Pinchos del canal 1\r","304 -> Pinchos del canal 4\r","81 -> Botón del canal 1\r","85 -> Botón del canal 5\r","521 -> Puerta vertical del canal 1\r","525 -> Puerta vertical del canal 5\r","Cuando la fábrica recibe un ID que no existe exactamente, intenta\r","interpretarlo de la siguiente forma:\r","objeto = id / 10\r","canal  = id % 10\r","Si existe un constructor para \"objeto\", crea la instancia utilizando el\r","canal obtenido.\r","De esta forma no es necesario registrar un constructor para cada posible\r","canal, sino solamente para el tipo base del objeto.\r"]]},"level":"error","message":"✘ Failed to get type description: Error: {\n  \"errors\": [\n    null,\n    [\n      \"/*\\r\",\n      \"Este archivo define los identificadores (IDs) utilizados por los niveles y\\r\",\n      \"cómo la fábrica convierte cada ID en un objeto del juego.\\r\",\n      \"Cada celda del nivel contiene un número entero.\\r\",\n      \"Los IDs simples representan directamente un tipo de objeto:\\r\",\n      \"Objetos\\r\",\n      \"0   = Celda vacía\\r\",\n      \"1   = Colisión\\r\",\n      \"2   = Moneda\\r\",\n      \"20  = Baldosa\\r\",\n      \"30  = Pinchos\\r\",\n      \"31  = Pinchos cerrados\\r\",\n      \"4   = Palanca\\r\",\n      \"6   = Caja\\r\",\n      \"7   = Portal\\r\",\n      \"8   = Botón\\r\",\n      \"51  = Puerta horizontal\\r\",\n      \"52  = Puerta vertical\\r\",\n      \"53  = Puerta horizontal abierta\\r\",\n      \"54  = Puerta vertical abierta\\r\",\n      \"800 = Láser hacia arriba\\r\",\n      \"810 = Láser hacia abajo\\r\",\n      \"820 = Láser hacia la derecha\\r\",\n      \"830 = Láser hacia la izquierda\\r\",\n      \"101 = Salida hacia la izquierda\\r\",\n      \"102 = Salida hacia la derecha\\r\",\n      \"Enemigos\\r\",\n      \"90 = Sapo\\r\",\n      \"91 = Murciélago\\r\",\n      \"92 = Gato\\r\",\n      \"Personaje\\r\",\n      \"99 = Posición inicial del jugador\\r\",\n      \"------------------------------------------------------------\\r\",\n      \"Canales\\r\",\n      \"------------------------------------------------------------\\r\",\n      \"Algunos objetos (palancas, botones, puertas, pinchos, láseres, etc.)\\r\",\n      \"pueden pertenecer a un canal.\\r\",\n      \"El canal se codifica agregando un dígito al final del ID.\\r\",\n      \"Ejemplos:\\r\",\n      \"301 -> Pinchos del canal 1\\r\",\n      \"304 -> Pinchos del canal 4\\r\",\n      \"81 -> Botón del canal 1\\r\",\n      \"85 -> Botón del canal 5\\r\",\n      \"521 -> Puerta vertical del canal 1\\r\",\n      \"525 -> Puerta vertical del canal 5\\r\",\n      \"Cuando la fábrica recibe un ID que no existe exactamente, intenta\\r\",\n      \"interpretarlo de la siguiente forma:\\r\",\n      \"objeto = id / 10\\r\",\n      \"canal  = id % 10\\r\",\n      \"Si existe un constructor para \\\"objeto\\\", crea la instancia utilizando el\\r\",\n      \"canal obtenido.\\r\",\n      \"De esta forma no es necesario registrar un constructor para cada posible\\r\",\n      \"canal, sino solamente para el tipo base del objeto.\\r\"\n    ]\n  ]\n} {\n  \"errors\": [\n    null,\n    [\n      \"/*\\r\",\n      \"Este archivo define los identificadores (IDs) utilizados por los niveles y\\r\",\n      \"cómo la fábrica convierte cada ID en un objeto del juego.\\r\",\n      \"Cada celda del nivel contiene un número entero.\\r\",\n      \"Los IDs simples representan directamente un tipo de objeto:\\r\",\n      \"Objetos\\r\",\n      \"0   = Celda vacía\\r\",\n      \"1   = Colisión\\r\",\n      \"2   = Moneda\\r\",\n      \"20  = Baldosa\\r\",\n      \"30  = Pinchos\\r\",\n      \"31  = Pinchos cerrados\\r\",\n      \"4   = Palanca\\r\",\n      \"6   = Caja\\r\",\n      \"7   = Portal\\r\",\n      \"8   = Botón\\r\",\n      \"51  = Puerta horizontal\\r\",\n      \"52  = Puerta vertical\\r\",\n      \"53  = Puerta horizontal abierta\\r\",\n      \"54  = Puerta vertical abierta\\r\",\n      \"800 = Láser hacia arriba\\r\",\n      \"810 = Láser hacia abajo\\r\",\n      \"820 = Láser hacia la derecha\\r\",\n      \"830 = Láser hacia la izquierda\\r\",\n      \"101 = Salida hacia la izquierda\\r\",\n      \"102 = Salida hacia la derecha\\r\",\n      \"Enemigos\\r\",\n      \"90 = Sapo\\r\",\n      \"91 = Murciélago\\r\",\n      \"92 = Gato\\r\",\n      \"Personaje\\r\",\n      \"99 = Posición inicial del jugador\\r\",\n      \"------------------------------------------------------------\\r\",\n      \"Canales\\r\",\n      \"------------------------------------------------------------\\r\",\n      \"Algunos objetos (palancas, botones, puertas, pinchos, láseres, etc.)\\r\",\n      \"pueden pertenecer a un canal.\\r\",\n      \"El canal se codifica agregando un dígito al final del ID.\\r\",\n      \"Ejemplos:\\r\",\n      \"301 -> Pinchos del canal 1\\r\",\n      \"304 -> Pinchos del canal 4\\r\",\n      \"81 -> Botón del canal 1\\r\",\n      \"85 -> Botón del canal 5\\r\",\n      \"521 -> Puerta vertical del canal 1\\r\",\n      \"525 -> Puerta vertical del canal 5\\r\",\n      \"Cuando la fábrica recibe un ID que no existe exactamente, intenta\\r\",\n      \"interpretarlo de la siguiente forma:\\r\",\n      \"objeto = id / 10\\r\",\n      \"canal  = id % 10\\r\",\n      \"Si existe un constructor para \\\"objeto\\\", crea la instancia utilizando el\\r\",\n      \"canal obtenido.\\r\",\n      \"De esta forma no es necesario registrar un constructor para cada posible\\r\",\n      \"canal, sino solamente para el tipo base del objeto.\\r\"\n    ]\n  ]\n}","stack":"Error: {\n  \"errors\": [\n    null,\n    [\n      \"/*\\r\",\n      \"Este archivo define los identificadores (IDs) utilizados por los niveles y\\r\",\n      \"cómo la fábrica convierte cada ID en un objeto del juego.\\r\",\n      \"Cada celda del nivel contiene un número entero.\\r\",\n      \"Los IDs simples representan directamente un tipo de objeto:\\r\",\n      \"Objetos\\r\",\n      \"0   = Celda vacía\\r\",\n      \"1   = Colisión\\r\",\n      \"2   = Moneda\\r\",\n      \"20  = Baldosa\\r\",\n      \"30  = Pinchos\\r\",\n      \"31  = Pinchos cerrados\\r\",\n      \"4   = Palanca\\r\",\n      \"6   = Caja\\r\",\n      \"7   = Portal\\r\",\n      \"8   = Botón\\r\",\n      \"51  = Puerta horizontal\\r\",\n      \"52  = Puerta vertical\\r\",\n      \"53  = Puerta horizontal abierta\\r\",\n      \"54  = Puerta vertical abierta\\r\",\n      \"800 = Láser hacia arriba\\r\",\n      \"810 = Láser hacia abajo\\r\",\n      \"820 = Láser hacia la derecha\\r\",\n      \"830 = Láser hacia la izquierda\\r\",\n      \"101 = Salida hacia la izquierda\\r\",\n      \"102 = Salida hacia la derecha\\r\",\n      \"Enemigos\\r\",\n      \"90 = Sapo\\r\",\n      \"91 = Murciélago\\r\",\n      \"92 = Gato\\r\",\n      \"Personaje\\r\",\n      \"99 = Posición inicial del jugador\\r\",\n      \"------------------------------------------------------------\\r\",\n      \"Canales\\r\",\n      \"------------------------------------------------------------\\r\",\n      \"Algunos objetos (palancas, botones, puertas, pinchos, láseres, etc.)\\r\",\n      \"pueden pertenecer a un canal.\\r\",\n      \"El canal se codifica agregando un dígito al final del ID.\\r\",\n      \"Ejemplos:\\r\",\n      \"301 -> Pinchos del canal 1\\r\",\n      \"304 -> Pinchos del canal 4\\r\",\n      \"81 -> Botón del canal 1\\r\",\n      \"85 -> Botón del canal 5\\r\",\n      \"521 -> Puerta vertical del canal 1\\r\",\n      \"525 -> Puerta vertical del canal 5\\r\",\n      \"Cuando la fábrica recibe un ID que no existe exactamente, intenta\\r\",\n      \"interpretarlo de la siguiente forma:\\r\",\n      \"objeto = id / 10\\r\",\n      \"canal  = id % 10\\r\",\n      \"Si existe un constructor para \\\"objeto\\\", crea la instancia utilizando el\\r\",\n      \"canal obtenido.\\r\",\n      \"De esta forma no es necesario registrar un constructor para cada posible\\r\",\n      \"canal, sino solamente para el tipo base del objeto.\\r\"\n    ]\n  ]\n}\n    at lS (c:\\Users\\Usuario\\.vscode\\extensions\\uqbar.wollok-lsp-ide-0.5.4\\out\\server\\src\\server.js:64:34609)\n    at Q1 (c:\\Users\\Usuario\\.vscode\\extensions\\uqbar.wollok-lsp-ide-0.5.4\\out\\server\\src\\server.js:64:34682)\n    at c:\\Users\\Usuario\\.vscode\\extensions\\uqbar.wollok-lsp-ide-0.5.4\\out\\server\\src\\server.js:64:37949\n    at o.y1 (c:\\Users\\Usuario\\.vscode\\extensions\\uqbar.wollok-lsp-ide-0.5.4\\out\\server\\src\\server.js:57:59114)\n    at c:\\Users\\Usuario\\.vscode\\extensions\\uqbar.wollok-lsp-ide-0.5.4\\out\\server\\src\\server.js:64:37918\n    at c:\\Users\\Usuario\\.vscode\\extensions\\uqbar.wollok-lsp-ide-0.5.4\\out\\server\\src\\server.js:57:57154\n    at Cfn (c:\\Users\\Usuario\\.vscode\\extensions\\uqbar.wollok-lsp-ide-0.5.4\\out\\server\\src\\server.js:68:11324)\n    at c:\\Users\\Usuario\\.vscode\\extensions\\uqbar.wollok-lsp-ide-0.5.4\\out\\server\\src\\server.js:68:3629\n    at Array.map (<anonymous>)\n    at c:\\Users\\Usuario\\.vscode\\extensions\\uqbar.wollok-lsp-ide-0.5.4\\out\\server\\src\\server.js:68:4693","timestamp":"2026-07-11T04:29:46.152Z"}
{"errors":{"errors":[null,["/*\r","Este archivo define los identificadores (IDs) utilizados por los niveles y\r","cómo la fábrica convierte cada ID en un objeto del juego.\r","Cada celda del nivel contiene un número entero.\r","Los IDs simples representan directamente un tipo de objeto:\r","Objetos\r","0   = Celda vacía\r","1   = Colisión\r","2   = Moneda\r","20  = Baldosa\r","30  = Pinchos\r","31  = Pinchos cerrados\r","4   = Palanca\r","6   = Caja\r","7   = Portal\r","8   = Botón\r","51  = Puerta horizontal\r","52  = Puerta vertical\r","53  = Puerta horizontal abierta\r","54  = Puerta vertical abierta\r","800 = Láser hacia arriba\r","810 = Láser hacia abajo\r","820 = Láser hacia la derecha\r","830 = Láser hacia la izquierda\r","101 = Salida hacia la izquierda\r","102 = Salida hacia la derecha\r","Enemigos\r","90 = Sapo\r","91 = Murciélago\r","92 = Gato\r","Personaje\r","99 = Posición inicial del jugador\r","------------------------------------------------------------\r","Canales\r","------------------------------------------------------------\r","Algunos objetos (palancas, botones, puertas, pinchos, láseres, etc.)\r","pueden pertenecer a un canal.\r","El canal se codifica agregando un dígito al final del ID.\r","Ejemplos:\r","301 -> Pinchos del canal 1\r","304 -> Pinchos del canal 4\r","81 -> Botón del canal 1\r","85 -> Botón del canal 5\r","521 -> Puerta vertical del canal 1\r","525 -> Puerta vertical del canal 5\r","Cuando la fábrica recibe un ID que no existe exactamente, intenta\r","interpretarlo de la siguiente forma:\r","objeto = id / 10\r","canal  = id % 10\r","Si existe un constructor para \"objeto\", crea la instancia utilizando el\r","canal obtenido.\r","De esta forma no es necesario registrar un constructor para cada posible\r","canal, sino solamente para el tipo base del objeto.\r"]]},"level":"error","message":"✘ Failed to get type description: Error: {\n  \"errors\": [\n    null,\n    [\n      \"/*\\r\",\n      \"Este archivo define los identificadores (IDs) utilizados por los niveles y\\r\",\n      \"cómo la fábrica convierte cada ID en un objeto del juego.\\r\",\n      \"Cada celda del nivel contiene un número entero.\\r\",\n      \"Los IDs simples representan directamente un tipo de objeto:\\r\",\n      \"Objetos\\r\",\n      \"0   = Celda vacía\\r\",\n      \"1   = Colisión\\r\",\n      \"2   = Moneda\\r\",\n      \"20  = Baldosa\\r\",\n      \"30  = Pinchos\\r\",\n      \"31  = Pinchos cerrados\\r\",\n      \"4   = Palanca\\r\",\n      \"6   = Caja\\r\",\n      \"7   = Portal\\r\",\n      \"8   = Botón\\r\",\n      \"51  = Puerta horizontal\\r\",\n      \"52  = Puerta vertical\\r\",\n      \"53  = Puerta horizontal abierta\\r\",\n      \"54  = Puerta vertical abierta\\r\",\n      \"800 = Láser hacia arriba\\r\",\n      \"810 = Láser hacia abajo\\r\",\n      \"820 = Láser hacia la derecha\\r\",\n      \"830 = Láser hacia la izquierda\\r\",\n      \"101 = Salida hacia la izquierda\\r\",\n      \"102 = Salida hacia la derecha\\r\",\n      \"Enemigos\\r\",\n      \"90 = Sapo\\r\",\n      \"91 = Murciélago\\r\",\n      \"92 = Gato\\r\",\n      \"Personaje\\r\",\n      \"99 = Posición inicial del jugador\\r\",\n      \"------------------------------------------------------------\\r\",\n      \"Canales\\r\",\n      \"------------------------------------------------------------\\r\",\n      \"Algunos objetos (palancas, botones, puertas, pinchos, láseres, etc.)\\r\",\n      \"pueden pertenecer a un canal.\\r\",\n      \"El canal se codifica agregando un dígito al final del ID.\\r\",\n      \"Ejemplos:\\r\",\n      \"301 -> Pinchos del canal 1\\r\",\n      \"304 -> Pinchos del canal 4\\r\",\n      \"81 -> Botón del canal 1\\r\",\n      \"85 -> Botón del canal 5\\r\",\n      \"521 -> Puerta vertical del canal 1\\r\",\n      \"525 -> Puerta vertical del canal 5\\r\",\n      \"Cuando la fábrica recibe un ID que no existe exactamente, intenta\\r\",\n      \"interpretarlo de la siguiente forma:\\r\",\n      \"objeto = id / 10\\r\",\n      \"canal  = id % 10\\r\",\n      \"Si existe un constructor para \\\"objeto\\\", crea la instancia utilizando el\\r\",\n      \"canal obtenido.\\r\",\n      \"De esta forma no es necesario registrar un constructor para cada posible\\r\",\n      \"canal, sino solamente para el tipo base del objeto.\\r\"\n    ]\n  ]\n} {\n  \"errors\": [\n    null,\n    [\n      \"/*\\r\",\n      \"Este archivo define los identificadores (IDs) utilizados por los niveles y\\r\",\n      \"cómo la fábrica convierte cada ID en un objeto del juego.\\r\",\n      \"Cada celda del nivel contiene un número entero.\\r\",\n      \"Los IDs simples representan directamente un tipo de objeto:\\r\",\n      \"Objetos\\r\",\n      \"0   = Celda vacía\\r\",\n      \"1   = Colisión\\r\",\n      \"2   = Moneda\\r\",\n      \"20  = Baldosa\\r\",\n      \"30  = Pinchos\\r\",\n      \"31  = Pinchos cerrados\\r\",\n      \"4   = Palanca\\r\",\n      \"6   = Caja\\r\",\n      \"7   = Portal\\r\",\n      \"8   = Botón\\r\",\n      \"51  = Puerta horizontal\\r\",\n      \"52  = Puerta vertical\\r\",\n      \"53  = Puerta horizontal abierta\\r\",\n      \"54  = Puerta vertical abierta\\r\",\n      \"800 = Láser hacia arriba\\r\",\n      \"810 = Láser hacia abajo\\r\",\n      \"820 = Láser hacia la derecha\\r\",\n      \"830 = Láser hacia la izquierda\\r\",\n      \"101 = Salida hacia la izquierda\\r\",\n      \"102 = Salida hacia la derecha\\r\",\n      \"Enemigos\\r\",\n      \"90 = Sapo\\r\",\n      \"91 = Murciélago\\r\",\n      \"92 = Gato\\r\",\n      \"Personaje\\r\",\n      \"99 = Posición inicial del jugador\\r\",\n      \"------------------------------------------------------------\\r\",\n      \"Canales\\r\",\n      \"------------------------------------------------------------\\r\",\n      \"Algunos objetos (palancas, botones, puertas, pinchos, láseres, etc.)\\r\",\n      \"pueden pertenecer a un canal.\\r\",\n      \"El canal se codifica agregando un dígito al final del ID.\\r\",\n      \"Ejemplos:\\r\",\n      \"301 -> Pinchos del canal 1\\r\",\n      \"304 -> Pinchos del canal 4\\r\",\n      \"81 -> Botón del canal 1\\r\",\n      \"85 -> Botón del canal 5\\r\",\n      \"521 -> Puerta vertical del canal 1\\r\",\n      \"525 -> Puerta vertical del canal 5\\r\",\n      \"Cuando la fábrica recibe un ID que no existe exactamente, intenta\\r\",\n      \"interpretarlo de la siguiente forma:\\r\",\n      \"objeto = id / 10\\r\",\n      \"canal  = id % 10\\r\",\n      \"Si existe un constructor para \\\"objeto\\\", crea la instancia utilizando el\\r\",\n      \"canal obtenido.\\r\",\n      \"De esta forma no es necesario registrar un constructor para cada posible\\r\",\n      \"canal, sino solamente para el tipo base del objeto.\\r\"\n    ]\n  ]\n}","stack":"Error: {\n  \"errors\": [\n    null,\n    [\n      \"/*\\r\",\n      \"Este archivo define los identificadores (IDs) utilizados por los niveles y\\r\",\n      \"cómo la fábrica convierte cada ID en un objeto del juego.\\r\",\n      \"Cada celda del nivel contiene un número entero.\\r\",\n      \"Los IDs simples representan directamente un tipo de objeto:\\r\",\n      \"Objetos\\r\",\n      \"0   = Celda vacía\\r\",\n      \"1   = Colisión\\r\",\n      \"2   = Moneda\\r\",\n      \"20  = Baldosa\\r\",\n      \"30  = Pinchos\\r\",\n      \"31  = Pinchos cerrados\\r\",\n      \"4   = Palanca\\r\",\n      \"6   = Caja\\r\",\n      \"7   = Portal\\r\",\n      \"8   = Botón\\r\",\n      \"51  = Puerta horizontal\\r\",\n      \"52  = Puerta vertical\\r\",\n      \"53  = Puerta horizontal abierta\\r\",\n      \"54  = Puerta vertical abierta\\r\",\n      \"800 = Láser hacia arriba\\r\",\n      \"810 = Láser hacia abajo\\r\",\n      \"820 = Láser hacia la derecha\\r\",\n      \"830 = Láser hacia la izquierda\\r\",\n      \"101 = Salida hacia la izquierda\\r\",\n      \"102 = Salida hacia la derecha\\r\",\n      \"Enemigos\\r\",\n      \"90 = Sapo\\r\",\n      \"91 = Murciélago\\r\",\n      \"92 = Gato\\r\",\n      \"Personaje\\r\",\n      \"99 = Posición inicial del jugador\\r\",\n      \"------------------------------------------------------------\\r\",\n      \"Canales\\r\",\n      \"------------------------------------------------------------\\r\",\n      \"Algunos objetos (palancas, botones, puertas, pinchos, láseres, etc.)\\r\",\n      \"pueden pertenecer a un canal.\\r\",\n      \"El canal se codifica agregando un dígito al final del ID.\\r\",\n      \"Ejemplos:\\r\",\n      \"301 -> Pinchos del canal 1\\r\",\n      \"304 -> Pinchos del canal 4\\r\",\n      \"81 -> Botón del canal 1\\r\",\n      \"85 -> Botón del canal 5\\r\",\n      \"521 -> Puerta vertical del canal 1\\r\",\n      \"525 -> Puerta vertical del canal 5\\r\",\n      \"Cuando la fábrica recibe un ID que no existe exactamente, intenta\\r\",\n      \"interpretarlo de la siguiente forma:\\r\",\n      \"objeto = id / 10\\r\",\n      \"canal  = id % 10\\r\",\n      \"Si existe un constructor para \\\"objeto\\\", crea la instancia utilizando el\\r\",\n      \"canal obtenido.\\r\",\n      \"De esta forma no es necesario registrar un constructor para cada posible\\r\",\n      \"canal, sino solamente para el tipo base del objeto.\\r\"\n    ]\n  ]\n}\n    at lS (c:\\Users\\Usuario\\.vscode\\extensions\\uqbar.wollok-lsp-ide-0.5.4\\out\\server\\src\\server.js:64:34609)\n    at Q1 (c:\\Users\\Usuario\\.vscode\\extensions\\uqbar.wollok-lsp-ide-0.5.4\\out\\server\\src\\server.js:64:34682)\n    at c:\\Users\\Usuario\\.vscode\\extensions\\uqbar.wollok-lsp-ide-0.5.4\\out\\server\\src\\server.js:64:37949\n    at o.y1 (c:\\Users\\Usuario\\.vscode\\extensions\\uqbar.wollok-lsp-ide-0.5.4\\out\\server\\src\\server.js:57:59114)\n    at c:\\Users\\Usuario\\.vscode\\extensions\\uqbar.wollok-lsp-ide-0.5.4\\out\\server\\src\\server.js:64:37918\n    at c:\\Users\\Usuario\\.vscode\\extensions\\uqbar.wollok-lsp-ide-0.5.4\\out\\server\\src\\server.js:57:57154\n    at Cfn (c:\\Users\\Usuario\\.vscode\\extensions\\uqbar.wollok-lsp-ide-0.5.4\\out\\server\\src\\server.js:68:11324)\n    at c:\\Users\\Usuario\\.vscode\\extensions\\uqbar.wollok-lsp-ide-0.5.4\\out\\server\\src\\server.js:68:3629\n    at Array.map (<anonymous>)\n    at c:\\Users\\Usuario\\.vscode\\extensions\\uqbar.wollok-lsp-ide-0.5.4\\out\\server\\src\\server.js:68:4693","timestamp":"2026-07-11T04:30:14.660Z"}
{"errors":{"errors":[null,["/*\r","Este archivo define los identificadores (IDs) utilizados por los niveles y\r","cómo la fábrica convierte cada ID en un objeto del juego.\r","Cada celda del nivel contiene un número entero.\r","Los IDs simples representan directamente un tipo de objeto:\r","Objetos\r","0   = Celda vacía\r","1   = Colisión\r","2   = Moneda\r","20  = Baldosa\r","30  = Pinchos\r","31  = Pinchos cerrados\r","4   = Palanca\r","6   = Caja\r","7   = Portal\r","8   = Botón\r","51  = Puerta horizontal\r","52  = Puerta vertical\r","53  = Puerta horizontal abierta\r","54  = Puerta vertical abierta\r","800 = Láser hacia arriba\r","810 = Láser hacia abajo\r","820 = Láser hacia la derecha\r","830 = Láser hacia la izquierda\r","101 = Salida hacia la izquierda\r","102 = Salida hacia la derecha\r","Enemigos\r","90 = Sapo\r","91 = Murciélago\r","92 = Gato\r","Personaje\r","99 = Posición inicial del jugador\r","------------------------------------------------------------\r","Canales\r","------------------------------------------------------------\r","Algunos objetos (palancas, botones, puertas, pinchos, láseres, etc.)\r","pueden pertenecer a un canal.\r","El canal se codifica agregando un dígito al final del ID.\r","Ejemplos:\r","301 -> Pinchos del canal 1\r","304 -> Pinchos del canal 4\r","81 -> Botón del canal 1\r","85 -> Botón del canal 5\r","521 -> Puerta vertical del canal 1\r","525 -> Puerta vertical del canal 5\r","Cuando la fábrica recibe un ID que no existe exactamente, intenta\r","interpretarlo de la siguiente forma:\r","objeto = id / 10\r","canal  = id % 10\r","Si existe un constructor para \"objeto\", crea la instancia utilizando el\r","canal obtenido.\r","De esta forma no es necesario registrar un constructor para cada posible\r","canal, sino solamente para el tipo base del objeto.\r"]]},"level":"error","message":"✘ Failed to get type description: Error: {\n  \"errors\": [\n    null,\n    [\n      \"/*\\r\",\n      \"Este archivo define los identificadores (IDs) utilizados por los niveles y\\r\",\n      \"cómo la fábrica convierte cada ID en un objeto del juego.\\r\",\n      \"Cada celda del nivel contiene un número entero.\\r\",\n      \"Los IDs simples representan directamente un tipo de objeto:\\r\",\n      \"Objetos\\r\",\n      \"0   = Celda vacía\\r\",\n      \"1   = Colisión\\r\",\n      \"2   = Moneda\\r\",\n      \"20  = Baldosa\\r\",\n      \"30  = Pinchos\\r\",\n      \"31  = Pinchos cerrados\\r\",\n      \"4   = Palanca\\r\",\n      \"6   = Caja\\r\",\n      \"7   = Portal\\r\",\n      \"8   = Botón\\r\",\n      \"51  = Puerta horizontal\\r\",\n      \"52  = Puerta vertical\\r\",\n      \"53  = Puerta horizontal abierta\\r\",\n      \"54  = Puerta vertical abierta\\r\",\n      \"800 = Láser hacia arriba\\r\",\n      \"810 = Láser hacia abajo\\r\",\n      \"820 = Láser hacia la derecha\\r\",\n      \"830 = Láser hacia la izquierda\\r\",\n      \"101 = Salida hacia la izquierda\\r\",\n      \"102 = Salida hacia la derecha\\r\",\n      \"Enemigos\\r\",\n      \"90 = Sapo\\r\",\n      \"91 = Murciélago\\r\",\n      \"92 = Gato\\r\",\n      \"Personaje\\r\",\n      \"99 = Posición inicial del jugador\\r\",\n      \"------------------------------------------------------------\\r\",\n      \"Canales\\r\",\n      \"------------------------------------------------------------\\r\",\n      \"Algunos objetos (palancas, botones, puertas, pinchos, láseres, etc.)\\r\",\n      \"pueden pertenecer a un canal.\\r\",\n      \"El canal se codifica agregando un dígito al final del ID.\\r\",\n      \"Ejemplos:\\r\",\n      \"301 -> Pinchos del canal 1\\r\",\n      \"304 -> Pinchos del canal 4\\r\",\n      \"81 -> Botón del canal 1\\r\",\n      \"85 -> Botón del canal 5\\r\",\n      \"521 -> Puerta vertical del canal 1\\r\",\n      \"525 -> Puerta vertical del canal 5\\r\",\n      \"Cuando la fábrica recibe un ID que no existe exactamente, intenta\\r\",\n      \"interpretarlo de la siguiente forma:\\r\",\n      \"objeto = id / 10\\r\",\n      \"canal  = id % 10\\r\",\n      \"Si existe un constructor para \\\"objeto\\\", crea la instancia utilizando el\\r\",\n      \"canal obtenido.\\r\",\n      \"De esta forma no es necesario registrar un constructor para cada posible\\r\",\n      \"canal, sino solamente para el tipo base del objeto.\\r\"\n    ]\n  ]\n} {\n  \"errors\": [\n    null,\n    [\n      \"/*\\r\",\n      \"Este archivo define los identificadores (IDs) utilizados por los niveles y\\r\",\n      \"cómo la fábrica convierte cada ID en un objeto del juego.\\r\",\n      \"Cada celda del nivel contiene un número entero.\\r\",\n      \"Los IDs simples representan directamente un tipo de objeto:\\r\",\n      \"Objetos\\r\",\n      \"0   = Celda vacía\\r\",\n      \"1   = Colisión\\r\",\n      \"2   = Moneda\\r\",\n      \"20  = Baldosa\\r\",\n      \"30  = Pinchos\\r\",\n      \"31  = Pinchos cerrados\\r\",\n      \"4   = Palanca\\r\",\n      \"6   = Caja\\r\",\n      \"7   = Portal\\r\",\n      \"8   = Botón\\r\",\n      \"51  = Puerta horizontal\\r\",\n      \"52  = Puerta vertical\\r\",\n      \"53  = Puerta horizontal abierta\\r\",\n      \"54  = Puerta vertical abierta\\r\",\n      \"800 = Láser hacia arriba\\r\",\n      \"810 = Láser hacia abajo\\r\",\n      \"820 = Láser hacia la derecha\\r\",\n      \"830 = Láser hacia la izquierda\\r\",\n      \"101 = Salida hacia la izquierda\\r\",\n      \"102 = Salida hacia la derecha\\r\",\n      \"Enemigos\\r\",\n      \"90 = Sapo\\r\",\n      \"91 = Murciélago\\r\",\n      \"92 = Gato\\r\",\n      \"Personaje\\r\",\n      \"99 = Posición inicial del jugador\\r\",\n      \"------------------------------------------------------------\\r\",\n      \"Canales\\r\",\n      \"------------------------------------------------------------\\r\",\n      \"Algunos objetos (palancas, botones, puertas, pinchos, láseres, etc.)\\r\",\n      \"pueden pertenecer a un canal.\\r\",\n      \"El canal se codifica agregando un dígito al final del ID.\\r\",\n      \"Ejemplos:\\r\",\n      \"301 -> Pinchos del canal 1\\r\",\n      \"304 -> Pinchos del canal 4\\r\",\n      \"81 -> Botón del canal 1\\r\",\n      \"85 -> Botón del canal 5\\r\",\n      \"521 -> Puerta vertical del canal 1\\r\",\n      \"525 -> Puerta vertical del canal 5\\r\",\n      \"Cuando la fábrica recibe un ID que no existe exactamente, intenta\\r\",\n      \"interpretarlo de la siguiente forma:\\r\",\n      \"objeto = id / 10\\r\",\n      \"canal  = id % 10\\r\",\n      \"Si existe un constructor para \\\"objeto\\\", crea la instancia utilizando el\\r\",\n      \"canal obtenido.\\r\",\n      \"De esta forma no es necesario registrar un constructor para cada posible\\r\",\n      \"canal, sino solamente para el tipo base del objeto.\\r\"\n    ]\n  ]\n}","stack":"Error: {\n  \"errors\": [\n    null,\n    [\n      \"/*\\r\",\n      \"Este archivo define los identificadores (IDs) utilizados por los niveles y\\r\",\n      \"cómo la fábrica convierte cada ID en un objeto del juego.\\r\",\n      \"Cada celda del nivel contiene un número entero.\\r\",\n      \"Los IDs simples representan directamente un tipo de objeto:\\r\",\n      \"Objetos\\r\",\n      \"0   = Celda vacía\\r\",\n      \"1   = Colisión\\r\",\n      \"2   = Moneda\\r\",\n      \"20  = Baldosa\\r\",\n      \"30  = Pinchos\\r\",\n      \"31  = Pinchos cerrados\\r\",\n      \"4   = Palanca\\r\",\n      \"6   = Caja\\r\",\n      \"7   = Portal\\r\",\n      \"8   = Botón\\r\",\n      \"51  = Puerta horizontal\\r\",\n      \"52  = Puerta vertical\\r\",\n      \"53  = Puerta horizontal abierta\\r\",\n      \"54  = Puerta vertical abierta\\r\",\n      \"800 = Láser hacia arriba\\r\",\n      \"810 = Láser hacia abajo\\r\",\n      \"820 = Láser hacia la derecha\\r\",\n      \"830 = Láser hacia la izquierda\\r\",\n      \"101 = Salida hacia la izquierda\\r\",\n      \"102 = Salida hacia la derecha\\r\",\n      \"Enemigos\\r\",\n      \"90 = Sapo\\r\",\n      \"91 = Murciélago\\r\",\n      \"92 = Gato\\r\",\n      \"Personaje\\r\",\n      \"99 = Posición inicial del jugador\\r\",\n      \"------------------------------------------------------------\\r\",\n      \"Canales\\r\",\n      \"------------------------------------------------------------\\r\",\n      \"Algunos objetos (palancas, botones, puertas, pinchos, láseres, etc.)\\r\",\n      \"pueden pertenecer a un canal.\\r\",\n      \"El canal se codifica agregando un dígito al final del ID.\\r\",\n      \"Ejemplos:\\r\",\n      \"301 -> Pinchos del canal 1\\r\",\n      \"304 -> Pinchos del canal 4\\r\",\n      \"81 -> Botón del canal 1\\r\",\n      \"85 -> Botón del canal 5\\r\",\n      \"521 -> Puerta vertical del canal 1\\r\",\n      \"525 -> Puerta vertical del canal 5\\r\",\n      \"Cuando la fábrica recibe un ID que no existe exactamente, intenta\\r\",\n      \"interpretarlo de la siguiente forma:\\r\",\n      \"objeto = id / 10\\r\",\n      \"canal  = id % 10\\r\",\n      \"Si existe un constructor para \\\"objeto\\\", crea la instancia utilizando el\\r\",\n      \"canal obtenido.\\r\",\n      \"De esta forma no es necesario registrar un constructor para cada posible\\r\",\n      \"canal, sino solamente para el tipo base del objeto.\\r\"\n    ]\n  ]\n}\n    at lS (c:\\Users\\Usuario\\.vscode\\extensions\\uqbar.wollok-lsp-ide-0.5.4\\out\\server\\src\\server.js:64:34609)\n    at Q1 (c:\\Users\\Usuario\\.vscode\\extensions\\uqbar.wollok-lsp-ide-0.5.4\\out\\server\\src\\server.js:64:34682)\n    at c:\\Users\\Usuario\\.vscode\\extensions\\uqbar.wollok-lsp-ide-0.5.4\\out\\server\\src\\server.js:64:37949\n    at o.y1 (c:\\Users\\Usuario\\.vscode\\extensions\\uqbar.wollok-lsp-ide-0.5.4\\out\\server\\src\\server.js:57:59114)\n    at c:\\Users\\Usuario\\.vscode\\extensions\\uqbar.wollok-lsp-ide-0.5.4\\out\\server\\src\\server.js:64:37918\n    at c:\\Users\\Usuario\\.vscode\\extensions\\uqbar.wollok-lsp-ide-0.5.4\\out\\server\\src\\server.js:57:57154\n    at Cfn (c:\\Users\\Usuario\\.vscode\\extensions\\uqbar.wollok-lsp-ide-0.5.4\\out\\server\\src\\server.js:68:11324)\n    at c:\\Users\\Usuario\\.vscode\\extensions\\uqbar.wollok-lsp-ide-0.5.4\\out\\server\\src\\server.js:68:3629\n    at Array.map (<anonymous>)\n    at c:\\Users\\Usuario\\.vscode\\extensions\\uqbar.wollok-lsp-ide-0.5.4\\out\\server\\src\\server.js:68:4693","timestamp":"2026-07-11T04:30:15.086Z"}
{"errors":{"errors":[null,["/*\r","Este archivo define los identificadores (IDs) utilizados por los niveles y\r","cómo la fábrica convierte cada ID en un objeto del juego.\r","Cada celda del nivel contiene un número entero.\r","Los IDs simples representan directamente un tipo de objeto:\r","Objetos\r","0   = Celda vacía\r","1   = Colisión\r","2   = Moneda\r","20  = Baldosa\r","30  = Pinchos\r","31  = Pinchos cerrados\r","4   = Palanca\r","6   = Caja\r","7   = Portal\r","8   = Botón\r","51  = Puerta horizontal\r","52  = Puerta vertical\r","53  = Puerta horizontal abierta\r","54  = Puerta vertical abierta\r","800 = Láser hacia arriba\r","810 = Láser hacia abajo\r","820 = Láser hacia la derecha\r","830 = Láser hacia la izquierda\r","101 = Salida hacia la izquierda\r","102 = Salida hacia la derecha\r","Enemigos\r","90 = Sapo\r","91 = Murciélago\r","92 = Gato\r","Personaje\r","99 = Posición inicial del jugador\r","------------------------------------------------------------\r","Canales\r","------------------------------------------------------------\r","Algunos objetos (palancas, botones, puertas, pinchos, láseres, etc.)\r","pueden pertenecer a un canal.\r","El canal se codifica agregando un dígito al final del ID.\r","Ejemplos:\r","301 -> Pinchos del canal 1\r","304 -> Pinchos del canal 4\r","81 -> Botón del canal 1\r","85 -> Botón del canal 5\r","521 -> Puerta vertical del canal 1\r","525 -> Puerta vertical del canal 5\r","Cuando la fábrica recibe un ID que no existe exactamente, intenta\r","interpretarlo de la siguiente forma:\r","objeto = id / 10\r","canal  = id % 10\r","Si existe un constructor para \"objeto\", crea la instancia utilizando el\r","canal obtenido.\r","De esta forma no es necesario registrar un constructor para cada posible\r","canal, sino solamente para el tipo base del objeto.\r"]]},"level":"error","message":"✘ Failed to get type description: Error: {\n  \"errors\": [\n    null,\n    [\n      \"/*\\r\",\n      \"Este archivo define los identificadores (IDs) utilizados por los niveles y\\r\",\n      \"cómo la fábrica convierte cada ID en un objeto del juego.\\r\",\n      \"Cada celda del nivel contiene un número entero.\\r\",\n      \"Los IDs simples representan directamente un tipo de objeto:\\r\",\n      \"Objetos\\r\",\n      \"0   = Celda vacía\\r\",\n      \"1   = Colisión\\r\",\n      \"2   = Moneda\\r\",\n      \"20  = Baldosa\\r\",\n      \"30  = Pinchos\\r\",\n      \"31  = Pinchos cerrados\\r\",\n      \"4   = Palanca\\r\",\n      \"6   = Caja\\r\",\n      \"7   = Portal\\r\",\n      \"8   = Botón\\r\",\n      \"51  = Puerta horizontal\\r\",\n      \"52  = Puerta vertical\\r\",\n      \"53  = Puerta horizontal abierta\\r\",\n      \"54  = Puerta vertical abierta\\r\",\n      \"800 = Láser hacia arriba\\r\",\n      \"810 = Láser hacia abajo\\r\",\n      \"820 = Láser hacia la derecha\\r\",\n      \"830 = Láser hacia la izquierda\\r\",\n      \"101 = Salida hacia la izquierda\\r\",\n      \"102 = Salida hacia la derecha\\r\",\n      \"Enemigos\\r\",\n      \"90 = Sapo\\r\",\n      \"91 = Murciélago\\r\",\n      \"92 = Gato\\r\",\n      \"Personaje\\r\",\n      \"99 = Posición inicial del jugador\\r\",\n      \"------------------------------------------------------------\\r\",\n      \"Canales\\r\",\n      \"------------------------------------------------------------\\r\",\n      \"Algunos objetos (palancas, botones, puertas, pinchos, láseres, etc.)\\r\",\n      \"pueden pertenecer a un canal.\\r\",\n      \"El canal se codifica agregando un dígito al final del ID.\\r\",\n      \"Ejemplos:\\r\",\n      \"301 -> Pinchos del canal 1\\r\",\n      \"304 -> Pinchos del canal 4\\r\",\n      \"81 -> Botón del canal 1\\r\",\n      \"85 -> Botón del canal 5\\r\",\n      \"521 -> Puerta vertical del canal 1\\r\",\n      \"525 -> Puerta vertical del canal 5\\r\",\n      \"Cuando la fábrica recibe un ID que no existe exactamente, intenta\\r\",\n      \"interpretarlo de la siguiente forma:\\r\",\n      \"objeto = id / 10\\r\",\n      \"canal  = id % 10\\r\",\n      \"Si existe un constructor para \\\"objeto\\\", crea la instancia utilizando el\\r\",\n      \"canal obtenido.\\r\",\n      \"De esta forma no es necesario registrar un constructor para cada posible\\r\",\n      \"canal, sino solamente para el tipo base del objeto.\\r\"\n    ]\n  ]\n} {\n  \"errors\": [\n    null,\n    [\n      \"/*\\r\",\n      \"Este archivo define los identificadores (IDs) utilizados por los niveles y\\r\",\n      \"cómo la fábrica convierte cada ID en un objeto del juego.\\r\",\n      \"Cada celda del nivel contiene un número entero.\\r\",\n      \"Los IDs simples representan directamente un tipo de objeto:\\r\",\n      \"Objetos\\r\",\n      \"0   = Celda vacía\\r\",\n      \"1   = Colisión\\r\",\n      \"2   = Moneda\\r\",\n      \"20  = Baldosa\\r\",\n      \"30  = Pinchos\\r\",\n      \"31  = Pinchos cerrados\\r\",\n      \"4   = Palanca\\r\",\n      \"6   = Caja\\r\",\n      \"7   = Portal\\r\",\n      \"8   = Botón\\r\",\n      \"51  = Puerta horizontal\\r\",\n      \"52  = Puerta vertical\\r\",\n      \"53  = Puerta horizontal abierta\\r\",\n      \"54  = Puerta vertical abierta\\r\",\n      \"800 = Láser hacia arriba\\r\",\n      \"810 = Láser hacia abajo\\r\",\n      \"820 = Láser hacia la derecha\\r\",\n      \"830 = Láser hacia la izquierda\\r\",\n      \"101 = Salida hacia la izquierda\\r\",\n      \"102 = Salida hacia la derecha\\r\",\n      \"Enemigos\\r\",\n      \"90 = Sapo\\r\",\n      \"91 = Murciélago\\r\",\n      \"92 = Gato\\r\",\n      \"Personaje\\r\",\n      \"99 = Posición inicial del jugador\\r\",\n      \"------------------------------------------------------------\\r\",\n      \"Canales\\r\",\n      \"------------------------------------------------------------\\r\",\n      \"Algunos objetos (palancas, botones, puertas, pinchos, láseres, etc.)\\r\",\n      \"pueden pertenecer a un canal.\\r\",\n      \"El canal se codifica agregando un dígito al final del ID.\\r\",\n      \"Ejemplos:\\r\",\n      \"301 -> Pinchos del canal 1\\r\",\n      \"304 -> Pinchos del canal 4\\r\",\n      \"81 -> Botón del canal 1\\r\",\n      \"85 -> Botón del canal 5\\r\",\n      \"521 -> Puerta vertical del canal 1\\r\",\n      \"525 -> Puerta vertical del canal 5\\r\",\n      \"Cuando la fábrica recibe un ID que no existe exactamente, intenta\\r\",\n      \"interpretarlo de la siguiente forma:\\r\",\n      \"objeto = id / 10\\r\",\n      \"canal  = id % 10\\r\",\n      \"Si existe un constructor para \\\"objeto\\\", crea la instancia utilizando el\\r\",\n      \"canal obtenido.\\r\",\n      \"De esta forma no es necesario registrar un constructor para cada posible\\r\",\n      \"canal, sino solamente para el tipo base del objeto.\\r\"\n    ]\n  ]\n}","stack":"Error: {\n  \"errors\": [\n    null,\n    [\n      \"/*\\r\",\n      \"Este archivo define los identificadores (IDs) utilizados por los niveles y\\r\",\n      \"cómo la fábrica convierte cada ID en un objeto del juego.\\r\",\n      \"Cada celda del nivel contiene un número entero.\\r\",\n      \"Los IDs simples representan directamente un tipo de objeto:\\r\",\n      \"Objetos\\r\",\n      \"0   = Celda vacía\\r\",\n      \"1   = Colisión\\r\",\n      \"2   = Moneda\\r\",\n      \"20  = Baldosa\\r\",\n      \"30  = Pinchos\\r\",\n      \"31  = Pinchos cerrados\\r\",\n      \"4   = Palanca\\r\",\n      \"6   = Caja\\r\",\n      \"7   = Portal\\r\",\n      \"8   = Botón\\r\",\n      \"51  = Puerta horizontal\\r\",\n      \"52  = Puerta vertical\\r\",\n      \"53  = Puerta horizontal abierta\\r\",\n      \"54  = Puerta vertical abierta\\r\",\n      \"800 = Láser hacia arriba\\r\",\n      \"810 = Láser hacia abajo\\r\",\n      \"820 = Láser hacia la derecha\\r\",\n      \"830 = Láser hacia la izquierda\\r\",\n      \"101 = Salida hacia la izquierda\\r\",\n      \"102 = Salida hacia la derecha\\r\",\n      \"Enemigos\\r\",\n      \"90 = Sapo\\r\",\n      \"91 = Murciélago\\r\",\n      \"92 = Gato\\r\",\n      \"Personaje\\r\",\n      \"99 = Posición inicial del jugador\\r\",\n      \"------------------------------------------------------------\\r\",\n      \"Canales\\r\",\n      \"------------------------------------------------------------\\r\",\n      \"Algunos objetos (palancas, botones, puertas, pinchos, láseres, etc.)\\r\",\n      \"pueden pertenecer a un canal.\\r\",\n      \"El canal se codifica agregando un dígito al final del ID.\\r\",\n      \"Ejemplos:\\r\",\n      \"301 -> Pinchos del canal 1\\r\",\n      \"304 -> Pinchos del canal 4\\r\",\n      \"81 -> Botón del canal 1\\r\",\n      \"85 -> Botón del canal 5\\r\",\n      \"521 -> Puerta vertical del canal 1\\r\",\n      \"525 -> Puerta vertical del canal 5\\r\",\n      \"Cuando la fábrica recibe un ID que no existe exactamente, intenta\\r\",\n      \"interpretarlo de la siguiente forma:\\r\",\n      \"objeto = id / 10\\r\",\n      \"canal  = id % 10\\r\",\n      \"Si existe un constructor para \\\"objeto\\\", crea la instancia utilizando el\\r\",\n      \"canal obtenido.\\r\",\n      \"De esta forma no es necesario registrar un constructor para cada posible\\r\",\n      \"canal, sino solamente para el tipo base del objeto.\\r\"\n    ]\n  ]\n}\n    at lS (c:\\Users\\Usuario\\.vscode\\extensions\\uqbar.wollok-lsp-ide-0.5.4\\out\\server\\src\\server.js:64:34609)\n    at Q1 (c:\\Users\\Usuario\\.vscode\\extensions\\uqbar.wollok-lsp-ide-0.5.4\\out\\server\\src\\server.js:64:34682)\n    at c:\\Users\\Usuario\\.vscode\\extensions\\uqbar.wollok-lsp-ide-0.5.4\\out\\server\\src\\server.js:64:37949\n    at o.y1 (c:\\Users\\Usuario\\.vscode\\extensions\\uqbar.wollok-lsp-ide-0.5.4\\out\\server\\src\\server.js:57:59114)\n    at c:\\Users\\Usuario\\.vscode\\extensions\\uqbar.wollok-lsp-ide-0.5.4\\out\\server\\src\\server.js:64:37918\n    at c:\\Users\\Usuario\\.vscode\\extensions\\uqbar.wollok-lsp-ide-0.5.4\\out\\server\\src\\server.js:57:57154\n    at Cfn (c:\\Users\\Usuario\\.vscode\\extensions\\uqbar.wollok-lsp-ide-0.5.4\\out\\server\\src\\server.js:68:11324)\n    at c:\\Users\\Usuario\\.vscode\\extensions\\uqbar.wollok-lsp-ide-0.5.4\\out\\server\\src\\server.js:68:3629\n    at Array.map (<anonymous>)\n    at c:\\Users\\Usuario\\.vscode\\extensions\\uqbar.wollok-lsp-ide-0.5.4\\out\\server\\src\\server.js:68:4693","timestamp":"2026-07-11T04:30:15.274Z"}
{"level":"info","message":"⌛ Building environment","timeElapsed":459,"timestamp":"2026-07-11T04:30:20.528Z"}
{"level":"info","message":"⌛ Building environment","timeElapsed":413,"timestamp":"2026-07-11T04:30:20.942Z"}
{"level":"info","message":"⌛ Validating scripts/gestionNiveles/niveles/datosNivel16.wlk","timeElapsed":619,"timestamp":"2026-07-11T04:30:21.589Z"}
{"level":"info","message":"⌛ Validating scripts/gestionNiveles/niveles/datosNivel16.wlk","timeElapsed":325,"timestamp":"2026-07-11T04:30:21.957Z"}
{"level":"info","message":"⌛ Building environment","timeElapsed":337,"timestamp":"2026-07-11T04:31:34.168Z"}
{"level":"info","message":"⌛ Validating scripts/gestionNiveles/niveles/datosNivel16.wlk","timeElapsed":302,"timestamp":"2026-07-11T04:31:34.547Z"}
{"level":"info","message":"⌛ Building environment","timeElapsed":418,"timestamp":"2026-07-11T04:31:36.151Z"}
{"level":"info","message":"⌛ Building environment","timeElapsed":477,"timestamp":"2026-07-11T04:31:36.641Z"}
{"level":"info","message":"⌛ Validating scripts/gestionNiveles/niveles/datosNivel16.wlk","timeElapsed":300,"timestamp":"2026-07-11T04:31:36.953Z"}
{"level":"info","message":"⌛ Validating scripts/gestionNiveles/niveles/datosNivel16.wlk","timeElapsed":304,"timestamp":"2026-07-11T04:31:37.259Z"}
{"level":"info","message":"⌛ Building environment","timeElapsed":409,"timestamp":"2026-07-11T04:31:37.668Z"}
{"level":"info","message":"⌛ Building environment","timeElapsed":372,"timestamp":"2026-07-11T04:31:38.042Z"}
{"level":"info","message":"⌛ Building environment","timeElapsed":280,"timestamp":"2026-07-11T04:31:38.322Z"}
{"level":"info","message":"⌛ Building environment","timeElapsed":360,"timestamp":"2026-07-11T04:31:38.684Z"}
{"level":"info","message":"⌛ Building environment","timeElapsed":360,"timestamp":"2026-07-11T04:31:39.044Z"}
{"level":"info","message":"⌛ Validating scripts/gestionNiveles/niveles/datosNivel16.wlk","timeElapsed":285,"timestamp":"2026-07-11T04:31:39.330Z"}
{"level":"info","message":"⌛ Building environment","timeElapsed":221,"timestamp":"2026-07-11T04:31:39.552Z"}
{"level":"info","message":"⌛ Building environment","timeElapsed":268,"timestamp":"2026-07-11T04:31:39.821Z"}
{"level":"info","message":"⌛ Validating scripts/gestionNiveles/niveles/datosNivel16.wlk","timeElapsed":251,"timestamp":"2026-07-11T04:31:40.087Z"}
{"level":"info","message":"⌛ Building environment","timeElapsed":234,"timestamp":"2026-07-11T04:31:40.322Z"}
{"level":"info","message":"⌛ Building environment","timeElapsed":225,"timestamp":"2026-07-11T04:31:40.562Z"}
{"level":"info","message":"⌛ Validating scripts/gestionNiveles/niveles/datosNivel16.wlk","timeElapsed":303,"timestamp":"2026-07-11T04:31:40.865Z"}
{"level":"info","message":"⌛ Validating scripts/gestionNiveles/niveles/datosNivel16.wlk","timeElapsed":285,"timestamp":"2026-07-11T04:31:41.166Z"}
{"level":"info","message":"⌛ Validating scripts/gestionNiveles/niveles/datosNivel16.wlk","timeElapsed":287,"timestamp":"2026-07-11T04:31:41.455Z"}
{"level":"info","message":"⌛ Validating scripts/gestionNiveles/niveles/datosNivel16.wlk","timeElapsed":572,"timestamp":"2026-07-11T04:31:42.028Z"}
{"level":"info","message":"⌛ Validating scripts/gestionNiveles/niveles/datosNivel16.wlk","timeElapsed":250,"timestamp":"2026-07-11T04:31:42.278Z"}
{"level":"info","message":"⌛ Validating scripts/gestionNiveles/niveles/datosNivel16.wlk","timeElapsed":259,"timestamp":"2026-07-11T04:31:42.537Z"}
{"level":"info","message":"⌛ Validating scripts/gestionNiveles/niveles/datosNivel16.wlk","timeElapsed":322,"timestamp":"2026-07-11T04:31:42.860Z"}
{"level":"info","message":"⌛ Building environment","timeElapsed":475,"timestamp":"2026-07-11T04:31:43.337Z"}
{"level":"info","message":"⌛ Building environment","timeElapsed":410,"timestamp":"2026-07-11T04:31:43.773Z"}
{"level":"info","message":"⌛ Building environment","timeElapsed":328,"timestamp":"2026-07-11T04:31:44.116Z"}
{"level":"info","message":"⌛ Building environment","timeElapsed":250,"timestamp":"2026-07-11T04:31:44.376Z"}
{"level":"info","message":"⌛ Building environment","timeElapsed":517,"timestamp":"2026-07-11T04:31:44.897Z"}
{"level":"info","message":"⌛ Validating scripts/gestionNiveles/niveles/datosNivel16.wlk","timeElapsed":609,"timestamp":"2026-07-11T04:31:45.541Z"}
{"level":"info","message":"⌛ Building environment","timeElapsed":258,"timestamp":"2026-07-11T04:31:45.800Z"}
{"level":"info","message":"⌛ Building environment","timeElapsed":257,"timestamp":"2026-07-11T04:31:46.059Z"}
{"level":"info","message":"⌛ Building environment","timeElapsed":268,"timestamp":"2026-07-11T04:31:46.328Z"}
{"level":"info","message":"⌛ Validating scripts/gestionNiveles/niveles/datosNivel16.wlk","timeElapsed":268,"timestamp":"2026-07-11T04:31:46.597Z"}
{"level":"info","message":"⌛ Validating scripts/gestionNiveles/niveles/datosNivel16.wlk","timeElapsed":268,"timestamp":"2026-07-11T04:31:46.876Z"}
{"level":"info","message":"⌛ Validating scripts/gestionNiveles/niveles/datosNivel16.wlk","timeElapsed":540,"timestamp":"2026-07-11T04:31:47.418Z"}
{"level":"info","message":"⌛ Building environment","timeElapsed":347,"timestamp":"2026-07-11T04:31:47.769Z"}
{"level":"info","message":"⌛ Validating scripts/gestionNiveles/niveles/datosNivel16.wlk","timeElapsed":268,"timestamp":"2026-07-11T04:31:48.038Z"}
{"level":"info","message":"⌛ Validating scripts/gestionNiveles/niveles/datosNivel16.wlk","timeElapsed":257,"timestamp":"2026-07-11T04:31:48.307Z"}
{"level":"info","message":"⌛ Validating scripts/gestionNiveles/niveles/datosNivel16.wlk","timeElapsed":282,"timestamp":"2026-07-11T04:31:48.590Z"}
{"level":"info","message":"⌛ Validating scripts/gestionNiveles/niveles/datosNivel16.wlk","timeElapsed":250,"timestamp":"2026-07-11T04:31:48.842Z"}
{"level":"info","message":"⌛ Validating scripts/gestionNiveles/niveles/datosNivel16.wlk","timeElapsed":239,"timestamp":"2026-07-11T04:31:49.081Z"}
{"level":"info","message":"⌛ Building environment","timeElapsed":528,"timestamp":"2026-07-11T04:32:40.029Z"}
{"level":"info","message":"⌛ Building environment","timeElapsed":334,"timestamp":"2026-07-11T04:32:40.364Z"}
{"level":"info","message":"⌛ Validating scripts/gestionNiveles/niveles/datosNivel16.wlk","timeElapsed":411,"timestamp":"2026-07-11T04:32:40.801Z"}
{"level":"info","message":"⌛ Validating scripts/gestionNiveles/niveles/datosNivel16.wlk","timeElapsed":321,"timestamp":"2026-07-11T04:32:41.124Z"}
{"level":"info","message":"⌛ Building environment","timeElapsed":732,"timestamp":"2026-07-11T04:33:00.270Z"}
{"level":"info","message":"⌛ Building environment","timeElapsed":302,"timestamp":"2026-07-11T04:33:00.574Z"}
{"level":"info","message":"⌛ Validating scripts/gestionNiveles/niveles/datosNivel16.wlk","timeElapsed":310,"timestamp":"2026-07-11T04:33:00.909Z"}
{"level":"info","message":"⌛ Validating scripts/gestionNiveles/niveles/datosNivel16.wlk","timeElapsed":351,"timestamp":"2026-07-11T04:33:01.261Z"}
{"level":"info","message":"⌛ Building environment","timeElapsed":494,"timestamp":"2026-07-11T04:33:05.831Z"}
{"level":"info","message":"⌛ Validating scripts/gestionNiveles/niveles/datosNivel16.wlk","timeElapsed":297,"timestamp":"2026-07-11T04:33:06.144Z"}
{"level":"info","message":"⌛ Building environment","timeElapsed":639,"timestamp":"2026-07-11T04:36:32.885Z"}
{"level":"info","message":"⌛ Validating scripts/gestionNiveles/niveles/datosNivel16.wlk","timeElapsed":406,"timestamp":"2026-07-11T04:36:33.399Z"}
{"level":"info","message":"⌛ Building environment","timeElapsed":717,"timestamp":"2026-07-11T04:36:34.468Z"}
{"level":"info","message":"⌛ Validating scripts/gestionNiveles/niveles/datosNivel16.wlk","timeElapsed":751,"timestamp":"2026-07-11T04:36:35.289Z"}
{"level":"info","message":"⌛ Building environment","timeElapsed":808,"timestamp":"2026-07-11T04:58:30.291Z"}
{"level":"info","message":"⌛ Validating scripts/gestionNiveles/niveles/datosNivel16.wlk","timeElapsed":649,"timestamp":"2026-07-11T04:58:31.091Z"}
{"level":"info","message":"⌛ Building environment","timeElapsed":893,"timestamp":"2026-07-11T04:59:03.129Z"}
{"level":"info","message":"⌛ Building environment","timeElapsed":717,"timestamp":"2026-07-11T04:59:03.910Z"}
{"level":"info","message":"⌛ Validating scripts/gestionNiveles/niveles/datosNivel16.wlk","timeElapsed":501,"timestamp":"2026-07-11T04:59:04.454Z"}
{"level":"info","message":"⌛ Validating scripts/gestionNiveles/niveles/datosNivel16.wlk","timeElapsed":1179,"timestamp":"2026-07-11T04:59:05.755Z"}
{"level":"info","message":"⌛ Building environment","timeElapsed":513,"timestamp":"2026-07-11T04:59:25.276Z"}
{"level":"info","message":"⌛ Validating scripts/gestionNiveles/niveles/datosNivel16.wlk","timeElapsed":455,"timestamp":"2026-07-11T04:59:25.842Z"}
{"level":"info","message":"⌛ Building environment","timeElapsed":514,"timestamp":"2026-07-11T04:59:44.100Z"}
{"level":"info","message":"⌛ Validating scripts/gestionNiveles/niveles/datosNivel16.wlk","timeElapsed":512,"timestamp":"2026-07-11T04:59:44.656Z"}
{"level":"error","message":"✘ Failed to get type description: Error: Failed to print, found malformed node Failed to print, found malformed node","node":{"id":"a75c087b-0a87-425c-9d11-f18641154e1f","members":[{"body":{"id":"422e8061-69aa-4db8-8da9-5b996c2f7dd1","metadata":[],"problems":[{"code":"malformedSentence","sourceMap":{"end":{"column":6,"line":7,"offset":94},"start":{"column":5,"line":7,"offset":93}}}],"scope":{"containerScope":{"containerScope":{"containerScope":{"containerScope":{"containerScope":{"containerScope":{"containerScope":{"contributions":{},"includedScopes":[]},"contributions":{},"includedScopes":[]},"contributions":{},"includedScopes":[]},"contributions":{},"includedScopes":[]},"contributions":{},"includedScopes":[{"contributions":{},"includedScopes":[]}]},"contributions":{},"includedScopes":[{"containerScope":{"containerScope":{"containerScope":{"containerScope":{"containerScope":{"contributions":{},"includedScopes":[]},"contributions":{},"includedScopes":[]},"contributions":{},"includedScopes":[]},"contributions":{},"includedScopes":[]},"contributions":{},"includedScopes":[{"contributions":{},"includedScopes":[]}]},"contributions":{},"includedScopes":[{"containerScope":{"containerScope":{"containerScope":{"contributions":{},"includedScopes":[]},"contributions":{},"includedScopes":[]},"contributions":{},"includedScopes":[]},"contributions":{},"includedScopes":[]}]},{"containerScope":{"containerScope":{"containerScope":{"contributions":{},"includedScopes":[]},"contributions":{},"includedScopes":[]},"contributions":{},"includedScopes":[]},"contributions":{},"includedScopes":[]}]},"contributions":{},"includedScopes":[]},"contributions":{},"includedScopes":[]},"sentences":[],"sourceMap":{"end":{"column":6,"line":7,"offset":94},"start":{"column":5,"line":7,"offset":93}}},"compiled":false,"id":"5c17ac42-33ee-42d9-8b5a-6c4d98dba8d8","isOverride":true,"metadata":[],"name":"mapaData","parameters":[],"problems":[],"scope":{"containerScope":{"containerScope":{"containerScope":{"containerScope":{"containerScope":{"containerScope":{"contributions":{},"includedScopes":[]},"contributions":{},"includedScopes":[]},"contributions":{},"includedScopes":[]},"contributions":{},"includedScopes":[]},"contributions":{},"includedScopes":[{"contributions":{},"includedScopes":[]}]},"contributions":{},"includedScopes":[{"containerScope":{"containerScope":{"containerScope":{"containerScope":{"containerScope":{"contributions":{},"includedScopes":[]},"contributions":{},"includedScopes":[]},"contributions":{},"includedScopes":[]},"contributions":{},"includedScopes":[]},"contributions":{},"includedScopes":[{"contributions":{},"includedScopes":[]}]},"contributions":{},"includedScopes":[{"containerScope":{"containerScope":{"containerScope":{"contributions":{},"includedScopes":[]},"contributions":{},"includedScopes":[]},"contributions":{},"includedScopes":[]},"contributions":{},"includedScopes":[]}]},{"containerScope":{"containerScope":{"containerScope":{"contributions":{},"includedScopes":[]},"contributions":{},"includedScopes":[]},"contributions":{},"includedScopes":[]},"contributions":{},"includedScopes":[]}]},"contributions":{},"includedScopes":[]},"sourceMap":{"end":{"column":6,"line":7,"offset":94},"start":{"column":5,"line":6,"offset":59}}}],"metadata":[{"args":{"position":"end","text":"//4 palanca 8 boton "},"name":"comment"}],"name":"nivel_16","problems":[{"code":"malformedMember","sourceMap":{"end":{"column":74,"line":8,"offset":169},"start":{"column":9,"line":8,"offset":104}}},{"code":"malformedMember","sourceMap":{"end":{"column":74,"line":9,"offset":244},"start":{"column":9,"line":9,"offset":179}}},{"code":"malformedMember","sourceMap":{"end":{"column":74,"line":10,"offset":319},"start":{"column":9,"line":10,"offset":254}}},{"code":"malformedMember","sourceMap":{"end":{"column":74,"line":11,"offset":394},"start":{"column":9,"line":11,"offset":329}}},{"code":"malformedMember","sourceMap":{"end":{"column":75,"line":12,"offset":470},"start":{"column":9,"line":12,"offset":404}}},{"code":"malformedMember","sourceMap":{"end":{"column":74,"line":13,"offset":545},"start":{"column":9,"line":13,"offset":480}}},{"code":"malformedMember","sourceMap":{"end":{"column":75,"line":14,"offset":621},"start":{"column":9,"line":14,"offset":555}}},{"code":"malformedMember","sourceMap":{"end":{"column":75,"line":15,"offset":697},"start":{"column":9,"line":15,"offset":631}}},{"code":"malformedMember","sourceMap":{"end":{"column":75,"line":16,"offset":773},"start":{"column":9,"line":16,"offset":707}}},{"code":"malformedMember","sourceMap":{"end":{"column":77,"line":17,"offset":851},"start":{"column":9,"line":17,"offset":783}}},{"code":"malformedMember","sourceMap":{"end":{"column":73,"line":18,"offset":925},"start":{"column":9,"line":18,"offset":861}}},{"code":"malformedMember","sourceMap":{"end":{"column":6,"line":19,"offset":932},"start":{"column":5,"line":19,"offset":931}}}],"scope":{"containerScope":{"containerScope":{"containerScope":{"containerScope":{"containerScope":{"contributions":{},"includedScopes":[]},"contributions":{},"includedScopes":[]},"contributions":{},"includedScopes":[]},"contributions":{},"includedScopes":[]},"contributions":{},"includedScopes":[{"contributions":{},"includedScopes":[]}]},"contributions":{},"includedScopes":[{"containerScope":{"containerScope":{"containerScope":{"containerScope":{"containerScope":{"contributions":{},"includedScopes":[]},"contributions":{},"includedScopes":[]},"contributions":{},"includedScopes":[]},"contributions":{},"includedScopes":[]},"contributions":{},"includedScopes":[{"contributions":{},"includedScopes":[]}]},"contributions":{},"includedScopes":[{"containerScope":{"containerScope":{"containerScope":{"contributions":{},"includedScopes":[]},"contributions":{},"includedScopes":[]},"contributions":{},"includedScopes":[]},"contributions":{},"includedScopes":[]}]},{"containerScope":{"containerScope":{"containerScope":{"contributions":{},"includedScopes":[]},"contributions":{},"includedScopes":[]},"contributions":{},"includedScopes":[]},"contributions":{},"includedScopes":[]}]},"sourceMap":{"end":{"column":2,"line":20,"offset":935},"start":{"column":1,"line":4,"offset":20}},"supertypes":[{"args":[],"id":"af480966-03da-4720-9b91-f26347caca9c","metadata":[],"reference":{"id":"134eb389-095d-4118-b001-cfc84c0b8da9","metadata":[],"name":"Nivel","scope":{"containerScope":{"containerScope":{"containerScope":{"containerScope":{"containerScope":{"containerScope":{"contributions":{},"includedScopes":[]},"contributions":{},"includedScopes":[]},"contributions":{},"includedScopes":[]},"contributions":{},"includedScopes":[]},"contributions":{},"includedScopes":[{"contributions":{},"includedScopes":[]}]},"contributions":{},"includedScopes":[{"containerScope":{"containerScope":{"containerScope":{"containerScope":{"containerScope":{"contributions":{},"includedScopes":[]},"contributions":{},"includedScopes":[]},"contributions":{},"includedScopes":[]},"contributions":{},"includedScopes":[]},"contributions":{},"includedScopes":[{"contributions":{},"includedScopes":[]}]},"contributions":{},"includedScopes":[{"containerScope":{"containerScope":{"containerScope":{"contributions":{},"includedScopes":[]},"contributions":{},"includedScopes":[]},"contributions":{},"includedScopes":[]},"contributions":{},"includedScopes":[]}]},{"containerScope":{"containerScope":{"containerScope":{"contributions":{},"includedScopes":[]},"contributions":{},"includedScopes":[]},"contributions":{},"includedScopes":[]},"contributions":{},"includedScopes":[]}]},"contributions":{},"includedScopes":[]},"sourceMap":{"end":{"column":31,"line":4,"offset":50},"start":{"column":26,"line":4,"offset":45}}},"scope":{"containerScope":{"containerScope":{"containerScope":{"containerScope":{"containerScope":{"containerScope":{"contributions":{},"includedScopes":[]},"contributions":{},"includedScopes":[]},"contributions":{},"includedScopes":[]},"contributions":{},"includedScopes":[]},"contributions":{},"includedScopes":[{"contributions":{},"includedScopes":[]}]},"contributions":{},"includedScopes":[{"containerScope":{"containerScope":{"containerScope":{"containerScope":{"containerScope":{"contributions":{},"includedScopes":[]},"contributions":{},"includedScopes":[]},"contributions":{},"includedScopes":[]},"contributions":{},"includedScopes":[]},"contributions":{},"includedScopes":[{"contributions":{},"includedScopes":[]}]},"contributions":{},"includedScopes":[{"containerScope":{"containerScope":{"containerScope":{"contributions":{},"includedScopes":[]},"contributions":{},"includedScopes":[]},"contributions":{},"includedScopes":[]},"contributions":{},"includedScopes":[]}]},{"containerScope":{"containerScope":{"containerScope":{"contributions":{},"includedScopes":[]},"contributions":{},"includedScopes":[]},"contributions":{},"includedScopes":[]},"contributions":{},"includedScopes":[]}]},"contributions":{},"includedScopes":[]},"sourceMap":{"end":{"column":31,"line":4,"offset":50},"start":{"column":26,"line":4,"offset":45}}}]},"stack":"Error: Failed to print, found malformed node\n    at c:\\Users\\Usuario\\.vscode\\extensions\\uqbar.wollok-lsp-ide-0.5.4\\out\\server\\src\\server.js:68:3585\n    at Kbn (c:\\Users\\Usuario\\.vscode\\extensions\\uqbar.wollok-lsp-ide-0.5.4\\out\\server\\src\\server.js:68:3396)\n    at c:\\Users\\Usuario\\.vscode\\extensions\\uqbar.wollok-lsp-ide-0.5.4\\out\\server\\src\\server.js:2398:847\n    at c:\\Users\\Usuario\\.vscode\\extensions\\uqbar.wollok-lsp-ide-0.5.4\\out\\server\\src\\server.js:2398:8440\n    at c:\\Users\\Usuario\\.vscode\\extensions\\uqbar.wollok-lsp-ide-0.5.4\\out\\server\\src\\server.js:37:74770\n    at Ke (c:\\Users\\Usuario\\.vscode\\extensions\\uqbar.wollok-lsp-ide-0.5.4\\out\\server\\src\\server.js:7:8527)\n    at Lt (c:\\Users\\Usuario\\.vscode\\extensions\\uqbar.wollok-lsp-ide-0.5.4\\out\\server\\src\\server.js:7:6189)\n    at ct (c:\\Users\\Usuario\\.vscode\\extensions\\uqbar.wollok-lsp-ide-0.5.4\\out\\server\\src\\server.js:7:6378)\n    at Immediate._onImmediate (c:\\Users\\Usuario\\.vscode\\extensions\\uqbar.wollok-lsp-ide-0.5.4\\out\\server\\src\\server.js:7:6142)\n    at process.processImmediate (node:internal/timers:504:21)","timestamp":"2026-07-11T05:00:04.804Z"}
{"level":"info","message":"⌛ Building environment","timeElapsed":553,"timestamp":"2026-07-11T05:00:06.888Z"}
{"level":"info","message":"⌛ Validating scripts/gestionNiveles/niveles/datosNivel16.wlk","timeElapsed":488,"timestamp":"2026-07-11T05:00:07.418Z"}
{"level":"info","message":"⌛ Building environment","timeElapsed":421,"timestamp":"2026-07-11T05:00:07.840Z"}
{"level":"info","message":"⌛ Validating scripts/gestionNiveles/niveles/datosNivel16.wlk","timeElapsed":407,"timestamp":"2026-07-11T05:00:08.359Z"}
{"level":"info","message":"⌛ Building environment","timeElapsed":594,"timestamp":"2026-07-11T05:00:10.229Z"}
{"level":"info","message":"⌛ Validating scripts/gestionNiveles/niveles/datosNivel16.wlk","timeElapsed":504,"timestamp":"2026-07-11T05:00:10.760Z"}
{"level":"info","message":"⌛ Building environment","timeElapsed":562,"timestamp":"2026-07-11T05:00:11.324Z"}
{"level":"info","message":"⌛ Validating scripts/gestionNiveles/niveles/datosNivel16.wlk","timeElapsed":589,"timestamp":"2026-07-11T05:00:11.952Z"}
{"level":"info","message":"⌛ Building environment","timeElapsed":765,"timestamp":"2026-07-11T05:00:33.235Z"}
{"level":"info","message":"⌛ Building environment","timeElapsed":770,"timestamp":"2026-07-11T05:00:34.242Z"}
{"level":"info","message":"⌛ Validating scripts/gestionNiveles/niveles/datosNivel16.wlk","timeElapsed":390,"timestamp":"2026-07-11T05:00:34.651Z"}
{"level":"info","message":"⌛ Validating scripts/gestionNiveles/niveles/datosNivel16.wlk","timeElapsed":439,"timestamp":"2026-07-11T05:00:35.098Z"}
{"level":"info","message":"⌛ Building environment","timeElapsed":764,"timestamp":"2026-07-11T05:00:35.862Z"}
{"level":"info","message":"⌛ Validating scripts/gestionNiveles/niveles/datosNivel16.wlk","timeElapsed":402,"timestamp":"2026-07-11T05:00:36.312Z"}
{"level":"info","message":"⌛ Building environment","timeElapsed":575,"timestamp":"2026-07-11T05:00:38.640Z"}
{"level":"info","message":"⌛ Building environment","timeElapsed":311,"timestamp":"2026-07-11T05:00:38.972Z"}
{"level":"info","message":"⌛ Validating scripts/gestionNiveles/niveles/datosNivel16.wlk","timeElapsed":385,"timestamp":"2026-07-11T05:00:39.374Z"}
{"level":"info","message":"⌛ Validating scripts/gestionNiveles/niveles/datosNivel16.wlk","timeElapsed":398,"timestamp":"2026-07-11T05:00:39.774Z"}
{"level":"info","message":"⌛ Building environment","timeElapsed":406,"timestamp":"2026-07-11T05:00:40.181Z"}
{"level":"info","message":"⌛ Validating scripts/gestionNiveles/niveles/datosNivel16.wlk","timeElapsed":399,"timestamp":"2026-07-11T05:00:40.620Z"}
{"level":"info","message":"⌛ Building environment","timeElapsed":378,"timestamp":"2026-07-11T05:00:41.881Z"}
{"level":"info","message":"⌛ Validating scripts/gestionNiveles/niveles/datosNivel16.wlk","timeElapsed":349,"timestamp":"2026-07-11T05:00:42.264Z"}
{"level":"info","message":"⌛ Building environment","timeElapsed":443,"timestamp":"2026-07-11T05:00:43.369Z"}
{"level":"info","message":"⌛ Building environment","timeElapsed":526,"timestamp":"2026-07-11T05:00:43.911Z"}
{"level":"info","message":"⌛ Validating scripts/gestionNiveles/niveles/datosNivel16.wlk","timeElapsed":338,"timestamp":"2026-07-11T05:00:44.264Z"}
{"level":"info","message":"⌛ Validating scripts/gestionNiveles/niveles/datosNivel16.wlk","timeElapsed":354,"timestamp":"2026-07-11T05:00:44.668Z"}
{"level":"info","message":"⌛ Building environment","timeElapsed":757,"timestamp":"2026-07-11T05:00:52.898Z"}
{"level":"info","message":"⌛ Building environment","timeElapsed":498,"timestamp":"2026-07-11T05:00:53.447Z"}
{"level":"info","message":"⌛ Building environment","timeElapsed":413,"timestamp":"2026-07-11T05:00:53.861Z"}
{"level":"info","message":"⌛ Validating scripts/gestionNiveles/niveles/datosNivel16.wlk","timeElapsed":340,"timestamp":"2026-07-11T05:00:54.201Z"}
{"level":"info","message":"⌛ Building environment","timeElapsed":375,"timestamp":"2026-07-11T05:00:54.601Z"}
{"level":"info","message":"⌛ Validating scripts/gestionNiveles/niveles/datosNivel16.wlk","timeElapsed":355,"timestamp":"2026-07-11T05:00:54.975Z"}
{"level":"info","message":"⌛ Validating scripts/gestionNiveles/niveles/datosNivel16.wlk","timeElapsed":318,"timestamp":"2026-07-11T05:00:55.317Z"}
{"level":"info","message":"⌛ Validating scripts/gestionNiveles/niveles/datosNivel16.wlk","timeElapsed":834,"timestamp":"2026-07-11T05:00:56.165Z"}
{"level":"info","message":"⌛ Building environment","timeElapsed":688,"timestamp":"2026-07-11T05:01:31.340Z"}
{"level":"info","message":"⌛ Validating scripts/gestionNiveles/niveles/datosNivel16.wlk","timeElapsed":399,"timestamp":"2026-07-11T05:01:31.755Z"}
{"level":"info","message":"⌛ Building environment","timeElapsed":562,"timestamp":"2026-07-11T05:01:32.318Z"}
{"level":"info","message":"⌛ Building environment","timeElapsed":562,"timestamp":"2026-07-11T05:01:32.881Z"}
{"level":"info","message":"⌛ Validating scripts/gestionNiveles/niveles/datosNivel16.wlk","timeElapsed":398,"timestamp":"2026-07-11T05:01:33.306Z"}
{"level":"info","message":"⌛ Validating scripts/gestionNiveles/niveles/datosNivel16.wlk","timeElapsed":438,"timestamp":"2026-07-11T05:01:33.749Z"}
{"level":"info","message":"⌛ Building environment","timeElapsed":500,"timestamp":"2026-07-11T05:01:37.596Z"}
{"level":"info","message":"⌛ Validating scripts/gestionNiveles/niveles/datosNivel16.wlk","timeElapsed":589,"timestamp":"2026-07-11T05:01:38.209Z"}
{"level":"info","message":"⌛ Building environment","timeElapsed":416,"timestamp":"2026-07-11T05:01:38.627Z"}
{"level":"info","message":"⌛ Building environment","timeElapsed":458,"timestamp":"2026-07-11T05:01:39.086Z"}
{"level":"info","message":"⌛ Validating scripts/gestionNiveles/niveles/datosNivel16.wlk","timeElapsed":433,"timestamp":"2026-07-11T05:01:39.557Z"}
{"level":"info","message":"⌛ Validating scripts/gestionNiveles/niveles/datosNivel16.wlk","timeElapsed":699,"timestamp":"2026-07-11T05:01:40.260Z"}
{"level":"info","message":"⌛ Building environment","timeElapsed":763,"timestamp":"2026-07-11T05:01:41.024Z"}
{"level":"info","message":"⌛ Building environment","timeElapsed":372,"timestamp":"2026-07-11T05:01:41.398Z"}
{"level":"info","message":"⌛ Validating scripts/gestionNiveles/niveles/datosNivel16.wlk","timeElapsed":399,"timestamp":"2026-07-11T05:01:41.847Z"}
{"level":"info","message":"⌛ Validating scripts/gestionNiveles/niveles/datosNivel16.wlk","timeElapsed":370,"timestamp":"2026-07-11T05:01:42.217Z"}
{"level":"info","message":"⌛ Building environment","timeElapsed":640,"timestamp":"2026-07-11T05:02:03.029Z"}
{"level":"info","message":"⌛ Validating scripts/gestionNiveles/niveles/datosNivel16.wlk","timeElapsed":386,"timestamp":"2026-07-11T05:02:03.449Z"}
{"level":"info","message":"⌛ Building environment","timeElapsed":470,"timestamp":"2026-07-11T05:02:04.027Z"}
{"level":"info","message":"⌛ Building environment","timeElapsed":425,"timestamp":"2026-07-11T05:02:04.487Z"}
{"level":"info","message":"⌛ Validating scripts/gestionNiveles/niveles/datosNivel16.wlk","timeElapsed":676,"timestamp":"2026-07-11T05:02:05.183Z"}
{"level":"info","message":"⌛ Validating scripts/gestionNiveles/niveles/datosNivel16.wlk","timeElapsed":586,"timestamp":"2026-07-11T05:02:05.773Z"}
{"level":"info","message":"⌛ Building environment","timeElapsed":387,"timestamp":"2026-07-11T05:02:21.608Z"}
{"level":"info","message":"⌛ Validating scripts/gestionNiveles/niveles/datosNivel16.wlk","timeElapsed":479,"timestamp":"2026-07-11T05:02:22.121Z"}
{"level":"info","message":"⌛ Building environment","timeElapsed":316,"timestamp":"2026-07-11T05:02:22.440Z"}
{"level":"info","message":"⌛ Validating scripts/gestionNiveles/niveles/datosNivel16.wlk","timeElapsed":529,"timestamp":"2026-07-11T05:02:23.020Z"}
{"level":"info","message":"⌛ Building environment","timeElapsed":477,"timestamp":"2026-07-11T05:02:37.091Z"}
{"level":"info","message":"⌛ Validating scripts/gestionNiveles/niveles/datosNivel16.wlk","timeElapsed":369,"timestamp":"2026-07-11T05:02:37.499Z"}
{"level":"info","message":"⌛ Building environment","timeElapsed":483,"timestamp":"2026-07-11T05:03:00.264Z"}
{"level":"info","message":"⌛ Validating scripts/gestionNiveles/niveles/datosNivel16.wlk","timeElapsed":392,"timestamp":"2026-07-11T05:03:00.699Z"}
{"level":"info","message":"⌛ Building environment","timeElapsed":651,"timestamp":"2026-07-11T05:03:57.061Z"}
{"level":"info","message":"⌛ Building environment","timeElapsed":732,"timestamp":"2026-07-11T05:03:57.956Z"}
{"level":"info","message":"⌛ Validating scripts/gestionNiveles/niveles/datosNivel16.wlk","timeElapsed":728,"timestamp":"2026-07-11T05:03:58.717Z"}
{"level":"info","message":"⌛ Validating scripts/gestionNiveles/niveles/datosNivel16.wlk","timeElapsed":1433,"timestamp":"2026-07-11T05:04:00.157Z"}
{"level":"info","message":"⌛ Building environment","timeElapsed":772,"timestamp":"2026-07-11T05:04:00.941Z"}
{"level":"info","message":"⌛ Building environment","timeElapsed":599,"timestamp":"2026-07-11T05:04:01.574Z"}
{"level":"info","message":"⌛ Building environment","timeElapsed":483,"timestamp":"2026-07-11T05:04:02.148Z"}
{"level":"info","message":"⌛ Building environment","timeElapsed":610,"timestamp":"2026-07-11T05:04:02.792Z"}
{"level":"info","message":"⌛ Validating scripts/gestionNiveles/niveles/datosNivel16.wlk","timeElapsed":530,"timestamp":"2026-07-11T05:04:03.371Z"}
{"level":"info","message":"⌛ Validating scripts/gestionNiveles/niveles/datosNivel16.wlk","timeElapsed":537,"timestamp":"2026-07-11T05:04:03.919Z"}
{"level":"info","message":"⌛ Validating scripts/gestionNiveles/niveles/datosNivel16.wlk","timeElapsed":450,"timestamp":"2026-07-11T05:04:04.374Z"}
{"level":"info","message":"⌛ Validating scripts/gestionNiveles/niveles/datosNivel16.wlk","timeElapsed":543,"timestamp":"2026-07-11T05:04:04.918Z"}
{"level":"info","message":"⌛ Building environment","timeElapsed":868,"timestamp":"2026-07-11T05:04:05.825Z"}
{"level":"info","message":"⌛ Building environment","timeElapsed":652,"timestamp":"2026-07-11T05:04:06.509Z"}
{"level":"info","message":"⌛ Validating scripts/gestionNiveles/niveles/datosNivel16.wlk","timeElapsed":461,"timestamp":"2026-07-11T05:04:07.018Z"}
{"level":"info","message":"⌛ Validating scripts/gestionNiveles/niveles/datosNivel16.wlk","timeElapsed":484,"timestamp":"2026-07-11T05:04:07.505Z"}
{"level":"info","message":"⌛ Building environment","timeElapsed":361,"timestamp":"2026-07-11T05:05:10.542Z"}
{"level":"info","message":"⌛ Validating scripts/gestionNiveles/niveles/datosNivel16.wlk","timeElapsed":354,"timestamp":"2026-07-11T05:05:10.920Z"}
{"level":"info","message":"⌛ Building environment","timeElapsed":374,"timestamp":"2026-07-11T05:05:11.435Z"}
{"level":"info","message":"⌛ Validating scripts/gestionNiveles/niveles/datosNivel16.wlk","timeElapsed":400,"timestamp":"2026-07-11T05:05:11.912Z"}
{"level":"info","message":"⌛ Building environment","timeElapsed":826,"timestamp":"2026-07-11T05:05:13.933Z"}
{"level":"info","message":"⌛ Building environment","timeElapsed":716,"timestamp":"2026-07-11T05:05:14.692Z"}
{"level":"info","message":"⌛ Validating scripts/gestionNiveles/niveles/datosNivel16.wlk","timeElapsed":362,"timestamp":"2026-07-11T05:05:15.093Z"}
{"level":"info","message":"⌛ Validating scripts/gestionNiveles/niveles/datosNivel16.wlk","timeElapsed":332,"timestamp":"2026-07-11T05:05:15.428Z"}
{"level":"info","message":"⌛ Building environment","timeElapsed":381,"timestamp":"2026-07-11T05:05:16.070Z"}
{"level":"info","message":"⌛ Building environment","timeElapsed":367,"timestamp":"2026-07-11T05:05:16.440Z"}
{"level":"info","message":"⌛ Validating scripts/gestionNiveles/niveles/datosNivel16.wlk","timeElapsed":338,"timestamp":"2026-07-11T05:05:16.794Z"}
{"level":"info","message":"⌛ Validating scripts/gestionNiveles/niveles/datosNivel16.wlk","timeElapsed":536,"timestamp":"2026-07-11T05:05:17.340Z"}
{"level":"info","message":"⌛ Building environment","timeElapsed":360,"timestamp":"2026-07-11T05:05:17.702Z"}
{"level":"info","message":"⌛ Validating scripts/gestionNiveles/niveles/datosNivel16.wlk","timeElapsed":471,"timestamp":"2026-07-11T05:05:18.199Z"}
{"level":"info","message":"⌛ Building environment","timeElapsed":410,"timestamp":"2026-07-11T05:05:26.102Z"}
{"level":"info","message":"⌛ Validating scripts/gestionNiveles/niveles/datosNivel16.wlk","timeElapsed":363,"timestamp":"2026-07-11T05:05:26.479Z"}
{"level":"info","message":"⌛ Building environment","timeElapsed":533,"timestamp":"2026-07-11T05:05:27.013Z"}
{"level":"info","message":"⌛ Validating scripts/gestionNiveles/niveles/datosNivel16.wlk","timeElapsed":377,"timestamp":"2026-07-11T05:05:27.415Z"}
{"level":"info","message":"⌛ Building environment","timeElapsed":376,"timestamp":"2026-07-11T05:06:14.350Z"}
{"level":"info","message":"⌛ Building environment","timeElapsed":1149,"timestamp":"2026-07-11T05:06:15.725Z"}
{"level":"info","message":"⌛ Validating scripts/gestionNiveles/niveles/datosNivel16.wlk","timeElapsed":651,"timestamp":"2026-07-11T05:06:16.377Z"}
{"level":"info","message":"⌛ Building environment","timeElapsed":449,"timestamp":"2026-07-11T05:06:16.854Z"}
{"level":"info","message":"⌛ Building environment","timeElapsed":771,"timestamp":"2026-07-11T05:06:17.625Z"}
{"level":"info","message":"⌛ Validating scripts/gestionNiveles/niveles/datosNivel16.wlk","timeElapsed":549,"timestamp":"2026-07-11T05:06:18.225Z"}
{"level":"info","message":"⌛ Validating scripts/gestionNiveles/niveles/datosNivel16.wlk","timeElapsed":455,"timestamp":"2026-07-11T05:06:18.713Z"}
{"level":"info","message":"⌛ Building environment","timeElapsed":635,"timestamp":"2026-07-11T05:06:19.355Z"}
{"level":"info","message":"⌛ Validating scripts/gestionNiveles/niveles/datosNivel16.wlk","timeElapsed":692,"timestamp":"2026-07-11T05:06:20.048Z"}
{"level":"info","message":"⌛ Building environment","timeElapsed":417,"timestamp":"2026-07-11T05:06:20.499Z"}
{"level":"info","message":"⌛ Building environment","timeElapsed":698,"timestamp":"2026-07-11T05:06:21.231Z"}
{"level":"info","message":"⌛ Building environment","timeElapsed":780,"timestamp":"2026-07-11T05:06:22.011Z"}
{"level":"info","message":"⌛ Validating scripts/gestionNiveles/niveles/datosNivel16.wlk","timeElapsed":312,"timestamp":"2026-07-11T05:06:22.340Z"}
{"level":"info","message":"⌛ Validating scripts/gestionNiveles/niveles/datosNivel16.wlk","timeElapsed":324,"timestamp":"2026-07-11T05:06:22.665Z"}
{"level":"info","message":"⌛ Validating scripts/gestionNiveles/niveles/datosNivel16.wlk","timeElapsed":1163,"timestamp":"2026-07-11T05:06:23.885Z"}
{"level":"info","message":"⌛ Validating scripts/gestionNiveles/niveles/datosNivel16.wlk","timeElapsed":609,"timestamp":"2026-07-11T05:06:24.495Z"}
{"level":"info","message":"⌛ Building environment","timeElapsed":376,"timestamp":"2026-07-11T05:06:33.822Z"}
{"level":"info","message":"⌛ Building environment","timeElapsed":465,"timestamp":"2026-07-11T05:06:34.294Z"}
{"level":"info","message":"⌛ Validating scripts/gestionNiveles/niveles/datosNivel16.wlk","timeElapsed":442,"timestamp":"2026-07-11T05:06:34.763Z"}
{"level":"info","message":"⌛ Validating scripts/gestionNiveles/niveles/datosNivel16.wlk","timeElapsed":423,"timestamp":"2026-07-11T05:06:35.198Z"}
{"level":"info","message":"⌛ Building environment","timeElapsed":460,"timestamp":"2026-07-11T05:06:36.646Z"}
{"level":"info","message":"⌛ Building environment","timeElapsed":458,"timestamp":"2026-07-11T05:06:37.104Z"}
{"level":"info","message":"⌛ Building environment","timeElapsed":278,"timestamp":"2026-07-11T05:06:37.404Z"}
{"level":"info","message":"⌛ Validating scripts/gestionNiveles/niveles/datosNivel16.wlk","timeElapsed":514,"timestamp":"2026-07-11T05:06:37.944Z"}
{"level":"info","message":"⌛ Validating scripts/gestionNiveles/niveles/datosNivel16.wlk","timeElapsed":655,"timestamp":"2026-07-11T05:06:38.631Z"}
{"level":"info","message":"⌛ Validating scripts/gestionNiveles/niveles/datosNivel16.wlk","timeElapsed":403,"timestamp":"2026-07-11T05:06:39.036Z"}
{"level":"info","message":"⌛ Building environment","timeElapsed":566,"timestamp":"2026-07-11T05:07:54.636Z"}
{"level":"info","message":"⌛ Building environment","timeElapsed":961,"timestamp":"2026-07-11T05:07:55.727Z"}
{"level":"info","message":"⌛ Validating scripts/gestionNiveles/niveles/datosNivel16.wlk","timeElapsed":542,"timestamp":"2026-07-11T05:07:56.274Z"}
{"level":"info","message":"⌛ Validating scripts/gestionNiveles/niveles/datosNivel16.wlk","timeElapsed":668,"timestamp":"2026-07-11T05:07:56.967Z"}
{"level":"info","message":"⌛ Building environment","timeElapsed":446,"timestamp":"2026-07-11T05:08:09.910Z"}
{"level":"info","message":"⌛ Validating scripts/gestionNiveles/niveles/datosNivel6.wlk","timeElapsed":687,"timestamp":"2026-07-11T05:08:10.662Z"}
{"level":"info","message":"⌛ Building environment","timeElapsed":865,"timestamp":"2026-07-11T05:08:20.876Z"}
{"level":"info","message":"⌛ Validating scripts/gestionNiveles/niveles/datosNivel6.wlk","timeElapsed":1084,"timestamp":"2026-07-11T05:08:21.996Z"}
{"level":"info","message":"⌛ Building environment","timeElapsed":298,"timestamp":"2026-07-11T05:09:41.369Z"}
{"level":"info","message":"⌛ Building environment","timeElapsed":291,"timestamp":"2026-07-11T05:09:41.662Z"}
{"level":"info","message":"Removing diagnostics from /c:/Users/Usuario/OneDrive/Documentos/tpGameSelf-y-sus-amigos/tp-final-wollok-game-self-y-sus-amigos/assets/sprites/niveles/nivel_6.png","timestamp":"2026-07-11T05:09:41.776Z"}
{"level":"info","message":"⌛ Building environment","timeElapsed":390,"timestamp":"2026-07-11T05:09:42.190Z"}
{"level":"info","message":"⌛ Building environment","timeElapsed":249,"timestamp":"2026-07-11T05:09:42.442Z"}
{"level":"info","message":"⌛ Building environment","timeElapsed":250,"timestamp":"2026-07-11T05:09:42.704Z"}
{"level":"info","message":"⌛ Building environment","timeElapsed":208,"timestamp":"2026-07-11T05:09:42.950Z"}
{"level":"info","message":"⌛ Building environment","timeElapsed":344,"timestamp":"2026-07-11T05:09:43.301Z"}
{"level":"info","message":"⌛ Building environment","timeElapsed":360,"timestamp":"2026-07-11T05:09:43.681Z"}
{"level":"info","message":"⌛ Building environment","timeElapsed":173,"timestamp":"2026-07-11T05:09:43.856Z"}
{"level":"info","message":"⌛ Building environment","timeElapsed":106,"timestamp":"2026-07-11T05:09:43.977Z"}
{"level":"info","message":"⌛ Building environment","timeElapsed":156,"timestamp":"2026-07-11T05:09:44.146Z"}
{"level":"info","message":"⌛ Building environment","timeElapsed":345,"timestamp":"2026-07-11T05:09:44.495Z"}
{"level":"info","message":"⌛ Building environment","timeElapsed":324,"timestamp":"2026-07-11T05:09:44.820Z"}
{"level":"info","message":"⌛ Building environment","timeElapsed":154,"timestamp":"2026-07-11T05:09:44.975Z"}
{"level":"info","message":"⌛ Building environment","timeElapsed":185,"timestamp":"2026-07-11T05:09:45.161Z"}
{"level":"info","message":"⌛ Building environment","timeElapsed":233,"timestamp":"2026-07-11T05:09:45.395Z"}
{"level":"info","message":"⌛ Building environment","timeElapsed":168,"timestamp":"2026-07-11T05:09:45.565Z"}
{"level":"info","message":"⌛ Building environment","timeElapsed":149,"timestamp":"2026-07-11T05:09:45.714Z"}
{"level":"info","message":"⌛ Building environment","timeElapsed":272,"timestamp":"2026-07-11T05:09:46.039Z"}
{"level":"info","message":"⌛ Building environment","timeElapsed":366,"timestamp":"2026-07-11T05:09:46.406Z"}
{"level":"info","message":"⌛ Building environment","timeElapsed":162,"timestamp":"2026-07-11T05:09:46.571Z"}
{"level":"info","message":"⌛ Building environment","timeElapsed":232,"timestamp":"2026-07-11T05:09:46.816Z"}
{"level":"info","message":"⌛ Building environment","timeElapsed":257,"timestamp":"2026-07-11T05:09:47.074Z"}
{"level":"info","message":"⌛ Building environment","timeElapsed":241,"timestamp":"2026-07-11T05:09:47.316Z"}
{"level":"info","message":"⌛ Building environment","timeElapsed":229,"timestamp":"2026-07-11T05:09:47.547Z"}
{"level":"info","message":"⌛ Building environment","timeElapsed":241,"timestamp":"2026-07-11T05:09:47.790Z"}
{"level":"info","message":"⌛ Building environment","timeElapsed":470,"timestamp":"2026-07-11T05:09:48.277Z"}
{"level":"info","message":"⌛ Building environment","timeElapsed":428,"timestamp":"2026-07-11T05:09:48.706Z"}
{"level":"info","message":"⌛ Building environment","timeElapsed":239,"timestamp":"2026-07-11T05:09:48.946Z"}
{"level":"info","message":"⌛ Building environment","timeElapsed":269,"timestamp":"2026-07-11T05:09:49.215Z"}
{"level":"info","message":"⌛ Building environment","timeElapsed":350,"timestamp":"2026-07-11T05:09:49.568Z"}
{"level":"info","message":"⌛ Building environment","timeElapsed":330,"timestamp":"2026-07-11T05:09:49.909Z"}
{"level":"info","message":"⌛ Building environment","timeElapsed":208,"timestamp":"2026-07-11T05:09:50.118Z"}
{"level":"info","message":"⌛ Building environment","timeElapsed":253,"timestamp":"2026-07-11T05:09:50.387Z"}
{"level":"info","message":"⌛ Building environment","timeElapsed":224,"timestamp":"2026-07-11T05:09:50.613Z"}
{"level":"info","message":"⌛ Building environment","timeElapsed":214,"timestamp":"2026-07-11T05:09:50.827Z"}
{"level":"info","message":"⌛ Building environment","timeElapsed":252,"timestamp":"2026-07-11T05:09:51.081Z"}
{"level":"info","message":"⌛ Building environment","timeElapsed":228,"timestamp":"2026-07-11T05:09:51.310Z"}
{"level":"info","message":"⌛ Building environment","timeElapsed":433,"timestamp":"2026-07-11T05:09:51.743Z"}
{"level":"info","message":"⌛ Building environment","timeElapsed":253,"timestamp":"2026-07-11T05:09:51.998Z"}
{"level":"info","message":"⌛ Building environment","timeElapsed":219,"timestamp":"2026-07-11T05:09:52.218Z"}
{"level":"info","message":"⌛ Building environment","timeElapsed":275,"timestamp":"2026-07-11T05:09:52.494Z"}
{"level":"info","message":"⌛ Validating scripts/personaje/personaje.wlk","timeElapsed":177,"timestamp":"2026-07-11T05:09:52.672Z"}
{"level":"info","message":"⌛ Validating scripts/input/teclado.wlk","timeElapsed":349,"timestamp":"2026-07-11T05:09:53.022Z"}
{"level":"info","message":"⌛ Validating scripts/gestionObjetos/misObjetos/baldosa.wlk","timeElapsed":261,"timestamp":"2026-07-11T05:09:53.285Z"}
{"level":"info","message":"⌛ Validating scripts/gestionObjetos/gestorObjetos.wlk","timeElapsed":283,"timestamp":"2026-07-11T05:09:53.569Z"}
{"level":"info","message":"⌛ Validating scripts/gestionObjetos/gestorCanales.wlk","timeElapsed":235,"timestamp":"2026-07-11T05:09:53.804Z"}
{"level":"info","message":"⌛ Validating scripts/gestionObjetos/misObjetos/salida.wlk","timeElapsed":203,"timestamp":"2026-07-11T05:09:54.009Z"}
{"level":"info","message":"⌛ Validating scripts/gestionObjetos/misObjetos/puerta.wlk","timeElapsed":197,"timestamp":"2026-07-11T05:09:54.206Z"}
{"level":"info","message":"⌛ Validating scripts/gestionObjetos/misObjetos/portal.wlk","timeElapsed":187,"timestamp":"2026-07-11T05:09:54.393Z"}
{"level":"info","message":"⌛ Validating scripts/gestionObjetos/misObjetos/pinchos.wlk","timeElapsed":225,"timestamp":"2026-07-11T05:09:54.619Z"}
{"level":"info","message":"⌛ Validating scripts/gestionObjetos/misObjetos/palanca.wlk","timeElapsed":225,"timestamp":"2026-07-11T05:09:54.844Z"}
{"level":"info","message":"⌛ Validating scripts/gestionObjetos/misObjetos/Objeto.wlk","timeElapsed":241,"timestamp":"2026-07-11T05:09:55.086Z"}
{"level":"info","message":"⌛ Validating scripts/gestionObjetos/misObjetos/moneda.wlk","timeElapsed":259,"timestamp":"2026-07-11T05:09:55.348Z"}
{"level":"info","message":"⌛ Validating scripts/gestionObjetos/misObjetos/laser.wlk","timeElapsed":384,"timestamp":"2026-07-11T05:09:55.733Z"}
{"level":"info","message":"⌛ Validating scripts/gestionObjetos/misObjetos/colision.wlk","timeElapsed":588,"timestamp":"2026-07-11T05:09:56.322Z"}
{"level":"info","message":"⌛ Validating scripts/gestionObjetos/misObjetos/caja.wlk","timeElapsed":457,"timestamp":"2026-07-11T05:09:56.781Z"}
{"level":"info","message":"⌛ Validating scripts/gestionObjetos/misObjetos/boton.wlk","timeElapsed":396,"timestamp":"2026-07-11T05:09:57.179Z"}
{"level":"info","message":"⌛ Validating juego.wpgm","timeElapsed":329,"timestamp":"2026-07-11T05:09:57.513Z"}
{"level":"info","message":"⌛ Validating scripts/gestionNiveles/transicionNivel.wlk","timeElapsed":259,"timestamp":"2026-07-11T05:09:57.775Z"}
{"level":"info","message":"⌛ Validating scripts/gestionNiveles/niveles/pantallaTitulo.wlk","timeElapsed":352,"timestamp":"2026-07-11T05:09:58.128Z"}
{"level":"info","message":"⌛ Validating scripts/gestionNiveles/niveles/Nivel.wlk","timeElapsed":1065,"timestamp":"2026-07-11T05:09:59.195Z"}
{"level":"info","message":"⌛ Validating scripts/gestionNiveles/niveles/datosNivel5.wlk","timeElapsed":375,"timestamp":"2026-07-11T05:09:59.570Z"}
{"level":"info","message":"⌛ Validating scripts/gestionNiveles/niveles/datosNivel4.wlk","timeElapsed":254,"timestamp":"2026-07-11T05:09:59.825Z"}
{"level":"info","message":"⌛ Validating scripts/gestionNiveles/niveles/datosNivel3.wlk","timeElapsed":350,"timestamp":"2026-07-11T05:10:00.176Z"}
{"level":"info","message":"⌛ Validating scripts/gestionNiveles/niveles/datosNivel2.wlk","timeElapsed":280,"timestamp":"2026-07-11T05:10:00.457Z"}
{"level":"info","message":"⌛ Validating scripts/gestionNiveles/niveles/datosNivel17.wlk","timeElapsed":296,"timestamp":"2026-07-11T05:10:00.754Z"}
{"level":"info","message":"⌛ Validating scripts/gestionNiveles/niveles/datosNivel1.wlk","timeElapsed":324,"timestamp":"2026-07-11T05:10:01.078Z"}
{"level":"info","message":"⌛ Validating scripts/gestionNiveles/gestorNivel.wlk","timeElapsed":305,"timestamp":"2026-07-11T05:10:01.384Z"}
{"level":"info","message":"⌛ Validating scripts/gestionNiveles/gestorMenu.wlk","timeElapsed":321,"timestamp":"2026-07-11T05:10:01.705Z"}
{"level":"info","message":"⌛ Validating scripts/gestionNiveles/fabricaNivel.wlk","timeElapsed":317,"timestamp":"2026-07-11T05:10:02.023Z"}
{"level":"info","message":"⌛ Validating scripts/gestionAnimaciones/bancoImagenes.wlk","timeElapsed":309,"timestamp":"2026-07-11T05:10:02.333Z"}
{"level":"info","message":"⌛ Validating scripts/gestionAnimaciones/animador.wlk","timeElapsed":353,"timestamp":"2026-07-11T05:10:02.688Z"}
{"level":"info","message":"⌛ Validating scripts/gestionAnimaciones/animaciones/AnimacionSimple.wlk","timeElapsed":324,"timestamp":"2026-07-11T05:10:03.016Z"}
{"level":"info","message":"⌛ Validating scripts/gestionAnimaciones/animaciones/AnimacionMovimiento.wlk","timeElapsed":283,"timestamp":"2026-07-11T05:10:03.301Z"}
{"level":"info","message":"⌛ Validating scripts/gestionAnimaciones/animaciones/AnimacionDosCasillas.wlk","timeElapsed":338,"timestamp":"2026-07-11T05:10:03.639Z"}
{"level":"info","message":"⌛ Validating scripts/gestionAnimaciones/animaciones/AnimacionAtaque.wlk","timeElapsed":322,"timestamp":"2026-07-11T05:10:03.962Z"}
{"level":"info","message":"⌛ Validating scripts/gestionEnemigos/gestorEnemigos.wlk","timeElapsed":304,"timestamp":"2026-07-11T05:10:04.267Z"}
{"level":"info","message":"⌛ Validating scripts/gestionEnemigos/enemigos/sapo.wlk","timeElapsed":325,"timestamp":"2026-07-11T05:10:04.593Z"}
{"level":"info","message":"⌛ Validating scripts/gestionEnemigos/enemigos/murcielago.wlk","timeElapsed":288,"timestamp":"2026-07-11T05:10:04.883Z"}
{"level":"info","message":"⌛ Validating scripts/gestionEnemigos/enemigos/gato.wlk","timeElapsed":274,"timestamp":"2026-07-11T05:10:05.157Z"}
{"level":"info","message":"⌛ Validating scripts/gestionEnemigos/enemigos/Enemigo.wlk","timeElapsed":278,"timestamp":"2026-07-11T05:10:05.436Z"}
{"level":"info","message":"⌛ Building environment","timeElapsed":657,"timestamp":"2026-07-11T05:10:10.097Z"}
{"level":"info","message":"⌛ Building environment","timeElapsed":568,"timestamp":"2026-07-11T05:10:10.695Z"}
{"level":"info","message":"⌛ Building environment","timeElapsed":1925,"timestamp":"2026-07-11T05:10:12.621Z"}
{"level":"info","message":"⌛ Validating scripts/gestionNiveles/niveles/datosNivelADefinir.wlk","timeElapsed":664,"timestamp":"2026-07-11T05:10:13.328Z"}
{"level":"info","message":"Removing diagnostics from /c:/Users/Usuario/OneDrive/Documentos/tpGameSelf-y-sus-amigos/tp-final-wollok-game-self-y-sus-amigos/scripts/gestionNiveles/niveles/datosNivel6.wlk","timestamp":"2026-07-11T05:10:13.329Z"}
{"level":"info","message":"⌛ Building environment","timeElapsed":464,"timestamp":"2026-07-11T05:10:14.023Z"}
{"level":"info","message":"⌛ Validating scripts/gestionNiveles/niveles/datosNivelADefinir.wlk","timeElapsed":332,"timestamp":"2026-07-11T05:10:14.573Z"}
{"level":"info","message":"⌛ Building environment","timeElapsed":329,"timestamp":"2026-07-11T05:10:18.027Z"}
{"level":"info","message":"⌛ Validating scripts/gestionNiveles/gestorNivel.wlk","timeElapsed":374,"timestamp":"2026-07-11T05:10:18.459Z"}
{"level":"info","message":"⌛ Building environment","timeElapsed":265,"timestamp":"2026-07-11T05:10:18.725Z"}
{"level":"info","message":"⌛ Autocomplete - Reference","timeElapsed":145,"timestamp":"2026-07-11T05:10:18.917Z"}
{"level":"info","message":"⌛ Validating scripts/gestionNiveles/gestorNivel.wlk","timeElapsed":398,"timestamp":"2026-07-11T05:10:19.323Z"}
{"level":"info","message":"⌛ Building environment","timeElapsed":324,"timestamp":"2026-07-11T05:10:19.659Z"}
{"level":"info","message":"⌛ Building environment","timeElapsed":267,"timestamp":"2026-07-11T05:10:19.972Z"}
{"level":"info","message":"⌛ Validating scripts/gestionNiveles/gestorNivel.wlk","timeElapsed":261,"timestamp":"2026-07-11T05:10:20.254Z"}
{"level":"info","message":"⌛ Validating scripts/gestionNiveles/gestorNivel.wlk","timeElapsed":596,"timestamp":"2026-07-11T05:10:20.895Z"}
{"level":"info","message":"⌛ Building environment","timeElapsed":702,"timestamp":"2026-07-11T05:10:21.601Z"}
{"level":"info","message":"⌛ Building environment","timeElapsed":563,"timestamp":"2026-07-11T05:10:22.168Z"}
{"level":"info","message":"⌛ Building environment","timeElapsed":641,"timestamp":"2026-07-11T05:10:22.810Z"}
{"level":"info","message":"⌛ Building environment","timeElapsed":348,"timestamp":"2026-07-11T05:10:23.159Z"}
{"level":"info","message":"⌛ Building environment","timeElapsed":319,"timestamp":"2026-07-11T05:10:23.494Z"}
{"level":"info","message":"⌛ Validating scripts/gestionNiveles/gestorNivel.wlk","timeElapsed":286,"timestamp":"2026-07-11T05:10:23.818Z"}
{"level":"info","message":"⌛ Validating scripts/gestionNiveles/gestorNivel.wlk","timeElapsed":360,"timestamp":"2026-07-11T05:10:24.179Z"}
{"level":"info","message":"⌛ Validating scripts/gestionNiveles/gestorNivel.wlk","timeElapsed":278,"timestamp":"2026-07-11T05:10:24.459Z"}
{"level":"info","message":"⌛ Validating scripts/gestionNiveles/gestorNivel.wlk","timeElapsed":280,"timestamp":"2026-07-11T05:10:24.741Z"}
{"level":"info","message":"⌛ Validating scripts/gestionNiveles/gestorNivel.wlk","timeElapsed":341,"timestamp":"2026-07-11T05:10:25.083Z"}
{"level":"info","message":"⌛ Building environment","timeElapsed":566,"timestamp":"2026-07-11T05:12:02.297Z"}
{"level":"info","message":"⌛ Validating scripts/gestionNiveles/niveles/datosNivel16.wlk","timeElapsed":614,"timestamp":"2026-07-11T05:12:02.941Z"}
{"level":"error","message":"✘ Failed to get type description: Error: Failed to print, found malformed node Failed to print, found malformed node","node":{"id":"50dd5141-a472-4e14-879a-57458d95c1e2","members":[{"body":{"id":"f8ec3d1e-ac1b-405a-b1ec-7a8eb65a4438","metadata":[],"problems":[{"code":"malformedSentence","sourceMap":{"end":{"column":6,"line":7,"offset":94},"start":{"column":5,"line":7,"offset":93}}}],"scope":{"containerScope":{"containerScope":{"containerScope":{"containerScope":{"containerScope":{"containerScope":{"containerScope":{"contributions":{},"includedScopes":[]},"contributions":{},"includedScopes":[]},"contributions":{},"includedScopes":[]},"contributions":{},"includedScopes":[]},"contributions":{},"includedScopes":[{"contributions":{},"includedScopes":[]}]},"contributions":{},"includedScopes":[{"containerScope":{"containerScope":{"containerScope":{"containerScope":{"containerScope":{"contributions":{},"includedScopes":[]},"contributions":{},"includedScopes":[]},"contributions":{},"includedScopes":[]},"contributions":{},"includedScopes":[]},"contributions":{},"includedScopes":[{"contributions":{},"includedScopes":[]}]},"contributions":{},"includedScopes":[{"containerScope":{"containerScope":{"containerScope":{"contributions":{},"includedScopes":[]},"contributions":{},"includedScopes":[]},"contributions":{},"includedScopes":[]},"contributions":{},"includedScopes":[]}]},{"containerScope":{"containerScope":{"containerScope":{"contributions":{},"includedScopes":[]},"contributions":{},"includedScopes":[]},"contributions":{},"includedScopes":[]},"contributions":{},"includedScopes":[]}]},"contributions":{},"includedScopes":[]},"contributions":{},"includedScopes":[]},"sentences":[],"sourceMap":{"end":{"column":6,"line":7,"offset":94},"start":{"column":5,"line":7,"offset":93}}},"compiled":false,"id":"dda222f1-02d7-40ba-8967-10b5d04323bc","isOverride":true,"metadata":[],"name":"mapaData","parameters":[],"problems":[],"scope":{"containerScope":{"containerScope":{"containerScope":{"containerScope":{"containerScope":{"containerScope":{"contributions":{},"includedScopes":[]},"contributions":{},"includedScopes":[]},"contributions":{},"includedScopes":[]},"contributions":{},"includedScopes":[]},"contributions":{},"includedScopes":[{"contributions":{},"includedScopes":[]}]},"contributions":{},"includedScopes":[{"containerScope":{"containerScope":{"containerScope":{"containerScope":{"containerScope":{"contributions":{},"includedScopes":[]},"contributions":{},"includedScopes":[]},"contributions":{},"includedScopes":[]},"contributions":{},"includedScopes":[]},"contributions":{},"includedScopes":[{"contributions":{},"includedScopes":[]}]},"contributions":{},"includedScopes":[{"containerScope":{"containerScope":{"containerScope":{"contributions":{},"includedScopes":[]},"contributions":{},"includedScopes":[]},"contributions":{},"includedScopes":[]},"contributions":{},"includedScopes":[]}]},{"containerScope":{"containerScope":{"containerScope":{"contributions":{},"includedScopes":[]},"contributions":{},"includedScopes":[]},"contributions":{},"includedScopes":[]},"contributions":{},"includedScopes":[]}]},"contributions":{},"includedScopes":[]},"sourceMap":{"end":{"column":6,"line":7,"offset":94},"start":{"column":5,"line":6,"offset":59}}}],"metadata":[{"args":{"position":"end","text":"//4 palanca 8 boton "},"name":"comment"}],"name":"nivel_16","problems":[{"code":"malformedMember","sourceMap":{"end":{"column":74,"line":8,"offset":169},"start":{"column":9,"line":8,"offset":104}}},{"code":"malformedMember","sourceMap":{"end":{"column":74,"line":9,"offset":244},"start":{"column":9,"line":9,"offset":179}}},{"code":"malformedMember","sourceMap":{"end":{"column":74,"line":10,"offset":319},"start":{"column":9,"line":10,"offset":254}}},{"code":"malformedMember","sourceMap":{"end":{"column":74,"line":11,"offset":394},"start":{"column":9,"line":11,"offset":329}}},{"code":"malformedMember","sourceMap":{"end":{"column":74,"line":12,"offset":469},"start":{"column":9,"line":12,"offset":404}}},{"code":"malformedMember","sourceMap":{"end":{"column":78,"line":13,"offset":548},"start":{"column":9,"line":13,"offset":479}}},{"code":"malformedMember","sourceMap":{"end":{"column":76,"line":14,"offset":625},"start":{"column":9,"line":14,"offset":558}}},{"code":"malformedMember","sourceMap":{"end":{"column":76,"line":15,"offset":702},"start":{"column":9,"line":15,"offset":635}}},{"code":"malformedMember","sourceMap":{"end":{"column":78,"line":16,"offset":781},"start":{"column":9,"line":16,"offset":712}}},{"code":"malformedMember","sourceMap":{"end":{"column":80,"line":17,"offset":862},"start":{"column":9,"line":17,"offset":791}}},{"code":"malformedMember","sourceMap":{"end":{"column":73,"line":18,"offset":936},"start":{"column":9,"line":18,"offset":872}}},{"code":"malformedMember","sourceMap":{"end":{"column":6,"line":19,"offset":943},"start":{"column":5,"line":19,"offset":942}}}],"scope":{"containerScope":{"containerScope":{"containerScope":{"containerScope":{"containerScope":{"contributions":{},"includedScopes":[]},"contributions":{},"includedScopes":[]},"contributions":{},"includedScopes":[]},"contributions":{},"includedScopes":[]},"contributions":{},"includedScopes":[{"contributions":{},"includedScopes":[]}]},"contributions":{},"includedScopes":[{"containerScope":{"containerScope":{"containerScope":{"containerScope":{"containerScope":{"contributions":{},"includedScopes":[]},"contributions":{},"includedScopes":[]},"contributions":{},"includedScopes":[]},"contributions":{},"includedScopes":[]},"contributions":{},"includedScopes":[{"contributions":{},"includedScopes":[]}]},"contributions":{},"includedScopes":[{"containerScope":{"containerScope":{"containerScope":{"contributions":{},"includedScopes":[]},"contributions":{},"includedScopes":[]},"contributions":{},"includedScopes":[]},"contributions":{},"includedScopes":[]}]},{"containerScope":{"containerScope":{"containerScope":{"contributions":{},"includedScopes":[]},"contributions":{},"includedScopes":[]},"contributions":{},"includedScopes":[]},"contributions":{},"includedScopes":[]}]},"sourceMap":{"end":{"column":2,"line":20,"offset":946},"start":{"column":1,"line":4,"offset":20}},"supertypes":[{"args":[],"id":"981c6e25-3453-4069-89d2-0d17d95a1fb6","metadata":[],"reference":{"id":"997a13c9-b5f9-48e1-bd82-75f7ae657e11","metadata":[],"name":"Nivel","scope":{"containerScope":{"containerScope":{"containerScope":{"containerScope":{"containerScope":{"containerScope":{"contributions":{},"includedScopes":[]},"contributions":{},"includedScopes":[]},"contributions":{},"includedScopes":[]},"contributions":{},"includedScopes":[]},"contributions":{},"includedScopes":[{"contributions":{},"includedScopes":[]}]},"contributions":{},"includedScopes":[{"containerScope":{"containerScope":{"containerScope":{"containerScope":{"containerScope":{"contributions":{},"includedScopes":[]},"contributions":{},"includedScopes":[]},"contributions":{},"includedScopes":[]},"contributions":{},"includedScopes":[]},"contributions":{},"includedScopes":[{"contributions":{},"includedScopes":[]}]},"contributions":{},"includedScopes":[{"containerScope":{"containerScope":{"containerScope":{"contributions":{},"includedScopes":[]},"contributions":{},"includedScopes":[]},"contributions":{},"includedScopes":[]},"contributions":{},"includedScopes":[]}]},{"containerScope":{"containerScope":{"containerScope":{"contributions":{},"includedScopes":[]},"contributions":{},"includedScopes":[]},"contributions":{},"includedScopes":[]},"contributions":{},"includedScopes":[]}]},"contributions":{},"includedScopes":[]},"sourceMap":{"end":{"column":31,"line":4,"offset":50},"start":{"column":26,"line":4,"offset":45}}},"scope":{"containerScope":{"containerScope":{"containerScope":{"containerScope":{"containerScope":{"containerScope":{"contributions":{},"includedScopes":[]},"contributions":{},"includedScopes":[]},"contributions":{},"includedScopes":[]},"contributions":{},"includedScopes":[]},"contributions":{},"includedScopes":[{"contributions":{},"includedScopes":[]}]},"contributions":{},"includedScopes":[{"containerScope":{"containerScope":{"containerScope":{"containerScope":{"containerScope":{"contributions":{},"includedScopes":[]},"contributions":{},"includedScopes":[]},"contributions":{},"includedScopes":[]},"contributions":{},"includedScopes":[]},"contributions":{},"includedScopes":[{"contributions":{},"includedScopes":[]}]},"contributions":{},"includedScopes":[{"containerScope":{"containerScope":{"containerScope":{"contributions":{},"includedScopes":[]},"contributions":{},"includedScopes":[]},"contributions":{},"includedScopes":[]},"contributions":{},"includedScopes":[]}]},{"containerScope":{"containerScope":{"containerScope":{"contributions":{},"includedScopes":[]},"contributions":{},"includedScopes":[]},"contributions":{},"includedScopes":[]},"contributions":{},"includedScopes":[]}]},"contributions":{},"includedScopes":[]},"sourceMap":{"end":{"column":31,"line":4,"offset":50},"start":{"column":26,"line":4,"offset":45}}}]},"stack":"Error: Failed to print, found malformed node\n    at c:\\Users\\Usuario\\.vscode\\extensions\\uqbar.wollok-lsp-ide-0.5.4\\out\\server\\src\\server.js:68:3585\n    at Kbn (c:\\Users\\Usuario\\.vscode\\extensions\\uqbar.wollok-lsp-ide-0.5.4\\out\\server\\src\\server.js:68:3396)\n    at c:\\Users\\Usuario\\.vscode\\extensions\\uqbar.wollok-lsp-ide-0.5.4\\out\\server\\src\\server.js:2398:847\n    at c:\\Users\\Usuario\\.vscode\\extensions\\uqbar.wollok-lsp-ide-0.5.4\\out\\server\\src\\server.js:2398:8440\n    at c:\\Users\\Usuario\\.vscode\\extensions\\uqbar.wollok-lsp-ide-0.5.4\\out\\server\\src\\server.js:37:74770\n    at Ke (c:\\Users\\Usuario\\.vscode\\extensions\\uqbar.wollok-lsp-ide-0.5.4\\out\\server\\src\\server.js:7:8527)\n    at Lt (c:\\Users\\Usuario\\.vscode\\extensions\\uqbar.wollok-lsp-ide-0.5.4\\out\\server\\src\\server.js:7:6189)\n    at ct (c:\\Users\\Usuario\\.vscode\\extensions\\uqbar.wollok-lsp-ide-0.5.4\\out\\server\\src\\server.js:7:6378)\n    at Immediate._onImmediate (c:\\Users\\Usuario\\.vscode\\extensions\\uqbar.wollok-lsp-ide-0.5.4\\out\\server\\src\\server.js:7:6142)\n    at process.processImmediate (node:internal/timers:504:21)","timestamp":"2026-07-11T05:12:27.037Z"}
{"level":"info","message":"⌛ Building environment","timeElapsed":475,"timestamp":"2026-07-11T05:12:29.410Z"}
{"level":"info","message":"⌛ Building environment","timeElapsed":426,"timestamp":"2026-07-11T05:12:29.844Z"}
{"level":"info","message":"⌛ Validating scripts/gestionNiveles/niveles/datosNivel16.wlk","timeElapsed":727,"timestamp":"2026-07-11T05:12:30.628Z"}
{"level":"info","message":"⌛ Validating scripts/gestionNiveles/niveles/datosNivel16.wlk","timeElapsed":596,"timestamp":"2026-07-11T05:12:31.225Z"}
{"level":"info","message":"⌛ Building environment","timeElapsed":423,"timestamp":"2026-07-11T05:12:32.904Z"}
{"level":"info","message":"⌛ Validating scripts/gestionNiveles/niveles/datosNivel16.wlk","timeElapsed":414,"timestamp":"2026-07-11T05:12:33.349Z"}
{"level":"info","message":"⌛ Building environment","timeElapsed":324,"timestamp":"2026-07-11T05:12:36.290Z"}
{"level":"info","message":"⌛ Validating scripts/gestionNiveles/niveles/datosNivel16.wlk","timeElapsed":459,"timestamp":"2026-07-11T05:12:36.799Z"}
{"level":"info","message":"⌛ Building environment","timeElapsed":653,"timestamp":"2026-07-11T05:12:37.777Z"}
{"level":"info","message":"⌛ Building environment","timeElapsed":295,"timestamp":"2026-07-11T05:12:38.093Z"}
{"level":"info","message":"⌛ Validating scripts/gestionNiveles/niveles/datosNivel16.wlk","timeElapsed":519,"timestamp":"2026-07-11T05:12:38.634Z"}
{"level":"info","message":"⌛ Validating scripts/gestionNiveles/niveles/datosNivel16.wlk","timeElapsed":544,"timestamp":"2026-07-11T05:12:39.181Z"}
{"level":"info","message":"⌛ Building environment","timeElapsed":293,"timestamp":"2026-07-11T05:12:39.475Z"}
{"level":"info","message":"⌛ Validating scripts/gestionNiveles/niveles/datosNivel16.wlk","timeElapsed":459,"timestamp":"2026-07-11T05:12:40.003Z"}
{"level":"info","message":"⌛ Building environment","timeElapsed":552,"timestamp":"2026-07-11T05:12:55.740Z"}
{"level":"info","message":"⌛ Building environment","timeElapsed":655,"timestamp":"2026-07-11T05:12:56.431Z"}
{"level":"info","message":"⌛ Validating scripts/gestionNiveles/niveles/datosNivel16.wlk","timeElapsed":411,"timestamp":"2026-07-11T05:12:56.843Z"}
{"level":"info","message":"⌛ Building environment","timeElapsed":581,"timestamp":"2026-07-11T05:12:57.458Z"}
{"level":"info","message":"⌛ Building environment","timeElapsed":463,"timestamp":"2026-07-11T05:12:57.923Z"}
{"level":"info","message":"⌛ Validating scripts/gestionNiveles/niveles/datosNivel16.wlk","timeElapsed":787,"timestamp":"2026-07-11T05:12:58.757Z"}
{"level":"info","message":"⌛ Validating scripts/gestionNiveles/niveles/datosNivel16.wlk","timeElapsed":591,"timestamp":"2026-07-11T05:12:59.355Z"}
{"level":"info","message":"⌛ Validating scripts/gestionNiveles/niveles/datosNivel16.wlk","timeElapsed":351,"timestamp":"2026-07-11T05:12:59.707Z"}
{"level":"info","message":"⌛ Building environment","timeElapsed":442,"timestamp":"2026-07-11T05:13:03.363Z"}
{"level":"info","message":"⌛ Building environment","timeElapsed":1311,"timestamp":"2026-07-11T05:13:04.675Z"}
{"level":"info","message":"⌛ Validating scripts/gestionNiveles/niveles/datosNivel16.wlk","timeElapsed":945,"timestamp":"2026-07-11T05:13:05.622Z"}
{"level":"info","message":"⌛ Validating scripts/gestionNiveles/niveles/datosNivel16.wlk","timeElapsed":2025,"timestamp":"2026-07-11T05:13:07.701Z"}
{"level":"info","message":"⌛ Building environment","timeElapsed":720,"timestamp":"2026-07-11T05:13:08.422Z"}
{"level":"info","message":"⌛ Building environment","timeElapsed":1076,"timestamp":"2026-07-11T05:13:09.509Z"}
{"level":"info","message":"⌛ Building environment","timeElapsed":481,"timestamp":"2026-07-11T05:13:10.029Z"}
{"level":"info","message":"⌛ Building environment","timeElapsed":412,"timestamp":"2026-07-11T05:13:10.442Z"}
{"level":"info","message":"⌛ Validating scripts/gestionNiveles/niveles/datosNivel16.wlk","timeElapsed":377,"timestamp":"2026-07-11T05:13:10.875Z"}
{"level":"info","message":"⌛ Validating scripts/gestionNiveles/niveles/datosNivel16.wlk","timeElapsed":510,"timestamp":"2026-07-11T05:13:11.396Z"}
{"level":"info","message":"⌛ Validating scripts/gestionNiveles/niveles/datosNivel16.wlk","timeElapsed":454,"timestamp":"2026-07-11T05:13:11.850Z"}
{"level":"info","message":"⌛ Validating scripts/gestionNiveles/niveles/datosNivel16.wlk","timeElapsed":623,"timestamp":"2026-07-11T05:13:12.474Z"}
{"level":"info","message":"⌛ Building environment","timeElapsed":394,"timestamp":"2026-07-11T05:13:12.895Z"}
{"level":"info","message":"⌛ Building environment","timeElapsed":466,"timestamp":"2026-07-11T05:13:13.376Z"}
{"level":"info","message":"⌛ Building environment","timeElapsed":331,"timestamp":"2026-07-11T05:13:13.742Z"}
{"level":"info","message":"⌛ Validating scripts/gestionNiveles/niveles/datosNivel16.wlk","timeElapsed":621,"timestamp":"2026-07-11T05:13:14.387Z"}
{"level":"info","message":"⌛ Validating scripts/gestionNiveles/niveles/datosNivel16.wlk","timeElapsed":896,"timestamp":"2026-07-11T05:13:15.291Z"}
{"level":"info","message":"⌛ Validating scripts/gestionNiveles/niveles/datosNivel16.wlk","timeElapsed":587,"timestamp":"2026-07-11T05:13:15.881Z"}
{"level":"info","message":"⌛ Building environment","timeElapsed":349,"timestamp":"2026-07-11T05:13:51.496Z"}
{"level":"info","message":"⌛ Building environment","timeElapsed":478,"timestamp":"2026-07-11T05:13:51.975Z"}
{"level":"info","message":"⌛ Validating scripts/gestionNiveles/niveles/datosNivel16.wlk","timeElapsed":418,"timestamp":"2026-07-11T05:13:52.394Z"}
{"level":"info","message":"⌛ Validating scripts/gestionNiveles/niveles/datosNivel16.wlk","timeElapsed":465,"timestamp":"2026-07-11T05:13:52.880Z"}
{"level":"info","message":"⌛ Building environment","timeElapsed":893,"timestamp":"2026-07-11T05:13:56.746Z"}
{"level":"info","message":"⌛ Building environment","timeElapsed":560,"timestamp":"2026-07-11T05:13:57.313Z"}
{"level":"info","message":"⌛ Validating scripts/gestionNiveles/niveles/datosNivel16.wlk","timeElapsed":475,"timestamp":"2026-07-11T05:13:57.823Z"}
{"level":"info","message":"⌛ Building environment","timeElapsed":574,"timestamp":"2026-07-11T05:13:58.401Z"}
{"level":"info","message":"⌛ Building environment","timeElapsed":429,"timestamp":"2026-07-11T05:13:58.831Z"}
{"level":"info","message":"⌛ Validating scripts/gestionNiveles/niveles/datosNivel16.wlk","timeElapsed":577,"timestamp":"2026-07-11T05:13:59.408Z"}
{"level":"info","message":"⌛ Building environment","timeElapsed":566,"timestamp":"2026-07-11T05:13:59.997Z"}
{"level":"info","message":"⌛ Building environment","timeElapsed":722,"timestamp":"2026-07-11T05:14:00.722Z"}
{"level":"info","message":"⌛ Validating scripts/gestionNiveles/niveles/datosNivel16.wlk","timeElapsed":542,"timestamp":"2026-07-11T05:14:01.265Z"}
{"level":"info","message":"⌛ Validating scripts/gestionNiveles/niveles/datosNivel16.wlk","timeElapsed":399,"timestamp":"2026-07-11T05:14:01.692Z"}
{"level":"info","message":"⌛ Building environment","timeElapsed":687,"timestamp":"2026-07-11T05:14:02.380Z"}
{"level":"info","message":"⌛ Building environment","timeElapsed":937,"timestamp":"2026-07-11T05:14:03.321Z"}
{"level":"info","message":"⌛ Validating scripts/gestionNiveles/niveles/datosNivel16.wlk","timeElapsed":379,"timestamp":"2026-07-11T05:14:03.743Z"}
{"level":"info","message":"⌛ Validating scripts/gestionNiveles/niveles/datosNivel16.wlk","timeElapsed":367,"timestamp":"2026-07-11T05:14:04.114Z"}
{"level":"info","message":"⌛ Building environment","timeElapsed":331,"timestamp":"2026-07-11T05:14:04.461Z"}
{"level":"info","message":"⌛ Building environment","timeElapsed":418,"timestamp":"2026-07-11T05:14:04.881Z"}
{"level":"info","message":"⌛ Validating scripts/gestionNiveles/niveles/datosNivel16.wlk","timeElapsed":449,"timestamp":"2026-07-11T05:14:05.361Z"}
{"level":"info","message":"⌛ Validating scripts/gestionNiveles/niveles/datosNivel16.wlk","timeElapsed":598,"timestamp":"2026-07-11T05:14:05.960Z"}
{"level":"info","message":"⌛ Validating scripts/gestionNiveles/niveles/datosNivel16.wlk","timeElapsed":348,"timestamp":"2026-07-11T05:14:06.680Z"}
{"level":"info","message":"⌛ Validating scripts/gestionNiveles/niveles/datosNivel16.wlk","timeElapsed":442,"timestamp":"2026-07-11T05:14:07.123Z"}
{"level":"info","message":"⌛ Building environment","timeElapsed":306,"timestamp":"2026-07-11T05:14:19.667Z"}
{"level":"info","message":"⌛ Validating scripts/gestionNiveles/niveles/datosNivel16.wlk","timeElapsed":339,"timestamp":"2026-07-11T05:14:20.072Z"}
{"level":"info","message":"⌛ Building environment","timeElapsed":793,"timestamp":"2026-07-11T05:14:21.817Z"}
{"level":"info","message":"⌛ Validating scripts/gestionNiveles/niveles/datosNivel16.wlk","timeElapsed":551,"timestamp":"2026-07-11T05:14:22.431Z"}
{"level":"info","message":"⌛ Building environment","timeElapsed":418,"timestamp":"2026-07-11T05:14:36.249Z"}
{"level":"info","message":"⌛ Validating scripts/gestionNiveles/niveles/datosNivel16.wlk","timeElapsed":327,"timestamp":"2026-07-11T05:14:36.593Z"}
{"level":"info","message":"⌛ Building environment","timeElapsed":463,"timestamp":"2026-07-11T05:14:37.148Z"}
{"level":"info","message":"⌛ Validating scripts/gestionNiveles/niveles/datosNivel16.wlk","timeElapsed":325,"timestamp":"2026-07-11T05:14:37.528Z"}
{"level":"info","message":"⌛ Building environment","timeElapsed":415,"timestamp":"2026-07-11T05:15:09.262Z"}
{"level":"info","message":"⌛ Validating scripts/gestionNiveles/niveles/datosNivel16.wlk","timeElapsed":391,"timestamp":"2026-07-11T05:15:09.679Z"}
{"level":"info","message":"⌛ Building environment","timeElapsed":954,"timestamp":"2026-07-11T05:15:23.222Z"}
{"level":"info","message":"⌛ Building environment","timeElapsed":295,"timestamp":"2026-07-11T05:15:23.565Z"}
{"level":"info","message":"⌛ Validating scripts/gestionNiveles/niveles/datosNivel16.wlk","timeElapsed":438,"timestamp":"2026-07-11T05:15:24.023Z"}
{"level":"info","message":"⌛ Validating scripts/gestionNiveles/niveles/datosNivel16.wlk","timeElapsed":330,"timestamp":"2026-07-11T05:15:24.354Z"}
{"level":"info","message":"⌛ Building environment","timeElapsed":600,"timestamp":"2026-07-11T05:15:42.421Z"}
{"level":"info","message":"⌛ Building environment","timeElapsed":571,"timestamp":"2026-07-11T05:15:42.995Z"}
{"level":"info","message":"⌛ Validating scripts/gestionNiveles/niveles/datosNivel16.wlk","timeElapsed":691,"timestamp":"2026-07-11T05:15:43.745Z"}
{"level":"info","message":"⌛ Validating scripts/gestionNiveles/niveles/datosNivel16.wlk","timeElapsed":941,"timestamp":"2026-07-11T05:15:44.772Z"}
{"level":"info","message":"⌛ Building environment","timeElapsed":351,"timestamp":"2026-07-11T05:15:45.127Z"}
{"level":"info","message":"⌛ Building environment","timeElapsed":474,"timestamp":"2026-07-11T05:15:45.603Z"}
{"level":"info","message":"⌛ Validating scripts/gestionNiveles/niveles/datosNivel16.wlk","timeElapsed":341,"timestamp":"2026-07-11T05:15:45.994Z"}
{"level":"info","message":"⌛ Validating scripts/gestionNiveles/niveles/datosNivel16.wlk","timeElapsed":586,"timestamp":"2026-07-11T05:15:46.642Z"}
{"level":"info","message":"⌛ Building environment","timeElapsed":396,"timestamp":"2026-07-11T05:15:48.842Z"}
{"level":"info","message":"⌛ Building environment","timeElapsed":382,"timestamp":"2026-07-11T05:15:49.225Z"}
{"level":"info","message":"⌛ Validating scripts/gestionNiveles/niveles/datosNivel16.wlk","timeElapsed":467,"timestamp":"2026-07-11T05:15:49.727Z"}
{"level":"info","message":"⌛ Validating scripts/gestionNiveles/niveles/datosNivel16.wlk","timeElapsed":1095,"timestamp":"2026-07-11T05:15:50.873Z"}
{"level":"info","message":"⌛ Building environment","timeElapsed":522,"timestamp":"2026-07-11T05:15:51.403Z"}
{"level":"info","message":"⌛ Building environment","timeElapsed":318,"timestamp":"2026-07-11T05:15:51.722Z"}
{"level":"info","message":"⌛ Validating scripts/gestionNiveles/niveles/datosNivel16.wlk","timeElapsed":369,"timestamp":"2026-07-11T05:15:52.164Z"}
{"level":"info","message":"⌛ Validating scripts/gestionNiveles/niveles/datosNivel16.wlk","timeElapsed":1019,"timestamp":"2026-07-11T05:15:53.231Z"}
{"level":"info","message":"⌛ Building environment","timeElapsed":1467,"timestamp":"2026-07-11T05:16:07.967Z"}
{"level":"info","message":"⌛ Building environment","timeElapsed":600,"timestamp":"2026-07-11T05:16:08.569Z"}
{"level":"info","message":"⌛ Validating scripts/gestionNiveles/niveles/datosNivel16.wlk","timeElapsed":1536,"timestamp":"2026-07-11T05:16:10.339Z"}
{"level":"info","message":"⌛ Validating scripts/gestionNiveles/niveles/datosNivel16.wlk","timeElapsed":1363,"timestamp":"2026-07-11T05:16:11.716Z"}
{"level":"info","message":"⌛ Building environment","timeElapsed":1020,"timestamp":"2026-07-11T05:16:12.753Z"}
{"level":"info","message":"⌛ Building environment","timeElapsed":804,"timestamp":"2026-07-11T05:16:13.577Z"}
{"level":"info","message":"⌛ Building environment","timeElapsed":525,"timestamp":"2026-07-11T05:16:14.148Z"}
{"level":"info","message":"⌛ Building environment","timeElapsed":1054,"timestamp":"2026-07-11T05:16:15.203Z"}
{"level":"info","message":"⌛ Building environment","timeElapsed":839,"timestamp":"2026-07-11T05:16:16.083Z"}
{"level":"info","message":"⌛ Building environment","timeElapsed":430,"timestamp":"2026-07-11T05:16:16.515Z"}
{"level":"info","message":"⌛ Validating scripts/gestionNiveles/niveles/datosNivel16.wlk","timeElapsed":425,"timestamp":"2026-07-11T05:16:17.148Z"}
{"level":"info","message":"⌛ Building environment","timeElapsed":363,"timestamp":"2026-07-11T05:16:17.512Z"}
{"level":"info","message":"⌛ Building environment","timeElapsed":290,"timestamp":"2026-07-11T05:16:17.803Z"}
{"level":"info","message":"⌛ Validating scripts/gestionNiveles/niveles/datosNivel16.wlk","timeElapsed":325,"timestamp":"2026-07-11T05:16:18.162Z"}
{"level":"info","message":"⌛ Building environment","timeElapsed":350,"timestamp":"2026-07-11T05:16:18.521Z"}
{"level":"info","message":"⌛ Building environment","timeElapsed":353,"timestamp":"2026-07-11T05:16:18.878Z"}
{"level":"info","message":"⌛ Validating scripts/gestionNiveles/niveles/datosNivel16.wlk","timeElapsed":736,"timestamp":"2026-07-11T05:16:19.617Z"}
{"level":"info","message":"⌛ Validating scripts/gestionNiveles/niveles/datosNivel16.wlk","timeElapsed":437,"timestamp":"2026-07-11T05:16:20.088Z"}
{"level":"info","message":"⌛ Building environment","timeElapsed":494,"timestamp":"2026-07-11T05:16:20.583Z"}
{"level":"info","message":"⌛ Building environment","timeElapsed":441,"timestamp":"2026-07-11T05:16:21.025Z"}
{"level":"info","message":"⌛ Validating scripts/gestionNiveles/niveles/datosNivel16.wlk","timeElapsed":949,"timestamp":"2026-07-11T05:16:21.975Z"}
{"level":"info","message":"⌛ Validating scripts/gestionNiveles/niveles/datosNivel16.wlk","timeElapsed":409,"timestamp":"2026-07-11T05:16:22.407Z"}
{"level":"info","message":"⌛ Validating scripts/gestionNiveles/niveles/datosNivel16.wlk","timeElapsed":435,"timestamp":"2026-07-11T05:16:22.856Z"}
{"level":"info","message":"⌛ Validating scripts/gestionNiveles/niveles/datosNivel16.wlk","timeElapsed":462,"timestamp":"2026-07-11T05:16:23.322Z"}
{"level":"info","message":"⌛ Validating scripts/gestionNiveles/niveles/datosNivel16.wlk","timeElapsed":423,"timestamp":"2026-07-11T05:16:23.809Z"}
{"level":"info","message":"⌛ Validating scripts/gestionNiveles/niveles/datosNivel16.wlk","timeElapsed":509,"timestamp":"2026-07-11T05:16:24.319Z"}
{"level":"info","message":"⌛ Validating scripts/gestionNiveles/niveles/datosNivel16.wlk","timeElapsed":667,"timestamp":"2026-07-11T05:16:25.054Z"}
{"level":"info","message":"⌛ Validating scripts/gestionNiveles/niveles/datosNivel16.wlk","timeElapsed":386,"timestamp":"2026-07-11T05:16:25.442Z"}
{"level":"info","message":"⌛ Building environment","timeElapsed":773,"timestamp":"2026-07-11T05:17:27.809Z"}
{"level":"info","message":"⌛ Validating scripts/gestionNiveles/niveles/datosNivel16.wlk","timeElapsed":568,"timestamp":"2026-07-11T05:17:28.494Z"}
{"level":"info","message":"⌛ Building environment","timeElapsed":637,"timestamp":"2026-07-11T05:19:38.941Z"}
{"level":"info","message":"⌛ Validating scripts/gestionNiveles/niveles/datosNivel17.wlk","timeElapsed":1049,"timestamp":"2026-07-11T05:19:40.043Z"}
{"level":"info","message":"⌛ Building environment","timeElapsed":892,"timestamp":"2026-07-11T05:20:51.519Z"}
{"level":"info","message":"⌛ Validating juego.wpgm","timeElapsed":511,"timestamp":"2026-07-11T05:20:52.078Z"}
{"exitCode":"SIGHUP","level":"info","message":"👾 Game executed juego.rpg on c:\\Users\\Usuario\\OneDrive\\Documentos\\tpGameSelf-y-sus-amigos\\tp-final-wollok-game-self-y-sus-amigos","timeElapsed":3983654,"timestamp":"2026-07-11T05:20:52.704Z"}
{"errors":{"errors":[null,["/*\r","Este archivo define los identificadores (IDs) utilizados por los niveles y\r","cómo la fábrica convierte cada ID en un objeto del juego.\r","Cada celda del nivel contiene un número entero.\r","Los IDs simples representan directamente un tipo de objeto:\r","Objetos\r","0   = Celda vacía\r","1   = Colisión\r","2   = Moneda\r","20  = Baldosa\r","30  = Pinchos\r","31  = Pinchos cerrados\r","4   = Palanca\r","6   = Caja\r","7   = Portal\r","8   = Botón\r","51  = Puerta horizontal\r","52  = Puerta vertical\r","53  = Puerta horizontal abierta\r","54  = Puerta vertical abierta\r","800 = Láser hacia arriba\r","810 = Láser hacia abajo\r","820 = Láser hacia la derecha\r","830 = Láser hacia la izquierda\r","101 = Salida hacia la izquierda\r","102 = Salida hacia la derecha\r","Enemigos\r","90 = Sapo\r","91 = Murciélago\r","92 = Gato\r","Personaje\r","99 = Posición inicial del jugador\r","------------------------------------------------------------\r","Canales\r","------------------------------------------------------------\r","Algunos objetos (palancas, botones, puertas, pinchos, láseres, etc.)\r","pueden pertenecer a un canal.\r","El canal se codifica agregando un dígito al final del ID.\r","Ejemplos:\r","301 -> Pinchos del canal 1\r","304 -> Pinchos del canal 4\r","81 -> Botón del canal 1\r","85 -> Botón del canal 5\r","521 -> Puerta vertical del canal 1\r","525 -> Puerta vertical del canal 5\r","Cuando la fábrica recibe un ID que no existe exactamente, intenta\r","interpretarlo de la siguiente forma:\r","objeto = id / 10\r","canal  = id % 10\r","Si existe un constructor para \"objeto\", crea la instancia utilizando el\r","canal obtenido.\r","De esta forma no es necesario registrar un constructor para cada posible\r","canal, sino solamente para el tipo base del objeto.\r"]]},"level":"error","message":"✘ Failed to get type description: Error: {\n  \"errors\": [\n    null,\n    [\n      \"/*\\r\",\n      \"Este archivo define los identificadores (IDs) utilizados por los niveles y\\r\",\n      \"cómo la fábrica convierte cada ID en un objeto del juego.\\r\",\n      \"Cada celda del nivel contiene un número entero.\\r\",\n      \"Los IDs simples representan directamente un tipo de objeto:\\r\",\n      \"Objetos\\r\",\n      \"0   = Celda vacía\\r\",\n      \"1   = Colisión\\r\",\n      \"2   = Moneda\\r\",\n      \"20  = Baldosa\\r\",\n      \"30  = Pinchos\\r\",\n      \"31  = Pinchos cerrados\\r\",\n      \"4   = Palanca\\r\",\n      \"6   = Caja\\r\",\n      \"7   = Portal\\r\",\n      \"8   = Botón\\r\",\n      \"51  = Puerta horizontal\\r\",\n      \"52  = Puerta vertical\\r\",\n      \"53  = Puerta horizontal abierta\\r\",\n      \"54  = Puerta vertical abierta\\r\",\n      \"800 = Láser hacia arriba\\r\",\n      \"810 = Láser hacia abajo\\r\",\n      \"820 = Láser hacia la derecha\\r\",\n      \"830 = Láser hacia la izquierda\\r\",\n      \"101 = Salida hacia la izquierda\\r\",\n      \"102 = Salida hacia la derecha\\r\",\n      \"Enemigos\\r\",\n      \"90 = Sapo\\r\",\n      \"91 = Murciélago\\r\",\n      \"92 = Gato\\r\",\n      \"Personaje\\r\",\n      \"99 = Posición inicial del jugador\\r\",\n      \"------------------------------------------------------------\\r\",\n      \"Canales\\r\",\n      \"------------------------------------------------------------\\r\",\n      \"Algunos objetos (palancas, botones, puertas, pinchos, láseres, etc.)\\r\",\n      \"pueden pertenecer a un canal.\\r\",\n      \"El canal se codifica agregando un dígito al final del ID.\\r\",\n      \"Ejemplos:\\r\",\n      \"301 -> Pinchos del canal 1\\r\",\n      \"304 -> Pinchos del canal 4\\r\",\n      \"81 -> Botón del canal 1\\r\",\n      \"85 -> Botón del canal 5\\r\",\n      \"521 -> Puerta vertical del canal 1\\r\",\n      \"525 -> Puerta vertical del canal 5\\r\",\n      \"Cuando la fábrica recibe un ID que no existe exactamente, intenta\\r\",\n      \"interpretarlo de la siguiente forma:\\r\",\n      \"objeto = id / 10\\r\",\n      \"canal  = id % 10\\r\",\n      \"Si existe un constructor para \\\"objeto\\\", crea la instancia utilizando el\\r\",\n      \"canal obtenido.\\r\",\n      \"De esta forma no es necesario registrar un constructor para cada posible\\r\",\n      \"canal, sino solamente para el tipo base del objeto.\\r\"\n    ]\n  ]\n} {\n  \"errors\": [\n    null,\n    [\n      \"/*\\r\",\n      \"Este archivo define los identificadores (IDs) utilizados por los niveles y\\r\",\n      \"cómo la fábrica convierte cada ID en un objeto del juego.\\r\",\n      \"Cada celda del nivel contiene un número entero.\\r\",\n      \"Los IDs simples representan directamente un tipo de objeto:\\r\",\n      \"Objetos\\r\",\n      \"0   = Celda vacía\\r\",\n      \"1   = Colisión\\r\",\n      \"2   = Moneda\\r\",\n      \"20  = Baldosa\\r\",\n      \"30  = Pinchos\\r\",\n      \"31  = Pinchos cerrados\\r\",\n      \"4   = Palanca\\r\",\n      \"6   = Caja\\r\",\n      \"7   = Portal\\r\",\n      \"8   = Botón\\r\",\n      \"51  = Puerta horizontal\\r\",\n      \"52  = Puerta vertical\\r\",\n      \"53  = Puerta horizontal abierta\\r\",\n      \"54  = Puerta vertical abierta\\r\",\n      \"800 = Láser hacia arriba\\r\",\n      \"810 = Láser hacia abajo\\r\",\n      \"820 = Láser hacia la derecha\\r\",\n      \"830 = Láser hacia la izquierda\\r\",\n      \"101 = Salida hacia la izquierda\\r\",\n      \"102 = Salida hacia la derecha\\r\",\n      \"Enemigos\\r\",\n      \"90 = Sapo\\r\",\n      \"91 = Murciélago\\r\",\n      \"92 = Gato\\r\",\n      \"Personaje\\r\",\n      \"99 = Posición inicial del jugador\\r\",\n      \"------------------------------------------------------------\\r\",\n      \"Canales\\r\",\n      \"------------------------------------------------------------\\r\",\n      \"Algunos objetos (palancas, botones, puertas, pinchos, láseres, etc.)\\r\",\n      \"pueden pertenecer a un canal.\\r\",\n      \"El canal se codifica agregando un dígito al final del ID.\\r\",\n      \"Ejemplos:\\r\",\n      \"301 -> Pinchos del canal 1\\r\",\n      \"304 -> Pinchos del canal 4\\r\",\n      \"81 -> Botón del canal 1\\r\",\n      \"85 -> Botón del canal 5\\r\",\n      \"521 -> Puerta vertical del canal 1\\r\",\n      \"525 -> Puerta vertical del canal 5\\r\",\n      \"Cuando la fábrica recibe un ID que no existe exactamente, intenta\\r\",\n      \"interpretarlo de la siguiente forma:\\r\",\n      \"objeto = id / 10\\r\",\n      \"canal  = id % 10\\r\",\n      \"Si existe un constructor para \\\"objeto\\\", crea la instancia utilizando el\\r\",\n      \"canal obtenido.\\r\",\n      \"De esta forma no es necesario registrar un constructor para cada posible\\r\",\n      \"canal, sino solamente para el tipo base del objeto.\\r\"\n    ]\n  ]\n}","stack":"Error: {\n  \"errors\": [\n    null,\n    [\n      \"/*\\r\",\n      \"Este archivo define los identificadores (IDs) utilizados por los niveles y\\r\",\n      \"cómo la fábrica convierte cada ID en un objeto del juego.\\r\",\n      \"Cada celda del nivel contiene un número entero.\\r\",\n      \"Los IDs simples representan directamente un tipo de objeto:\\r\",\n      \"Objetos\\r\",\n      \"0   = Celda vacía\\r\",\n      \"1   = Colisión\\r\",\n      \"2   = Moneda\\r\",\n      \"20  = Baldosa\\r\",\n      \"30  = Pinchos\\r\",\n      \"31  = Pinchos cerrados\\r\",\n      \"4   = Palanca\\r\",\n      \"6   = Caja\\r\",\n      \"7   = Portal\\r\",\n      \"8   = Botón\\r\",\n      \"51  = Puerta horizontal\\r\",\n      \"52  = Puerta vertical\\r\",\n      \"53  = Puerta horizontal abierta\\r\",\n      \"54  = Puerta vertical abierta\\r\",\n      \"800 = Láser hacia arriba\\r\",\n      \"810 = Láser hacia abajo\\r\",\n      \"820 = Láser hacia la derecha\\r\",\n      \"830 = Láser hacia la izquierda\\r\",\n      \"101 = Salida hacia la izquierda\\r\",\n      \"102 = Salida hacia la derecha\\r\",\n      \"Enemigos\\r\",\n      \"90 = Sapo\\r\",\n      \"91 = Murciélago\\r\",\n      \"92 = Gato\\r\",\n      \"Personaje\\r\",\n      \"99 = Posición inicial del jugador\\r\",\n      \"------------------------------------------------------------\\r\",\n      \"Canales\\r\",\n      \"------------------------------------------------------------\\r\",\n      \"Algunos objetos (palancas, botones, puertas, pinchos, láseres, etc.)\\r\",\n      \"pueden pertenecer a un canal.\\r\",\n      \"El canal se codifica agregando un dígito al final del ID.\\r\",\n      \"Ejemplos:\\r\",\n      \"301 -> Pinchos del canal 1\\r\",\n      \"304 -> Pinchos del canal 4\\r\",\n      \"81 -> Botón del canal 1\\r\",\n      \"85 -> Botón del canal 5\\r\",\n      \"521 -> Puerta vertical del canal 1\\r\",\n      \"525 -> Puerta vertical del canal 5\\r\",\n      \"Cuando la fábrica recibe un ID que no existe exactamente, intenta\\r\",\n      \"interpretarlo de la siguiente forma:\\r\",\n      \"objeto = id / 10\\r\",\n      \"canal  = id % 10\\r\",\n      \"Si existe un constructor para \\\"objeto\\\", crea la instancia utilizando el\\r\",\n      \"canal obtenido.\\r\",\n      \"De esta forma no es necesario registrar un constructor para cada posible\\r\",\n      \"canal, sino solamente para el tipo base del objeto.\\r\"\n    ]\n  ]\n}\n    at lS (c:\\Users\\Usuario\\.vscode\\extensions\\uqbar.wollok-lsp-ide-0.5.4\\out\\server\\src\\server.js:64:34609)\n    at Q1 (c:\\Users\\Usuario\\.vscode\\extensions\\uqbar.wollok-lsp-ide-0.5.4\\out\\server\\src\\server.js:64:34682)\n    at c:\\Users\\Usuario\\.vscode\\extensions\\uqbar.wollok-lsp-ide-0.5.4\\out\\server\\src\\server.js:64:37949\n    at o.y1 (c:\\Users\\Usuario\\.vscode\\extensions\\uqbar.wollok-lsp-ide-0.5.4\\out\\server\\src\\server.js:57:59114)\n    at c:\\Users\\Usuario\\.vscode\\extensions\\uqbar.wollok-lsp-ide-0.5.4\\out\\server\\src\\server.js:64:37918\n    at c:\\Users\\Usuario\\.vscode\\extensions\\uqbar.wollok-lsp-ide-0.5.4\\out\\server\\src\\server.js:57:57154\n    at Cfn (c:\\Users\\Usuario\\.vscode\\extensions\\uqbar.wollok-lsp-ide-0.5.4\\out\\server\\src\\server.js:68:11324)\n    at c:\\Users\\Usuario\\.vscode\\extensions\\uqbar.wollok-lsp-ide-0.5.4\\out\\server\\src\\server.js:68:3629\n    at Array.map (<anonymous>)\n    at c:\\Users\\Usuario\\.vscode\\extensions\\uqbar.wollok-lsp-ide-0.5.4\\out\\server\\src\\server.js:68:4693","timestamp":"2026-07-11T05:23:29.275Z"}
