{"level":"info","message":"🚀 Program executed \u001b[3m\u001b[34mjuego.rpg\u001b[39m\u001b[23m on \u001b[3m\u001b[34mc:\\Users\\zagum\\OneDrive\\Documentos\\Santiago\\Cosas\\Tareas\\Programacion Objetos1\\pruebaJuego\u001b[39m\u001b[23m","ok":true,"timeElapsed":1568,"timestamp":"2026-07-03T23:02:48.144Z"}
{"exitCode":"SIGHUP","level":"info","message":"👾 Game executed juego.rpg on c:\\Users\\zagum\\OneDrive\\Documentos\\Santiago\\Cosas\\Tareas\\Programacion Objetos1\\pruebaJuego","timeElapsed":23739,"timestamp":"2026-07-03T23:03:10.315Z"}
{"level":"info","message":"🚀 Program executed \u001b[3m\u001b[34mjuego.rpg\u001b[39m\u001b[23m on \u001b[3m\u001b[34mc:\\Users\\zagum\\OneDrive\\Documentos\\Santiago\\Cosas\\Tareas\\Programacion Objetos1\\pruebaJuego\u001b[39m\u001b[23m","ok":true,"timeElapsed":1867,"timestamp":"2026-07-03T23:03:13.606Z"}
{"exitCode":0,"level":"info","message":"👾 Game executed juego.rpg on c:\\Users\\zagum\\OneDrive\\Documentos\\Santiago\\Cosas\\Tareas\\Programacion Objetos1\\pruebaJuego","timeElapsed":3360,"timestamp":"2026-07-03T23:03:15.097Z"}
{"level":"info","message":"🚀 Program executed \u001b[3m\u001b[34mjuego.rpg\u001b[39m\u001b[23m on \u001b[3m\u001b[34mc:\\Users\\zagum\\OneDrive\\Documentos\\Santiago\\Cosas\\Tareas\\Programacion Objetos1\\pruebaJuego\u001b[39m\u001b[23m","ok":true,"timeElapsed":2297,"timestamp":"2026-07-03T23:38:29.579Z"}
{"exitCode":"SIGHUP","level":"info","message":"👾 Game executed juego.rpg on c:\\Users\\zagum\\OneDrive\\Documentos\\Santiago\\Cosas\\Tareas\\Programacion Objetos1\\pruebaJuego","timeElapsed":83662,"timestamp":"2026-07-03T23:39:50.942Z"}
{"level":"info","message":"🚀 Program executed \u001b[3m\u001b[34mjuego.rpg\u001b[39m\u001b[23m on \u001b[3m\u001b[34mc:\\Users\\zagum\\OneDrive\\Documentos\\Santiago\\Cosas\\Tareas\\Programacion Objetos1\\pruebaJuego\u001b[39m\u001b[23m","ok":true,"timeElapsed":1895,"timestamp":"2026-07-03T23:39:54.447Z"}
{"exitCode":"SIGHUP","level":"info","message":"👾 Game executed juego.rpg on c:\\Users\\zagum\\OneDrive\\Documentos\\Santiago\\Cosas\\Tareas\\Programacion Objetos1\\pruebaJuego","timeElapsed":1513465,"timestamp":"2026-07-04T00:05:06.016Z"}
{"level":"info","message":"🚀 Program executed \u001b[3m\u001b[34mjuego.rpg\u001b[39m\u001b[23m on \u001b[3m\u001b[34mc:\\Users\\zagum\\OneDrive\\Documentos\\Santiago\\Cosas\\Tareas\\Programacion Objetos1\\pruebaJuego\u001b[39m\u001b[23m","ok":true,"timeElapsed":2051,"timestamp":"2026-07-04T00:05:11.769Z"}
{"exitCode":"SIGHUP","level":"info","message":"👾 Game executed juego.rpg on c:\\Users\\zagum\\OneDrive\\Documentos\\Santiago\\Cosas\\Tareas\\Programacion Objetos1\\pruebaJuego","timeElapsed":1144031,"timestamp":"2026-07-04T00:24:13.750Z"}
{"level":"info","message":"🚀 Program executed \u001b[3m\u001b[34mjuego.rpg\u001b[39m\u001b[23m on \u001b[3m\u001b[34mc:\\Users\\zagum\\OneDrive\\Documentos\\Santiago\\Cosas\\Tareas\\Programacion Objetos1\\pruebaJuego\u001b[39m\u001b[23m","ok":true,"timeElapsed":1928,"timestamp":"2026-07-04T00:24:17.479Z"}
{"exitCode":"SIGHUP","level":"info","message":"👾 Game executed juego.rpg on c:\\Users\\zagum\\OneDrive\\Documentos\\Santiago\\Cosas\\Tareas\\Programacion Objetos1\\pruebaJuego","timeElapsed":126641,"timestamp":"2026-07-04T00:26:22.190Z"}
{"level":"info","message":"🚀 Program executed \u001b[3m\u001b[34mjuego.rpg\u001b[39m\u001b[23m on \u001b[3m\u001b[34mc:\\Users\\zagum\\OneDrive\\Documentos\\Santiago\\Cosas\\Tareas\\Programacion Objetos1\\pruebaJuego\u001b[39m\u001b[23m","ok":true,"timeElapsed":1984,"timestamp":"2026-07-04T00:26:25.535Z"}
{"exitCode":0,"level":"info","message":"👾 Game executed juego.rpg on c:\\Users\\zagum\\OneDrive\\Documentos\\Santiago\\Cosas\\Tareas\\Programacion Objetos1\\pruebaJuego","timeElapsed":5956410,"timestamp":"2026-07-04T02:05:39.960Z"}
{"level":"info","message":"🚀 Program executed \u001b[3m\u001b[34mjuego.rpg\u001b[39m\u001b[23m on \u001b[3m\u001b[34mc:\\Users\\zagum\\OneDrive\\Documentos\\Santiago\\Cosas\\Tareas\\Programacion Objetos1\\pruebaJuego\u001b[39m\u001b[23m","ok":true,"timeElapsed":1900,"timestamp":"2026-07-04T02:08:21.918Z"}
{"exitCode":0,"level":"info","message":"👾 Game executed juego.rpg on c:\\Users\\zagum\\OneDrive\\Documentos\\Santiago\\Cosas\\Tareas\\Programacion Objetos1\\pruebaJuego","timeElapsed":977871,"timestamp":"2026-07-04T02:24:37.890Z"}
{"level":"info","message":"🚀 Program executed \u001b[3m\u001b[34mjuego.rpg\u001b[39m\u001b[23m on \u001b[3m\u001b[34mc:\\Users\\zagum\\OneDrive\\Documentos\\Santiago\\Cosas\\Tareas\\Programacion Objetos1\\pruebaJuego\u001b[39m\u001b[23m","ok":true,"timeElapsed":1638,"timestamp":"2026-07-04T03:01:46.002Z"}
{"exitCode":"SIGHUP","level":"info","message":"👾 Game executed juego.rpg on c:\\Users\\zagum\\OneDrive\\Documentos\\Santiago\\Cosas\\Tareas\\Programacion Objetos1\\pruebaJuego","timeElapsed":90301,"timestamp":"2026-07-04T03:03:14.666Z"}
{"level":"info","message":"🚀 Program executed \u001b[3m\u001b[34mjuego.rpg\u001b[39m\u001b[23m on \u001b[3m\u001b[34mc:\\Users\\zagum\\OneDrive\\Documentos\\Santiago\\Cosas\\Tareas\\Programacion Objetos1\\pruebaJuego\u001b[39m\u001b[23m","ok":true,"timeElapsed":1943,"timestamp":"2026-07-04T03:03:18.123Z"}
{"exitCode":"SIGHUP","level":"info","message":"👾 Game executed juego.rpg on c:\\Users\\zagum\\OneDrive\\Documentos\\Santiago\\Cosas\\Tareas\\Programacion Objetos1\\pruebaJuego","timeElapsed":107012,"timestamp":"2026-07-04T03:05:03.190Z"}
{"level":"info","message":"🚀 Program executed \u001b[3m\u001b[34mjuego.rpg\u001b[39m\u001b[23m on \u001b[3m\u001b[34mc:\\Users\\zagum\\OneDrive\\Documentos\\Santiago\\Cosas\\Tareas\\Programacion Objetos1\\pruebaJuego\u001b[39m\u001b[23m","ok":true,"timeElapsed":2096,"timestamp":"2026-07-04T03:05:06.681Z"}
{"exitCode":0,"level":"info","message":"👾 Game executed juego.rpg on c:\\Users\\zagum\\OneDrive\\Documentos\\Santiago\\Cosas\\Tareas\\Programacion Objetos1\\pruebaJuego","timeElapsed":583953,"timestamp":"2026-07-04T03:14:48.537Z"}
{"level":"info","message":"🚀 Program executed \u001b[3m\u001b[34mjuego.rpg\u001b[39m\u001b[23m on \u001b[3m\u001b[34mc:\\Users\\zagum\\OneDrive\\Documentos\\Santiago\\Cosas\\Tareas\\Programacion Objetos1\\pruebaJuego\u001b[39m\u001b[23m","ok":true,"timeElapsed":1629,"timestamp":"2026-07-04T12:43:16.725Z"}
{"exitCode":0,"level":"info","message":"👾 Game executed juego.rpg on c:\\Users\\zagum\\OneDrive\\Documentos\\Santiago\\Cosas\\Tareas\\Programacion Objetos1\\pruebaJuego","timeElapsed":38857,"timestamp":"2026-07-04T12:43:53.952Z"}
{"level":"info","message":"🚀 Program executed \u001b[3m\u001b[34mjuego.rpg\u001b[39m\u001b[23m on \u001b[3m\u001b[34mc:\\Users\\zagum\\OneDrive\\Documentos\\Santiago\\Cosas\\Tareas\\Programacion Objetos1\\pruebaJuego\u001b[39m\u001b[23m","ok":true,"timeElapsed":2161,"timestamp":"2026-07-04T13:28:16.007Z"}
{"exitCode":"SIGHUP","level":"info","message":"👾 Game executed juego.rpg on c:\\Users\\zagum\\OneDrive\\Documentos\\Santiago\\Cosas\\Tareas\\Programacion Objetos1\\pruebaJuego","timeElapsed":37367,"timestamp":"2026-07-04T13:28:51.212Z"}
{"level":"info","message":"🚀 Program executed \u001b[3m\u001b[34mjuego.rpg\u001b[39m\u001b[23m on \u001b[3m\u001b[34mc:\\Users\\zagum\\OneDrive\\Documentos\\Santiago\\Cosas\\Tareas\\Programacion Objetos1\\pruebaJuego\u001b[39m\u001b[23m","ok":true,"timeElapsed":1777,"timestamp":"2026-07-04T13:28:54.397Z"}
{"exitCode":0,"level":"info","message":"👾 Game executed juego.rpg on c:\\Users\\zagum\\OneDrive\\Documentos\\Santiago\\Cosas\\Tareas\\Programacion Objetos1\\pruebaJuego","timeElapsed":5437,"timestamp":"2026-07-04T13:28:58.056Z"}
{"level":"info","message":"⌛ Building environment","timeElapsed":108,"timestamp":"2026-07-04T14:51:05.366Z"}
{"level":"info","message":"⌛ Building environment","timeElapsed":146,"timestamp":"2026-07-04T14:51:05.645Z"}
{"level":"info","message":"⌛ Building environment","timeElapsed":137,"timestamp":"2026-07-04T14:51:05.783Z"}
{"level":"info","message":"⌛ Building environment","timeElapsed":299,"timestamp":"2026-07-04T14:51:06.084Z"}
{"level":"info","message":"⌛ Building environment","timeElapsed":125,"timestamp":"2026-07-04T14:51:06.309Z"}
{"level":"info","message":"⌛ Building environment","timeElapsed":429,"timestamp":"2026-07-04T14:51:06.739Z"}
{"level":"info","message":"⌛ Validating niveles.wlk","timeElapsed":106,"timestamp":"2026-07-04T14:51:07.218Z"}
{"level":"info","message":"⌛ Validating enemigos.wlk","timeElapsed":116,"timestamp":"2026-07-04T14:51:07.335Z"}
{"level":"info","message":"⌛ Validating juego.wpgm","timeElapsed":107,"timestamp":"2026-07-04T14:51:07.444Z"}
{"level":"info","message":"⌛ Validating gestorAnimacion.wlk","timeElapsed":102,"timestamp":"2026-07-04T14:51:07.992Z"}
{"level":"info","message":"⌛ Building environment","timeElapsed":635,"timestamp":"2026-07-04T14:53:24.970Z"}
{"level":"info","message":"⌛ Validating juego.wpgm","timeElapsed":150,"timestamp":"2026-07-04T14:53:25.186Z"}
{"level":"info","message":"⌛ Validating teclado.wlk","timeElapsed":103,"timestamp":"2026-07-04T14:53:25.290Z"}
{"level":"info","message":"⌛ Validating objetos.wlk","timeElapsed":108,"timestamp":"2026-07-04T14:53:25.399Z"}
{"level":"info","message":"⌛ Validating gestorAnimacion.wlk","timeElapsed":114,"timestamp":"2026-07-04T14:53:25.810Z"}
{"level":"info","message":"⌛ Building environment","timeElapsed":512,"timestamp":"2026-07-04T14:53:26.323Z"}
{"level":"info","message":"⌛ Validating juego.wpgm","timeElapsed":115,"timestamp":"2026-07-04T14:53:26.440Z"}
{"level":"info","message":"⌛ Validating objetos.wlk","timeElapsed":106,"timestamp":"2026-07-04T14:53:26.638Z"}
{"level":"info","message":"🚀 Program executed \u001b[3m\u001b[34mjuego.rpg\u001b[39m\u001b[23m on \u001b[3m\u001b[34mc:\\Users\\zagum\\OneDrive\\Documentos\\Santiago\\Cosas\\Tareas\\Programacion Objetos1\\tp-final-wollok-game-self-y-sus-amigos\u001b[39m\u001b[23m","ok":true,"timeElapsed":1815,"timestamp":"2026-07-04T14:53:28.986Z"}
{"exitCode":0,"level":"info","message":"👾 Game executed juego.rpg on c:\\Users\\zagum\\OneDrive\\Documentos\\Santiago\\Cosas\\Tareas\\Programacion Objetos1\\tp-final-wollok-game-self-y-sus-amigos","timeElapsed":89045,"timestamp":"2026-07-04T14:54:56.216Z"}
{"level":"info","message":"⌛ Building environment","timeElapsed":227,"timestamp":"2026-07-04T19:54:22.677Z"}
{"level":"info","message":"⌛ Validating enemigos.wlk","timeElapsed":140,"timestamp":"2026-07-04T19:54:22.909Z"}
{"level":"info","message":"⌛ Building environment","timeElapsed":110,"timestamp":"2026-07-04T19:54:23.025Z"}
{"level":"info","message":"⌛ Validating gestorAnimacion.wlk","timeElapsed":121,"timestamp":"2026-07-04T19:54:23.157Z"}
{"level":"info","message":"⌛ Building environment","timeElapsed":301,"timestamp":"2026-07-04T19:54:24.652Z"}
{"level":"info","message":"⌛ Validating niveles.wlk","timeElapsed":117,"timestamp":"2026-07-04T19:54:24.847Z"}
{"level":"info","message":"⌛ Building environment","timeElapsed":163,"timestamp":"2026-07-04T19:54:25.011Z"}
{"level":"info","message":"⌛ Validating objetos.wlk","timeElapsed":128,"timestamp":"2026-07-04T19:54:25.200Z"}
{"level":"info","message":"⌛ Building environment","timeElapsed":142,"timestamp":"2026-07-04T19:54:25.827Z"}
{"level":"info","message":"⌛ Validating personaje.wlk","timeElapsed":137,"timestamp":"2026-07-04T19:54:26.018Z"}
{"level":"info","message":"⌛ Validating teclado.wlk","timeElapsed":119,"timestamp":"2026-07-04T19:54:26.418Z"}
{"level":"info","message":"⌛ Validating teclado.wlk","timeElapsed":120,"timestamp":"2026-07-04T19:54:36.173Z"}
{"level":"info","message":"⌛ Validating teclado.wlk","timeElapsed":120,"timestamp":"2026-07-04T19:54:39.482Z"}
{"level":"info","message":"⌛ Building environment","timeElapsed":484,"timestamp":"2026-07-04T19:58:08.761Z"}
{"level":"info","message":"Removing diagnostics from /C:/Users/zagum/OneDrive/Documentos/Santiago/Cosas/Tareas/Programacion Objetos1/tp-final-wollok-game-self-y-sus-amigos/assets/menu_SelectLevel1.png","timestamp":"2026-07-04T19:58:08.875Z"}
{"level":"info","message":"⌛ Building environment","timeElapsed":305,"timestamp":"2026-07-04T19:59:42.929Z"}
{"level":"info","message":"⌛ Validating niveles.wlk","timeElapsed":124,"timestamp":"2026-07-04T19:59:43.109Z"}
{"level":"info","message":"⌛ Building environment","timeElapsed":289,"timestamp":"2026-07-04T19:59:43.730Z"}
{"level":"info","message":"⌛ Validating niveles.wlk","timeElapsed":125,"timestamp":"2026-07-04T19:59:43.884Z"}
{"level":"info","message":"⌛ Building environment","timeElapsed":281,"timestamp":"2026-07-04T20:00:35.533Z"}
{"level":"info","message":"⌛ Validating niveles.wlk","timeElapsed":135,"timestamp":"2026-07-04T20:00:35.699Z"}
{"level":"info","message":"⌛ Building environment","timeElapsed":312,"timestamp":"2026-07-04T20:00:36.012Z"}
{"level":"info","message":"⌛ Building environment","timeElapsed":269,"timestamp":"2026-07-04T20:00:36.295Z"}
{"level":"info","message":"⌛ Building environment","timeElapsed":288,"timestamp":"2026-07-04T20:00:36.583Z"}
{"level":"info","message":"⌛ Validating niveles.wlk","timeElapsed":111,"timestamp":"2026-07-04T20:00:36.695Z"}
{"level":"info","message":"⌛ Building environment","timeElapsed":276,"timestamp":"2026-07-04T20:00:36.985Z"}
{"level":"info","message":"⌛ Building environment","timeElapsed":258,"timestamp":"2026-07-04T20:00:37.245Z"}
{"level":"info","message":"⌛ Validating niveles.wlk","timeElapsed":115,"timestamp":"2026-07-04T20:00:37.364Z"}
{"level":"info","message":"⌛ Building environment","timeElapsed":274,"timestamp":"2026-07-04T20:00:37.638Z"}
{"level":"info","message":"⌛ Validating niveles.wlk","timeElapsed":119,"timestamp":"2026-07-04T20:00:37.786Z"}
{"level":"info","message":"⌛ Validating niveles.wlk","timeElapsed":112,"timestamp":"2026-07-04T20:00:37.918Z"}
{"level":"info","message":"⌛ Validating niveles.wlk","timeElapsed":113,"timestamp":"2026-07-04T20:00:38.031Z"}
{"level":"info","message":"⌛ Building environment","timeElapsed":284,"timestamp":"2026-07-04T20:00:38.317Z"}
{"level":"info","message":"⌛ Building environment","timeElapsed":269,"timestamp":"2026-07-04T20:00:38.587Z"}
{"level":"info","message":"⌛ Validating niveles.wlk","timeElapsed":106,"timestamp":"2026-07-04T20:00:38.693Z"}
{"level":"info","message":"⌛ Validating niveles.wlk","timeElapsed":105,"timestamp":"2026-07-04T20:00:38.876Z"}
{"level":"info","message":"⌛ Building environment","timeElapsed":297,"timestamp":"2026-07-04T20:00:48.378Z"}
{"level":"info","message":"⌛ Validating niveles.wlk","timeElapsed":108,"timestamp":"2026-07-04T20:00:48.488Z"}
{"level":"info","message":"⌛ Building environment","timeElapsed":277,"timestamp":"2026-07-04T20:00:49.454Z"}
{"level":"info","message":"⌛ Validating niveles.wlk","timeElapsed":109,"timestamp":"2026-07-04T20:00:49.565Z"}
{"level":"info","message":"⌛ Building environment","timeElapsed":301,"timestamp":"2026-07-04T20:00:50.052Z"}
{"level":"info","message":"⌛ Building environment","timeElapsed":296,"timestamp":"2026-07-04T20:00:50.348Z"}
{"level":"info","message":"⌛ Validating niveles.wlk","timeElapsed":133,"timestamp":"2026-07-04T20:00:50.486Z"}
{"level":"info","message":"⌛ Building environment","timeElapsed":286,"timestamp":"2026-07-04T20:00:50.778Z"}
{"level":"info","message":"⌛ Validating niveles.wlk","timeElapsed":107,"timestamp":"2026-07-04T20:00:50.890Z"}
{"level":"info","message":"⌛ Validating niveles.wlk","timeElapsed":109,"timestamp":"2026-07-04T20:00:51.028Z"}
{"level":"info","message":"⌛ Building environment","timeElapsed":271,"timestamp":"2026-07-04T20:00:52.984Z"}
{"level":"info","message":"⌛ Validating niveles.wlk","timeElapsed":107,"timestamp":"2026-07-04T20:00:53.096Z"}
{"level":"info","message":"⌛ Building environment","timeElapsed":288,"timestamp":"2026-07-04T20:00:54.312Z"}
{"level":"info","message":"⌛ Validating niveles.wlk","timeElapsed":104,"timestamp":"2026-07-04T20:00:54.467Z"}
{"level":"info","message":"⌛ Building environment","timeElapsed":263,"timestamp":"2026-07-04T20:00:56.110Z"}
{"level":"info","message":"⌛ Validating niveles.wlk","timeElapsed":101,"timestamp":"2026-07-04T20:00:56.219Z"}
{"level":"info","message":"⌛ Building environment","timeElapsed":267,"timestamp":"2026-07-04T20:00:57.657Z"}
{"level":"info","message":"⌛ Validating niveles.wlk","timeElapsed":107,"timestamp":"2026-07-04T20:00:57.768Z"}
{"level":"info","message":"⌛ Building environment","timeElapsed":279,"timestamp":"2026-07-04T20:00:58.293Z"}
{"level":"info","message":"⌛ Building environment","timeElapsed":263,"timestamp":"2026-07-04T20:00:58.841Z"}
{"level":"info","message":"⌛ Validating niveles.wlk","timeElapsed":103,"timestamp":"2026-07-04T20:00:58.993Z"}
{"level":"info","message":"⌛ Building environment","timeElapsed":277,"timestamp":"2026-07-04T20:00:59.480Z"}
{"level":"info","message":"⌛ Building environment","timeElapsed":280,"timestamp":"2026-07-04T20:01:01.288Z"}
{"level":"info","message":"⌛ Building environment","timeElapsed":334,"timestamp":"2026-07-04T20:01:01.623Z"}
{"level":"info","message":"⌛ Validating niveles.wlk","timeElapsed":104,"timestamp":"2026-07-04T20:01:01.727Z"}
{"level":"info","message":"⌛ Building environment","timeElapsed":262,"timestamp":"2026-07-04T20:01:01.989Z"}
{"level":"info","message":"⌛ Validating niveles.wlk","timeElapsed":110,"timestamp":"2026-07-04T20:01:02.100Z"}
{"level":"info","message":"⌛ Validating niveles.wlk","timeElapsed":106,"timestamp":"2026-07-04T20:01:02.275Z"}
{"level":"info","message":"⌛ Building environment","timeElapsed":267,"timestamp":"2026-07-04T20:01:02.542Z"}
{"level":"info","message":"⌛ Building environment","timeElapsed":269,"timestamp":"2026-07-04T20:01:02.812Z"}
{"level":"info","message":"⌛ Building environment","timeElapsed":268,"timestamp":"2026-07-04T20:01:03.080Z"}
{"level":"info","message":"⌛ Validating niveles.wlk","timeElapsed":105,"timestamp":"2026-07-04T20:01:03.186Z"}
{"level":"info","message":"⌛ Validating niveles.wlk","timeElapsed":103,"timestamp":"2026-07-04T20:01:03.348Z"}
{"level":"info","message":"⌛ Validating niveles.wlk","timeElapsed":107,"timestamp":"2026-07-04T20:01:03.457Z"}
{"level":"info","message":"⌛ Building environment","timeElapsed":293,"timestamp":"2026-07-04T20:01:10.503Z"}
{"level":"info","message":"⌛ Validating niveles.wlk","timeElapsed":104,"timestamp":"2026-07-04T20:01:10.649Z"}
{"level":"info","message":"⌛ Building environment","timeElapsed":283,"timestamp":"2026-07-04T20:01:10.932Z"}
{"level":"info","message":"⌛ Validating niveles.wlk","timeElapsed":112,"timestamp":"2026-07-04T20:01:11.072Z"}
{"level":"info","message":"⌛ Building environment","timeElapsed":274,"timestamp":"2026-07-04T20:01:11.928Z"}
{"level":"info","message":"⌛ Validating niveles.wlk","timeElapsed":105,"timestamp":"2026-07-04T20:01:12.062Z"}
{"level":"info","message":"⌛ Building environment","timeElapsed":283,"timestamp":"2026-07-04T20:01:13.073Z"}
{"level":"info","message":"⌛ Validating niveles.wlk","timeElapsed":105,"timestamp":"2026-07-04T20:01:13.207Z"}
{"level":"info","message":"⌛ Building environment","timeElapsed":268,"timestamp":"2026-07-04T20:01:13.475Z"}
{"level":"info","message":"⌛ Validating niveles.wlk","timeElapsed":107,"timestamp":"2026-07-04T20:01:13.612Z"}
{"level":"info","message":"⌛ Building environment","timeElapsed":300,"timestamp":"2026-07-04T20:01:19.032Z"}
{"level":"info","message":"⌛ Validating niveles.wlk","timeElapsed":108,"timestamp":"2026-07-04T20:01:19.185Z"}
{"level":"info","message":"⌛ Building environment","timeElapsed":272,"timestamp":"2026-07-04T20:01:20.002Z"}
{"level":"info","message":"⌛ Building environment","timeElapsed":285,"timestamp":"2026-07-04T20:01:20.292Z"}
{"level":"info","message":"⌛ Validating niveles.wlk","timeElapsed":119,"timestamp":"2026-07-04T20:01:20.417Z"}
{"level":"error","message":"✘ Failed to rebuild document Failed to parse niveles.wlk: \n-- PARSING FAILED --------------------------------------------------\n\n  581 | \n  582 |     method aceptar()   { }\n> 583 | }\n      | ^\n  584 | \n  585 | object gestorMenu {\n\nExpected one of the following: \n\n'@', 'class', 'const', 'describe', 'mixin', 'object', 'only', 'package', 'program', 'test', 'var', '{', EOF, comment, not \"}\r\n\r\n\", whitespace\n","stack":"Error: Failed to parse niveles.wlk: \n-- PARSING FAILED --------------------------------------------------\n\n  581 | \n  582 |     method aceptar()   { }\n> 583 | }\n      | ^\n  584 | \n  585 | object gestorMenu {\n\nExpected one of the following: \n\n'@', 'class', 'const', 'describe', 'mixin', 'object', 'only', 'package', 'program', 'test', 'var', '{', EOF, comment, not \"}\r\n\r\n\", whitespace\n\n    at c:\\Users\\zagum\\.vscode\\extensions\\uqbar.wollok-lsp-ide-0.5.4\\out\\server\\src\\server.js:2353:13026\n    at Array.map (<anonymous>)\n    at U1n (c:\\Users\\zagum\\.vscode\\extensions\\uqbar.wollok-lsp-ide-0.5.4\\out\\server\\src\\server.js:2353:12950)\n    at H2.buildEnvironmentFrom (c:\\Users\\zagum\\.vscode\\extensions\\uqbar.wollok-lsp-ide-0.5.4\\out\\server\\src\\server.js:2398:5254)\n    at H2.updateEnvironmentWith (c:\\Users\\zagum\\.vscode\\extensions\\uqbar.wollok-lsp-ide-0.5.4\\out\\server\\src\\server.js:2398:4989)\n    at GF (c:\\Users\\zagum\\.vscode\\extensions\\uqbar.wollok-lsp-ide-0.5.4\\out\\server\\src\\server.js:2398:7383)\n    at V3.invoke (c:\\Users\\zagum\\.vscode\\extensions\\uqbar.wollok-lsp-ide-0.5.4\\out\\server\\src\\server.js:3:157328)\n    at o.fire (c:\\Users\\zagum\\.vscode\\extensions\\uqbar.wollok-lsp-ide-0.5.4\\out\\server\\src\\server.js:3:158098)\n    at c:\\Users\\zagum\\.vscode\\extensions\\uqbar.wollok-lsp-ide-0.5.4\\out\\server\\src\\server.js:37:57871\n    at nd (c:\\Users\\zagum\\.vscode\\extensions\\uqbar.wollok-lsp-ide-0.5.4\\out\\server\\src\\server.js:8:1561)","timestamp":"2026-07-04T20:01:20.618Z"}
{"level":"info","message":"⌛ Validating niveles.wlk","timeElapsed":106,"timestamp":"2026-07-04T20:01:20.725Z"}
{"level":"info","message":"⌛ Building environment","timeElapsed":271,"timestamp":"2026-07-04T20:01:21.604Z"}
{"level":"info","message":"⌛ Building environment","timeElapsed":328,"timestamp":"2026-07-04T20:01:21.937Z"}
{"level":"info","message":"⌛ Validating niveles.wlk","timeElapsed":111,"timestamp":"2026-07-04T20:01:22.054Z"}
{"level":"info","message":"⌛ Building environment","timeElapsed":299,"timestamp":"2026-07-04T20:01:22.384Z"}
{"level":"info","message":"⌛ Validating niveles.wlk","timeElapsed":105,"timestamp":"2026-07-04T20:01:22.517Z"}
{"level":"info","message":"⌛ Validating niveles.wlk","timeElapsed":109,"timestamp":"2026-07-04T20:01:22.653Z"}
{"level":"info","message":"⌛ Building environment","timeElapsed":264,"timestamp":"2026-07-04T20:01:29.459Z"}
{"level":"info","message":"⌛ Building environment","timeElapsed":256,"timestamp":"2026-07-04T20:01:36.280Z"}
{"level":"info","message":"⌛ Building environment","timeElapsed":262,"timestamp":"2026-07-04T20:01:36.592Z"}
{"level":"info","message":"⌛ Validating niveles.wlk","timeElapsed":128,"timestamp":"2026-07-04T20:01:36.721Z"}
{"level":"info","message":"⌛ Building environment","timeElapsed":295,"timestamp":"2026-07-04T20:01:37.042Z"}
{"level":"info","message":"⌛ Building environment","timeElapsed":262,"timestamp":"2026-07-04T20:01:37.305Z"}
{"level":"info","message":"⌛ Validating niveles.wlk","timeElapsed":106,"timestamp":"2026-07-04T20:01:37.411Z"}
{"level":"info","message":"⌛ Building environment","timeElapsed":264,"timestamp":"2026-07-04T20:01:37.675Z"}
{"level":"info","message":"⌛ Building environment","timeElapsed":282,"timestamp":"2026-07-04T20:01:37.958Z"}
{"level":"info","message":"⌛ Validating niveles.wlk","timeElapsed":113,"timestamp":"2026-07-04T20:01:38.097Z"}
{"level":"info","message":"⌛ Validating niveles.wlk","timeElapsed":107,"timestamp":"2026-07-04T20:01:38.206Z"}
{"level":"info","message":"⌛ Validating niveles.wlk","timeElapsed":109,"timestamp":"2026-07-04T20:01:38.337Z"}
{"level":"info","message":"⌛ Validating niveles.wlk","timeElapsed":104,"timestamp":"2026-07-04T20:01:38.441Z"}
{"level":"info","message":"⌛ Building environment","timeElapsed":262,"timestamp":"2026-07-04T20:01:39.973Z"}
{"level":"error","message":"✘ Completions for node Send ([571:8, 571:30] - niveles.wlk) failed: Error: [Send]{5cc826} at niveles.wlk:571 exhausted all cases without a match [Send]{5cc826} at niveles.wlk:571 exhausted all cases without a match","stack":"Error: [Send]{5cc826} at niveles.wlk:571 exhausted all cases without a match\n    at c:\\Users\\zagum\\.vscode\\extensions\\uqbar.wollok-lsp-ide-0.5.4\\out\\server\\src\\server.js:38:6142\n    at L2 (c:\\Users\\zagum\\.vscode\\extensions\\uqbar.wollok-lsp-ide-0.5.4\\out\\server\\src\\server.js:2389:42)\n    at Jh (c:\\Users\\zagum\\.vscode\\extensions\\uqbar.wollok-lsp-ide-0.5.4\\out\\server\\src\\server.js:2389:1092)\n    at M5n (c:\\Users\\zagum\\.vscode\\extensions\\uqbar.wollok-lsp-ide-0.5.4\\out\\server\\src\\server.js:2389:1248)\n    at c:\\Users\\zagum\\.vscode\\extensions\\uqbar.wollok-lsp-ide-0.5.4\\out\\server\\src\\server.js:38:6131\n    at L2 (c:\\Users\\zagum\\.vscode\\extensions\\uqbar.wollok-lsp-ide-0.5.4\\out\\server\\src\\server.js:2389:42)\n    at c:\\Users\\zagum\\.vscode\\extensions\\uqbar.wollok-lsp-ide-0.5.4\\out\\server\\src\\server.js:2389:2988\n    at c:\\Users\\zagum\\.vscode\\extensions\\uqbar.wollok-lsp-ide-0.5.4\\out\\server\\src\\server.js:2398:8440\n    at c:\\Users\\zagum\\.vscode\\extensions\\uqbar.wollok-lsp-ide-0.5.4\\out\\server\\src\\server.js:37:74872\n    at Ke (c:\\Users\\zagum\\.vscode\\extensions\\uqbar.wollok-lsp-ide-0.5.4\\out\\server\\src\\server.js:7:8527)","timestamp":"2026-07-04T20:01:40.010Z"}
{"level":"info","message":"⌛ Building environment","timeElapsed":288,"timestamp":"2026-07-04T20:01:40.302Z"}
{"level":"info","message":"⌛ Building environment","timeElapsed":254,"timestamp":"2026-07-04T20:01:40.583Z"}
{"level":"info","message":"⌛ Building environment","timeElapsed":257,"timestamp":"2026-07-04T20:01:40.939Z"}
{"level":"info","message":"⌛ Building environment","timeElapsed":260,"timestamp":"2026-07-04T20:01:41.199Z"}
{"level":"info","message":"⌛ Building environment","timeElapsed":325,"timestamp":"2026-07-04T20:01:41.525Z"}
{"level":"info","message":"⌛ Validating niveles.wlk","timeElapsed":101,"timestamp":"2026-07-04T20:01:41.626Z"}
{"level":"info","message":"⌛ Validating niveles.wlk","timeElapsed":101,"timestamp":"2026-07-04T20:01:41.752Z"}
{"level":"info","message":"⌛ Validating niveles.wlk","timeElapsed":105,"timestamp":"2026-07-04T20:01:41.879Z"}
{"level":"info","message":"⌛ Validating niveles.wlk","timeElapsed":107,"timestamp":"2026-07-04T20:01:42.005Z"}
{"level":"info","message":"⌛ Validating niveles.wlk","timeElapsed":102,"timestamp":"2026-07-04T20:01:42.108Z"}
{"level":"info","message":"⌛ Building environment","timeElapsed":293,"timestamp":"2026-07-04T20:01:43.305Z"}
{"level":"error","message":"✘ Completions for node Send ([575:9, 575:33] - niveles.wlk) failed: Error: [Send]{7681bf} at niveles.wlk:575 exhausted all cases without a match [Send]{7681bf} at niveles.wlk:575 exhausted all cases without a match","stack":"Error: [Send]{7681bf} at niveles.wlk:575 exhausted all cases without a match\n    at c:\\Users\\zagum\\.vscode\\extensions\\uqbar.wollok-lsp-ide-0.5.4\\out\\server\\src\\server.js:38:6142\n    at L2 (c:\\Users\\zagum\\.vscode\\extensions\\uqbar.wollok-lsp-ide-0.5.4\\out\\server\\src\\server.js:2389:42)\n    at Jh (c:\\Users\\zagum\\.vscode\\extensions\\uqbar.wollok-lsp-ide-0.5.4\\out\\server\\src\\server.js:2389:1092)\n    at M5n (c:\\Users\\zagum\\.vscode\\extensions\\uqbar.wollok-lsp-ide-0.5.4\\out\\server\\src\\server.js:2389:1248)\n    at c:\\Users\\zagum\\.vscode\\extensions\\uqbar.wollok-lsp-ide-0.5.4\\out\\server\\src\\server.js:38:6131\n    at L2 (c:\\Users\\zagum\\.vscode\\extensions\\uqbar.wollok-lsp-ide-0.5.4\\out\\server\\src\\server.js:2389:42)\n    at c:\\Users\\zagum\\.vscode\\extensions\\uqbar.wollok-lsp-ide-0.5.4\\out\\server\\src\\server.js:2389:2988\n    at c:\\Users\\zagum\\.vscode\\extensions\\uqbar.wollok-lsp-ide-0.5.4\\out\\server\\src\\server.js:2398:8440\n    at c:\\Users\\zagum\\.vscode\\extensions\\uqbar.wollok-lsp-ide-0.5.4\\out\\server\\src\\server.js:37:74872\n    at Ke (c:\\Users\\zagum\\.vscode\\extensions\\uqbar.wollok-lsp-ide-0.5.4\\out\\server\\src\\server.js:7:8527)","timestamp":"2026-07-04T20:01:43.342Z"}
{"level":"info","message":"⌛ Building environment","timeElapsed":270,"timestamp":"2026-07-04T20:01:43.615Z"}
{"level":"info","message":"⌛ Validating niveles.wlk","timeElapsed":109,"timestamp":"2026-07-04T20:01:43.753Z"}
{"level":"info","message":"⌛ Building environment","timeElapsed":255,"timestamp":"2026-07-04T20:01:44.009Z"}
{"level":"info","message":"⌛ Building environment","timeElapsed":257,"timestamp":"2026-07-04T20:01:44.266Z"}
{"level":"info","message":"⌛ Building environment","timeElapsed":277,"timestamp":"2026-07-04T20:01:44.543Z"}
{"level":"info","message":"⌛ Validating niveles.wlk","timeElapsed":147,"timestamp":"2026-07-04T20:01:44.691Z"}
{"level":"info","message":"⌛ Building environment","timeElapsed":299,"timestamp":"2026-07-04T20:01:44.992Z"}
{"level":"info","message":"⌛ Validating niveles.wlk","timeElapsed":107,"timestamp":"2026-07-04T20:01:45.132Z"}
{"level":"info","message":"⌛ Validating niveles.wlk","timeElapsed":107,"timestamp":"2026-07-04T20:01:45.257Z"}
{"level":"info","message":"⌛ Validating niveles.wlk","timeElapsed":105,"timestamp":"2026-07-04T20:01:45.362Z"}
{"level":"info","message":"⌛ Validating niveles.wlk","timeElapsed":101,"timestamp":"2026-07-04T20:01:45.480Z"}
{"level":"info","message":"⌛ Building environment","timeElapsed":258,"timestamp":"2026-07-04T20:01:52.441Z"}
{"level":"info","message":"⌛ Building environment","timeElapsed":279,"timestamp":"2026-07-04T20:01:52.747Z"}
{"level":"info","message":"⌛ Validating niveles.wlk","timeElapsed":106,"timestamp":"2026-07-04T20:01:52.854Z"}
{"level":"info","message":"⌛ Building environment","timeElapsed":275,"timestamp":"2026-07-04T20:01:53.129Z"}
{"level":"info","message":"⌛ Validating niveles.wlk","timeElapsed":121,"timestamp":"2026-07-04T20:01:53.276Z"}
{"level":"info","message":"⌛ Building environment","timeElapsed":260,"timestamp":"2026-07-04T20:01:53.537Z"}
{"level":"info","message":"⌛ Validating niveles.wlk","timeElapsed":103,"timestamp":"2026-07-04T20:01:53.666Z"}
{"level":"info","message":"⌛ Building environment","timeElapsed":312,"timestamp":"2026-07-04T20:01:53.979Z"}
{"level":"info","message":"⌛ Building environment","timeElapsed":253,"timestamp":"2026-07-04T20:01:54.232Z"}
{"level":"info","message":"⌛ Building environment","timeElapsed":259,"timestamp":"2026-07-04T20:01:54.491Z"}
{"level":"info","message":"⌛ Building environment","timeElapsed":271,"timestamp":"2026-07-04T20:01:54.862Z"}
{"level":"info","message":"⌛ Validating niveles.wlk","timeElapsed":102,"timestamp":"2026-07-04T20:01:55.092Z"}
{"level":"info","message":"⌛ Building environment","timeElapsed":258,"timestamp":"2026-07-04T20:01:55.352Z"}
{"level":"info","message":"⌛ Building environment","timeElapsed":299,"timestamp":"2026-07-04T20:01:55.751Z"}
{"level":"info","message":"⌛ Building environment","timeElapsed":271,"timestamp":"2026-07-04T20:01:56.022Z"}
{"level":"info","message":"⌛ Building environment","timeElapsed":264,"timestamp":"2026-07-04T20:01:56.387Z"}
{"level":"info","message":"⌛ Building environment","timeElapsed":264,"timestamp":"2026-07-04T20:01:56.652Z"}
{"level":"info","message":"⌛ Validating niveles.wlk","timeElapsed":107,"timestamp":"2026-07-04T20:01:56.765Z"}
{"level":"info","message":"⌛ Validating niveles.wlk","timeElapsed":101,"timestamp":"2026-07-04T20:01:56.902Z"}
{"level":"info","message":"⌛ Validating niveles.wlk","timeElapsed":106,"timestamp":"2026-07-04T20:01:57.009Z"}
{"level":"info","message":"⌛ Validating niveles.wlk","timeElapsed":109,"timestamp":"2026-07-04T20:01:57.119Z"}
{"level":"info","message":"⌛ Building environment","timeElapsed":271,"timestamp":"2026-07-04T20:02:00.078Z"}
{"level":"info","message":"⌛ Building environment","timeElapsed":260,"timestamp":"2026-07-04T20:02:00.338Z"}
{"level":"info","message":"⌛ Validating niveles.wlk","timeElapsed":113,"timestamp":"2026-07-04T20:02:00.451Z"}
{"level":"info","message":"⌛ Validating niveles.wlk","timeElapsed":101,"timestamp":"2026-07-04T20:02:00.577Z"}
{"level":"info","message":"⌛ Building environment","timeElapsed":410,"timestamp":"2026-07-04T20:02:07.753Z"}
{"level":"info","message":"⌛ Validating niveles.wlk","timeElapsed":102,"timestamp":"2026-07-04T20:02:07.899Z"}
{"level":"info","message":"⌛ Building environment","timeElapsed":344,"timestamp":"2026-07-04T20:02:10.851Z"}
{"level":"info","message":"🚀 Program executed \u001b[3m\u001b[34mjuego.rpg\u001b[39m\u001b[23m on \u001b[3m\u001b[34mc:\\Users\\zagum\\OneDrive\\Documentos\\Santiago\\Cosas\\Tareas\\Programacion Objetos1\\tp-final-wollok-game-self-y-sus-amigos\u001b[39m\u001b[23m","ok":true,"timeElapsed":2308,"timestamp":"2026-07-04T20:02:31.539Z"}
{"level":"info","message":"⌛ Building environment","timeElapsed":267,"timestamp":"2026-07-04T20:02:53.505Z"}
{"level":"info","message":"⌛ Building environment","timeElapsed":301,"timestamp":"2026-07-04T20:02:53.807Z"}
{"level":"info","message":"⌛ Validating niveles.wlk","timeElapsed":135,"timestamp":"2026-07-04T20:02:53.944Z"}
{"level":"info","message":"⌛ Validating niveles.wlk","timeElapsed":110,"timestamp":"2026-07-04T20:02:54.079Z"}
{"exitCode":"SIGHUP","level":"info","message":"👾 Game executed juego.rpg on c:\\Users\\zagum\\OneDrive\\Documentos\\Santiago\\Cosas\\Tareas\\Programacion Objetos1\\tp-final-wollok-game-self-y-sus-amigos","timeElapsed":27323,"timestamp":"2026-07-04T20:02:56.552Z"}
{"level":"info","message":"🚀 Program executed \u001b[3m\u001b[34mjuego.rpg\u001b[39m\u001b[23m on \u001b[3m\u001b[34mc:\\Users\\zagum\\OneDrive\\Documentos\\Santiago\\Cosas\\Tareas\\Programacion Objetos1\\tp-final-wollok-game-self-y-sus-amigos\u001b[39m\u001b[23m","ok":true,"timeElapsed":2029,"timestamp":"2026-07-04T20:03:00.295Z"}
{"exitCode":"SIGHUP","level":"info","message":"👾 Game executed juego.rpg on c:\\Users\\zagum\\OneDrive\\Documentos\\Santiago\\Cosas\\Tareas\\Programacion Objetos1\\tp-final-wollok-game-self-y-sus-amigos","timeElapsed":50951,"timestamp":"2026-07-04T20:03:49.216Z"}
{"level":"info","message":"🚀 Program executed \u001b[3m\u001b[34mjuego.rpg\u001b[39m\u001b[23m on \u001b[3m\u001b[34mc:\\Users\\zagum\\OneDrive\\Documentos\\Santiago\\Cosas\\Tareas\\Programacion Objetos1\\tp-final-wollok-game-self-y-sus-amigos\u001b[39m\u001b[23m","ok":true,"timeElapsed":2090,"timestamp":"2026-07-04T20:03:52.933Z"}
{"exitCode":0,"level":"info","message":"👾 Game executed juego.rpg on c:\\Users\\zagum\\OneDrive\\Documentos\\Santiago\\Cosas\\Tareas\\Programacion Objetos1\\tp-final-wollok-game-self-y-sus-amigos","timeElapsed":18223,"timestamp":"2026-07-04T20:04:09.065Z"}
{"level":"info","message":"🚀 Program executed \u001b[3m\u001b[34mjuego.rpg\u001b[39m\u001b[23m on \u001b[3m\u001b[34mc:\\Users\\zagum\\OneDrive\\Documentos\\Santiago\\Cosas\\Tareas\\Programacion Objetos1\\tp-final-wollok-game-self-y-sus-amigos\u001b[39m\u001b[23m","ok":true,"timeElapsed":2268,"timestamp":"2026-07-04T20:13:36.705Z"}
{"exitCode":"SIGHUP","level":"info","message":"👾 Game executed juego.rpg on c:\\Users\\zagum\\OneDrive\\Documentos\\Santiago\\Cosas\\Tareas\\Programacion Objetos1\\tp-final-wollok-game-self-y-sus-amigos","timeElapsed":32015,"timestamp":"2026-07-04T20:14:06.451Z"}
{"level":"info","message":"🚀 Program executed \u001b[3m\u001b[34mjuego.rpg\u001b[39m\u001b[23m on \u001b[3m\u001b[34mc:\\Users\\zagum\\OneDrive\\Documentos\\Santiago\\Cosas\\Tareas\\Programacion Objetos1\\tp-final-wollok-game-self-y-sus-amigos\u001b[39m\u001b[23m","ok":true,"timeElapsed":1992,"timestamp":"2026-07-04T20:14:10.149Z"}
{"exitCode":"SIGHUP","level":"info","message":"👾 Game executed juego.rpg on c:\\Users\\zagum\\OneDrive\\Documentos\\Santiago\\Cosas\\Tareas\\Programacion Objetos1\\tp-final-wollok-game-self-y-sus-amigos","timeElapsed":13198,"timestamp":"2026-07-04T20:14:21.353Z"}
{"level":"info","message":"🚀 Program executed \u001b[3m\u001b[34mjuego.rpg\u001b[39m\u001b[23m on \u001b[3m\u001b[34mc:\\Users\\zagum\\OneDrive\\Documentos\\Santiago\\Cosas\\Tareas\\Programacion Objetos1\\tp-final-wollok-game-self-y-sus-amigos\u001b[39m\u001b[23m","ok":true,"timeElapsed":1956,"timestamp":"2026-07-04T20:14:24.780Z"}
{"exitCode":0,"level":"info","message":"👾 Game executed juego.rpg on c:\\Users\\zagum\\OneDrive\\Documentos\\Santiago\\Cosas\\Tareas\\Programacion Objetos1\\tp-final-wollok-game-self-y-sus-amigos","timeElapsed":7850,"timestamp":"2026-07-04T20:14:30.660Z"}
{"level":"info","message":"⌛ Building environment","timeElapsed":384,"timestamp":"2026-07-04T20:50:55.408Z"}
{"level":"info","message":"⌛ Validating niveles.wlk","timeElapsed":118,"timestamp":"2026-07-04T20:50:55.583Z"}
{"level":"info","message":"⌛ Building environment","timeElapsed":301,"timestamp":"2026-07-04T20:50:56.289Z"}
{"level":"info","message":"⌛ Building environment","timeElapsed":319,"timestamp":"2026-07-04T20:50:56.642Z"}
{"level":"info","message":"⌛ Building environment","timeElapsed":265,"timestamp":"2026-07-04T20:50:56.911Z"}
{"level":"info","message":"⌛ Validating niveles.wlk","timeElapsed":115,"timestamp":"2026-07-04T20:50:57.036Z"}
{"level":"info","message":"⌛ Building environment","timeElapsed":290,"timestamp":"2026-07-04T20:50:57.328Z"}
{"level":"info","message":"⌛ Validating niveles.wlk","timeElapsed":115,"timestamp":"2026-07-04T20:50:57.447Z"}
{"level":"info","message":"⌛ Validating niveles.wlk","timeElapsed":106,"timestamp":"2026-07-04T20:50:57.555Z"}
{"level":"info","message":"⌛ Validating niveles.wlk","timeElapsed":104,"timestamp":"2026-07-04T20:50:57.660Z"}
{"level":"info","message":"⌛ Building environment","timeElapsed":261,"timestamp":"2026-07-04T20:50:58.927Z"}
{"level":"info","message":"⌛ Building environment","timeElapsed":274,"timestamp":"2026-07-04T20:50:59.213Z"}
{"level":"info","message":"⌛ Building environment","timeElapsed":272,"timestamp":"2026-07-04T20:50:59.530Z"}
{"level":"info","message":"⌛ Validating niveles.wlk","timeElapsed":117,"timestamp":"2026-07-04T20:50:59.648Z"}
{"level":"info","message":"⌛ Building environment","timeElapsed":269,"timestamp":"2026-07-04T20:50:59.917Z"}
{"level":"info","message":"⌛ Building environment","timeElapsed":273,"timestamp":"2026-07-04T20:51:00.191Z"}
{"level":"info","message":"⌛ Validating niveles.wlk","timeElapsed":109,"timestamp":"2026-07-04T20:51:00.305Z"}
{"level":"info","message":"⌛ Building environment","timeElapsed":289,"timestamp":"2026-07-04T20:51:00.594Z"}
{"level":"info","message":"⌛ Validating niveles.wlk","timeElapsed":111,"timestamp":"2026-07-04T20:51:00.735Z"}
{"level":"info","message":"⌛ Building environment","timeElapsed":254,"timestamp":"2026-07-04T20:51:01.009Z"}
{"level":"info","message":"⌛ Validating niveles.wlk","timeElapsed":108,"timestamp":"2026-07-04T20:51:01.241Z"}
{"level":"info","message":"⌛ Building environment","timeElapsed":252,"timestamp":"2026-07-04T20:51:01.493Z"}
{"level":"info","message":"⌛ Building environment","timeElapsed":340,"timestamp":"2026-07-04T20:51:01.835Z"}
{"level":"info","message":"⌛ Validating niveles.wlk","timeElapsed":110,"timestamp":"2026-07-04T20:51:01.945Z"}
{"level":"info","message":"⌛ Building environment","timeElapsed":266,"timestamp":"2026-07-04T20:51:02.212Z"}
{"level":"info","message":"⌛ Building environment","timeElapsed":258,"timestamp":"2026-07-04T20:51:02.499Z"}
{"level":"info","message":"⌛ Building environment","timeElapsed":267,"timestamp":"2026-07-04T20:51:02.767Z"}
{"level":"info","message":"⌛ Validating niveles.wlk","timeElapsed":101,"timestamp":"2026-07-04T20:51:02.869Z"}
{"level":"info","message":"⌛ Building environment","timeElapsed":258,"timestamp":"2026-07-04T20:51:03.131Z"}
{"level":"info","message":"⌛ Validating niveles.wlk","timeElapsed":104,"timestamp":"2026-07-04T20:51:03.235Z"}
{"level":"info","message":"⌛ Validating niveles.wlk","timeElapsed":104,"timestamp":"2026-07-04T20:51:03.345Z"}
{"level":"info","message":"⌛ Building environment","timeElapsed":258,"timestamp":"2026-07-04T20:51:03.604Z"}
{"level":"info","message":"⌛ Building environment","timeElapsed":272,"timestamp":"2026-07-04T20:51:03.877Z"}
{"level":"info","message":"⌛ Validating niveles.wlk","timeElapsed":107,"timestamp":"2026-07-04T20:51:03.984Z"}
{"level":"info","message":"⌛ Building environment","timeElapsed":259,"timestamp":"2026-07-04T20:51:04.244Z"}
{"level":"info","message":"⌛ Validating niveles.wlk","timeElapsed":104,"timestamp":"2026-07-04T20:51:04.353Z"}
{"level":"info","message":"⌛ Validating niveles.wlk","timeElapsed":103,"timestamp":"2026-07-04T20:51:04.510Z"}
{"level":"info","message":"⌛ Validating niveles.wlk","timeElapsed":105,"timestamp":"2026-07-04T20:51:04.635Z"}
{"level":"info","message":"⌛ Validating niveles.wlk","timeElapsed":107,"timestamp":"2026-07-04T20:51:04.761Z"}
{"level":"info","message":"⌛ Validating niveles.wlk","timeElapsed":104,"timestamp":"2026-07-04T20:51:04.866Z"}
{"level":"info","message":"⌛ Validating niveles.wlk","timeElapsed":108,"timestamp":"2026-07-04T20:51:05.018Z"}
{"level":"info","message":"⌛ Building environment","timeElapsed":304,"timestamp":"2026-07-04T20:51:08.094Z"}
{"level":"info","message":"⌛ Validating niveles.wlk","timeElapsed":103,"timestamp":"2026-07-04T20:51:08.199Z"}
{"level":"info","message":"⌛ Building environment","timeElapsed":289,"timestamp":"2026-07-04T20:51:12.718Z"}
{"level":"info","message":"⌛ Building environment","timeElapsed":269,"timestamp":"2026-07-04T20:51:13.028Z"}
{"level":"info","message":"⌛ Building environment","timeElapsed":262,"timestamp":"2026-07-04T20:51:13.291Z"}
{"level":"info","message":"⌛ Validating niveles.wlk","timeElapsed":103,"timestamp":"2026-07-04T20:51:13.394Z"}
{"level":"info","message":"⌛ Building environment","timeElapsed":260,"timestamp":"2026-07-04T20:51:13.654Z"}
{"level":"info","message":"⌛ Validating niveles.wlk","timeElapsed":106,"timestamp":"2026-07-04T20:51:13.761Z"}
{"level":"info","message":"⌛ Validating niveles.wlk","timeElapsed":108,"timestamp":"2026-07-04T20:51:13.894Z"}
{"level":"info","message":"⌛ Validating niveles.wlk","timeElapsed":101,"timestamp":"2026-07-04T20:51:14.012Z"}
{"level":"info","message":"⌛ Building environment","timeElapsed":286,"timestamp":"2026-07-04T20:51:15.009Z"}
{"level":"info","message":"⌛ Building environment","timeElapsed":367,"timestamp":"2026-07-04T20:51:15.427Z"}
{"level":"info","message":"⌛ Building environment","timeElapsed":257,"timestamp":"2026-07-04T20:51:15.684Z"}
{"level":"info","message":"⌛ Validating niveles.wlk","timeElapsed":101,"timestamp":"2026-07-04T20:51:15.786Z"}
{"level":"info","message":"⌛ Building environment","timeElapsed":258,"timestamp":"2026-07-04T20:51:16.044Z"}
{"level":"info","message":"⌛ Validating niveles.wlk","timeElapsed":102,"timestamp":"2026-07-04T20:51:16.178Z"}
{"level":"info","message":"⌛ Building environment","timeElapsed":259,"timestamp":"2026-07-04T20:51:16.690Z"}
{"level":"info","message":"⌛ Building environment","timeElapsed":255,"timestamp":"2026-07-04T20:51:16.947Z"}
{"level":"info","message":"⌛ Validating niveles.wlk","timeElapsed":107,"timestamp":"2026-07-04T20:51:17.061Z"}
{"level":"info","message":"⌛ Validating niveles.wlk","timeElapsed":141,"timestamp":"2026-07-04T20:51:17.227Z"}
{"level":"info","message":"⌛ Building environment","timeElapsed":265,"timestamp":"2026-07-04T20:51:17.492Z"}
{"level":"info","message":"⌛ Building environment","timeElapsed":360,"timestamp":"2026-07-04T20:52:01.313Z"}
{"level":"error","message":"✘ Completions for node Send ([569:8, 569:26] - niveles.wlk) failed: Error: [Send]{8f95f5} at niveles.wlk:569 exhausted all cases without a match [Send]{8f95f5} at niveles.wlk:569 exhausted all cases without a match","stack":"Error: [Send]{8f95f5} at niveles.wlk:569 exhausted all cases without a match\n    at c:\\Users\\zagum\\.vscode\\extensions\\uqbar.wollok-lsp-ide-0.5.4\\out\\server\\src\\server.js:38:6142\n    at L2 (c:\\Users\\zagum\\.vscode\\extensions\\uqbar.wollok-lsp-ide-0.5.4\\out\\server\\src\\server.js:2389:42)\n    at Jh (c:\\Users\\zagum\\.vscode\\extensions\\uqbar.wollok-lsp-ide-0.5.4\\out\\server\\src\\server.js:2389:1092)\n    at M5n (c:\\Users\\zagum\\.vscode\\extensions\\uqbar.wollok-lsp-ide-0.5.4\\out\\server\\src\\server.js:2389:1248)\n    at c:\\Users\\zagum\\.vscode\\extensions\\uqbar.wollok-lsp-ide-0.5.4\\out\\server\\src\\server.js:38:6131\n    at L2 (c:\\Users\\zagum\\.vscode\\extensions\\uqbar.wollok-lsp-ide-0.5.4\\out\\server\\src\\server.js:2389:42)\n    at c:\\Users\\zagum\\.vscode\\extensions\\uqbar.wollok-lsp-ide-0.5.4\\out\\server\\src\\server.js:2389:2988\n    at c:\\Users\\zagum\\.vscode\\extensions\\uqbar.wollok-lsp-ide-0.5.4\\out\\server\\src\\server.js:2398:8440\n    at c:\\Users\\zagum\\.vscode\\extensions\\uqbar.wollok-lsp-ide-0.5.4\\out\\server\\src\\server.js:37:74872\n    at Ke (c:\\Users\\zagum\\.vscode\\extensions\\uqbar.wollok-lsp-ide-0.5.4\\out\\server\\src\\server.js:7:8527)","timestamp":"2026-07-04T20:52:01.358Z"}
{"level":"info","message":"⌛ Building environment","timeElapsed":280,"timestamp":"2026-07-04T20:52:01.645Z"}
{"level":"info","message":"⌛ Building environment","timeElapsed":290,"timestamp":"2026-07-04T20:52:01.969Z"}
{"level":"info","message":"⌛ Building environment","timeElapsed":267,"timestamp":"2026-07-04T20:52:02.237Z"}
{"level":"info","message":"⌛ Validating niveles.wlk","timeElapsed":119,"timestamp":"2026-07-04T20:52:02.356Z"}
{"level":"info","message":"⌛ Building environment","timeElapsed":259,"timestamp":"2026-07-04T20:52:02.616Z"}
{"level":"info","message":"⌛ Building environment","timeElapsed":289,"timestamp":"2026-07-04T20:52:02.906Z"}
{"level":"info","message":"⌛ Validating niveles.wlk","timeElapsed":106,"timestamp":"2026-07-04T20:52:03.013Z"}
{"level":"info","message":"⌛ Validating niveles.wlk","timeElapsed":106,"timestamp":"2026-07-04T20:52:03.146Z"}
{"level":"info","message":"⌛ Building environment","timeElapsed":251,"timestamp":"2026-07-04T20:52:03.397Z"}
{"level":"info","message":"⌛ Validating niveles.wlk","timeElapsed":109,"timestamp":"2026-07-04T20:52:03.506Z"}
{"level":"info","message":"⌛ Building environment","timeElapsed":299,"timestamp":"2026-07-04T20:52:03.966Z"}
{"level":"info","message":"⌛ Building environment","timeElapsed":260,"timestamp":"2026-07-04T20:52:12.106Z"}
{"level":"info","message":"⌛ Building environment","timeElapsed":273,"timestamp":"2026-07-04T20:52:12.623Z"}
{"level":"info","message":"⌛ Building environment","timeElapsed":267,"timestamp":"2026-07-04T20:52:12.891Z"}
{"level":"info","message":"⌛ Building environment","timeElapsed":337,"timestamp":"2026-07-04T20:52:13.233Z"}
{"level":"info","message":"⌛ Building environment","timeElapsed":260,"timestamp":"2026-07-04T20:52:13.499Z"}
{"level":"info","message":"⌛ Building environment","timeElapsed":256,"timestamp":"2026-07-04T20:52:13.786Z"}
{"level":"info","message":"⌛ Building environment","timeElapsed":259,"timestamp":"2026-07-04T20:52:14.050Z"}
{"level":"info","message":"⌛ Building environment","timeElapsed":258,"timestamp":"2026-07-04T20:52:14.313Z"}
{"level":"info","message":"⌛ Building environment","timeElapsed":255,"timestamp":"2026-07-04T20:52:14.572Z"}
{"level":"info","message":"⌛ Building environment","timeElapsed":260,"timestamp":"2026-07-04T20:52:14.837Z"}
{"level":"info","message":"⌛ Validating niveles.wlk","timeElapsed":108,"timestamp":"2026-07-04T20:52:14.950Z"}
{"level":"info","message":"⌛ Building environment","timeElapsed":267,"timestamp":"2026-07-04T20:52:15.218Z"}
{"level":"info","message":"⌛ Validating niveles.wlk","timeElapsed":104,"timestamp":"2026-07-04T20:52:15.323Z"}
{"level":"info","message":"⌛ Building environment","timeElapsed":284,"timestamp":"2026-07-04T20:52:15.607Z"}
{"level":"info","message":"⌛ Validating niveles.wlk","timeElapsed":101,"timestamp":"2026-07-04T20:52:15.753Z"}
{"level":"info","message":"⌛ Validating niveles.wlk","timeElapsed":142,"timestamp":"2026-07-04T20:52:15.898Z"}
{"level":"info","message":"⌛ Validating niveles.wlk","timeElapsed":104,"timestamp":"2026-07-04T20:52:16.002Z"}
{"level":"info","message":"⌛ Validating niveles.wlk","timeElapsed":110,"timestamp":"2026-07-04T20:52:16.111Z"}
{"level":"info","message":"⌛ Validating niveles.wlk","timeElapsed":104,"timestamp":"2026-07-04T20:52:16.216Z"}
{"level":"info","message":"⌛ Validating niveles.wlk","timeElapsed":133,"timestamp":"2026-07-04T20:52:16.350Z"}
{"level":"info","message":"⌛ Validating niveles.wlk","timeElapsed":117,"timestamp":"2026-07-04T20:52:16.466Z"}
{"level":"info","message":"⌛ Validating niveles.wlk","timeElapsed":104,"timestamp":"2026-07-04T20:52:16.588Z"}
{"level":"info","message":"⌛ Validating niveles.wlk","timeElapsed":102,"timestamp":"2026-07-04T20:52:16.691Z"}
{"level":"info","message":"⌛ Building environment","timeElapsed":312,"timestamp":"2026-07-04T20:52:17.022Z"}
{"level":"info","message":"⌛ Building environment","timeElapsed":266,"timestamp":"2026-07-04T20:52:17.289Z"}
{"level":"info","message":"⌛ Validating niveles.wlk","timeElapsed":101,"timestamp":"2026-07-04T20:52:17.444Z"}
{"level":"info","message":"⌛ Validating niveles.wlk","timeElapsed":101,"timestamp":"2026-07-04T20:52:17.545Z"}
{"level":"info","message":"⌛ Building environment","timeElapsed":266,"timestamp":"2026-07-04T20:52:17.909Z"}
{"level":"info","message":"⌛ Building environment","timeElapsed":268,"timestamp":"2026-07-04T20:52:18.177Z"}
{"level":"info","message":"⌛ Validating niveles.wlk","timeElapsed":111,"timestamp":"2026-07-04T20:52:18.289Z"}
{"level":"info","message":"⌛ Building environment","timeElapsed":269,"timestamp":"2026-07-04T20:52:18.558Z"}
{"level":"error","message":"✘ Failed to rebuild document Failed to parse niveles.wlk: \n-- PARSING FAILED --------------------------------------------------\n\n  583 | \n  584 |     method aceptar()   { }\n> 585 | }\n      | ^\n  586 | \n  587 | object gestorMenu {\n\nExpected one of the following: \n\n'@', 'class', 'const', 'describe', 'mixin', 'object', 'only', 'package', 'program', 'test', 'var', '{', EOF, comment, not \"}\r\n\r\n\", whitespace\n","stack":"Error: Failed to parse niveles.wlk: \n-- PARSING FAILED --------------------------------------------------\n\n  583 | \n  584 |     method aceptar()   { }\n> 585 | }\n      | ^\n  586 | \n  587 | object gestorMenu {\n\nExpected one of the following: \n\n'@', 'class', 'const', 'describe', 'mixin', 'object', 'only', 'package', 'program', 'test', 'var', '{', EOF, comment, not \"}\r\n\r\n\", whitespace\n\n    at c:\\Users\\zagum\\.vscode\\extensions\\uqbar.wollok-lsp-ide-0.5.4\\out\\server\\src\\server.js:2353:13026\n    at Array.map (<anonymous>)\n    at U1n (c:\\Users\\zagum\\.vscode\\extensions\\uqbar.wollok-lsp-ide-0.5.4\\out\\server\\src\\server.js:2353:12950)\n    at H2.buildEnvironmentFrom (c:\\Users\\zagum\\.vscode\\extensions\\uqbar.wollok-lsp-ide-0.5.4\\out\\server\\src\\server.js:2398:5254)\n    at H2.updateEnvironmentWith (c:\\Users\\zagum\\.vscode\\extensions\\uqbar.wollok-lsp-ide-0.5.4\\out\\server\\src\\server.js:2398:4989)\n    at GF (c:\\Users\\zagum\\.vscode\\extensions\\uqbar.wollok-lsp-ide-0.5.4\\out\\server\\src\\server.js:2398:7383)\n    at V3.invoke (c:\\Users\\zagum\\.vscode\\extensions\\uqbar.wollok-lsp-ide-0.5.4\\out\\server\\src\\server.js:3:157328)\n    at o.fire (c:\\Users\\zagum\\.vscode\\extensions\\uqbar.wollok-lsp-ide-0.5.4\\out\\server\\src\\server.js:3:158098)\n    at c:\\Users\\zagum\\.vscode\\extensions\\uqbar.wollok-lsp-ide-0.5.4\\out\\server\\src\\server.js:37:57871\n    at nd (c:\\Users\\zagum\\.vscode\\extensions\\uqbar.wollok-lsp-ide-0.5.4\\out\\server\\src\\server.js:8:1561)","timestamp":"2026-07-04T20:52:18.751Z"}
{"level":"info","message":"⌛ Validating niveles.wlk","timeElapsed":102,"timestamp":"2026-07-04T20:52:18.853Z"}
{"level":"error","message":"✘ Failed to rebuild document Failed to parse niveles.wlk: \n-- PARSING FAILED --------------------------------------------------\n\n  583 | \n  584 |     method aceptar()   { }\n> 585 | }\n      | ^\n  586 | \n  587 | object gestorMenu {\n\nExpected one of the following: \n\n'@', 'class', 'const', 'describe', 'mixin', 'object', 'only', 'package', 'program', 'test', 'var', '{', EOF, comment, not \"}\r\n\r\n\", whitespace\n","stack":"Error: Failed to parse niveles.wlk: \n-- PARSING FAILED --------------------------------------------------\n\n  583 | \n  584 |     method aceptar()   { }\n> 585 | }\n      | ^\n  586 | \n  587 | object gestorMenu {\n\nExpected one of the following: \n\n'@', 'class', 'const', 'describe', 'mixin', 'object', 'only', 'package', 'program', 'test', 'var', '{', EOF, comment, not \"}\r\n\r\n\", whitespace\n\n    at c:\\Users\\zagum\\.vscode\\extensions\\uqbar.wollok-lsp-ide-0.5.4\\out\\server\\src\\server.js:2353:13026\n    at Array.map (<anonymous>)\n    at U1n (c:\\Users\\zagum\\.vscode\\extensions\\uqbar.wollok-lsp-ide-0.5.4\\out\\server\\src\\server.js:2353:12950)\n    at H2.buildEnvironmentFrom (c:\\Users\\zagum\\.vscode\\extensions\\uqbar.wollok-lsp-ide-0.5.4\\out\\server\\src\\server.js:2398:5254)\n    at H2.updateEnvironmentWith (c:\\Users\\zagum\\.vscode\\extensions\\uqbar.wollok-lsp-ide-0.5.4\\out\\server\\src\\server.js:2398:4989)\n    at GF (c:\\Users\\zagum\\.vscode\\extensions\\uqbar.wollok-lsp-ide-0.5.4\\out\\server\\src\\server.js:2398:7383)\n    at V3.invoke (c:\\Users\\zagum\\.vscode\\extensions\\uqbar.wollok-lsp-ide-0.5.4\\out\\server\\src\\server.js:3:157328)\n    at o.fire (c:\\Users\\zagum\\.vscode\\extensions\\uqbar.wollok-lsp-ide-0.5.4\\out\\server\\src\\server.js:3:158098)\n    at c:\\Users\\zagum\\.vscode\\extensions\\uqbar.wollok-lsp-ide-0.5.4\\out\\server\\src\\server.js:37:57871\n    at nd (c:\\Users\\zagum\\.vscode\\extensions\\uqbar.wollok-lsp-ide-0.5.4\\out\\server\\src\\server.js:8:1561)","timestamp":"2026-07-04T20:52:19.045Z"}
{"level":"info","message":"⌛ Validating niveles.wlk","timeElapsed":102,"timestamp":"2026-07-04T20:52:19.148Z"}
{"level":"info","message":"⌛ Building environment","timeElapsed":263,"timestamp":"2026-07-04T20:52:20.302Z"}
{"level":"info","message":"⌛ Building environment","timeElapsed":271,"timestamp":"2026-07-04T20:52:20.579Z"}
{"level":"info","message":"⌛ Building environment","timeElapsed":264,"timestamp":"2026-07-04T20:52:20.882Z"}
{"level":"info","message":"⌛ Building environment","timeElapsed":267,"timestamp":"2026-07-04T20:52:21.250Z"}
{"level":"info","message":"⌛ Building environment","timeElapsed":403,"timestamp":"2026-07-04T20:52:21.654Z"}
{"level":"info","message":"⌛ Validating niveles.wlk","timeElapsed":104,"timestamp":"2026-07-04T20:52:21.759Z"}
{"level":"info","message":"⌛ Building environment","timeElapsed":330,"timestamp":"2026-07-04T20:52:22.089Z"}
{"level":"info","message":"⌛ Building environment","timeElapsed":269,"timestamp":"2026-07-04T20:52:22.487Z"}
{"level":"info","message":"⌛ Validating niveles.wlk","timeElapsed":107,"timestamp":"2026-07-04T20:52:22.623Z"}
{"level":"info","message":"⌛ Validating niveles.wlk","timeElapsed":106,"timestamp":"2026-07-04T20:52:22.750Z"}
{"level":"info","message":"⌛ Building environment","timeElapsed":264,"timestamp":"2026-07-04T20:52:23.014Z"}
{"level":"info","message":"⌛ Building environment","timeElapsed":259,"timestamp":"2026-07-04T20:52:23.303Z"}
{"level":"info","message":"⌛ Building environment","timeElapsed":257,"timestamp":"2026-07-04T20:52:23.689Z"}
{"level":"info","message":"⌛ Building environment","timeElapsed":266,"timestamp":"2026-07-04T20:52:23.988Z"}
{"level":"info","message":"⌛ Building environment","timeElapsed":265,"timestamp":"2026-07-04T20:52:24.283Z"}
{"level":"info","message":"⌛ Building environment","timeElapsed":277,"timestamp":"2026-07-04T20:52:24.707Z"}
{"level":"error","message":"✘ Failed to rebuild document Failed to parse niveles.wlk: \n-- PARSING FAILED --------------------------------------------------\n\n  583 | \n  584 |     method aceptar()   { }\n> 585 | }\n      | ^\n  586 | \n  587 | object gestorMenu {\n\nExpected one of the following: \n\n'@', 'class', 'const', 'describe', 'mixin', 'object', 'only', 'package', 'program', 'test', 'var', '{', EOF, comment, not \"}\r\n\r\n\", whitespace\n","stack":"Error: Failed to parse niveles.wlk: \n-- PARSING FAILED --------------------------------------------------\n\n  583 | \n  584 |     method aceptar()   { }\n> 585 | }\n      | ^\n  586 | \n  587 | object gestorMenu {\n\nExpected one of the following: \n\n'@', 'class', 'const', 'describe', 'mixin', 'object', 'only', 'package', 'program', 'test', 'var', '{', EOF, comment, not \"}\r\n\r\n\", whitespace\n\n    at c:\\Users\\zagum\\.vscode\\extensions\\uqbar.wollok-lsp-ide-0.5.4\\out\\server\\src\\server.js:2353:13026\n    at Array.map (<anonymous>)\n    at U1n (c:\\Users\\zagum\\.vscode\\extensions\\uqbar.wollok-lsp-ide-0.5.4\\out\\server\\src\\server.js:2353:12950)\n    at H2.buildEnvironmentFrom (c:\\Users\\zagum\\.vscode\\extensions\\uqbar.wollok-lsp-ide-0.5.4\\out\\server\\src\\server.js:2398:5254)\n    at H2.updateEnvironmentWith (c:\\Users\\zagum\\.vscode\\extensions\\uqbar.wollok-lsp-ide-0.5.4\\out\\server\\src\\server.js:2398:4989)\n    at GF (c:\\Users\\zagum\\.vscode\\extensions\\uqbar.wollok-lsp-ide-0.5.4\\out\\server\\src\\server.js:2398:7383)\n    at V3.invoke (c:\\Users\\zagum\\.vscode\\extensions\\uqbar.wollok-lsp-ide-0.5.4\\out\\server\\src\\server.js:3:157328)\n    at o.fire (c:\\Users\\zagum\\.vscode\\extensions\\uqbar.wollok-lsp-ide-0.5.4\\out\\server\\src\\server.js:3:158098)\n    at c:\\Users\\zagum\\.vscode\\extensions\\uqbar.wollok-lsp-ide-0.5.4\\out\\server\\src\\server.js:37:57871\n    at nd (c:\\Users\\zagum\\.vscode\\extensions\\uqbar.wollok-lsp-ide-0.5.4\\out\\server\\src\\server.js:8:1561)","timestamp":"2026-07-04T20:52:24.932Z"}
{"level":"info","message":"⌛ Validating niveles.wlk","timeElapsed":111,"timestamp":"2026-07-04T20:52:25.043Z"}
{"level":"info","message":"⌛ Validating niveles.wlk","timeElapsed":106,"timestamp":"2026-07-04T20:52:25.149Z"}
{"level":"info","message":"⌛ Validating niveles.wlk","timeElapsed":103,"timestamp":"2026-07-04T20:52:25.254Z"}
{"level":"info","message":"⌛ Validating niveles.wlk","timeElapsed":109,"timestamp":"2026-07-04T20:52:25.363Z"}
{"level":"info","message":"⌛ Validating niveles.wlk","timeElapsed":101,"timestamp":"2026-07-04T20:52:25.464Z"}
{"level":"error","message":"✘ Failed to rebuild document Failed to parse niveles.wlk: \n-- PARSING FAILED --------------------------------------------------\n\n  583 | \n  584 |     method aceptar()   { }\n> 585 | }\n      | ^\n  586 | \n  587 | object gestorMenu {\n\nExpected one of the following: \n\n'@', 'class', 'const', 'describe', 'mixin', 'object', 'only', 'package', 'program', 'test', 'var', '{', EOF, comment, not \"}\r\n\r\n\", whitespace\n","stack":"Error: Failed to parse niveles.wlk: \n-- PARSING FAILED --------------------------------------------------\n\n  583 | \n  584 |     method aceptar()   { }\n> 585 | }\n      | ^\n  586 | \n  587 | object gestorMenu {\n\nExpected one of the following: \n\n'@', 'class', 'const', 'describe', 'mixin', 'object', 'only', 'package', 'program', 'test', 'var', '{', EOF, comment, not \"}\r\n\r\n\", whitespace\n\n    at c:\\Users\\zagum\\.vscode\\extensions\\uqbar.wollok-lsp-ide-0.5.4\\out\\server\\src\\server.js:2353:13026\n    at Array.map (<anonymous>)\n    at U1n (c:\\Users\\zagum\\.vscode\\extensions\\uqbar.wollok-lsp-ide-0.5.4\\out\\server\\src\\server.js:2353:12950)\n    at H2.buildEnvironmentFrom (c:\\Users\\zagum\\.vscode\\extensions\\uqbar.wollok-lsp-ide-0.5.4\\out\\server\\src\\server.js:2398:5254)\n    at H2.updateEnvironmentWith (c:\\Users\\zagum\\.vscode\\extensions\\uqbar.wollok-lsp-ide-0.5.4\\out\\server\\src\\server.js:2398:4989)\n    at GF (c:\\Users\\zagum\\.vscode\\extensions\\uqbar.wollok-lsp-ide-0.5.4\\out\\server\\src\\server.js:2398:7383)\n    at V3.invoke (c:\\Users\\zagum\\.vscode\\extensions\\uqbar.wollok-lsp-ide-0.5.4\\out\\server\\src\\server.js:3:157328)\n    at o.fire (c:\\Users\\zagum\\.vscode\\extensions\\uqbar.wollok-lsp-ide-0.5.4\\out\\server\\src\\server.js:3:158098)\n    at c:\\Users\\zagum\\.vscode\\extensions\\uqbar.wollok-lsp-ide-0.5.4\\out\\server\\src\\server.js:37:57871\n    at nd (c:\\Users\\zagum\\.vscode\\extensions\\uqbar.wollok-lsp-ide-0.5.4\\out\\server\\src\\server.js:8:1561)","timestamp":"2026-07-04T20:52:25.663Z"}
{"level":"info","message":"⌛ Validating niveles.wlk","timeElapsed":137,"timestamp":"2026-07-04T20:52:25.801Z"}
{"level":"info","message":"⌛ Building environment","timeElapsed":286,"timestamp":"2026-07-04T20:52:26.087Z"}
{"level":"info","message":"⌛ Building environment","timeElapsed":274,"timestamp":"2026-07-04T20:52:26.362Z"}
{"level":"info","message":"⌛ Building environment","timeElapsed":253,"timestamp":"2026-07-04T20:52:26.658Z"}
{"level":"info","message":"⌛ Building environment","timeElapsed":267,"timestamp":"2026-07-04T20:52:26.926Z"}
{"level":"info","message":"⌛ Building environment","timeElapsed":276,"timestamp":"2026-07-04T20:52:27.203Z"}
{"level":"info","message":"⌛ Building environment","timeElapsed":262,"timestamp":"2026-07-04T20:52:27.469Z"}
{"level":"info","message":"⌛ Building environment","timeElapsed":460,"timestamp":"2026-07-04T20:52:27.935Z"}
{"level":"info","message":"⌛ Validating niveles.wlk","timeElapsed":102,"timestamp":"2026-07-04T20:52:28.046Z"}
{"level":"info","message":"⌛ Validating niveles.wlk","timeElapsed":102,"timestamp":"2026-07-04T20:52:28.270Z"}
{"level":"info","message":"⌛ Validating niveles.wlk","timeElapsed":108,"timestamp":"2026-07-04T20:52:28.378Z"}
{"level":"info","message":"⌛ Validating niveles.wlk","timeElapsed":101,"timestamp":"2026-07-04T20:52:28.480Z"}
{"level":"info","message":"⌛ Validating niveles.wlk","timeElapsed":103,"timestamp":"2026-07-04T20:52:28.583Z"}
{"level":"info","message":"⌛ Validating niveles.wlk","timeElapsed":104,"timestamp":"2026-07-04T20:52:28.686Z"}
{"level":"info","message":"⌛ Building environment","timeElapsed":316,"timestamp":"2026-07-04T20:52:31.309Z"}
{"level":"info","message":"⌛ Validating niveles.wlk","timeElapsed":144,"timestamp":"2026-07-04T20:52:31.457Z"}
{"level":"info","message":"⌛ Building environment","timeElapsed":297,"timestamp":"2026-07-04T20:52:38.640Z"}
{"level":"info","message":"⌛ Validating niveles.wlk","timeElapsed":108,"timestamp":"2026-07-04T20:52:38.753Z"}
{"level":"info","message":"⌛ Building environment","timeElapsed":289,"timestamp":"2026-07-04T20:52:39.042Z"}
{"level":"info","message":"⌛ Building environment","timeElapsed":263,"timestamp":"2026-07-04T20:52:49.482Z"}
{"level":"info","message":"⌛ Validating niveles.wlk","timeElapsed":140,"timestamp":"2026-07-04T20:52:49.623Z"}
{"level":"info","message":"⌛ Building environment","timeElapsed":291,"timestamp":"2026-07-04T20:52:57.766Z"}
{"level":"info","message":"⌛ Building environment","timeElapsed":261,"timestamp":"2026-07-04T20:52:58.057Z"}
{"level":"info","message":"⌛ Validating niveles.wlk","timeElapsed":108,"timestamp":"2026-07-04T20:52:58.165Z"}
{"level":"info","message":"⌛ Building environment","timeElapsed":297,"timestamp":"2026-07-04T20:52:58.463Z"}
{"level":"info","message":"⌛ Validating niveles.wlk","timeElapsed":115,"timestamp":"2026-07-04T20:52:58.612Z"}
{"level":"info","message":"⌛ Building environment","timeElapsed":273,"timestamp":"2026-07-04T20:52:58.885Z"}
{"level":"info","message":"⌛ Building environment","timeElapsed":265,"timestamp":"2026-07-04T20:52:59.162Z"}
{"level":"info","message":"⌛ Validating niveles.wlk","timeElapsed":112,"timestamp":"2026-07-04T20:52:59.282Z"}
{"level":"info","message":"⌛ Building environment","timeElapsed":280,"timestamp":"2026-07-04T20:52:59.585Z"}
{"level":"info","message":"⌛ Validating niveles.wlk","timeElapsed":113,"timestamp":"2026-07-04T20:52:59.706Z"}
{"level":"info","message":"⌛ Building environment","timeElapsed":266,"timestamp":"2026-07-04T20:52:59.972Z"}
{"level":"info","message":"⌛ Validating niveles.wlk","timeElapsed":107,"timestamp":"2026-07-04T20:53:00.112Z"}
{"level":"info","message":"⌛ Building environment","timeElapsed":259,"timestamp":"2026-07-04T20:53:00.392Z"}
{"level":"info","message":"⌛ Building environment","timeElapsed":277,"timestamp":"2026-07-04T20:53:00.669Z"}
{"level":"info","message":"⌛ Validating niveles.wlk","timeElapsed":105,"timestamp":"2026-07-04T20:53:00.801Z"}
{"level":"info","message":"⌛ Validating niveles.wlk","timeElapsed":112,"timestamp":"2026-07-04T20:53:00.948Z"}
{"level":"info","message":"⌛ Building environment","timeElapsed":305,"timestamp":"2026-07-04T20:53:01.254Z"}
{"level":"info","message":"⌛ Validating niveles.wlk","timeElapsed":103,"timestamp":"2026-07-04T20:53:01.361Z"}
{"level":"info","message":"⌛ Building environment","timeElapsed":268,"timestamp":"2026-07-04T20:53:01.633Z"}
{"level":"info","message":"⌛ Building environment","timeElapsed":358,"timestamp":"2026-07-04T20:53:01.992Z"}
{"level":"info","message":"⌛ Building environment","timeElapsed":255,"timestamp":"2026-07-04T20:53:02.382Z"}
{"level":"info","message":"⌛ Building environment","timeElapsed":294,"timestamp":"2026-07-04T20:53:02.677Z"}
{"level":"info","message":"⌛ Building environment","timeElapsed":269,"timestamp":"2026-07-04T20:53:02.946Z"}
{"level":"info","message":"⌛ Validating niveles.wlk","timeElapsed":104,"timestamp":"2026-07-04T20:53:03.084Z"}
{"level":"info","message":"⌛ Building environment","timeElapsed":263,"timestamp":"2026-07-04T20:53:03.347Z"}
{"level":"info","message":"⌛ Validating niveles.wlk","timeElapsed":104,"timestamp":"2026-07-04T20:53:03.451Z"}
{"level":"info","message":"⌛ Building environment","timeElapsed":263,"timestamp":"2026-07-04T20:53:03.719Z"}
{"level":"info","message":"⌛ Building environment","timeElapsed":266,"timestamp":"2026-07-04T20:53:03.985Z"}
{"level":"info","message":"⌛ Validating niveles.wlk","timeElapsed":106,"timestamp":"2026-07-04T20:53:04.098Z"}
{"level":"info","message":"⌛ Validating niveles.wlk","timeElapsed":108,"timestamp":"2026-07-04T20:53:04.210Z"}
{"level":"info","message":"⌛ Validating niveles.wlk","timeElapsed":112,"timestamp":"2026-07-04T20:53:04.322Z"}
{"level":"info","message":"⌛ Validating niveles.wlk","timeElapsed":111,"timestamp":"2026-07-04T20:53:04.434Z"}
{"level":"info","message":"⌛ Validating niveles.wlk","timeElapsed":109,"timestamp":"2026-07-04T20:53:04.542Z"}
{"level":"info","message":"⌛ Validating niveles.wlk","timeElapsed":106,"timestamp":"2026-07-04T20:53:04.674Z"}
{"level":"info","message":"⌛ Validating niveles.wlk","timeElapsed":102,"timestamp":"2026-07-04T20:53:04.804Z"}
{"level":"info","message":"⌛ Building environment","timeElapsed":253,"timestamp":"2026-07-04T20:53:07.215Z"}
{"level":"info","message":"⌛ Building environment","timeElapsed":265,"timestamp":"2026-07-04T20:53:08.319Z"}
{"level":"info","message":"⌛ Building environment","timeElapsed":301,"timestamp":"2026-07-04T20:53:08.737Z"}
{"level":"info","message":"⌛ Building environment","timeElapsed":263,"timestamp":"2026-07-04T20:53:09.029Z"}
{"level":"info","message":"⌛ Building environment","timeElapsed":264,"timestamp":"2026-07-04T20:53:09.293Z"}
{"level":"info","message":"⌛ Validating niveles.wlk","timeElapsed":103,"timestamp":"2026-07-04T20:53:09.397Z"}
{"level":"info","message":"⌛ Building environment","timeElapsed":299,"timestamp":"2026-07-04T20:53:09.770Z"}
{"level":"info","message":"⌛ Validating niveles.wlk","timeElapsed":157,"timestamp":"2026-07-04T20:53:09.933Z"}
{"level":"info","message":"⌛ Building environment","timeElapsed":266,"timestamp":"2026-07-04T20:53:10.200Z"}
{"level":"info","message":"⌛ Validating niveles.wlk","timeElapsed":109,"timestamp":"2026-07-04T20:53:10.309Z"}
{"level":"info","message":"⌛ Building environment","timeElapsed":269,"timestamp":"2026-07-04T20:53:10.579Z"}
{"level":"info","message":"⌛ Validating niveles.wlk","timeElapsed":114,"timestamp":"2026-07-04T20:53:10.699Z"}
{"level":"info","message":"⌛ Building environment","timeElapsed":328,"timestamp":"2026-07-04T20:53:11.027Z"}
{"level":"info","message":"⌛ Building environment","timeElapsed":269,"timestamp":"2026-07-04T20:53:11.326Z"}
{"level":"info","message":"⌛ Building environment","timeElapsed":279,"timestamp":"2026-07-04T20:53:11.606Z"}
{"level":"info","message":"⌛ Building environment","timeElapsed":263,"timestamp":"2026-07-04T20:53:11.870Z"}
{"level":"info","message":"⌛ Validating niveles.wlk","timeElapsed":114,"timestamp":"2026-07-04T20:53:11.984Z"}
{"level":"info","message":"⌛ Building environment","timeElapsed":264,"timestamp":"2026-07-04T20:53:12.248Z"}
{"level":"info","message":"⌛ Building environment","timeElapsed":251,"timestamp":"2026-07-04T20:53:12.499Z"}
{"level":"info","message":"⌛ Validating niveles.wlk","timeElapsed":107,"timestamp":"2026-07-04T20:53:12.613Z"}
{"level":"info","message":"⌛ Building environment","timeElapsed":289,"timestamp":"2026-07-04T20:53:12.902Z"}
{"level":"info","message":"⌛ Building environment","timeElapsed":294,"timestamp":"2026-07-04T20:53:13.196Z"}
{"level":"info","message":"⌛ Building environment","timeElapsed":249,"timestamp":"2026-07-04T20:53:13.450Z"}
{"level":"info","message":"⌛ Building environment","timeElapsed":247,"timestamp":"2026-07-04T20:53:13.701Z"}
{"level":"info","message":"⌛ Validating niveles.wlk","timeElapsed":101,"timestamp":"2026-07-04T20:53:13.807Z"}
{"level":"info","message":"⌛ Building environment","timeElapsed":257,"timestamp":"2026-07-04T20:53:14.089Z"}
{"level":"info","message":"⌛ Building environment","timeElapsed":259,"timestamp":"2026-07-04T20:53:14.381Z"}
{"level":"info","message":"⌛ Validating niveles.wlk","timeElapsed":109,"timestamp":"2026-07-04T20:53:14.491Z"}
{"level":"info","message":"⌛ Building environment","timeElapsed":263,"timestamp":"2026-07-04T20:53:14.755Z"}
{"level":"info","message":"⌛ Building environment","timeElapsed":272,"timestamp":"2026-07-04T20:53:15.027Z"}
{"level":"info","message":"⌛ Validating niveles.wlk","timeElapsed":107,"timestamp":"2026-07-04T20:53:15.135Z"}
{"level":"info","message":"⌛ Validating niveles.wlk","timeElapsed":111,"timestamp":"2026-07-04T20:53:15.271Z"}
{"level":"info","message":"⌛ Building environment","timeElapsed":270,"timestamp":"2026-07-04T20:53:15.542Z"}
{"level":"info","message":"⌛ Validating niveles.wlk","timeElapsed":110,"timestamp":"2026-07-04T20:53:15.653Z"}
{"level":"info","message":"⌛ Building environment","timeElapsed":261,"timestamp":"2026-07-04T20:53:15.919Z"}
{"level":"info","message":"⌛ Validating niveles.wlk","timeElapsed":109,"timestamp":"2026-07-04T20:53:16.028Z"}
{"level":"info","message":"⌛ Building environment","timeElapsed":389,"timestamp":"2026-07-04T20:53:16.419Z"}
{"level":"info","message":"⌛ Validating niveles.wlk","timeElapsed":121,"timestamp":"2026-07-04T20:53:16.541Z"}
{"level":"info","message":"⌛ Validating niveles.wlk","timeElapsed":110,"timestamp":"2026-07-04T20:53:16.657Z"}
{"level":"info","message":"⌛ Validating niveles.wlk","timeElapsed":111,"timestamp":"2026-07-04T20:53:16.769Z"}
{"level":"info","message":"⌛ Validating niveles.wlk","timeElapsed":103,"timestamp":"2026-07-04T20:53:16.872Z"}
{"level":"info","message":"⌛ Validating niveles.wlk","timeElapsed":103,"timestamp":"2026-07-04T20:53:16.975Z"}
{"level":"info","message":"⌛ Validating niveles.wlk","timeElapsed":107,"timestamp":"2026-07-04T20:53:17.083Z"}
{"level":"info","message":"⌛ Validating niveles.wlk","timeElapsed":101,"timestamp":"2026-07-04T20:53:17.185Z"}
{"level":"info","message":"⌛ Validating niveles.wlk","timeElapsed":102,"timestamp":"2026-07-04T20:53:17.288Z"}
{"level":"info","message":"⌛ Validating niveles.wlk","timeElapsed":104,"timestamp":"2026-07-04T20:53:17.413Z"}
{"level":"info","message":"⌛ Validating niveles.wlk","timeElapsed":117,"timestamp":"2026-07-04T20:53:17.531Z"}
{"level":"info","message":"⌛ Building environment","timeElapsed":260,"timestamp":"2026-07-04T20:53:18.102Z"}
{"level":"info","message":"⌛ Building environment","timeElapsed":317,"timestamp":"2026-07-04T20:53:19.445Z"}
{"level":"info","message":"⌛ Validating niveles.wlk","timeElapsed":104,"timestamp":"2026-07-04T20:53:19.577Z"}
{"level":"info","message":"⌛ Building environment","timeElapsed":275,"timestamp":"2026-07-04T20:53:25.767Z"}
{"level":"info","message":"⌛ Building environment","timeElapsed":260,"timestamp":"2026-07-04T20:53:28.079Z"}
{"level":"error","message":"✘ Completions for node Send ([571:8, 571:26] - niveles.wlk) failed: Error: [Send]{e523a8} at niveles.wlk:571 exhausted all cases without a match [Send]{e523a8} at niveles.wlk:571 exhausted all cases without a match","stack":"Error: [Send]{e523a8} at niveles.wlk:571 exhausted all cases without a match\n    at c:\\Users\\zagum\\.vscode\\extensions\\uqbar.wollok-lsp-ide-0.5.4\\out\\server\\src\\server.js:38:6142\n    at L2 (c:\\Users\\zagum\\.vscode\\extensions\\uqbar.wollok-lsp-ide-0.5.4\\out\\server\\src\\server.js:2389:42)\n    at Jh (c:\\Users\\zagum\\.vscode\\extensions\\uqbar.wollok-lsp-ide-0.5.4\\out\\server\\src\\server.js:2389:1092)\n    at M5n (c:\\Users\\zagum\\.vscode\\extensions\\uqbar.wollok-lsp-ide-0.5.4\\out\\server\\src\\server.js:2389:1248)\n    at c:\\Users\\zagum\\.vscode\\extensions\\uqbar.wollok-lsp-ide-0.5.4\\out\\server\\src\\server.js:38:6131\n    at L2 (c:\\Users\\zagum\\.vscode\\extensions\\uqbar.wollok-lsp-ide-0.5.4\\out\\server\\src\\server.js:2389:42)\n    at c:\\Users\\zagum\\.vscode\\extensions\\uqbar.wollok-lsp-ide-0.5.4\\out\\server\\src\\server.js:2389:2988\n    at c:\\Users\\zagum\\.vscode\\extensions\\uqbar.wollok-lsp-ide-0.5.4\\out\\server\\src\\server.js:2398:8440\n    at c:\\Users\\zagum\\.vscode\\extensions\\uqbar.wollok-lsp-ide-0.5.4\\out\\server\\src\\server.js:37:74872\n    at Ke (c:\\Users\\zagum\\.vscode\\extensions\\uqbar.wollok-lsp-ide-0.5.4\\out\\server\\src\\server.js:7:8527)","timestamp":"2026-07-04T20:53:28.115Z"}
{"level":"info","message":"⌛ Building environment","timeElapsed":259,"timestamp":"2026-07-04T20:53:28.399Z"}
{"level":"info","message":"⌛ Validating niveles.wlk","timeElapsed":106,"timestamp":"2026-07-04T20:53:28.505Z"}
{"level":"info","message":"⌛ Validating niveles.wlk","timeElapsed":101,"timestamp":"2026-07-04T20:53:28.634Z"}
{"level":"info","message":"⌛ Building environment","timeElapsed":272,"timestamp":"2026-07-04T20:53:28.906Z"}
{"level":"info","message":"⌛ Validating niveles.wlk","timeElapsed":102,"timestamp":"2026-07-04T20:53:29.053Z"}
{"level":"info","message":"⌛ Building environment","timeElapsed":258,"timestamp":"2026-07-04T20:53:29.729Z"}
{"level":"info","message":"⌛ Validating niveles.wlk","timeElapsed":104,"timestamp":"2026-07-04T20:53:29.849Z"}
{"level":"info","message":"⌛ Building environment","timeElapsed":263,"timestamp":"2026-07-04T20:53:31.915Z"}
{"level":"error","message":"✘ Completions for node Send ([575:9, 575:29] - niveles.wlk) failed: Error: [Send]{d833e8} at niveles.wlk:575 exhausted all cases without a match [Send]{d833e8} at niveles.wlk:575 exhausted all cases without a match","stack":"Error: [Send]{d833e8} at niveles.wlk:575 exhausted all cases without a match\n    at c:\\Users\\zagum\\.vscode\\extensions\\uqbar.wollok-lsp-ide-0.5.4\\out\\server\\src\\server.js:38:6142\n    at L2 (c:\\Users\\zagum\\.vscode\\extensions\\uqbar.wollok-lsp-ide-0.5.4\\out\\server\\src\\server.js:2389:42)\n    at Jh (c:\\Users\\zagum\\.vscode\\extensions\\uqbar.wollok-lsp-ide-0.5.4\\out\\server\\src\\server.js:2389:1092)\n    at M5n (c:\\Users\\zagum\\.vscode\\extensions\\uqbar.wollok-lsp-ide-0.5.4\\out\\server\\src\\server.js:2389:1248)\n    at c:\\Users\\zagum\\.vscode\\extensions\\uqbar.wollok-lsp-ide-0.5.4\\out\\server\\src\\server.js:38:6131\n    at L2 (c:\\Users\\zagum\\.vscode\\extensions\\uqbar.wollok-lsp-ide-0.5.4\\out\\server\\src\\server.js:2389:42)\n    at c:\\Users\\zagum\\.vscode\\extensions\\uqbar.wollok-lsp-ide-0.5.4\\out\\server\\src\\server.js:2389:2988\n    at c:\\Users\\zagum\\.vscode\\extensions\\uqbar.wollok-lsp-ide-0.5.4\\out\\server\\src\\server.js:2398:8440\n    at c:\\Users\\zagum\\.vscode\\extensions\\uqbar.wollok-lsp-ide-0.5.4\\out\\server\\src\\server.js:37:74872\n    at Ke (c:\\Users\\zagum\\.vscode\\extensions\\uqbar.wollok-lsp-ide-0.5.4\\out\\server\\src\\server.js:7:8527)","timestamp":"2026-07-04T20:53:31.947Z"}
{"level":"info","message":"⌛ Building environment","timeElapsed":275,"timestamp":"2026-07-04T20:53:32.246Z"}
{"level":"info","message":"⌛ Validating niveles.wlk","timeElapsed":105,"timestamp":"2026-07-04T20:53:32.351Z"}
{"level":"info","message":"⌛ Building environment","timeElapsed":266,"timestamp":"2026-07-04T20:53:32.642Z"}
{"level":"info","message":"⌛ Validating niveles.wlk","timeElapsed":111,"timestamp":"2026-07-04T20:53:32.753Z"}
{"level":"info","message":"⌛ Validating niveles.wlk","timeElapsed":109,"timestamp":"2026-07-04T20:53:32.906Z"}
{"level":"info","message":"⌛ Building environment","timeElapsed":355,"timestamp":"2026-07-04T20:53:33.930Z"}
{"level":"info","message":"⌛ Validating niveles.wlk","timeElapsed":101,"timestamp":"2026-07-04T20:53:34.066Z"}
{"level":"info","message":"⌛ Building environment","timeElapsed":375,"timestamp":"2026-07-04T20:53:43.248Z"}
{"level":"info","message":"⌛ Validating niveles.wlk","timeElapsed":116,"timestamp":"2026-07-04T20:53:43.370Z"}
{"level":"info","message":"⌛ Building environment","timeElapsed":410,"timestamp":"2026-07-04T20:53:44.939Z"}
{"level":"info","message":"⌛ Building environment","timeElapsed":276,"timestamp":"2026-07-04T20:53:45.246Z"}
{"level":"info","message":"⌛ Building environment","timeElapsed":275,"timestamp":"2026-07-04T20:53:45.522Z"}
{"level":"info","message":"⌛ Building environment","timeElapsed":316,"timestamp":"2026-07-04T20:53:45.839Z"}
{"level":"info","message":"⌛ Validating niveles.wlk","timeElapsed":114,"timestamp":"2026-07-04T20:53:45.953Z"}
{"level":"info","message":"⌛ Validating niveles.wlk","timeElapsed":125,"timestamp":"2026-07-04T20:53:46.106Z"}
{"level":"info","message":"⌛ Building environment","timeElapsed":264,"timestamp":"2026-07-04T20:53:46.371Z"}
{"level":"info","message":"⌛ Validating niveles.wlk","timeElapsed":108,"timestamp":"2026-07-04T20:53:46.479Z"}
{"level":"info","message":"⌛ Building environment","timeElapsed":263,"timestamp":"2026-07-04T20:53:46.742Z"}
{"level":"info","message":"⌛ Building environment","timeElapsed":274,"timestamp":"2026-07-04T20:53:47.017Z"}
{"level":"info","message":"⌛ Validating niveles.wlk","timeElapsed":105,"timestamp":"2026-07-04T20:53:47.123Z"}
{"level":"info","message":"⌛ Building environment","timeElapsed":265,"timestamp":"2026-07-04T20:53:47.393Z"}
{"level":"info","message":"⌛ Validating niveles.wlk","timeElapsed":108,"timestamp":"2026-07-04T20:53:47.501Z"}
{"level":"info","message":"⌛ Validating niveles.wlk","timeElapsed":102,"timestamp":"2026-07-04T20:53:47.609Z"}
{"level":"info","message":"⌛ Building environment","timeElapsed":267,"timestamp":"2026-07-04T20:53:47.877Z"}
{"level":"info","message":"⌛ Building environment","timeElapsed":264,"timestamp":"2026-07-04T20:53:48.171Z"}
{"level":"info","message":"⌛ Validating niveles.wlk","timeElapsed":101,"timestamp":"2026-07-04T20:53:48.298Z"}
{"level":"info","message":"⌛ Building environment","timeElapsed":481,"timestamp":"2026-07-04T20:53:48.778Z"}
{"level":"info","message":"⌛ Building environment","timeElapsed":266,"timestamp":"2026-07-04T20:53:49.045Z"}
{"level":"info","message":"⌛ Building environment","timeElapsed":261,"timestamp":"2026-07-04T20:53:49.332Z"}
{"level":"info","message":"⌛ Validating niveles.wlk","timeElapsed":102,"timestamp":"2026-07-04T20:53:49.435Z"}
{"level":"info","message":"⌛ Building environment","timeElapsed":296,"timestamp":"2026-07-04T20:53:49.731Z"}
{"level":"info","message":"⌛ Validating niveles.wlk","timeElapsed":102,"timestamp":"2026-07-04T20:53:49.838Z"}
{"level":"info","message":"⌛ Validating niveles.wlk","timeElapsed":104,"timestamp":"2026-07-04T20:53:49.942Z"}
{"level":"info","message":"⌛ Validating niveles.wlk","timeElapsed":102,"timestamp":"2026-07-04T20:53:50.044Z"}
{"level":"info","message":"⌛ Validating niveles.wlk","timeElapsed":102,"timestamp":"2026-07-04T20:53:50.146Z"}
{"level":"info","message":"⌛ Validating niveles.wlk","timeElapsed":108,"timestamp":"2026-07-04T20:53:50.254Z"}
{"level":"info","message":"⌛ Validating niveles.wlk","timeElapsed":114,"timestamp":"2026-07-04T20:53:50.368Z"}
{"level":"info","message":"⌛ Building environment","timeElapsed":269,"timestamp":"2026-07-04T20:53:51.842Z"}
{"level":"info","message":"⌛ Building environment","timeElapsed":273,"timestamp":"2026-07-04T20:53:52.115Z"}
{"level":"info","message":"⌛ Building environment","timeElapsed":263,"timestamp":"2026-07-04T20:53:52.408Z"}
{"level":"info","message":"⌛ Validating niveles.wlk","timeElapsed":114,"timestamp":"2026-07-04T20:53:52.522Z"}
{"level":"info","message":"⌛ Building environment","timeElapsed":265,"timestamp":"2026-07-04T20:53:52.787Z"}
{"level":"info","message":"⌛ Building environment","timeElapsed":290,"timestamp":"2026-07-04T20:53:53.077Z"}
{"level":"info","message":"⌛ Building environment","timeElapsed":282,"timestamp":"2026-07-04T20:53:53.360Z"}
{"level":"info","message":"⌛ Validating niveles.wlk","timeElapsed":106,"timestamp":"2026-07-04T20:53:53.590Z"}
{"level":"info","message":"⌛ Building environment","timeElapsed":269,"timestamp":"2026-07-04T20:53:53.859Z"}
{"level":"info","message":"⌛ Building environment","timeElapsed":262,"timestamp":"2026-07-04T20:53:54.150Z"}
{"level":"info","message":"⌛ Validating niveles.wlk","timeElapsed":150,"timestamp":"2026-07-04T20:53:54.302Z"}
{"level":"info","message":"⌛ Validating niveles.wlk","timeElapsed":102,"timestamp":"2026-07-04T20:53:54.429Z"}
{"level":"info","message":"⌛ Validating niveles.wlk","timeElapsed":104,"timestamp":"2026-07-04T20:53:54.534Z"}
{"level":"info","message":"⌛ Building environment","timeElapsed":329,"timestamp":"2026-07-04T20:53:54.863Z"}
{"level":"info","message":"⌛ Building environment","timeElapsed":268,"timestamp":"2026-07-04T20:53:55.132Z"}
{"level":"info","message":"⌛ Validating niveles.wlk","timeElapsed":102,"timestamp":"2026-07-04T20:53:55.264Z"}
{"level":"info","message":"⌛ Validating niveles.wlk","timeElapsed":101,"timestamp":"2026-07-04T20:53:55.387Z"}
{"level":"info","message":"⌛ Building environment","timeElapsed":250,"timestamp":"2026-07-04T20:53:55.639Z"}
{"level":"info","message":"⌛ Building environment","timeElapsed":266,"timestamp":"2026-07-04T20:53:55.910Z"}
{"level":"info","message":"⌛ Building environment","timeElapsed":258,"timestamp":"2026-07-04T20:53:56.174Z"}
{"level":"info","message":"⌛ Building environment","timeElapsed":289,"timestamp":"2026-07-04T20:53:56.469Z"}
{"level":"info","message":"⌛ Validating niveles.wlk","timeElapsed":104,"timestamp":"2026-07-04T20:53:56.577Z"}
{"level":"info","message":"⌛ Building environment","timeElapsed":314,"timestamp":"2026-07-04T20:53:56.892Z"}
{"level":"info","message":"⌛ Building environment","timeElapsed":271,"timestamp":"2026-07-04T20:53:57.163Z"}
{"level":"info","message":"⌛ Building environment","timeElapsed":260,"timestamp":"2026-07-04T20:53:57.429Z"}
{"level":"info","message":"⌛ Validating niveles.wlk","timeElapsed":106,"timestamp":"2026-07-04T20:53:57.539Z"}
{"level":"info","message":"⌛ Validating niveles.wlk","timeElapsed":102,"timestamp":"2026-07-04T20:53:57.644Z"}
{"level":"info","message":"⌛ Validating niveles.wlk","timeElapsed":105,"timestamp":"2026-07-04T20:53:57.868Z"}
{"level":"info","message":"⌛ Building environment","timeElapsed":280,"timestamp":"2026-07-04T20:53:58.149Z"}
{"level":"info","message":"⌛ Validating niveles.wlk","timeElapsed":107,"timestamp":"2026-07-04T20:53:58.256Z"}
{"level":"info","message":"⌛ Building environment","timeElapsed":255,"timestamp":"2026-07-04T20:53:58.516Z"}
{"level":"info","message":"⌛ Building environment","timeElapsed":259,"timestamp":"2026-07-04T20:53:58.775Z"}
{"level":"info","message":"⌛ Validating niveles.wlk","timeElapsed":102,"timestamp":"2026-07-04T20:53:58.877Z"}
{"level":"info","message":"⌛ Building environment","timeElapsed":326,"timestamp":"2026-07-04T20:53:59.308Z"}
{"level":"info","message":"⌛ Validating niveles.wlk","timeElapsed":103,"timestamp":"2026-07-04T20:53:59.443Z"}
{"level":"info","message":"⌛ Building environment","timeElapsed":262,"timestamp":"2026-07-04T20:53:59.706Z"}
{"level":"info","message":"⌛ Building environment","timeElapsed":256,"timestamp":"2026-07-04T20:53:59.966Z"}
{"level":"info","message":"⌛ Building environment","timeElapsed":267,"timestamp":"2026-07-04T20:54:00.242Z"}
{"level":"info","message":"⌛ Validating niveles.wlk","timeElapsed":114,"timestamp":"2026-07-04T20:54:00.361Z"}
{"level":"info","message":"⌛ Validating niveles.wlk","timeElapsed":176,"timestamp":"2026-07-04T20:54:00.542Z"}
{"level":"info","message":"⌛ Validating niveles.wlk","timeElapsed":102,"timestamp":"2026-07-04T20:54:00.644Z"}
{"level":"info","message":"⌛ Building environment","timeElapsed":261,"timestamp":"2026-07-04T20:54:00.906Z"}
{"level":"info","message":"⌛ Validating niveles.wlk","timeElapsed":103,"timestamp":"2026-07-04T20:54:01.009Z"}
{"level":"info","message":"⌛ Building environment","timeElapsed":264,"timestamp":"2026-07-04T20:54:01.274Z"}
{"level":"info","message":"⌛ Building environment","timeElapsed":291,"timestamp":"2026-07-04T20:54:01.594Z"}
{"level":"info","message":"⌛ Building environment","timeElapsed":376,"timestamp":"2026-07-04T20:54:01.970Z"}
{"level":"info","message":"⌛ Validating niveles.wlk","timeElapsed":108,"timestamp":"2026-07-04T20:54:02.078Z"}
{"level":"info","message":"⌛ Validating niveles.wlk","timeElapsed":104,"timestamp":"2026-07-04T20:54:02.208Z"}
{"level":"info","message":"⌛ Building environment","timeElapsed":330,"timestamp":"2026-07-04T20:54:02.538Z"}
{"level":"info","message":"⌛ Validating niveles.wlk","timeElapsed":104,"timestamp":"2026-07-04T20:54:02.642Z"}
{"level":"info","message":"⌛ Building environment","timeElapsed":260,"timestamp":"2026-07-04T20:54:02.908Z"}
{"level":"info","message":"⌛ Building environment","timeElapsed":265,"timestamp":"2026-07-04T20:54:03.173Z"}
{"level":"info","message":"⌛ Validating niveles.wlk","timeElapsed":103,"timestamp":"2026-07-04T20:54:03.277Z"}
{"level":"info","message":"⌛ Building environment","timeElapsed":263,"timestamp":"2026-07-04T20:54:03.541Z"}
{"level":"info","message":"⌛ Validating niveles.wlk","timeElapsed":107,"timestamp":"2026-07-04T20:54:03.648Z"}
{"level":"info","message":"⌛ Validating niveles.wlk","timeElapsed":104,"timestamp":"2026-07-04T20:54:03.778Z"}
{"level":"info","message":"⌛ Building environment","timeElapsed":365,"timestamp":"2026-07-04T20:54:04.145Z"}
{"level":"info","message":"⌛ Building environment","timeElapsed":256,"timestamp":"2026-07-04T20:54:04.435Z"}
{"level":"info","message":"⌛ Validating niveles.wlk","timeElapsed":108,"timestamp":"2026-07-04T20:54:04.544Z"}
{"level":"info","message":"⌛ Building environment","timeElapsed":270,"timestamp":"2026-07-04T20:54:04.815Z"}
{"level":"info","message":"⌛ Building environment","timeElapsed":277,"timestamp":"2026-07-04T20:54:05.092Z"}
{"level":"info","message":"⌛ Building environment","timeElapsed":254,"timestamp":"2026-07-04T20:54:05.346Z"}
{"level":"info","message":"⌛ Validating niveles.wlk","timeElapsed":110,"timestamp":"2026-07-04T20:54:05.456Z"}
{"level":"info","message":"⌛ Building environment","timeElapsed":263,"timestamp":"2026-07-04T20:54:05.719Z"}
{"level":"info","message":"⌛ Validating niveles.wlk","timeElapsed":107,"timestamp":"2026-07-04T20:54:05.827Z"}
{"level":"info","message":"⌛ Building environment","timeElapsed":316,"timestamp":"2026-07-04T20:54:06.168Z"}
{"level":"info","message":"⌛ Building environment","timeElapsed":255,"timestamp":"2026-07-04T20:54:06.427Z"}
{"level":"info","message":"⌛ Validating niveles.wlk","timeElapsed":107,"timestamp":"2026-07-04T20:54:06.535Z"}
{"level":"info","message":"⌛ Building environment","timeElapsed":254,"timestamp":"2026-07-04T20:54:06.915Z"}
{"level":"info","message":"⌛ Building environment","timeElapsed":254,"timestamp":"2026-07-04T20:54:07.169Z"}
{"level":"info","message":"⌛ Building environment","timeElapsed":257,"timestamp":"2026-07-04T20:54:07.427Z"}
{"level":"info","message":"⌛ Building environment","timeElapsed":258,"timestamp":"2026-07-04T20:54:07.689Z"}
{"level":"info","message":"⌛ Validating niveles.wlk","timeElapsed":104,"timestamp":"2026-07-04T20:54:07.921Z"}
{"level":"info","message":"⌛ Validating niveles.wlk","timeElapsed":102,"timestamp":"2026-07-04T20:54:08.140Z"}
{"level":"info","message":"⌛ Validating niveles.wlk","timeElapsed":101,"timestamp":"2026-07-04T20:54:08.241Z"}
{"level":"info","message":"⌛ Building environment","timeElapsed":305,"timestamp":"2026-07-04T20:54:08.548Z"}
{"level":"info","message":"⌛ Validating niveles.wlk","timeElapsed":101,"timestamp":"2026-07-04T20:54:08.649Z"}
{"level":"info","message":"⌛ Validating niveles.wlk","timeElapsed":152,"timestamp":"2026-07-04T20:54:08.942Z"}
{"level":"info","message":"⌛ Validating niveles.wlk","timeElapsed":108,"timestamp":"2026-07-04T20:54:09.052Z"}
{"level":"info","message":"⌛ Validating niveles.wlk","timeElapsed":104,"timestamp":"2026-07-04T20:54:09.175Z"}
{"level":"info","message":"⌛ Validating niveles.wlk","timeElapsed":101,"timestamp":"2026-07-04T20:54:09.377Z"}
{"level":"info","message":"⌛ Validating niveles.wlk","timeElapsed":107,"timestamp":"2026-07-04T20:54:09.501Z"}
{"level":"info","message":"⌛ Building environment","timeElapsed":310,"timestamp":"2026-07-04T20:54:52.333Z"}
{"level":"info","message":"⌛ Building environment","timeElapsed":272,"timestamp":"2026-07-04T20:55:01.582Z"}
{"level":"info","message":"⌛ Building environment","timeElapsed":267,"timestamp":"2026-07-04T20:55:01.906Z"}
{"level":"info","message":"⌛ Building environment","timeElapsed":299,"timestamp":"2026-07-04T20:55:02.206Z"}
{"level":"info","message":"⌛ Validating niveles.wlk","timeElapsed":107,"timestamp":"2026-07-04T20:55:02.313Z"}
{"level":"info","message":"⌛ Building environment","timeElapsed":268,"timestamp":"2026-07-04T20:55:02.581Z"}
{"level":"info","message":"⌛ Building environment","timeElapsed":249,"timestamp":"2026-07-04T20:55:02.830Z"}
{"level":"info","message":"⌛ Building environment","timeElapsed":247,"timestamp":"2026-07-04T20:55:03.077Z"}
{"level":"info","message":"⌛ Validating niveles.wlk","timeElapsed":110,"timestamp":"2026-07-04T20:55:03.193Z"}
{"level":"info","message":"⌛ Building environment","timeElapsed":296,"timestamp":"2026-07-04T20:55:03.489Z"}
{"level":"info","message":"⌛ Building environment","timeElapsed":250,"timestamp":"2026-07-04T20:55:03.739Z"}
{"level":"info","message":"⌛ Building environment","timeElapsed":257,"timestamp":"2026-07-04T20:55:04.001Z"}
{"level":"info","message":"⌛ Validating niveles.wlk","timeElapsed":107,"timestamp":"2026-07-04T20:55:04.255Z"}
{"level":"info","message":"⌛ Validating niveles.wlk","timeElapsed":120,"timestamp":"2026-07-04T20:55:04.376Z"}
{"level":"info","message":"⌛ Validating niveles.wlk","timeElapsed":107,"timestamp":"2026-07-04T20:55:04.483Z"}
{"level":"info","message":"⌛ Validating niveles.wlk","timeElapsed":101,"timestamp":"2026-07-04T20:55:04.619Z"}
{"level":"info","message":"⌛ Validating niveles.wlk","timeElapsed":104,"timestamp":"2026-07-04T20:55:04.723Z"}
{"level":"info","message":"⌛ Building environment","timeElapsed":259,"timestamp":"2026-07-04T20:55:15.878Z"}
{"level":"info","message":"⌛ Building environment","timeElapsed":266,"timestamp":"2026-07-04T20:55:16.145Z"}
{"level":"info","message":"⌛ Validating niveles.wlk","timeElapsed":105,"timestamp":"2026-07-04T20:55:16.250Z"}
{"level":"info","message":"⌛ Validating niveles.wlk","timeElapsed":103,"timestamp":"2026-07-04T20:55:16.358Z"}
{"level":"info","message":"⌛ Building environment","timeElapsed":259,"timestamp":"2026-07-04T20:55:17.469Z"}
{"level":"info","message":"⌛ Building environment","timeElapsed":275,"timestamp":"2026-07-04T20:55:17.883Z"}
{"level":"info","message":"⌛ Validating niveles.wlk","timeElapsed":104,"timestamp":"2026-07-04T20:55:17.989Z"}
{"level":"info","message":"⌛ Building environment","timeElapsed":275,"timestamp":"2026-07-04T20:55:18.656Z"}
{"level":"info","message":"⌛ Building environment","timeElapsed":280,"timestamp":"2026-07-04T20:55:18.937Z"}
{"level":"info","message":"⌛ Validating niveles.wlk","timeElapsed":102,"timestamp":"2026-07-04T20:55:19.045Z"}
{"level":"info","message":"⌛ Validating niveles.wlk","timeElapsed":104,"timestamp":"2026-07-04T20:55:19.153Z"}
{"level":"info","message":"⌛ Building environment","timeElapsed":320,"timestamp":"2026-07-04T20:55:19.760Z"}
{"level":"info","message":"⌛ Building environment","timeElapsed":351,"timestamp":"2026-07-04T20:55:20.112Z"}
{"level":"info","message":"⌛ Validating niveles.wlk","timeElapsed":135,"timestamp":"2026-07-04T20:55:20.248Z"}
{"level":"info","message":"⌛ Validating niveles.wlk","timeElapsed":101,"timestamp":"2026-07-04T20:55:20.374Z"}
{"level":"info","message":"⌛ Building environment","timeElapsed":301,"timestamp":"2026-07-04T20:55:20.676Z"}
{"level":"info","message":"⌛ Building environment","timeElapsed":347,"timestamp":"2026-07-04T20:58:55.803Z"}
{"level":"error","message":"✘ Completions for node Send ([571:8, 571:26] - niveles.wlk) failed: Error: [Send]{495a02} at niveles.wlk:571 exhausted all cases without a match [Send]{495a02} at niveles.wlk:571 exhausted all cases without a match","stack":"Error: [Send]{495a02} at niveles.wlk:571 exhausted all cases without a match\n    at c:\\Users\\zagum\\.vscode\\extensions\\uqbar.wollok-lsp-ide-0.5.4\\out\\server\\src\\server.js:38:6142\n    at L2 (c:\\Users\\zagum\\.vscode\\extensions\\uqbar.wollok-lsp-ide-0.5.4\\out\\server\\src\\server.js:2389:42)\n    at Jh (c:\\Users\\zagum\\.vscode\\extensions\\uqbar.wollok-lsp-ide-0.5.4\\out\\server\\src\\server.js:2389:1092)\n    at M5n (c:\\Users\\zagum\\.vscode\\extensions\\uqbar.wollok-lsp-ide-0.5.4\\out\\server\\src\\server.js:2389:1248)\n    at c:\\Users\\zagum\\.vscode\\extensions\\uqbar.wollok-lsp-ide-0.5.4\\out\\server\\src\\server.js:38:6131\n    at L2 (c:\\Users\\zagum\\.vscode\\extensions\\uqbar.wollok-lsp-ide-0.5.4\\out\\server\\src\\server.js:2389:42)\n    at c:\\Users\\zagum\\.vscode\\extensions\\uqbar.wollok-lsp-ide-0.5.4\\out\\server\\src\\server.js:2389:2988\n    at c:\\Users\\zagum\\.vscode\\extensions\\uqbar.wollok-lsp-ide-0.5.4\\out\\server\\src\\server.js:2398:8440\n    at c:\\Users\\zagum\\.vscode\\extensions\\uqbar.wollok-lsp-ide-0.5.4\\out\\server\\src\\server.js:37:74872\n    at Ke (c:\\Users\\zagum\\.vscode\\extensions\\uqbar.wollok-lsp-ide-0.5.4\\out\\server\\src\\server.js:7:8527)","timestamp":"2026-07-04T20:58:55.900Z"}
{"level":"info","message":"⌛ Building environment","timeElapsed":292,"timestamp":"2026-07-04T20:58:56.236Z"}
{"level":"info","message":"⌛ Building environment","timeElapsed":301,"timestamp":"2026-07-04T20:58:56.538Z"}
{"level":"info","message":"⌛ Building environment","timeElapsed":301,"timestamp":"2026-07-04T20:58:56.840Z"}
{"level":"info","message":"⌛ Validating niveles.wlk","timeElapsed":120,"timestamp":"2026-07-04T20:58:56.961Z"}
{"level":"info","message":"⌛ Building environment","timeElapsed":265,"timestamp":"2026-07-04T20:58:57.226Z"}
{"level":"info","message":"⌛ Building environment","timeElapsed":255,"timestamp":"2026-07-04T20:58:57.486Z"}
{"level":"info","message":"⌛ Building environment","timeElapsed":266,"timestamp":"2026-07-04T20:58:57.883Z"}
{"level":"info","message":"⌛ Validating niveles.wlk","timeElapsed":103,"timestamp":"2026-07-04T20:58:57.986Z"}
{"level":"info","message":"⌛ Building environment","timeElapsed":259,"timestamp":"2026-07-04T20:58:58.269Z"}
{"level":"info","message":"⌛ Validating niveles.wlk","timeElapsed":106,"timestamp":"2026-07-04T20:58:58.376Z"}
{"level":"info","message":"⌛ Building environment","timeElapsed":254,"timestamp":"2026-07-04T20:58:58.631Z"}
{"level":"info","message":"⌛ Validating niveles.wlk","timeElapsed":123,"timestamp":"2026-07-04T20:58:58.876Z"}
{"level":"info","message":"⌛ Validating niveles.wlk","timeElapsed":101,"timestamp":"2026-07-04T20:58:59.138Z"}
{"level":"info","message":"⌛ Validating niveles.wlk","timeElapsed":115,"timestamp":"2026-07-04T20:58:59.254Z"}
{"level":"info","message":"⌛ Building environment","timeElapsed":250,"timestamp":"2026-07-04T20:59:04.210Z"}
{"level":"info","message":"⌛ Building environment","timeElapsed":281,"timestamp":"2026-07-04T20:59:04.491Z"}
{"level":"info","message":"⌛ Validating niveles.wlk","timeElapsed":101,"timestamp":"2026-07-04T20:59:04.714Z"}
{"level":"info","message":"⌛ Building environment","timeElapsed":246,"timestamp":"2026-07-04T20:59:07.650Z"}
{"level":"error","message":"✘ Completions for node Send ([576:9, 576:36] - niveles.wlk) failed: Error: [Send]{f74699} at niveles.wlk:576 exhausted all cases without a match [Send]{f74699} at niveles.wlk:576 exhausted all cases without a match","stack":"Error: [Send]{f74699} at niveles.wlk:576 exhausted all cases without a match\n    at c:\\Users\\zagum\\.vscode\\extensions\\uqbar.wollok-lsp-ide-0.5.4\\out\\server\\src\\server.js:38:6142\n    at L2 (c:\\Users\\zagum\\.vscode\\extensions\\uqbar.wollok-lsp-ide-0.5.4\\out\\server\\src\\server.js:2389:42)\n    at c:\\Users\\zagum\\.vscode\\extensions\\uqbar.wollok-lsp-ide-0.5.4\\out\\server\\src\\server.js:2389:2988\n    at c:\\Users\\zagum\\.vscode\\extensions\\uqbar.wollok-lsp-ide-0.5.4\\out\\server\\src\\server.js:2398:8440\n    at c:\\Users\\zagum\\.vscode\\extensions\\uqbar.wollok-lsp-ide-0.5.4\\out\\server\\src\\server.js:37:74872\n    at Ke (c:\\Users\\zagum\\.vscode\\extensions\\uqbar.wollok-lsp-ide-0.5.4\\out\\server\\src\\server.js:7:8527)\n    at Lt (c:\\Users\\zagum\\.vscode\\extensions\\uqbar.wollok-lsp-ide-0.5.4\\out\\server\\src\\server.js:7:6189)\n    at ct (c:\\Users\\zagum\\.vscode\\extensions\\uqbar.wollok-lsp-ide-0.5.4\\out\\server\\src\\server.js:7:6378)\n    at Immediate._onImmediate (c:\\Users\\zagum\\.vscode\\extensions\\uqbar.wollok-lsp-ide-0.5.4\\out\\server\\src\\server.js:7:6142)\n    at process.processImmediate (node:internal/timers:504:21)","timestamp":"2026-07-04T20:59:07.691Z"}
{"level":"info","message":"⌛ Building environment","timeElapsed":250,"timestamp":"2026-07-04T20:59:07.943Z"}
{"level":"info","message":"⌛ Building environment","timeElapsed":320,"timestamp":"2026-07-04T20:59:08.385Z"}
{"level":"info","message":"⌛ Building environment","timeElapsed":247,"timestamp":"2026-07-04T20:59:08.637Z"}
{"level":"info","message":"⌛ Building environment","timeElapsed":259,"timestamp":"2026-07-04T20:59:08.902Z"}
{"level":"info","message":"⌛ Building environment","timeElapsed":255,"timestamp":"2026-07-04T20:59:09.259Z"}
{"level":"info","message":"⌛ Building environment","timeElapsed":255,"timestamp":"2026-07-04T20:59:20.811Z"}
{"level":"info","message":"⌛ Building environment","timeElapsed":259,"timestamp":"2026-07-04T20:59:21.124Z"}
{"level":"info","message":"⌛ Building environment","timeElapsed":263,"timestamp":"2026-07-04T20:59:21.387Z"}
{"level":"info","message":"⌛ Validating niveles.wlk","timeElapsed":107,"timestamp":"2026-07-04T20:59:21.494Z"}
{"level":"info","message":"⌛ Building environment","timeElapsed":258,"timestamp":"2026-07-04T20:59:21.752Z"}
{"level":"info","message":"⌛ Building environment","timeElapsed":247,"timestamp":"2026-07-04T20:59:22.000Z"}
{"level":"info","message":"⌛ Building environment","timeElapsed":247,"timestamp":"2026-07-04T20:59:22.252Z"}
{"level":"info","message":"⌛ Building environment","timeElapsed":272,"timestamp":"2026-07-04T20:59:22.643Z"}
{"level":"info","message":"⌛ Building environment","timeElapsed":337,"timestamp":"2026-07-04T20:59:22.982Z"}
{"level":"info","message":"⌛ Building environment","timeElapsed":252,"timestamp":"2026-07-04T20:59:23.235Z"}
{"level":"info","message":"⌛ Validating niveles.wlk","timeElapsed":110,"timestamp":"2026-07-04T20:59:23.346Z"}
{"level":"info","message":"⌛ Validating niveles.wlk","timeElapsed":105,"timestamp":"2026-07-04T20:59:23.455Z"}
{"level":"info","message":"⌛ Validating niveles.wlk","timeElapsed":101,"timestamp":"2026-07-04T20:59:23.577Z"}
{"level":"info","message":"⌛ Validating niveles.wlk","timeElapsed":101,"timestamp":"2026-07-04T20:59:23.679Z"}
{"level":"info","message":"⌛ Validating niveles.wlk","timeElapsed":103,"timestamp":"2026-07-04T20:59:23.800Z"}
{"level":"info","message":"⌛ Validating niveles.wlk","timeElapsed":120,"timestamp":"2026-07-04T20:59:23.921Z"}
{"level":"info","message":"⌛ Validating niveles.wlk","timeElapsed":101,"timestamp":"2026-07-04T20:59:24.023Z"}
{"level":"info","message":"⌛ Building environment","timeElapsed":260,"timestamp":"2026-07-04T20:59:34.336Z"}
{"level":"info","message":"⌛ Building environment","timeElapsed":259,"timestamp":"2026-07-04T20:59:34.620Z"}
{"level":"info","message":"⌛ Building environment","timeElapsed":250,"timestamp":"2026-07-04T20:59:34.870Z"}
{"level":"info","message":"⌛ Building environment","timeElapsed":253,"timestamp":"2026-07-04T20:59:35.224Z"}
{"level":"info","message":"⌛ Validating niveles.wlk","timeElapsed":103,"timestamp":"2026-07-04T20:59:35.332Z"}
{"level":"info","message":"⌛ Building environment","timeElapsed":286,"timestamp":"2026-07-04T20:59:35.733Z"}
{"level":"info","message":"⌛ Building environment","timeElapsed":256,"timestamp":"2026-07-04T20:59:36.108Z"}
{"level":"info","message":"⌛ Building environment","timeElapsed":253,"timestamp":"2026-07-04T20:59:36.602Z"}
{"level":"info","message":"⌛ Building environment","timeElapsed":253,"timestamp":"2026-07-04T20:59:36.855Z"}
{"level":"info","message":"⌛ Validating niveles.wlk","timeElapsed":101,"timestamp":"2026-07-04T20:59:37.078Z"}
{"level":"info","message":"⌛ Building environment","timeElapsed":259,"timestamp":"2026-07-04T20:59:37.338Z"}
{"level":"info","message":"⌛ Building environment","timeElapsed":259,"timestamp":"2026-07-04T20:59:37.597Z"}
{"level":"info","message":"⌛ Validating niveles.wlk","timeElapsed":102,"timestamp":"2026-07-04T20:59:37.699Z"}
{"level":"info","message":"⌛ Building environment","timeElapsed":314,"timestamp":"2026-07-04T20:59:38.013Z"}
{"level":"info","message":"⌛ Building environment","timeElapsed":261,"timestamp":"2026-07-04T20:59:38.398Z"}
{"level":"info","message":"⌛ Building environment","timeElapsed":256,"timestamp":"2026-07-04T20:59:38.654Z"}
{"level":"info","message":"⌛ Building environment","timeElapsed":250,"timestamp":"2026-07-04T20:59:39.001Z"}
{"level":"info","message":"⌛ Building environment","timeElapsed":261,"timestamp":"2026-07-04T20:59:39.362Z"}
{"level":"info","message":"⌛ Validating niveles.wlk","timeElapsed":103,"timestamp":"2026-07-04T20:59:39.465Z"}
{"level":"info","message":"⌛ Building environment","timeElapsed":246,"timestamp":"2026-07-04T20:59:39.855Z"}
{"level":"info","message":"⌛ Building environment","timeElapsed":247,"timestamp":"2026-07-04T20:59:40.201Z"}
{"level":"info","message":"⌛ Building environment","timeElapsed":266,"timestamp":"2026-07-04T20:59:43.127Z"}
{"level":"info","message":"⌛ Building environment","timeElapsed":447,"timestamp":"2026-07-04T20:59:43.574Z"}
{"level":"info","message":"⌛ Validating niveles.wlk","timeElapsed":104,"timestamp":"2026-07-04T20:59:43.678Z"}
{"level":"info","message":"⌛ Building environment","timeElapsed":254,"timestamp":"2026-07-04T20:59:43.932Z"}
{"level":"info","message":"⌛ Building environment","timeElapsed":243,"timestamp":"2026-07-04T20:59:44.176Z"}
{"level":"info","message":"⌛ Building environment","timeElapsed":251,"timestamp":"2026-07-04T20:59:44.433Z"}
{"level":"info","message":"⌛ Validating niveles.wlk","timeElapsed":104,"timestamp":"2026-07-04T20:59:44.541Z"}
{"level":"info","message":"⌛ Validating niveles.wlk","timeElapsed":101,"timestamp":"2026-07-04T20:59:44.782Z"}
{"level":"info","message":"⌛ Building environment","timeElapsed":125,"timestamp":"2026-07-04T21:00:23.764Z"}
{"level":"info","message":"⌛ Building environment","timeElapsed":438,"timestamp":"2026-07-04T21:00:24.202Z"}
{"level":"info","message":"Removing diagnostics from /C:/Users/zagum/OneDrive/Documentos/Santiago/Cosas/Tareas/Programacion Objetos1/tp-final-wollok-game-self-y-sus-amigos/assets/menu_SelectLevel_1.png","timestamp":"2026-07-04T21:00:24.315Z"}
{"level":"info","message":"⌛ Building environment","timeElapsed":474,"timestamp":"2026-07-04T21:00:28.993Z"}
{"level":"info","message":"Removing diagnostics from /C:/Users/zagum/OneDrive/Documentos/Santiago/Cosas/Tareas/Programacion Objetos1/tp-final-wollok-game-self-y-sus-amigos/assets/menu_SelectLevel_2.png","timestamp":"2026-07-04T21:00:29.102Z"}
{"level":"info","message":"⌛ Building environment","timeElapsed":462,"timestamp":"2026-07-04T21:00:34.479Z"}
{"level":"info","message":"Removing diagnostics from /C:/Users/zagum/OneDrive/Documentos/Santiago/Cosas/Tareas/Programacion Objetos1/tp-final-wollok-game-self-y-sus-amigos/assets/menu_SelectLevel.png","timestamp":"2026-07-04T21:00:34.591Z"}
{"level":"info","message":"⌛ Building environment","timeElapsed":251,"timestamp":"2026-07-04T21:00:39.991Z"}
{"level":"info","message":"⌛ Building environment","timeElapsed":268,"timestamp":"2026-07-04T21:00:40.264Z"}
{"level":"info","message":"⌛ Validating niveles.wlk","timeElapsed":106,"timestamp":"2026-07-04T21:00:40.375Z"}
{"level":"info","message":"⌛ Validating niveles.wlk","timeElapsed":103,"timestamp":"2026-07-04T21:00:40.503Z"}
{"level":"info","message":"⌛ Building environment","timeElapsed":254,"timestamp":"2026-07-04T21:00:42.172Z"}
{"level":"info","message":"⌛ Building environment","timeElapsed":258,"timestamp":"2026-07-04T21:00:42.431Z"}
{"level":"info","message":"⌛ Validating niveles.wlk","timeElapsed":111,"timestamp":"2026-07-04T21:00:42.543Z"}
{"level":"info","message":"⌛ Building environment","timeElapsed":264,"timestamp":"2026-07-04T21:00:42.808Z"}
{"level":"info","message":"⌛ Building environment","timeElapsed":251,"timestamp":"2026-07-04T21:00:43.059Z"}
{"level":"info","message":"⌛ Validating niveles.wlk","timeElapsed":104,"timestamp":"2026-07-04T21:00:43.284Z"}
{"level":"info","message":"🚀 Program executed \u001b[3m\u001b[34mjuego.rpg\u001b[39m\u001b[23m on \u001b[3m\u001b[34mc:\\Users\\zagum\\OneDrive\\Documentos\\Santiago\\Cosas\\Tareas\\Programacion Objetos1\\tp-final-wollok-game-self-y-sus-amigos\u001b[39m\u001b[23m","ok":true,"timeElapsed":2232,"timestamp":"2026-07-04T21:00:57.395Z"}
{"exitCode":"SIGHUP","level":"info","message":"👾 Game executed juego.rpg on c:\\Users\\zagum\\OneDrive\\Documentos\\Santiago\\Cosas\\Tareas\\Programacion Objetos1\\tp-final-wollok-game-self-y-sus-amigos","timeElapsed":50170,"timestamp":"2026-07-04T21:01:45.333Z"}
{"level":"info","message":"🚀 Program executed \u001b[3m\u001b[34mjuego.rpg\u001b[39m\u001b[23m on \u001b[3m\u001b[34mc:\\Users\\zagum\\OneDrive\\Documentos\\Santiago\\Cosas\\Tareas\\Programacion Objetos1\\tp-final-wollok-game-self-y-sus-amigos\u001b[39m\u001b[23m","ok":true,"timeElapsed":1947,"timestamp":"2026-07-04T21:01:49.436Z"}
{"exitCode":0,"level":"info","message":"👾 Game executed juego.rpg on c:\\Users\\zagum\\OneDrive\\Documentos\\Santiago\\Cosas\\Tareas\\Programacion Objetos1\\tp-final-wollok-game-self-y-sus-amigos","timeElapsed":3447,"timestamp":"2026-07-04T21:01:50.936Z"}
{"level":"info","message":"🚀 Program executed \u001b[3m\u001b[34mjuego.rpg\u001b[39m\u001b[23m on \u001b[3m\u001b[34mc:\\Users\\zagum\\OneDrive\\Documentos\\Santiago\\Cosas\\Tareas\\Programacion Objetos1\\tp-final-wollok-game-self-y-sus-amigos\u001b[39m\u001b[23m","ok":true,"timeElapsed":1958,"timestamp":"2026-07-04T21:29:30.078Z"}
{"exitCode":"SIGHUP","level":"info","message":"👾 Game executed juego.rpg on c:\\Users\\zagum\\OneDrive\\Documentos\\Santiago\\Cosas\\Tareas\\Programacion Objetos1\\tp-final-wollok-game-self-y-sus-amigos","timeElapsed":64596,"timestamp":"2026-07-04T21:30:32.715Z"}
{"level":"info","message":"🚀 Program executed \u001b[3m\u001b[34mjuego.rpg\u001b[39m\u001b[23m on \u001b[3m\u001b[34mc:\\Users\\zagum\\OneDrive\\Documentos\\Santiago\\Cosas\\Tareas\\Programacion Objetos1\\tp-final-wollok-game-self-y-sus-amigos\u001b[39m\u001b[23m","ok":true,"timeElapsed":1909,"timestamp":"2026-07-04T21:30:36.331Z"}
{"exitCode":0,"level":"info","message":"👾 Game executed juego.rpg on c:\\Users\\zagum\\OneDrive\\Documentos\\Santiago\\Cosas\\Tareas\\Programacion Objetos1\\tp-final-wollok-game-self-y-sus-amigos","timeElapsed":7284,"timestamp":"2026-07-04T21:30:41.704Z"}
{"level":"info","message":"⌛ Building environment","timeElapsed":124,"timestamp":"2026-07-05T01:39:01.701Z"}
{"level":"info","message":"⌛ Building environment","timeElapsed":340,"timestamp":"2026-07-05T01:39:02.115Z"}
{"level":"info","message":"⌛ Validating juego.wpgm","timeElapsed":107,"timestamp":"2026-07-05T01:39:02.230Z"}
{"level":"info","message":"⌛ Building environment","timeElapsed":189,"timestamp":"2026-07-05T01:39:02.504Z"}
{"level":"info","message":"⌛ Building environment","timeElapsed":212,"timestamp":"2026-07-05T01:39:02.716Z"}
{"level":"info","message":"⌛ Validating niveles.wlk","timeElapsed":152,"timestamp":"2026-07-05T01:39:02.869Z"}
{"level":"info","message":"⌛ Building environment","timeElapsed":660,"timestamp":"2026-07-05T01:39:03.530Z"}
{"level":"info","message":"⌛ Building environment","timeElapsed":164,"timestamp":"2026-07-05T01:39:03.815Z"}
{"level":"info","message":"⌛ Building environment","timeElapsed":141,"timestamp":"2026-07-05T01:39:03.956Z"}
{"level":"info","message":"⌛ Validating teclado.wlk","timeElapsed":105,"timestamp":"2026-07-05T01:39:04.107Z"}
{"level":"info","message":"⌛ Validating personaje.wlk","timeElapsed":110,"timestamp":"2026-07-05T01:39:04.217Z"}
{"level":"info","message":"⌛ Validating objetos.wlk","timeElapsed":129,"timestamp":"2026-07-05T01:39:04.347Z"}
{"level":"info","message":"⌛ Validating teclado.wlk","timeElapsed":110,"timestamp":"2026-07-05T01:39:04.753Z"}
{"level":"info","message":"⌛ Validating objetos.wlk","timeElapsed":127,"timestamp":"2026-07-05T01:39:04.980Z"}
{"level":"info","message":"⌛ Validating enemigos.wlk","timeElapsed":179,"timestamp":"2026-07-05T01:39:05.159Z"}
{"level":"info","message":"⌛ Validating gestorAnimacion.wlk","timeElapsed":171,"timestamp":"2026-07-05T01:39:05.331Z"}
{"level":"info","message":"⌛ Building environment","timeElapsed":558,"timestamp":"2026-07-05T01:39:05.889Z"}
{"level":"info","message":"⌛ Validating juego.wpgm","timeElapsed":106,"timestamp":"2026-07-05T01:39:06.100Z"}
{"level":"info","message":"⌛ Validating personaje.wlk","timeElapsed":101,"timestamp":"2026-07-05T01:39:06.391Z"}
{"level":"info","message":"⌛ Validating objetos.wlk","timeElapsed":104,"timestamp":"2026-07-05T01:39:06.495Z"}
{"level":"info","message":"⌛ Building environment","timeElapsed":251,"timestamp":"2026-07-05T01:39:18.297Z"}
{"level":"info","message":"⌛ Building environment","timeElapsed":246,"timestamp":"2026-07-05T01:39:18.544Z"}
{"level":"info","message":"⌛ Validating niveles.wlk","timeElapsed":103,"timestamp":"2026-07-05T01:39:18.647Z"}
{"level":"info","message":"⌛ Validating niveles.wlk","timeElapsed":102,"timestamp":"2026-07-05T01:39:18.775Z"}
{"level":"info","message":"⌛ Building environment","timeElapsed":318,"timestamp":"2026-07-05T01:39:43.891Z"}
{"level":"info","message":"⌛ Validating niveles.wlk","timeElapsed":115,"timestamp":"2026-07-05T01:39:44.062Z"}
{"level":"info","message":"⌛ Building environment","timeElapsed":283,"timestamp":"2026-07-05T01:39:51.812Z"}
{"level":"info","message":"⌛ Building environment","timeElapsed":309,"timestamp":"2026-07-05T01:39:52.163Z"}
{"level":"info","message":"⌛ Building environment","timeElapsed":242,"timestamp":"2026-07-05T01:39:52.406Z"}
{"level":"info","message":"⌛ Building environment","timeElapsed":252,"timestamp":"2026-07-05T01:39:52.659Z"}
{"level":"info","message":"⌛ Validating niveles.wlk","timeElapsed":144,"timestamp":"2026-07-05T01:39:52.803Z"}
{"level":"info","message":"⌛ Validating niveles.wlk","timeElapsed":110,"timestamp":"2026-07-05T01:39:52.941Z"}
{"level":"info","message":"⌛ Validating niveles.wlk","timeElapsed":103,"timestamp":"2026-07-05T01:39:53.045Z"}
{"level":"info","message":"⌛ Building environment","timeElapsed":270,"timestamp":"2026-07-05T01:39:53.316Z"}
{"level":"info","message":"⌛ Validating niveles.wlk","timeElapsed":115,"timestamp":"2026-07-05T01:39:53.557Z"}
{"level":"info","message":"⌛ Building environment","timeElapsed":262,"timestamp":"2026-07-05T01:39:53.820Z"}
{"level":"info","message":"⌛ Building environment","timeElapsed":255,"timestamp":"2026-07-05T01:39:54.076Z"}
{"level":"info","message":"⌛ Validating niveles.wlk","timeElapsed":101,"timestamp":"2026-07-05T01:39:54.301Z"}
{"level":"info","message":"⌛ Building environment","timeElapsed":255,"timestamp":"2026-07-05T01:39:54.557Z"}
{"level":"info","message":"⌛ Building environment","timeElapsed":249,"timestamp":"2026-07-05T01:39:54.806Z"}
{"level":"info","message":"⌛ Validating niveles.wlk","timeElapsed":105,"timestamp":"2026-07-05T01:39:54.911Z"}
{"level":"info","message":"⌛ Building environment","timeElapsed":251,"timestamp":"2026-07-05T01:39:58.782Z"}
{"level":"info","message":"⌛ Building environment","timeElapsed":291,"timestamp":"2026-07-05T01:40:00.167Z"}
{"level":"info","message":"⌛ Building environment","timeElapsed":246,"timestamp":"2026-07-05T01:40:04.187Z"}
{"level":"info","message":"⌛ Building environment","timeElapsed":265,"timestamp":"2026-07-05T01:40:04.457Z"}
{"level":"info","message":"⌛ Building environment","timeElapsed":272,"timestamp":"2026-07-05T01:40:06.033Z"}
{"level":"info","message":"⌛ Building environment","timeElapsed":259,"timestamp":"2026-07-05T01:40:06.854Z"}
{"level":"info","message":"⌛ Building environment","timeElapsed":264,"timestamp":"2026-07-05T01:40:09.424Z"}
{"level":"info","message":"⌛ Validating niveles.wlk","timeElapsed":104,"timestamp":"2026-07-05T01:40:09.533Z"}
{"level":"info","message":"⌛ Building environment","timeElapsed":255,"timestamp":"2026-07-05T01:40:12.169Z"}
{"level":"info","message":"⌛ Validating niveles.wlk","timeElapsed":102,"timestamp":"2026-07-05T01:40:12.279Z"}
{"level":"info","message":"⌛ Building environment","timeElapsed":261,"timestamp":"2026-07-05T01:40:16.127Z"}
{"level":"info","message":"⌛ Building environment","timeElapsed":257,"timestamp":"2026-07-05T01:40:16.385Z"}
{"level":"info","message":"⌛ Validating niveles.wlk","timeElapsed":108,"timestamp":"2026-07-05T01:40:16.493Z"}
{"level":"info","message":"⌛ Validating niveles.wlk","timeElapsed":115,"timestamp":"2026-07-05T01:40:16.667Z"}
{"level":"info","message":"⌛ Building environment","timeElapsed":272,"timestamp":"2026-07-05T01:40:20.444Z"}
{"level":"info","message":"⌛ Building environment","timeElapsed":271,"timestamp":"2026-07-05T01:40:20.720Z"}
{"level":"info","message":"⌛ Validating niveles.wlk","timeElapsed":110,"timestamp":"2026-07-05T01:40:20.836Z"}
{"level":"info","message":"⌛ Building environment","timeElapsed":268,"timestamp":"2026-07-05T01:40:21.105Z"}
{"level":"error","message":"✘ Completions for node Send ([580:26, 580:50] - niveles.wlk) failed: Error: [Send]{a58d9f} at niveles.wlk:580 exhausted all cases without a match [Send]{a58d9f} at niveles.wlk:580 exhausted all cases without a match","stack":"Error: [Send]{a58d9f} at niveles.wlk:580 exhausted all cases without a match\n    at c:\\Users\\zagum\\.vscode\\extensions\\uqbar.wollok-lsp-ide-0.5.4\\out\\server\\src\\server.js:38:6142\n    at L2 (c:\\Users\\zagum\\.vscode\\extensions\\uqbar.wollok-lsp-ide-0.5.4\\out\\server\\src\\server.js:2389:42)\n    at c:\\Users\\zagum\\.vscode\\extensions\\uqbar.wollok-lsp-ide-0.5.4\\out\\server\\src\\server.js:2389:2988\n    at c:\\Users\\zagum\\.vscode\\extensions\\uqbar.wollok-lsp-ide-0.5.4\\out\\server\\src\\server.js:2398:8440\n    at c:\\Users\\zagum\\.vscode\\extensions\\uqbar.wollok-lsp-ide-0.5.4\\out\\server\\src\\server.js:37:74872\n    at Ke (c:\\Users\\zagum\\.vscode\\extensions\\uqbar.wollok-lsp-ide-0.5.4\\out\\server\\src\\server.js:7:8527)\n    at Lt (c:\\Users\\zagum\\.vscode\\extensions\\uqbar.wollok-lsp-ide-0.5.4\\out\\server\\src\\server.js:7:6189)\n    at ct (c:\\Users\\zagum\\.vscode\\extensions\\uqbar.wollok-lsp-ide-0.5.4\\out\\server\\src\\server.js:7:6378)\n    at Immediate._onImmediate (c:\\Users\\zagum\\.vscode\\extensions\\uqbar.wollok-lsp-ide-0.5.4\\out\\server\\src\\server.js:7:6142)\n    at process.processImmediate (node:internal/timers:504:21)","timestamp":"2026-07-05T01:40:21.135Z"}
{"level":"info","message":"⌛ Building environment","timeElapsed":250,"timestamp":"2026-07-05T01:40:21.488Z"}
{"level":"info","message":"⌛ Building environment","timeElapsed":256,"timestamp":"2026-07-05T01:40:29.794Z"}
{"level":"info","message":"⌛ Validating niveles.wlk","timeElapsed":102,"timestamp":"2026-07-05T01:40:29.925Z"}
{"level":"info","message":"⌛ Building environment","timeElapsed":263,"timestamp":"2026-07-05T01:40:31.870Z"}
{"level":"info","message":"⌛ Building environment","timeElapsed":258,"timestamp":"2026-07-05T01:40:32.129Z"}
{"level":"info","message":"⌛ Validating niveles.wlk","timeElapsed":107,"timestamp":"2026-07-05T01:40:32.237Z"}
{"level":"info","message":"⌛ Building environment","timeElapsed":247,"timestamp":"2026-07-05T01:40:34.230Z"}
{"level":"info","message":"⌛ Building environment","timeElapsed":260,"timestamp":"2026-07-05T01:40:34.490Z"}
{"level":"info","message":"⌛ Validating niveles.wlk","timeElapsed":102,"timestamp":"2026-07-05T01:40:34.592Z"}
{"level":"info","message":"⌛ Building environment","timeElapsed":245,"timestamp":"2026-07-05T01:40:34.959Z"}
{"level":"error","message":"✘ Completions for node Send ([581:26, 581:50] - niveles.wlk) failed: Error: [Send]{73825f} at niveles.wlk:581 exhausted all cases without a match [Send]{73825f} at niveles.wlk:581 exhausted all cases without a match","stack":"Error: [Send]{73825f} at niveles.wlk:581 exhausted all cases without a match\n    at c:\\Users\\zagum\\.vscode\\extensions\\uqbar.wollok-lsp-ide-0.5.4\\out\\server\\src\\server.js:38:6142\n    at L2 (c:\\Users\\zagum\\.vscode\\extensions\\uqbar.wollok-lsp-ide-0.5.4\\out\\server\\src\\server.js:2389:42)\n    at c:\\Users\\zagum\\.vscode\\extensions\\uqbar.wollok-lsp-ide-0.5.4\\out\\server\\src\\server.js:2389:2988\n    at c:\\Users\\zagum\\.vscode\\extensions\\uqbar.wollok-lsp-ide-0.5.4\\out\\server\\src\\server.js:2398:8440\n    at c:\\Users\\zagum\\.vscode\\extensions\\uqbar.wollok-lsp-ide-0.5.4\\out\\server\\src\\server.js:37:74872\n    at Ke (c:\\Users\\zagum\\.vscode\\extensions\\uqbar.wollok-lsp-ide-0.5.4\\out\\server\\src\\server.js:7:8527)\n    at Lt (c:\\Users\\zagum\\.vscode\\extensions\\uqbar.wollok-lsp-ide-0.5.4\\out\\server\\src\\server.js:7:6189)\n    at ct (c:\\Users\\zagum\\.vscode\\extensions\\uqbar.wollok-lsp-ide-0.5.4\\out\\server\\src\\server.js:7:6378)\n    at Immediate._onImmediate (c:\\Users\\zagum\\.vscode\\extensions\\uqbar.wollok-lsp-ide-0.5.4\\out\\server\\src\\server.js:7:6142)\n    at process.processImmediate (node:internal/timers:504:21)","timestamp":"2026-07-05T01:40:34.988Z"}
{"level":"info","message":"⌛ Building environment","timeElapsed":252,"timestamp":"2026-07-05T01:40:35.247Z"}
{"level":"info","message":"⌛ Validating niveles.wlk","timeElapsed":103,"timestamp":"2026-07-05T01:40:35.355Z"}
{"level":"info","message":"⌛ Building environment","timeElapsed":266,"timestamp":"2026-07-05T01:40:36.865Z"}
{"level":"info","message":"⌛ Building environment","timeElapsed":248,"timestamp":"2026-07-05T01:40:37.114Z"}
{"level":"info","message":"⌛ Validating niveles.wlk","timeElapsed":122,"timestamp":"2026-07-05T01:40:37.237Z"}
{"level":"info","message":"⌛ Building environment","timeElapsed":279,"timestamp":"2026-07-05T01:40:38.206Z"}
{"level":"info","message":"⌛ Building environment","timeElapsed":265,"timestamp":"2026-07-05T01:41:08.493Z"}
{"level":"info","message":"⌛ Validating niveles.wlk","timeElapsed":101,"timestamp":"2026-07-05T01:41:08.625Z"}
{"level":"info","message":"⌛ Building environment","timeElapsed":280,"timestamp":"2026-07-05T01:41:11.884Z"}
{"level":"info","message":"⌛ Validating niveles.wlk","timeElapsed":112,"timestamp":"2026-07-05T01:41:12.025Z"}
{"level":"info","message":"⌛ Building environment","timeElapsed":261,"timestamp":"2026-07-05T01:41:14.683Z"}
{"level":"info","message":"⌛ Validating niveles.wlk","timeElapsed":114,"timestamp":"2026-07-05T01:41:14.802Z"}
{"level":"info","message":"⌛ Building environment","timeElapsed":268,"timestamp":"2026-07-05T01:41:16.106Z"}
{"level":"info","message":"⌛ Building environment","timeElapsed":263,"timestamp":"2026-07-05T01:41:17.854Z"}
{"level":"info","message":"⌛ Validating niveles.wlk","timeElapsed":109,"timestamp":"2026-07-05T01:41:18.021Z"}
{"level":"info","message":"⌛ Building environment","timeElapsed":284,"timestamp":"2026-07-05T01:41:18.388Z"}
{"level":"info","message":"⌛ Building environment","timeElapsed":259,"timestamp":"2026-07-05T01:41:22.335Z"}
{"level":"info","message":"⌛ Building environment","timeElapsed":280,"timestamp":"2026-07-05T01:41:23.037Z"}
{"level":"info","message":"⌛ Building environment","timeElapsed":315,"timestamp":"2026-07-05T01:42:07.121Z"}
{"level":"info","message":"⌛ Validating niveles.wlk","timeElapsed":111,"timestamp":"2026-07-05T01:42:07.282Z"}
{"level":"info","message":"⌛ Building environment","timeElapsed":278,"timestamp":"2026-07-05T01:42:08.180Z"}
{"level":"info","message":"⌛ Building environment","timeElapsed":333,"timestamp":"2026-07-05T01:42:08.546Z"}
{"level":"info","message":"⌛ Building environment","timeElapsed":283,"timestamp":"2026-07-05T01:42:08.835Z"}
{"level":"info","message":"⌛ Validating niveles.wlk","timeElapsed":123,"timestamp":"2026-07-05T01:42:08.958Z"}
{"level":"info","message":"⌛ Validating niveles.wlk","timeElapsed":116,"timestamp":"2026-07-05T01:42:09.130Z"}
{"level":"info","message":"⌛ Building environment","timeElapsed":276,"timestamp":"2026-07-05T01:42:09.406Z"}
{"level":"info","message":"⌛ Validating niveles.wlk","timeElapsed":112,"timestamp":"2026-07-05T01:42:09.519Z"}
{"level":"info","message":"⌛ Building environment","timeElapsed":306,"timestamp":"2026-07-05T01:42:09.830Z"}
{"level":"info","message":"⌛ Building environment","timeElapsed":271,"timestamp":"2026-07-05T01:42:10.102Z"}
{"level":"info","message":"⌛ Building environment","timeElapsed":295,"timestamp":"2026-07-05T01:42:10.398Z"}
{"level":"info","message":"⌛ Validating niveles.wlk","timeElapsed":113,"timestamp":"2026-07-05T01:42:10.544Z"}
{"level":"info","message":"⌛ Building environment","timeElapsed":261,"timestamp":"2026-07-05T01:42:10.826Z"}
{"level":"info","message":"⌛ Building environment","timeElapsed":265,"timestamp":"2026-07-05T01:42:11.096Z"}
{"level":"info","message":"⌛ Building environment","timeElapsed":252,"timestamp":"2026-07-05T01:42:11.348Z"}
{"level":"info","message":"⌛ Validating niveles.wlk","timeElapsed":103,"timestamp":"2026-07-05T01:42:11.452Z"}
{"level":"info","message":"⌛ Validating niveles.wlk","timeElapsed":117,"timestamp":"2026-07-05T01:42:11.596Z"}
{"level":"info","message":"⌛ Validating niveles.wlk","timeElapsed":110,"timestamp":"2026-07-05T01:42:11.707Z"}
{"level":"info","message":"⌛ Validating niveles.wlk","timeElapsed":113,"timestamp":"2026-07-05T01:42:11.838Z"}
{"level":"info","message":"⌛ Validating niveles.wlk","timeElapsed":109,"timestamp":"2026-07-05T01:42:11.947Z"}
{"level":"info","message":"⌛ Validating niveles.wlk","timeElapsed":103,"timestamp":"2026-07-05T01:42:12.050Z"}
{"level":"info","message":"⌛ Building environment","timeElapsed":255,"timestamp":"2026-07-05T01:42:12.305Z"}
{"level":"info","message":"⌛ Building environment","timeElapsed":251,"timestamp":"2026-07-05T01:42:12.561Z"}
{"level":"info","message":"⌛ Building environment","timeElapsed":258,"timestamp":"2026-07-05T01:42:12.819Z"}
{"level":"info","message":"⌛ Validating niveles.wlk","timeElapsed":111,"timestamp":"2026-07-05T01:42:12.935Z"}
{"level":"info","message":"⌛ Validating niveles.wlk","timeElapsed":109,"timestamp":"2026-07-05T01:42:13.044Z"}
{"level":"info","message":"⌛ Building environment","timeElapsed":305,"timestamp":"2026-07-05T01:42:13.349Z"}
{"level":"info","message":"⌛ Building environment","timeElapsed":248,"timestamp":"2026-07-05T01:42:13.728Z"}
{"level":"info","message":"⌛ Building environment","timeElapsed":246,"timestamp":"2026-07-05T01:42:13.980Z"}
{"level":"info","message":"⌛ Building environment","timeElapsed":262,"timestamp":"2026-07-05T01:42:14.248Z"}
{"level":"info","message":"⌛ Validating niveles.wlk","timeElapsed":102,"timestamp":"2026-07-05T01:42:14.380Z"}
{"level":"info","message":"⌛ Validating niveles.wlk","timeElapsed":143,"timestamp":"2026-07-05T01:42:14.525Z"}
{"level":"info","message":"⌛ Validating niveles.wlk","timeElapsed":113,"timestamp":"2026-07-05T01:42:14.656Z"}
{"level":"info","message":"⌛ Validating niveles.wlk","timeElapsed":102,"timestamp":"2026-07-05T01:42:14.759Z"}
{"level":"info","message":"⌛ Building environment","timeElapsed":279,"timestamp":"2026-07-05T01:42:22.647Z"}
{"level":"info","message":"⌛ Building environment","timeElapsed":265,"timestamp":"2026-07-05T01:42:22.952Z"}
{"level":"info","message":"⌛ Building environment","timeElapsed":256,"timestamp":"2026-07-05T01:42:23.515Z"}
{"level":"info","message":"⌛ Building environment","timeElapsed":269,"timestamp":"2026-07-05T01:42:24.020Z"}
{"level":"info","message":"⌛ Validating niveles.wlk","timeElapsed":102,"timestamp":"2026-07-05T01:42:24.152Z"}
{"level":"info","message":"⌛ Building environment","timeElapsed":295,"timestamp":"2026-07-05T01:42:25.126Z"}
{"level":"error","message":"✘ Completions for node Send ([581:26, 581:32] - niveles.wlk) failed: Error: [Send]{056ce6} at niveles.wlk:581 exhausted all cases without a match [Send]{056ce6} at niveles.wlk:581 exhausted all cases without a match","stack":"Error: [Send]{056ce6} at niveles.wlk:581 exhausted all cases without a match\n    at c:\\Users\\zagum\\.vscode\\extensions\\uqbar.wollok-lsp-ide-0.5.4\\out\\server\\src\\server.js:38:6142\n    at L2 (c:\\Users\\zagum\\.vscode\\extensions\\uqbar.wollok-lsp-ide-0.5.4\\out\\server\\src\\server.js:2389:42)\n    at Jh (c:\\Users\\zagum\\.vscode\\extensions\\uqbar.wollok-lsp-ide-0.5.4\\out\\server\\src\\server.js:2389:1092)\n    at M5n (c:\\Users\\zagum\\.vscode\\extensions\\uqbar.wollok-lsp-ide-0.5.4\\out\\server\\src\\server.js:2389:1248)\n    at c:\\Users\\zagum\\.vscode\\extensions\\uqbar.wollok-lsp-ide-0.5.4\\out\\server\\src\\server.js:38:6131\n    at L2 (c:\\Users\\zagum\\.vscode\\extensions\\uqbar.wollok-lsp-ide-0.5.4\\out\\server\\src\\server.js:2389:42)\n    at c:\\Users\\zagum\\.vscode\\extensions\\uqbar.wollok-lsp-ide-0.5.4\\out\\server\\src\\server.js:2389:2988\n    at c:\\Users\\zagum\\.vscode\\extensions\\uqbar.wollok-lsp-ide-0.5.4\\out\\server\\src\\server.js:2398:8440\n    at c:\\Users\\zagum\\.vscode\\extensions\\uqbar.wollok-lsp-ide-0.5.4\\out\\server\\src\\server.js:37:74872\n    at Ke (c:\\Users\\zagum\\.vscode\\extensions\\uqbar.wollok-lsp-ide-0.5.4\\out\\server\\src\\server.js:7:8527)","timestamp":"2026-07-05T01:42:25.164Z"}
{"level":"info","message":"⌛ Building environment","timeElapsed":256,"timestamp":"2026-07-05T01:42:25.446Z"}
{"level":"info","message":"⌛ Validating niveles.wlk","timeElapsed":104,"timestamp":"2026-07-05T01:42:25.550Z"}
{"level":"info","message":"⌛ Building environment","timeElapsed":258,"timestamp":"2026-07-05T01:42:25.808Z"}
{"level":"info","message":"⌛ Building environment","timeElapsed":284,"timestamp":"2026-07-05T01:42:26.093Z"}
{"level":"info","message":"⌛ Validating niveles.wlk","timeElapsed":110,"timestamp":"2026-07-05T01:42:26.203Z"}
{"level":"info","message":"⌛ Building environment","timeElapsed":254,"timestamp":"2026-07-05T01:42:26.458Z"}
{"level":"info","message":"⌛ Building environment","timeElapsed":248,"timestamp":"2026-07-05T01:42:26.831Z"}
{"level":"info","message":"⌛ Validating niveles.wlk","timeElapsed":107,"timestamp":"2026-07-05T01:42:26.941Z"}
{"level":"info","message":"⌛ Validating niveles.wlk","timeElapsed":101,"timestamp":"2026-07-05T01:42:27.081Z"}
{"level":"info","message":"⌛ Validating niveles.wlk","timeElapsed":105,"timestamp":"2026-07-05T01:42:27.186Z"}
{"level":"info","message":"⌛ Building environment","timeElapsed":251,"timestamp":"2026-07-05T01:42:28.153Z"}
{"level":"info","message":"⌛ Building environment","timeElapsed":269,"timestamp":"2026-07-05T01:42:33.691Z"}
{"level":"error","message":"✘ Completions for node Send ([581:26, 581:38] - niveles.wlk) failed: Error: [Send]{567247} at niveles.wlk:581 exhausted all cases without a match [Send]{567247} at niveles.wlk:581 exhausted all cases without a match","stack":"Error: [Send]{567247} at niveles.wlk:581 exhausted all cases without a match\n    at c:\\Users\\zagum\\.vscode\\extensions\\uqbar.wollok-lsp-ide-0.5.4\\out\\server\\src\\server.js:38:6142\n    at L2 (c:\\Users\\zagum\\.vscode\\extensions\\uqbar.wollok-lsp-ide-0.5.4\\out\\server\\src\\server.js:2389:42)\n    at Jh (c:\\Users\\zagum\\.vscode\\extensions\\uqbar.wollok-lsp-ide-0.5.4\\out\\server\\src\\server.js:2389:1092)\n    at M5n (c:\\Users\\zagum\\.vscode\\extensions\\uqbar.wollok-lsp-ide-0.5.4\\out\\server\\src\\server.js:2389:1248)\n    at c:\\Users\\zagum\\.vscode\\extensions\\uqbar.wollok-lsp-ide-0.5.4\\out\\server\\src\\server.js:38:6131\n    at L2 (c:\\Users\\zagum\\.vscode\\extensions\\uqbar.wollok-lsp-ide-0.5.4\\out\\server\\src\\server.js:2389:42)\n    at c:\\Users\\zagum\\.vscode\\extensions\\uqbar.wollok-lsp-ide-0.5.4\\out\\server\\src\\server.js:2389:2988\n    at c:\\Users\\zagum\\.vscode\\extensions\\uqbar.wollok-lsp-ide-0.5.4\\out\\server\\src\\server.js:2398:8440\n    at c:\\Users\\zagum\\.vscode\\extensions\\uqbar.wollok-lsp-ide-0.5.4\\out\\server\\src\\server.js:37:74872\n    at Ke (c:\\Users\\zagum\\.vscode\\extensions\\uqbar.wollok-lsp-ide-0.5.4\\out\\server\\src\\server.js:7:8527)","timestamp":"2026-07-05T01:42:33.730Z"}
{"level":"info","message":"⌛ Building environment","timeElapsed":255,"timestamp":"2026-07-05T01:42:34.326Z"}
{"level":"info","message":"⌛ Building environment","timeElapsed":427,"timestamp":"2026-07-05T01:42:37.433Z"}
{"level":"info","message":"⌛ Building environment","timeElapsed":256,"timestamp":"2026-07-05T01:42:40.107Z"}
{"level":"info","message":"⌛ Building environment","timeElapsed":265,"timestamp":"2026-07-05T01:42:42.587Z"}
{"level":"error","message":"✘ Completions for node If ([581:26, 581:40] - niveles.wlk) failed: Error: [If]{a30909} at niveles.wlk:581 exhausted all cases without a match [If]{a30909} at niveles.wlk:581 exhausted all cases without a match","stack":"Error: [If]{a30909} at niveles.wlk:581 exhausted all cases without a match\n    at c:\\Users\\zagum\\.vscode\\extensions\\uqbar.wollok-lsp-ide-0.5.4\\out\\server\\src\\server.js:38:6142\n    at L2 (c:\\Users\\zagum\\.vscode\\extensions\\uqbar.wollok-lsp-ide-0.5.4\\out\\server\\src\\server.js:2389:42)\n    at Jh (c:\\Users\\zagum\\.vscode\\extensions\\uqbar.wollok-lsp-ide-0.5.4\\out\\server\\src\\server.js:2389:1092)\n    at v5n (c:\\Users\\zagum\\.vscode\\extensions\\uqbar.wollok-lsp-ide-0.5.4\\out\\server\\src\\server.js:2389:818)\n    at c:\\Users\\zagum\\.vscode\\extensions\\uqbar.wollok-lsp-ide-0.5.4\\out\\server\\src\\server.js:38:6131\n    at L2 (c:\\Users\\zagum\\.vscode\\extensions\\uqbar.wollok-lsp-ide-0.5.4\\out\\server\\src\\server.js:2389:42)\n    at Jh (c:\\Users\\zagum\\.vscode\\extensions\\uqbar.wollok-lsp-ide-0.5.4\\out\\server\\src\\server.js:2389:1092)\n    at M5n (c:\\Users\\zagum\\.vscode\\extensions\\uqbar.wollok-lsp-ide-0.5.4\\out\\server\\src\\server.js:2389:1248)\n    at c:\\Users\\zagum\\.vscode\\extensions\\uqbar.wollok-lsp-ide-0.5.4\\out\\server\\src\\server.js:38:6131\n    at L2 (c:\\Users\\zagum\\.vscode\\extensions\\uqbar.wollok-lsp-ide-0.5.4\\out\\server\\src\\server.js:2389:42)","timestamp":"2026-07-05T01:42:42.632Z"}
{"level":"info","message":"⌛ Building environment","timeElapsed":256,"timestamp":"2026-07-05T01:42:43.454Z"}
{"level":"info","message":"⌛ Building environment","timeElapsed":277,"timestamp":"2026-07-05T01:42:45.774Z"}
{"level":"error","message":"✘ Completions for node If ([581:26, 581:40] - niveles.wlk) failed: Error: [If]{93cab3} at niveles.wlk:581 exhausted all cases without a match [If]{93cab3} at niveles.wlk:581 exhausted all cases without a match","stack":"Error: [If]{93cab3} at niveles.wlk:581 exhausted all cases without a match\n    at c:\\Users\\zagum\\.vscode\\extensions\\uqbar.wollok-lsp-ide-0.5.4\\out\\server\\src\\server.js:38:6142\n    at L2 (c:\\Users\\zagum\\.vscode\\extensions\\uqbar.wollok-lsp-ide-0.5.4\\out\\server\\src\\server.js:2389:42)\n    at Jh (c:\\Users\\zagum\\.vscode\\extensions\\uqbar.wollok-lsp-ide-0.5.4\\out\\server\\src\\server.js:2389:1092)\n    at v5n (c:\\Users\\zagum\\.vscode\\extensions\\uqbar.wollok-lsp-ide-0.5.4\\out\\server\\src\\server.js:2389:818)\n    at c:\\Users\\zagum\\.vscode\\extensions\\uqbar.wollok-lsp-ide-0.5.4\\out\\server\\src\\server.js:38:6131\n    at L2 (c:\\Users\\zagum\\.vscode\\extensions\\uqbar.wollok-lsp-ide-0.5.4\\out\\server\\src\\server.js:2389:42)\n    at Jh (c:\\Users\\zagum\\.vscode\\extensions\\uqbar.wollok-lsp-ide-0.5.4\\out\\server\\src\\server.js:2389:1092)\n    at M5n (c:\\Users\\zagum\\.vscode\\extensions\\uqbar.wollok-lsp-ide-0.5.4\\out\\server\\src\\server.js:2389:1248)\n    at c:\\Users\\zagum\\.vscode\\extensions\\uqbar.wollok-lsp-ide-0.5.4\\out\\server\\src\\server.js:38:6131\n    at L2 (c:\\Users\\zagum\\.vscode\\extensions\\uqbar.wollok-lsp-ide-0.5.4\\out\\server\\src\\server.js:2389:42)","timestamp":"2026-07-05T01:42:45.810Z"}
{"level":"info","message":"⌛ Validating niveles.wlk","timeElapsed":104,"timestamp":"2026-07-05T01:42:45.944Z"}
{"level":"info","message":"⌛ Building environment","timeElapsed":265,"timestamp":"2026-07-05T01:42:46.209Z"}
{"level":"info","message":"⌛ Building environment","timeElapsed":275,"timestamp":"2026-07-05T01:42:46.515Z"}
{"level":"info","message":"⌛ Validating niveles.wlk","timeElapsed":104,"timestamp":"2026-07-05T01:42:46.626Z"}
{"level":"info","message":"⌛ Building environment","timeElapsed":279,"timestamp":"2026-07-05T01:42:47.223Z"}
{"level":"info","message":"⌛ Building environment","timeElapsed":313,"timestamp":"2026-07-05T01:43:04.939Z"}
{"level":"info","message":"⌛ Building environment","timeElapsed":275,"timestamp":"2026-07-05T01:43:05.331Z"}
{"level":"info","message":"⌛ Validating niveles.wlk","timeElapsed":112,"timestamp":"2026-07-05T01:43:05.444Z"}
{"level":"info","message":"⌛ Validating niveles.wlk","timeElapsed":108,"timestamp":"2026-07-05T01:43:05.602Z"}
{"level":"info","message":"⌛ Building environment","timeElapsed":268,"timestamp":"2026-07-05T01:43:06.815Z"}
{"level":"info","message":"⌛ Building environment","timeElapsed":269,"timestamp":"2026-07-05T01:43:07.085Z"}
{"level":"info","message":"⌛ Validating niveles.wlk","timeElapsed":104,"timestamp":"2026-07-05T01:43:07.262Z"}
{"level":"info","message":"⌛ Validating niveles.wlk","timeElapsed":103,"timestamp":"2026-07-05T01:43:07.387Z"}
{"level":"info","message":"⌛ Building environment","timeElapsed":277,"timestamp":"2026-07-05T01:43:07.665Z"}
{"level":"info","message":"⌛ Building environment","timeElapsed":269,"timestamp":"2026-07-05T01:43:07.966Z"}
{"level":"info","message":"⌛ Building environment","timeElapsed":255,"timestamp":"2026-07-05T01:43:08.250Z"}
{"level":"info","message":"⌛ Building environment","timeElapsed":271,"timestamp":"2026-07-05T01:43:08.522Z"}
{"level":"info","message":"⌛ Building environment","timeElapsed":269,"timestamp":"2026-07-05T01:43:08.792Z"}
{"level":"info","message":"⌛ Validating niveles.wlk","timeElapsed":113,"timestamp":"2026-07-05T01:43:08.905Z"}
{"level":"info","message":"⌛ Building environment","timeElapsed":277,"timestamp":"2026-07-05T01:43:09.182Z"}
{"level":"info","message":"⌛ Building environment","timeElapsed":253,"timestamp":"2026-07-05T01:43:09.460Z"}
{"level":"info","message":"⌛ Validating niveles.wlk","timeElapsed":101,"timestamp":"2026-07-05T01:43:09.561Z"}
{"level":"info","message":"⌛ Validating niveles.wlk","timeElapsed":104,"timestamp":"2026-07-05T01:43:09.690Z"}
{"level":"info","message":"⌛ Building environment","timeElapsed":253,"timestamp":"2026-07-05T01:43:09.944Z"}
{"level":"info","message":"⌛ Validating niveles.wlk","timeElapsed":109,"timestamp":"2026-07-05T01:43:10.054Z"}
{"level":"info","message":"⌛ Building environment","timeElapsed":259,"timestamp":"2026-07-05T01:43:10.461Z"}
{"level":"info","message":"⌛ Building environment","timeElapsed":283,"timestamp":"2026-07-05T01:43:10.771Z"}
{"level":"info","message":"⌛ Validating niveles.wlk","timeElapsed":103,"timestamp":"2026-07-05T01:43:10.874Z"}
{"level":"info","message":"⌛ Validating niveles.wlk","timeElapsed":107,"timestamp":"2026-07-05T01:43:11.021Z"}
{"level":"info","message":"⌛ Validating niveles.wlk","timeElapsed":104,"timestamp":"2026-07-05T01:43:11.173Z"}
{"level":"info","message":"⌛ Building environment","timeElapsed":295,"timestamp":"2026-07-05T01:43:14.858Z"}
{"level":"info","message":"⌛ Validating niveles.wlk","timeElapsed":101,"timestamp":"2026-07-05T01:43:15.032Z"}
{"level":"info","message":"⌛ Building environment","timeElapsed":271,"timestamp":"2026-07-05T01:43:18.592Z"}
{"level":"info","message":"⌛ Validating niveles.wlk","timeElapsed":108,"timestamp":"2026-07-05T01:43:18.744Z"}
{"level":"info","message":"⌛ Building environment","timeElapsed":262,"timestamp":"2026-07-05T01:43:19.127Z"}
{"level":"info","message":"⌛ Validating niveles.wlk","timeElapsed":106,"timestamp":"2026-07-05T01:43:19.234Z"}
{"level":"info","message":"⌛ Building environment","timeElapsed":258,"timestamp":"2026-07-05T01:43:26.791Z"}
{"level":"error","message":"✘ Completions for node If ([581:26, 581:48] - niveles.wlk) failed: Error: [If]{a3b4e8} at niveles.wlk:581 exhausted all cases without a match [If]{a3b4e8} at niveles.wlk:581 exhausted all cases without a match","stack":"Error: [If]{a3b4e8} at niveles.wlk:581 exhausted all cases without a match\n    at c:\\Users\\zagum\\.vscode\\extensions\\uqbar.wollok-lsp-ide-0.5.4\\out\\server\\src\\server.js:38:6142\n    at L2 (c:\\Users\\zagum\\.vscode\\extensions\\uqbar.wollok-lsp-ide-0.5.4\\out\\server\\src\\server.js:2389:42)\n    at Jh (c:\\Users\\zagum\\.vscode\\extensions\\uqbar.wollok-lsp-ide-0.5.4\\out\\server\\src\\server.js:2389:1092)\n    at v5n (c:\\Users\\zagum\\.vscode\\extensions\\uqbar.wollok-lsp-ide-0.5.4\\out\\server\\src\\server.js:2389:818)\n    at c:\\Users\\zagum\\.vscode\\extensions\\uqbar.wollok-lsp-ide-0.5.4\\out\\server\\src\\server.js:38:6131\n    at L2 (c:\\Users\\zagum\\.vscode\\extensions\\uqbar.wollok-lsp-ide-0.5.4\\out\\server\\src\\server.js:2389:42)\n    at Jh (c:\\Users\\zagum\\.vscode\\extensions\\uqbar.wollok-lsp-ide-0.5.4\\out\\server\\src\\server.js:2389:1092)\n    at M5n (c:\\Users\\zagum\\.vscode\\extensions\\uqbar.wollok-lsp-ide-0.5.4\\out\\server\\src\\server.js:2389:1248)\n    at c:\\Users\\zagum\\.vscode\\extensions\\uqbar.wollok-lsp-ide-0.5.4\\out\\server\\src\\server.js:38:6131\n    at L2 (c:\\Users\\zagum\\.vscode\\extensions\\uqbar.wollok-lsp-ide-0.5.4\\out\\server\\src\\server.js:2389:42)","timestamp":"2026-07-05T01:43:26.822Z"}
{"level":"info","message":"⌛ Building environment","timeElapsed":258,"timestamp":"2026-07-05T01:43:27.083Z"}
{"level":"info","message":"⌛ Building environment","timeElapsed":273,"timestamp":"2026-07-05T01:43:27.422Z"}
{"level":"info","message":"⌛ Validating niveles.wlk","timeElapsed":117,"timestamp":"2026-07-05T01:43:27.547Z"}
{"level":"info","message":"⌛ Building environment","timeElapsed":263,"timestamp":"2026-07-05T01:43:27.810Z"}
{"level":"info","message":"⌛ Building environment","timeElapsed":263,"timestamp":"2026-07-05T01:43:28.074Z"}
{"level":"info","message":"⌛ Building environment","timeElapsed":269,"timestamp":"2026-07-05T01:43:28.469Z"}
{"level":"info","message":"⌛ Validating niveles.wlk","timeElapsed":108,"timestamp":"2026-07-05T01:43:28.577Z"}
{"level":"info","message":"⌛ Validating niveles.wlk","timeElapsed":115,"timestamp":"2026-07-05T01:43:28.719Z"}
{"level":"info","message":"⌛ Validating niveles.wlk","timeElapsed":105,"timestamp":"2026-07-05T01:43:28.824Z"}
{"level":"info","message":"⌛ Validating niveles.wlk","timeElapsed":106,"timestamp":"2026-07-05T01:43:28.948Z"}
{"level":"info","message":"⌛ Building environment","timeElapsed":250,"timestamp":"2026-07-05T01:43:30.020Z"}
{"level":"info","message":"⌛ Building environment","timeElapsed":269,"timestamp":"2026-07-05T01:43:30.317Z"}
{"level":"info","message":"⌛ Validating niveles.wlk","timeElapsed":105,"timestamp":"2026-07-05T01:43:30.422Z"}
{"level":"info","message":"⌛ Building environment","timeElapsed":257,"timestamp":"2026-07-05T01:43:30.679Z"}
{"level":"info","message":"⌛ Building environment","timeElapsed":265,"timestamp":"2026-07-05T01:43:30.945Z"}
{"level":"info","message":"⌛ Validating niveles.wlk","timeElapsed":101,"timestamp":"2026-07-05T01:43:31.171Z"}
{"level":"info","message":"⌛ Validating niveles.wlk","timeElapsed":101,"timestamp":"2026-07-05T01:43:31.291Z"}
{"level":"info","message":"⌛ Building environment","timeElapsed":271,"timestamp":"2026-07-05T01:43:31.563Z"}
{"level":"info","message":"⌛ Building environment","timeElapsed":268,"timestamp":"2026-07-05T01:43:37.598Z"}
{"level":"info","message":"⌛ Building environment","timeElapsed":318,"timestamp":"2026-07-05T01:43:45.572Z"}
{"level":"error","message":"✘ Completions for node Send ([583:26, 583:45] - niveles.wlk) failed: Error: [Send]{29f87f} at niveles.wlk:583 exhausted all cases without a match [Send]{29f87f} at niveles.wlk:583 exhausted all cases without a match","stack":"Error: [Send]{29f87f} at niveles.wlk:583 exhausted all cases without a match\n    at c:\\Users\\zagum\\.vscode\\extensions\\uqbar.wollok-lsp-ide-0.5.4\\out\\server\\src\\server.js:38:6142\n    at L2 (c:\\Users\\zagum\\.vscode\\extensions\\uqbar.wollok-lsp-ide-0.5.4\\out\\server\\src\\server.js:2389:42)\n    at c:\\Users\\zagum\\.vscode\\extensions\\uqbar.wollok-lsp-ide-0.5.4\\out\\server\\src\\server.js:2389:2988\n    at c:\\Users\\zagum\\.vscode\\extensions\\uqbar.wollok-lsp-ide-0.5.4\\out\\server\\src\\server.js:2398:8440\n    at c:\\Users\\zagum\\.vscode\\extensions\\uqbar.wollok-lsp-ide-0.5.4\\out\\server\\src\\server.js:37:74872\n    at Ke (c:\\Users\\zagum\\.vscode\\extensions\\uqbar.wollok-lsp-ide-0.5.4\\out\\server\\src\\server.js:7:8527)\n    at Lt (c:\\Users\\zagum\\.vscode\\extensions\\uqbar.wollok-lsp-ide-0.5.4\\out\\server\\src\\server.js:7:6189)\n    at ct (c:\\Users\\zagum\\.vscode\\extensions\\uqbar.wollok-lsp-ide-0.5.4\\out\\server\\src\\server.js:7:6378)\n    at Immediate._onImmediate (c:\\Users\\zagum\\.vscode\\extensions\\uqbar.wollok-lsp-ide-0.5.4\\out\\server\\src\\server.js:7:6142)\n    at process.processImmediate (node:internal/timers:504:21)","timestamp":"2026-07-05T01:43:45.600Z"}
{"level":"error","message":"✘ Completions for node Send ([583:26, 583:52] - niveles.wlk) failed: Error: [Send]{07cb0f} at niveles.wlk:583 exhausted all cases without a match [Send]{07cb0f} at niveles.wlk:583 exhausted all cases without a match","stack":"Error: [Send]{07cb0f} at niveles.wlk:583 exhausted all cases without a match\n    at c:\\Users\\zagum\\.vscode\\extensions\\uqbar.wollok-lsp-ide-0.5.4\\out\\server\\src\\server.js:38:6142\n    at L2 (c:\\Users\\zagum\\.vscode\\extensions\\uqbar.wollok-lsp-ide-0.5.4\\out\\server\\src\\server.js:2389:42)\n    at Jh (c:\\Users\\zagum\\.vscode\\extensions\\uqbar.wollok-lsp-ide-0.5.4\\out\\server\\src\\server.js:2389:1092)\n    at L2 (c:\\Users\\zagum\\.vscode\\extensions\\uqbar.wollok-lsp-ide-0.5.4\\out\\server\\src\\server.js:2389:544)\n    at c:\\Users\\zagum\\.vscode\\extensions\\uqbar.wollok-lsp-ide-0.5.4\\out\\server\\src\\server.js:2389:2988\n    at c:\\Users\\zagum\\.vscode\\extensions\\uqbar.wollok-lsp-ide-0.5.4\\out\\server\\src\\server.js:2398:8440\n    at c:\\Users\\zagum\\.vscode\\extensions\\uqbar.wollok-lsp-ide-0.5.4\\out\\server\\src\\server.js:37:74872\n    at Ke (c:\\Users\\zagum\\.vscode\\extensions\\uqbar.wollok-lsp-ide-0.5.4\\out\\server\\src\\server.js:7:8527)\n    at Lt (c:\\Users\\zagum\\.vscode\\extensions\\uqbar.wollok-lsp-ide-0.5.4\\out\\server\\src\\server.js:7:6189)\n    at ct (c:\\Users\\zagum\\.vscode\\extensions\\uqbar.wollok-lsp-ide-0.5.4\\out\\server\\src\\server.js:7:6378)","timestamp":"2026-07-05T01:43:45.600Z"}
{"level":"info","message":"⌛ Building environment","timeElapsed":262,"timestamp":"2026-07-05T01:43:45.864Z"}
{"level":"info","message":"⌛ Building environment","timeElapsed":254,"timestamp":"2026-07-05T01:43:46.118Z"}
{"level":"info","message":"⌛ Validating niveles.wlk","timeElapsed":112,"timestamp":"2026-07-05T01:43:46.230Z"}
{"level":"info","message":"⌛ Validating niveles.wlk","timeElapsed":101,"timestamp":"2026-07-05T01:43:46.356Z"}
{"level":"info","message":"⌛ Validating niveles.wlk","timeElapsed":102,"timestamp":"2026-07-05T01:43:46.458Z"}
{"level":"info","message":"⌛ Building environment","timeElapsed":266,"timestamp":"2026-07-05T01:43:46.724Z"}
{"level":"info","message":"⌛ Building environment","timeElapsed":261,"timestamp":"2026-07-05T01:43:46.996Z"}
{"level":"info","message":"⌛ Validating niveles.wlk","timeElapsed":122,"timestamp":"2026-07-05T01:43:47.119Z"}
{"level":"info","message":"⌛ Building environment","timeElapsed":293,"timestamp":"2026-07-05T01:43:47.439Z"}
{"level":"info","message":"⌛ Validating niveles.wlk","timeElapsed":106,"timestamp":"2026-07-05T01:43:47.545Z"}
{"level":"info","message":"⌛ Building environment","timeElapsed":251,"timestamp":"2026-07-05T01:43:47.802Z"}
{"level":"info","message":"⌛ Validating niveles.wlk","timeElapsed":105,"timestamp":"2026-07-05T01:43:47.919Z"}
{"level":"info","message":"⌛ Building environment","timeElapsed":254,"timestamp":"2026-07-05T01:43:50.149Z"}
{"level":"error","message":"✘ Completions for node Send ([584:26, 584:45] - niveles.wlk) failed: Error: [Send]{5c1d2c} at niveles.wlk:584 exhausted all cases without a match [Send]{5c1d2c} at niveles.wlk:584 exhausted all cases without a match","stack":"Error: [Send]{5c1d2c} at niveles.wlk:584 exhausted all cases without a match\n    at c:\\Users\\zagum\\.vscode\\extensions\\uqbar.wollok-lsp-ide-0.5.4\\out\\server\\src\\server.js:38:6142\n    at L2 (c:\\Users\\zagum\\.vscode\\extensions\\uqbar.wollok-lsp-ide-0.5.4\\out\\server\\src\\server.js:2389:42)\n    at c:\\Users\\zagum\\.vscode\\extensions\\uqbar.wollok-lsp-ide-0.5.4\\out\\server\\src\\server.js:2389:2988\n    at c:\\Users\\zagum\\.vscode\\extensions\\uqbar.wollok-lsp-ide-0.5.4\\out\\server\\src\\server.js:2398:8440\n    at c:\\Users\\zagum\\.vscode\\extensions\\uqbar.wollok-lsp-ide-0.5.4\\out\\server\\src\\server.js:37:74872\n    at Ke (c:\\Users\\zagum\\.vscode\\extensions\\uqbar.wollok-lsp-ide-0.5.4\\out\\server\\src\\server.js:7:8527)\n    at Lt (c:\\Users\\zagum\\.vscode\\extensions\\uqbar.wollok-lsp-ide-0.5.4\\out\\server\\src\\server.js:7:6189)\n    at ct (c:\\Users\\zagum\\.vscode\\extensions\\uqbar.wollok-lsp-ide-0.5.4\\out\\server\\src\\server.js:7:6378)\n    at Immediate._onImmediate (c:\\Users\\zagum\\.vscode\\extensions\\uqbar.wollok-lsp-ide-0.5.4\\out\\server\\src\\server.js:7:6142)\n    at process.processImmediate (node:internal/timers:504:21)","timestamp":"2026-07-05T01:43:50.178Z"}
{"level":"error","message":"✘ Completions for node Send ([584:26, 584:52] - niveles.wlk) failed: Error: [Send]{814475} at niveles.wlk:584 exhausted all cases without a match [Send]{814475} at niveles.wlk:584 exhausted all cases without a match","stack":"Error: [Send]{814475} at niveles.wlk:584 exhausted all cases without a match\n    at c:\\Users\\zagum\\.vscode\\extensions\\uqbar.wollok-lsp-ide-0.5.4\\out\\server\\src\\server.js:38:6142\n    at L2 (c:\\Users\\zagum\\.vscode\\extensions\\uqbar.wollok-lsp-ide-0.5.4\\out\\server\\src\\server.js:2389:42)\n    at Jh (c:\\Users\\zagum\\.vscode\\extensions\\uqbar.wollok-lsp-ide-0.5.4\\out\\server\\src\\server.js:2389:1092)\n    at L2 (c:\\Users\\zagum\\.vscode\\extensions\\uqbar.wollok-lsp-ide-0.5.4\\out\\server\\src\\server.js:2389:544)\n    at c:\\Users\\zagum\\.vscode\\extensions\\uqbar.wollok-lsp-ide-0.5.4\\out\\server\\src\\server.js:2389:2988\n    at c:\\Users\\zagum\\.vscode\\extensions\\uqbar.wollok-lsp-ide-0.5.4\\out\\server\\src\\server.js:2398:8440\n    at c:\\Users\\zagum\\.vscode\\extensions\\uqbar.wollok-lsp-ide-0.5.4\\out\\server\\src\\server.js:37:74872\n    at Ke (c:\\Users\\zagum\\.vscode\\extensions\\uqbar.wollok-lsp-ide-0.5.4\\out\\server\\src\\server.js:7:8527)\n    at Lt (c:\\Users\\zagum\\.vscode\\extensions\\uqbar.wollok-lsp-ide-0.5.4\\out\\server\\src\\server.js:7:6189)\n    at ct (c:\\Users\\zagum\\.vscode\\extensions\\uqbar.wollok-lsp-ide-0.5.4\\out\\server\\src\\server.js:7:6378)","timestamp":"2026-07-05T01:43:50.178Z"}
{"level":"info","message":"⌛ Building environment","timeElapsed":264,"timestamp":"2026-07-05T01:43:50.445Z"}
{"level":"info","message":"⌛ Building environment","timeElapsed":259,"timestamp":"2026-07-05T01:43:50.704Z"}
{"level":"info","message":"⌛ Validating niveles.wlk","timeElapsed":108,"timestamp":"2026-07-05T01:43:50.812Z"}
{"level":"info","message":"⌛ Building environment","timeElapsed":268,"timestamp":"2026-07-05T01:43:51.080Z"}
{"level":"info","message":"⌛ Building environment","timeElapsed":253,"timestamp":"2026-07-05T01:43:51.335Z"}
{"level":"info","message":"⌛ Validating niveles.wlk","timeElapsed":107,"timestamp":"2026-07-05T01:43:51.442Z"}
{"level":"info","message":"⌛ Building environment","timeElapsed":255,"timestamp":"2026-07-05T01:43:51.697Z"}
{"level":"info","message":"⌛ Validating niveles.wlk","timeElapsed":115,"timestamp":"2026-07-05T01:43:51.813Z"}
{"level":"info","message":"⌛ Building environment","timeElapsed":263,"timestamp":"2026-07-05T01:43:52.099Z"}
{"level":"info","message":"⌛ Building environment","timeElapsed":254,"timestamp":"2026-07-05T01:43:52.354Z"}
{"level":"info","message":"⌛ Validating niveles.wlk","timeElapsed":110,"timestamp":"2026-07-05T01:43:52.464Z"}
{"level":"info","message":"⌛ Building environment","timeElapsed":301,"timestamp":"2026-07-05T01:43:52.766Z"}
{"level":"info","message":"⌛ Building environment","timeElapsed":254,"timestamp":"2026-07-05T01:43:53.024Z"}
{"level":"info","message":"⌛ Building environment","timeElapsed":253,"timestamp":"2026-07-05T01:43:53.381Z"}
{"level":"info","message":"⌛ Building environment","timeElapsed":265,"timestamp":"2026-07-05T01:43:53.650Z"}
{"level":"info","message":"⌛ Building environment","timeElapsed":285,"timestamp":"2026-07-05T01:43:54.035Z"}
{"level":"info","message":"⌛ Building environment","timeElapsed":266,"timestamp":"2026-07-05T01:43:54.301Z"}
{"level":"info","message":"⌛ Validating niveles.wlk","timeElapsed":104,"timestamp":"2026-07-05T01:43:54.405Z"}
{"level":"info","message":"⌛ Building environment","timeElapsed":342,"timestamp":"2026-07-05T01:43:54.748Z"}
{"level":"info","message":"⌛ Validating niveles.wlk","timeElapsed":118,"timestamp":"2026-07-05T01:43:54.867Z"}
{"level":"info","message":"⌛ Validating niveles.wlk","timeElapsed":113,"timestamp":"2026-07-05T01:43:55.026Z"}
{"level":"info","message":"⌛ Validating niveles.wlk","timeElapsed":120,"timestamp":"2026-07-05T01:43:55.146Z"}
{"level":"info","message":"⌛ Validating niveles.wlk","timeElapsed":106,"timestamp":"2026-07-05T01:43:55.252Z"}
{"level":"info","message":"⌛ Validating niveles.wlk","timeElapsed":107,"timestamp":"2026-07-05T01:43:55.377Z"}
{"level":"info","message":"⌛ Validating niveles.wlk","timeElapsed":108,"timestamp":"2026-07-05T01:43:55.503Z"}
{"level":"info","message":"⌛ Validating niveles.wlk","timeElapsed":107,"timestamp":"2026-07-05T01:43:55.611Z"}
{"level":"info","message":"⌛ Validating niveles.wlk","timeElapsed":101,"timestamp":"2026-07-05T01:43:55.756Z"}
{"level":"info","message":"⌛ Building environment","timeElapsed":256,"timestamp":"2026-07-05T01:44:00.812Z"}
{"level":"info","message":"⌛ Validating niveles.wlk","timeElapsed":111,"timestamp":"2026-07-05T01:44:00.925Z"}
{"level":"info","message":"⌛ Building environment","timeElapsed":265,"timestamp":"2026-07-05T01:44:01.599Z"}
{"level":"info","message":"⌛ Validating niveles.wlk","timeElapsed":107,"timestamp":"2026-07-05T01:44:01.737Z"}
{"level":"info","message":"⌛ Building environment","timeElapsed":259,"timestamp":"2026-07-05T01:44:06.558Z"}
{"level":"info","message":"⌛ Validating niveles.wlk","timeElapsed":108,"timestamp":"2026-07-05T01:44:06.670Z"}
{"level":"info","message":"⌛ Building environment","timeElapsed":254,"timestamp":"2026-07-05T01:44:11.856Z"}
{"level":"info","message":"⌛ Building environment","timeElapsed":257,"timestamp":"2026-07-05T01:44:12.114Z"}
{"level":"info","message":"⌛ Validating niveles.wlk","timeElapsed":102,"timestamp":"2026-07-05T01:44:12.216Z"}
{"level":"info","message":"⌛ Building environment","timeElapsed":258,"timestamp":"2026-07-05T01:44:16.115Z"}
{"level":"info","message":"⌛ Building environment","timeElapsed":315,"timestamp":"2026-07-05T01:45:14.387Z"}
{"level":"info","message":"⌛ Building environment","timeElapsed":318,"timestamp":"2026-07-05T01:45:14.705Z"}
{"level":"info","message":"⌛ Validating niveles.wlk","timeElapsed":133,"timestamp":"2026-07-05T01:45:14.839Z"}
{"level":"info","message":"⌛ Building environment","timeElapsed":262,"timestamp":"2026-07-05T01:45:15.102Z"}
{"level":"info","message":"⌛ Validating niveles.wlk","timeElapsed":105,"timestamp":"2026-07-05T01:45:15.208Z"}
{"level":"info","message":"⌛ Building environment","timeElapsed":308,"timestamp":"2026-07-05T01:45:19.032Z"}
{"level":"info","message":"⌛ Building environment","timeElapsed":272,"timestamp":"2026-07-05T01:45:19.305Z"}
{"level":"info","message":"⌛ Validating niveles.wlk","timeElapsed":106,"timestamp":"2026-07-05T01:45:19.412Z"}
{"level":"info","message":"⌛ Building environment","timeElapsed":251,"timestamp":"2026-07-05T01:45:19.664Z"}
{"level":"info","message":"⌛ Building environment","timeElapsed":267,"timestamp":"2026-07-05T01:45:22.085Z"}
{"level":"info","message":"⌛ Building environment","timeElapsed":268,"timestamp":"2026-07-05T01:45:22.495Z"}
{"level":"info","message":"⌛ Building environment","timeElapsed":270,"timestamp":"2026-07-05T01:45:24.531Z"}
{"level":"info","message":"⌛ Building environment","timeElapsed":305,"timestamp":"2026-07-05T01:45:24.869Z"}
{"level":"info","message":"⌛ Building environment","timeElapsed":261,"timestamp":"2026-07-05T01:45:25.233Z"}
{"level":"info","message":"⌛ Validating niveles.wlk","timeElapsed":106,"timestamp":"2026-07-05T01:45:25.339Z"}
{"level":"info","message":"⌛ Validating niveles.wlk","timeElapsed":102,"timestamp":"2026-07-05T01:45:25.466Z"}
{"level":"info","message":"⌛ Building environment","timeElapsed":297,"timestamp":"2026-07-05T01:45:28.235Z"}
{"level":"info","message":"⌛ Building environment","timeElapsed":262,"timestamp":"2026-07-05T01:45:28.503Z"}
{"level":"info","message":"⌛ Building environment","timeElapsed":283,"timestamp":"2026-07-05T01:45:28.890Z"}
{"level":"info","message":"⌛ Validating niveles.wlk","timeElapsed":123,"timestamp":"2026-07-05T01:45:29.014Z"}
{"level":"info","message":"⌛ Validating niveles.wlk","timeElapsed":119,"timestamp":"2026-07-05T01:45:29.165Z"}
{"level":"info","message":"⌛ Building environment","timeElapsed":264,"timestamp":"2026-07-05T01:45:30.733Z"}
{"level":"info","message":"⌛ Validating niveles.wlk","timeElapsed":101,"timestamp":"2026-07-05T01:45:30.838Z"}
{"level":"info","message":"⌛ Building environment","timeElapsed":258,"timestamp":"2026-07-05T01:45:31.441Z"}
{"level":"info","message":"⌛ Validating niveles.wlk","timeElapsed":102,"timestamp":"2026-07-05T01:45:31.546Z"}
{"level":"info","message":"⌛ Building environment","timeElapsed":279,"timestamp":"2026-07-05T01:45:32.255Z"}
{"level":"info","message":"⌛ Validating niveles.wlk","timeElapsed":107,"timestamp":"2026-07-05T01:45:32.373Z"}
{"level":"info","message":"⌛ Building environment","timeElapsed":259,"timestamp":"2026-07-05T01:45:33.380Z"}
{"level":"info","message":"⌛ Validating niveles.wlk","timeElapsed":109,"timestamp":"2026-07-05T01:45:33.493Z"}
{"level":"info","message":"⌛ Building environment","timeElapsed":263,"timestamp":"2026-07-05T01:45:34.508Z"}
{"level":"info","message":"⌛ Building environment","timeElapsed":329,"timestamp":"2026-07-05T01:45:34.875Z"}
{"level":"info","message":"⌛ Building environment","timeElapsed":250,"timestamp":"2026-07-05T01:45:35.126Z"}
{"level":"info","message":"⌛ Validating niveles.wlk","timeElapsed":103,"timestamp":"2026-07-05T01:45:35.229Z"}
{"level":"info","message":"⌛ Building environment","timeElapsed":242,"timestamp":"2026-07-05T01:45:35.471Z"}
{"level":"info","message":"⌛ Building environment","timeElapsed":275,"timestamp":"2026-07-05T01:45:35.747Z"}
{"level":"info","message":"⌛ Validating niveles.wlk","timeElapsed":115,"timestamp":"2026-07-05T01:45:35.920Z"}
{"level":"info","message":"⌛ Validating niveles.wlk","timeElapsed":109,"timestamp":"2026-07-05T01:45:36.147Z"}
{"level":"info","message":"⌛ Building environment","timeElapsed":251,"timestamp":"2026-07-05T01:45:36.416Z"}
{"level":"info","message":"⌛ Building environment","timeElapsed":258,"timestamp":"2026-07-05T01:45:36.726Z"}
{"level":"info","message":"⌛ Validating niveles.wlk","timeElapsed":104,"timestamp":"2026-07-05T01:45:36.835Z"}
{"level":"info","message":"⌛ Building environment","timeElapsed":264,"timestamp":"2026-07-05T01:45:37.099Z"}
{"level":"info","message":"⌛ Building environment","timeElapsed":256,"timestamp":"2026-07-05T01:45:37.356Z"}
{"level":"info","message":"⌛ Building environment","timeElapsed":249,"timestamp":"2026-07-05T01:45:37.606Z"}
{"level":"info","message":"⌛ Building environment","timeElapsed":261,"timestamp":"2026-07-05T01:45:37.868Z"}
{"level":"info","message":"⌛ Building environment","timeElapsed":253,"timestamp":"2026-07-05T01:45:38.120Z"}
{"level":"info","message":"⌛ Validating niveles.wlk","timeElapsed":133,"timestamp":"2026-07-05T01:45:38.598Z"}
{"level":"info","message":"⌛ Validating niveles.wlk","timeElapsed":102,"timestamp":"2026-07-05T01:45:38.701Z"}
{"level":"info","message":"⌛ Building environment","timeElapsed":286,"timestamp":"2026-07-05T01:45:38.988Z"}
{"level":"info","message":"⌛ Validating niveles.wlk","timeElapsed":103,"timestamp":"2026-07-05T01:45:39.096Z"}
{"level":"info","message":"⌛ Validating niveles.wlk","timeElapsed":106,"timestamp":"2026-07-05T01:45:39.308Z"}
{"level":"info","message":"⌛ Building environment","timeElapsed":312,"timestamp":"2026-07-05T01:46:33.722Z"}
{"level":"info","message":"⌛ Building environment","timeElapsed":270,"timestamp":"2026-07-05T01:46:34.080Z"}
{"level":"info","message":"⌛ Validating niveles.wlk","timeElapsed":114,"timestamp":"2026-07-05T01:46:34.196Z"}
{"level":"info","message":"⌛ Building environment","timeElapsed":277,"timestamp":"2026-07-05T01:46:34.529Z"}
{"level":"info","message":"⌛ Building environment","timeElapsed":274,"timestamp":"2026-07-05T01:46:35.037Z"}
{"level":"info","message":"⌛ Validating niveles.wlk","timeElapsed":105,"timestamp":"2026-07-05T01:46:35.179Z"}
{"level":"info","message":"⌛ Building environment","timeElapsed":284,"timestamp":"2026-07-05T01:46:35.463Z"}
{"level":"info","message":"⌛ Validating niveles.wlk","timeElapsed":113,"timestamp":"2026-07-05T01:46:35.577Z"}
{"level":"info","message":"⌛ Building environment","timeElapsed":279,"timestamp":"2026-07-05T01:46:35.907Z"}
{"level":"info","message":"⌛ Building environment","timeElapsed":264,"timestamp":"2026-07-05T01:46:36.586Z"}
{"level":"error","message":"✘ Completions for node Send ([587:9, 587:15] - niveles.wlk) failed: Error: [Send]{986290} at niveles.wlk:587 exhausted all cases without a match [Send]{986290} at niveles.wlk:587 exhausted all cases without a match","stack":"Error: [Send]{986290} at niveles.wlk:587 exhausted all cases without a match\n    at c:\\Users\\zagum\\.vscode\\extensions\\uqbar.wollok-lsp-ide-0.5.4\\out\\server\\src\\server.js:38:6142\n    at L2 (c:\\Users\\zagum\\.vscode\\extensions\\uqbar.wollok-lsp-ide-0.5.4\\out\\server\\src\\server.js:2389:42)\n    at Jh (c:\\Users\\zagum\\.vscode\\extensions\\uqbar.wollok-lsp-ide-0.5.4\\out\\server\\src\\server.js:2389:1092)\n    at M5n (c:\\Users\\zagum\\.vscode\\extensions\\uqbar.wollok-lsp-ide-0.5.4\\out\\server\\src\\server.js:2389:1248)\n    at c:\\Users\\zagum\\.vscode\\extensions\\uqbar.wollok-lsp-ide-0.5.4\\out\\server\\src\\server.js:38:6131\n    at L2 (c:\\Users\\zagum\\.vscode\\extensions\\uqbar.wollok-lsp-ide-0.5.4\\out\\server\\src\\server.js:2389:42)\n    at c:\\Users\\zagum\\.vscode\\extensions\\uqbar.wollok-lsp-ide-0.5.4\\out\\server\\src\\server.js:2389:2988\n    at c:\\Users\\zagum\\.vscode\\extensions\\uqbar.wollok-lsp-ide-0.5.4\\out\\server\\src\\server.js:2398:8440\n    at c:\\Users\\zagum\\.vscode\\extensions\\uqbar.wollok-lsp-ide-0.5.4\\out\\server\\src\\server.js:37:74872\n    at Ke (c:\\Users\\zagum\\.vscode\\extensions\\uqbar.wollok-lsp-ide-0.5.4\\out\\server\\src\\server.js:7:8527)","timestamp":"2026-07-05T01:46:36.624Z"}
{"level":"info","message":"⌛ Building environment","timeElapsed":259,"timestamp":"2026-07-05T01:46:36.889Z"}
{"level":"info","message":"⌛ Building environment","timeElapsed":269,"timestamp":"2026-07-05T01:46:37.158Z"}
{"level":"info","message":"⌛ Validating niveles.wlk","timeElapsed":102,"timestamp":"2026-07-05T01:46:37.265Z"}
{"level":"info","message":"⌛ Building environment","timeElapsed":252,"timestamp":"2026-07-05T01:46:37.518Z"}
{"level":"info","message":"⌛ Building environment","timeElapsed":259,"timestamp":"2026-07-05T01:46:37.900Z"}
{"level":"info","message":"⌛ Building environment","timeElapsed":257,"timestamp":"2026-07-05T01:46:38.537Z"}
{"level":"info","message":"⌛ Building environment","timeElapsed":290,"timestamp":"2026-07-05T01:46:40.895Z"}
{"level":"info","message":"⌛ Building environment","timeElapsed":281,"timestamp":"2026-07-05T01:46:41.176Z"}
{"level":"info","message":"⌛ Validating niveles.wlk","timeElapsed":103,"timestamp":"2026-07-05T01:46:41.279Z"}
{"level":"info","message":"⌛ Building environment","timeElapsed":251,"timestamp":"2026-07-05T01:46:41.530Z"}
{"level":"info","message":"⌛ Building environment","timeElapsed":254,"timestamp":"2026-07-05T01:46:41.785Z"}
{"level":"info","message":"⌛ Validating niveles.wlk","timeElapsed":101,"timestamp":"2026-07-05T01:46:42.103Z"}
{"level":"info","message":"⌛ Building environment","timeElapsed":334,"timestamp":"2026-07-05T01:46:42.623Z"}
{"level":"info","message":"⌛ Building environment","timeElapsed":260,"timestamp":"2026-07-05T01:46:42.883Z"}
{"level":"info","message":"⌛ Building environment","timeElapsed":253,"timestamp":"2026-07-05T01:46:59.298Z"}
{"level":"error","message":"✘ Completions for node If ([587:9, 589:10] - niveles.wlk) failed: Error: [If]{be8763} at niveles.wlk:587 exhausted all cases without a match [If]{be8763} at niveles.wlk:587 exhausted all cases without a match","stack":"Error: [If]{be8763} at niveles.wlk:587 exhausted all cases without a match\n    at c:\\Users\\zagum\\.vscode\\extensions\\uqbar.wollok-lsp-ide-0.5.4\\out\\server\\src\\server.js:38:6142\n    at L2 (c:\\Users\\zagum\\.vscode\\extensions\\uqbar.wollok-lsp-ide-0.5.4\\out\\server\\src\\server.js:2389:42)\n    at Jh (c:\\Users\\zagum\\.vscode\\extensions\\uqbar.wollok-lsp-ide-0.5.4\\out\\server\\src\\server.js:2389:1092)\n    at v5n (c:\\Users\\zagum\\.vscode\\extensions\\uqbar.wollok-lsp-ide-0.5.4\\out\\server\\src\\server.js:2389:818)\n    at c:\\Users\\zagum\\.vscode\\extensions\\uqbar.wollok-lsp-ide-0.5.4\\out\\server\\src\\server.js:38:6131\n    at L2 (c:\\Users\\zagum\\.vscode\\extensions\\uqbar.wollok-lsp-ide-0.5.4\\out\\server\\src\\server.js:2389:42)\n    at Jh (c:\\Users\\zagum\\.vscode\\extensions\\uqbar.wollok-lsp-ide-0.5.4\\out\\server\\src\\server.js:2389:1092)\n    at M5n (c:\\Users\\zagum\\.vscode\\extensions\\uqbar.wollok-lsp-ide-0.5.4\\out\\server\\src\\server.js:2389:1248)\n    at c:\\Users\\zagum\\.vscode\\extensions\\uqbar.wollok-lsp-ide-0.5.4\\out\\server\\src\\server.js:38:6131\n    at L2 (c:\\Users\\zagum\\.vscode\\extensions\\uqbar.wollok-lsp-ide-0.5.4\\out\\server\\src\\server.js:2389:42)","timestamp":"2026-07-05T01:46:59.332Z"}
{"level":"info","message":"⌛ Building environment","timeElapsed":259,"timestamp":"2026-07-05T01:46:59.593Z"}
{"level":"info","message":"⌛ Validating niveles.wlk","timeElapsed":101,"timestamp":"2026-07-05T01:46:59.695Z"}
{"level":"info","message":"⌛ Validating niveles.wlk","timeElapsed":104,"timestamp":"2026-07-05T01:46:59.823Z"}
{"level":"info","message":"⌛ Building environment","timeElapsed":253,"timestamp":"2026-07-05T01:47:00.359Z"}
{"level":"info","message":"⌛ Building environment","timeElapsed":256,"timestamp":"2026-07-05T01:47:02.399Z"}
{"level":"info","message":"⌛ Validating niveles.wlk","timeElapsed":101,"timestamp":"2026-07-05T01:47:02.501Z"}
{"level":"info","message":"⌛ Building environment","timeElapsed":269,"timestamp":"2026-07-05T01:47:02.914Z"}
{"level":"info","message":"⌛ Building environment","timeElapsed":300,"timestamp":"2026-07-05T01:47:03.215Z"}
{"level":"info","message":"⌛ Building environment","timeElapsed":266,"timestamp":"2026-07-05T01:47:03.482Z"}
{"level":"info","message":"⌛ Building environment","timeElapsed":309,"timestamp":"2026-07-05T01:47:03.793Z"}
{"level":"info","message":"⌛ Building environment","timeElapsed":254,"timestamp":"2026-07-05T01:47:04.048Z"}
{"level":"info","message":"⌛ Building environment","timeElapsed":264,"timestamp":"2026-07-05T01:47:04.313Z"}
{"level":"info","message":"⌛ Building environment","timeElapsed":256,"timestamp":"2026-07-05T01:47:04.569Z"}
{"level":"info","message":"⌛ Building environment","timeElapsed":278,"timestamp":"2026-07-05T01:47:04.848Z"}
{"level":"info","message":"⌛ Building environment","timeElapsed":258,"timestamp":"2026-07-05T01:47:05.105Z"}
{"level":"info","message":"⌛ Validating niveles.wlk","timeElapsed":117,"timestamp":"2026-07-05T01:47:05.222Z"}
{"level":"info","message":"⌛ Building environment","timeElapsed":258,"timestamp":"2026-07-05T01:47:05.481Z"}
{"level":"info","message":"⌛ Building environment","timeElapsed":269,"timestamp":"2026-07-05T01:47:05.755Z"}
{"level":"info","message":"⌛ Validating niveles.wlk","timeElapsed":105,"timestamp":"2026-07-05T01:47:05.860Z"}
{"level":"info","message":"⌛ Validating niveles.wlk","timeElapsed":109,"timestamp":"2026-07-05T01:47:05.974Z"}
{"level":"info","message":"⌛ Validating niveles.wlk","timeElapsed":110,"timestamp":"2026-07-05T01:47:06.085Z"}
{"level":"info","message":"⌛ Building environment","timeElapsed":272,"timestamp":"2026-07-05T01:47:06.377Z"}
{"level":"info","message":"⌛ Validating niveles.wlk","timeElapsed":112,"timestamp":"2026-07-05T01:47:06.489Z"}
{"level":"info","message":"⌛ Building environment","timeElapsed":253,"timestamp":"2026-07-05T01:47:06.744Z"}
{"level":"info","message":"⌛ Building environment","timeElapsed":260,"timestamp":"2026-07-05T01:47:07.010Z"}
{"level":"info","message":"⌛ Validating niveles.wlk","timeElapsed":102,"timestamp":"2026-07-05T01:47:07.113Z"}
{"level":"info","message":"⌛ Building environment","timeElapsed":255,"timestamp":"2026-07-05T01:47:07.369Z"}
{"level":"info","message":"⌛ Building environment","timeElapsed":257,"timestamp":"2026-07-05T01:47:07.726Z"}
{"level":"info","message":"⌛ Building environment","timeElapsed":353,"timestamp":"2026-07-05T01:47:08.079Z"}
{"level":"info","message":"⌛ Building environment","timeElapsed":249,"timestamp":"2026-07-05T01:47:08.428Z"}
{"level":"info","message":"⌛ Building environment","timeElapsed":263,"timestamp":"2026-07-05T01:47:08.692Z"}
{"level":"info","message":"⌛ Validating niveles.wlk","timeElapsed":103,"timestamp":"2026-07-05T01:47:08.799Z"}
{"level":"info","message":"⌛ Building environment","timeElapsed":258,"timestamp":"2026-07-05T01:47:09.058Z"}
{"level":"info","message":"⌛ Building environment","timeElapsed":252,"timestamp":"2026-07-05T01:47:09.310Z"}
{"level":"info","message":"⌛ Building environment","timeElapsed":252,"timestamp":"2026-07-05T01:47:09.775Z"}
{"level":"info","message":"⌛ Building environment","timeElapsed":256,"timestamp":"2026-07-05T01:47:10.032Z"}
{"level":"info","message":"⌛ Building environment","timeElapsed":248,"timestamp":"2026-07-05T01:47:10.280Z"}
{"level":"info","message":"⌛ Building environment","timeElapsed":265,"timestamp":"2026-07-05T01:47:10.545Z"}
{"level":"info","message":"⌛ Building environment","timeElapsed":414,"timestamp":"2026-07-05T01:47:10.959Z"}
{"level":"info","message":"⌛ Building environment","timeElapsed":254,"timestamp":"2026-07-05T01:47:11.213Z"}
{"level":"info","message":"⌛ Building environment","timeElapsed":247,"timestamp":"2026-07-05T01:47:11.461Z"}
{"level":"info","message":"⌛ Building environment","timeElapsed":243,"timestamp":"2026-07-05T01:47:11.705Z"}
{"level":"info","message":"⌛ Building environment","timeElapsed":246,"timestamp":"2026-07-05T01:47:11.952Z"}
{"level":"info","message":"⌛ Building environment","timeElapsed":266,"timestamp":"2026-07-05T01:47:12.219Z"}
{"level":"info","message":"⌛ Building environment","timeElapsed":252,"timestamp":"2026-07-05T01:47:12.470Z"}
{"level":"info","message":"⌛ Building environment","timeElapsed":254,"timestamp":"2026-07-05T01:47:12.725Z"}
{"level":"info","message":"⌛ Building environment","timeElapsed":250,"timestamp":"2026-07-05T01:47:12.975Z"}
{"level":"info","message":"⌛ Building environment","timeElapsed":262,"timestamp":"2026-07-05T01:47:13.238Z"}
{"level":"info","message":"⌛ Building environment","timeElapsed":273,"timestamp":"2026-07-05T01:47:13.511Z"}
{"level":"info","message":"⌛ Building environment","timeElapsed":259,"timestamp":"2026-07-05T01:47:13.771Z"}
{"level":"info","message":"⌛ Building environment","timeElapsed":254,"timestamp":"2026-07-05T01:47:14.026Z"}
{"level":"info","message":"⌛ Validating niveles.wlk","timeElapsed":116,"timestamp":"2026-07-05T01:47:14.143Z"}
{"level":"info","message":"⌛ Building environment","timeElapsed":266,"timestamp":"2026-07-05T01:47:14.408Z"}
{"level":"info","message":"⌛ Building environment","timeElapsed":281,"timestamp":"2026-07-05T01:47:14.694Z"}
{"level":"info","message":"⌛ Validating niveles.wlk","timeElapsed":111,"timestamp":"2026-07-05T01:47:14.806Z"}
{"level":"info","message":"⌛ Building environment","timeElapsed":257,"timestamp":"2026-07-05T01:47:15.062Z"}
{"level":"info","message":"⌛ Building environment","timeElapsed":252,"timestamp":"2026-07-05T01:47:15.314Z"}
{"level":"info","message":"⌛ Validating niveles.wlk","timeElapsed":111,"timestamp":"2026-07-05T01:47:15.425Z"}
{"level":"info","message":"⌛ Validating niveles.wlk","timeElapsed":113,"timestamp":"2026-07-05T01:47:15.544Z"}
{"level":"info","message":"⌛ Validating niveles.wlk","timeElapsed":101,"timestamp":"2026-07-05T01:47:15.744Z"}
{"level":"info","message":"⌛ Validating niveles.wlk","timeElapsed":101,"timestamp":"2026-07-05T01:47:15.845Z"}
{"level":"info","message":"⌛ Validating niveles.wlk","timeElapsed":102,"timestamp":"2026-07-05T01:47:15.946Z"}
{"level":"info","message":"⌛ Validating niveles.wlk","timeElapsed":101,"timestamp":"2026-07-05T01:47:16.047Z"}
{"level":"info","message":"⌛ Validating niveles.wlk","timeElapsed":101,"timestamp":"2026-07-05T01:47:16.248Z"}
{"level":"info","message":"⌛ Validating niveles.wlk","timeElapsed":102,"timestamp":"2026-07-05T01:47:16.350Z"}
{"level":"info","message":"⌛ Validating niveles.wlk","timeElapsed":105,"timestamp":"2026-07-05T01:47:16.456Z"}
{"level":"info","message":"⌛ Validating niveles.wlk","timeElapsed":105,"timestamp":"2026-07-05T01:47:16.561Z"}
{"level":"info","message":"⌛ Validating niveles.wlk","timeElapsed":103,"timestamp":"2026-07-05T01:47:16.664Z"}
{"level":"info","message":"⌛ Validating niveles.wlk","timeElapsed":102,"timestamp":"2026-07-05T01:47:16.767Z"}
{"level":"info","message":"⌛ Validating niveles.wlk","timeElapsed":103,"timestamp":"2026-07-05T01:47:16.870Z"}
{"level":"info","message":"⌛ Validating niveles.wlk","timeElapsed":107,"timestamp":"2026-07-05T01:47:17.567Z"}
{"level":"info","message":"⌛ Validating niveles.wlk","timeElapsed":104,"timestamp":"2026-07-05T01:47:17.671Z"}
{"level":"info","message":"⌛ Validating niveles.wlk","timeElapsed":105,"timestamp":"2026-07-05T01:47:17.776Z"}
{"level":"info","message":"⌛ Validating niveles.wlk","timeElapsed":102,"timestamp":"2026-07-05T01:47:17.879Z"}
{"level":"info","message":"⌛ Building environment","timeElapsed":270,"timestamp":"2026-07-05T01:47:19.779Z"}
{"level":"info","message":"⌛ Building environment","timeElapsed":256,"timestamp":"2026-07-05T01:47:20.081Z"}
{"level":"info","message":"⌛ Building environment","timeElapsed":257,"timestamp":"2026-07-05T01:47:20.593Z"}
{"level":"info","message":"⌛ Building environment","timeElapsed":293,"timestamp":"2026-07-05T01:47:21.009Z"}
{"level":"info","message":"⌛ Building environment","timeElapsed":267,"timestamp":"2026-07-05T01:47:22.149Z"}
{"level":"error","message":"✘ Completions for node Send ([587:9, 587:15] - niveles.wlk) failed: Error: [Send]{a239f7} at niveles.wlk:587 exhausted all cases without a match [Send]{a239f7} at niveles.wlk:587 exhausted all cases without a match","stack":"Error: [Send]{a239f7} at niveles.wlk:587 exhausted all cases without a match\n    at c:\\Users\\zagum\\.vscode\\extensions\\uqbar.wollok-lsp-ide-0.5.4\\out\\server\\src\\server.js:38:6142\n    at L2 (c:\\Users\\zagum\\.vscode\\extensions\\uqbar.wollok-lsp-ide-0.5.4\\out\\server\\src\\server.js:2389:42)\n    at Jh (c:\\Users\\zagum\\.vscode\\extensions\\uqbar.wollok-lsp-ide-0.5.4\\out\\server\\src\\server.js:2389:1092)\n    at M5n (c:\\Users\\zagum\\.vscode\\extensions\\uqbar.wollok-lsp-ide-0.5.4\\out\\server\\src\\server.js:2389:1248)\n    at c:\\Users\\zagum\\.vscode\\extensions\\uqbar.wollok-lsp-ide-0.5.4\\out\\server\\src\\server.js:38:6131\n    at L2 (c:\\Users\\zagum\\.vscode\\extensions\\uqbar.wollok-lsp-ide-0.5.4\\out\\server\\src\\server.js:2389:42)\n    at c:\\Users\\zagum\\.vscode\\extensions\\uqbar.wollok-lsp-ide-0.5.4\\out\\server\\src\\server.js:2389:2988\n    at c:\\Users\\zagum\\.vscode\\extensions\\uqbar.wollok-lsp-ide-0.5.4\\out\\server\\src\\server.js:2398:8440\n    at c:\\Users\\zagum\\.vscode\\extensions\\uqbar.wollok-lsp-ide-0.5.4\\out\\server\\src\\server.js:37:74872\n    at Ke (c:\\Users\\zagum\\.vscode\\extensions\\uqbar.wollok-lsp-ide-0.5.4\\out\\server\\src\\server.js:7:8527)","timestamp":"2026-07-05T01:47:22.182Z"}
{"level":"info","message":"⌛ Building environment","timeElapsed":258,"timestamp":"2026-07-05T01:47:22.448Z"}
{"level":"info","message":"⌛ Building environment","timeElapsed":252,"timestamp":"2026-07-05T01:47:22.705Z"}
{"level":"info","message":"⌛ Building environment","timeElapsed":257,"timestamp":"2026-07-05T01:47:23.283Z"}
{"level":"info","message":"⌛ Building environment","timeElapsed":291,"timestamp":"2026-07-05T01:47:23.770Z"}
{"level":"info","message":"⌛ Building environment","timeElapsed":263,"timestamp":"2026-07-05T01:47:25.360Z"}
{"level":"info","message":"⌛ Building environment","timeElapsed":259,"timestamp":"2026-07-05T01:47:26.217Z"}
{"level":"info","message":"⌛ Building environment","timeElapsed":260,"timestamp":"2026-07-05T01:47:27.311Z"}
{"level":"info","message":"⌛ Building environment","timeElapsed":270,"timestamp":"2026-07-05T01:47:27.582Z"}
{"level":"info","message":"⌛ Building environment","timeElapsed":263,"timestamp":"2026-07-05T01:47:29.246Z"}
{"level":"info","message":"⌛ Building environment","timeElapsed":259,"timestamp":"2026-07-05T01:47:30.297Z"}
{"level":"info","message":"⌛ Building environment","timeElapsed":280,"timestamp":"2026-07-05T01:47:31.725Z"}
{"level":"info","message":"⌛ Validating niveles.wlk","timeElapsed":101,"timestamp":"2026-07-05T01:47:31.827Z"}
{"level":"info","message":"⌛ Building environment","timeElapsed":286,"timestamp":"2026-07-05T01:47:32.580Z"}
{"level":"error","message":"✘ Completions for node If ([587:9, 589:10] - niveles.wlk) failed: Error: [If]{088f50} at niveles.wlk:587 exhausted all cases without a match [If]{088f50} at niveles.wlk:587 exhausted all cases without a match","stack":"Error: [If]{088f50} at niveles.wlk:587 exhausted all cases without a match\n    at c:\\Users\\zagum\\.vscode\\extensions\\uqbar.wollok-lsp-ide-0.5.4\\out\\server\\src\\server.js:38:6142\n    at L2 (c:\\Users\\zagum\\.vscode\\extensions\\uqbar.wollok-lsp-ide-0.5.4\\out\\server\\src\\server.js:2389:42)\n    at Jh (c:\\Users\\zagum\\.vscode\\extensions\\uqbar.wollok-lsp-ide-0.5.4\\out\\server\\src\\server.js:2389:1092)\n    at v5n (c:\\Users\\zagum\\.vscode\\extensions\\uqbar.wollok-lsp-ide-0.5.4\\out\\server\\src\\server.js:2389:818)\n    at c:\\Users\\zagum\\.vscode\\extensions\\uqbar.wollok-lsp-ide-0.5.4\\out\\server\\src\\server.js:38:6131\n    at L2 (c:\\Users\\zagum\\.vscode\\extensions\\uqbar.wollok-lsp-ide-0.5.4\\out\\server\\src\\server.js:2389:42)\n    at Jh (c:\\Users\\zagum\\.vscode\\extensions\\uqbar.wollok-lsp-ide-0.5.4\\out\\server\\src\\server.js:2389:1092)\n    at M5n (c:\\Users\\zagum\\.vscode\\extensions\\uqbar.wollok-lsp-ide-0.5.4\\out\\server\\src\\server.js:2389:1248)\n    at c:\\Users\\zagum\\.vscode\\extensions\\uqbar.wollok-lsp-ide-0.5.4\\out\\server\\src\\server.js:38:6131\n    at L2 (c:\\Users\\zagum\\.vscode\\extensions\\uqbar.wollok-lsp-ide-0.5.4\\out\\server\\src\\server.js:2389:42)","timestamp":"2026-07-05T01:47:32.613Z"}
{"level":"info","message":"⌛ Building environment","timeElapsed":292,"timestamp":"2026-07-05T01:47:32.907Z"}
{"level":"info","message":"⌛ Building environment","timeElapsed":260,"timestamp":"2026-07-05T01:47:33.168Z"}
{"level":"info","message":"⌛ Building environment","timeElapsed":268,"timestamp":"2026-07-05T01:47:33.534Z"}
{"level":"info","message":"⌛ Validating niveles.wlk","timeElapsed":106,"timestamp":"2026-07-05T01:47:33.738Z"}
{"level":"info","message":"⌛ Validating niveles.wlk","timeElapsed":110,"timestamp":"2026-07-05T01:47:33.849Z"}
{"level":"info","message":"⌛ Validating niveles.wlk","timeElapsed":101,"timestamp":"2026-07-05T01:47:33.985Z"}
{"level":"info","message":"⌛ Building environment","timeElapsed":305,"timestamp":"2026-07-05T01:47:34.290Z"}
{"level":"info","message":"⌛ Building environment","timeElapsed":261,"timestamp":"2026-07-05T01:47:34.555Z"}
{"level":"info","message":"⌛ Validating niveles.wlk","timeElapsed":110,"timestamp":"2026-07-05T01:47:34.666Z"}
{"level":"info","message":"⌛ Building environment","timeElapsed":259,"timestamp":"2026-07-05T01:47:34.931Z"}
{"level":"info","message":"⌛ Validating niveles.wlk","timeElapsed":105,"timestamp":"2026-07-05T01:47:35.036Z"}
{"level":"info","message":"⌛ Building environment","timeElapsed":271,"timestamp":"2026-07-05T01:47:35.307Z"}
{"level":"info","message":"⌛ Building environment","timeElapsed":259,"timestamp":"2026-07-05T01:47:35.570Z"}
{"level":"info","message":"⌛ Building environment","timeElapsed":261,"timestamp":"2026-07-05T01:47:38.898Z"}
{"level":"info","message":"⌛ Validating niveles.wlk","timeElapsed":103,"timestamp":"2026-07-05T01:47:39.003Z"}
{"level":"info","message":"⌛ Building environment","timeElapsed":318,"timestamp":"2026-07-05T01:47:56.725Z"}
{"level":"info","message":"⌛ Building environment","timeElapsed":271,"timestamp":"2026-07-05T01:47:57.112Z"}
{"level":"info","message":"⌛ Validating niveles.wlk","timeElapsed":122,"timestamp":"2026-07-05T01:47:57.237Z"}
{"level":"info","message":"⌛ Building environment","timeElapsed":299,"timestamp":"2026-07-05T01:47:57.536Z"}
{"level":"info","message":"⌛ Validating niveles.wlk","timeElapsed":108,"timestamp":"2026-07-05T01:47:57.680Z"}
{"level":"info","message":"⌛ Building environment","timeElapsed":264,"timestamp":"2026-07-05T01:47:57.944Z"}
{"level":"info","message":"⌛ Building environment","timeElapsed":264,"timestamp":"2026-07-05T01:47:58.216Z"}
{"level":"info","message":"⌛ Validating niveles.wlk","timeElapsed":129,"timestamp":"2026-07-05T01:47:58.347Z"}
{"level":"info","message":"⌛ Building environment","timeElapsed":275,"timestamp":"2026-07-05T01:47:58.650Z"}
{"level":"info","message":"⌛ Building environment","timeElapsed":251,"timestamp":"2026-07-05T01:47:59.000Z"}
{"level":"info","message":"⌛ Building environment","timeElapsed":255,"timestamp":"2026-07-05T01:47:59.365Z"}
{"level":"info","message":"⌛ Validating niveles.wlk","timeElapsed":113,"timestamp":"2026-07-05T01:47:59.478Z"}
{"level":"info","message":"⌛ Validating niveles.wlk","timeElapsed":104,"timestamp":"2026-07-05T01:47:59.687Z"}
{"level":"info","message":"⌛ Building environment","timeElapsed":245,"timestamp":"2026-07-05T01:47:59.933Z"}
{"level":"info","message":"⌛ Building environment","timeElapsed":287,"timestamp":"2026-07-05T01:48:01.991Z"}
{"level":"info","message":"⌛ Building environment","timeElapsed":261,"timestamp":"2026-07-05T01:48:02.252Z"}
{"level":"info","message":"⌛ Building environment","timeElapsed":254,"timestamp":"2026-07-05T01:48:02.506Z"}
{"level":"info","message":"⌛ Building environment","timeElapsed":291,"timestamp":"2026-07-05T01:48:02.798Z"}
{"level":"info","message":"⌛ Validating niveles.wlk","timeElapsed":105,"timestamp":"2026-07-05T01:48:03.026Z"}
{"level":"info","message":"⌛ Validating niveles.wlk","timeElapsed":101,"timestamp":"2026-07-05T01:48:03.127Z"}
{"level":"info","message":"⌛ Building environment","timeElapsed":269,"timestamp":"2026-07-05T01:48:03.397Z"}
{"level":"info","message":"⌛ Building environment","timeElapsed":266,"timestamp":"2026-07-05T01:48:03.791Z"}
{"level":"info","message":"⌛ Building environment","timeElapsed":260,"timestamp":"2026-07-05T01:48:04.056Z"}
{"level":"info","message":"⌛ Building environment","timeElapsed":251,"timestamp":"2026-07-05T01:48:04.407Z"}
{"level":"info","message":"⌛ Building environment","timeElapsed":258,"timestamp":"2026-07-05T01:48:04.665Z"}
{"level":"info","message":"⌛ Building environment","timeElapsed":332,"timestamp":"2026-07-05T01:48:05.121Z"}
{"level":"info","message":"⌛ Validating niveles.wlk","timeElapsed":101,"timestamp":"2026-07-05T01:48:05.222Z"}
{"level":"info","message":"⌛ Building environment","timeElapsed":264,"timestamp":"2026-07-05T01:48:05.487Z"}
{"level":"info","message":"⌛ Building environment","timeElapsed":260,"timestamp":"2026-07-05T01:48:05.747Z"}
{"level":"info","message":"⌛ Validating niveles.wlk","timeElapsed":105,"timestamp":"2026-07-05T01:48:05.853Z"}
{"level":"info","message":"⌛ Building environment","timeElapsed":258,"timestamp":"2026-07-05T01:48:06.247Z"}
{"level":"info","message":"⌛ Building environment","timeElapsed":253,"timestamp":"2026-07-05T01:48:06.601Z"}
{"level":"info","message":"⌛ Validating niveles.wlk","timeElapsed":110,"timestamp":"2026-07-05T01:48:06.711Z"}
{"level":"info","message":"⌛ Building environment","timeElapsed":254,"timestamp":"2026-07-05T01:48:06.990Z"}
{"level":"info","message":"⌛ Building environment","timeElapsed":254,"timestamp":"2026-07-05T01:48:07.340Z"}
{"level":"info","message":"⌛ Building environment","timeElapsed":252,"timestamp":"2026-07-05T01:48:07.592Z"}
{"level":"info","message":"⌛ Building environment","timeElapsed":245,"timestamp":"2026-07-05T01:48:07.956Z"}
{"level":"info","message":"⌛ Validating niveles.wlk","timeElapsed":111,"timestamp":"2026-07-05T01:48:08.258Z"}
{"level":"info","message":"⌛ Validating niveles.wlk","timeElapsed":114,"timestamp":"2026-07-05T01:48:08.373Z"}
{"level":"info","message":"⌛ Building environment","timeElapsed":296,"timestamp":"2026-07-05T01:48:08.906Z"}
{"level":"info","message":"⌛ Building environment","timeElapsed":262,"timestamp":"2026-07-05T01:48:09.168Z"}
{"level":"info","message":"⌛ Validating niveles.wlk","timeElapsed":103,"timestamp":"2026-07-05T01:48:09.297Z"}
{"level":"info","message":"⌛ Building environment","timeElapsed":258,"timestamp":"2026-07-05T01:48:09.556Z"}
{"level":"info","message":"⌛ Building environment","timeElapsed":265,"timestamp":"2026-07-05T01:48:11.954Z"}
{"level":"error","message":"✘ Completions for node Send ([590:17, 590:41] - niveles.wlk) failed: Error: [Send]{0a62ca} at niveles.wlk:590 exhausted all cases without a match [Send]{0a62ca} at niveles.wlk:590 exhausted all cases without a match","stack":"Error: [Send]{0a62ca} at niveles.wlk:590 exhausted all cases without a match\n    at c:\\Users\\zagum\\.vscode\\extensions\\uqbar.wollok-lsp-ide-0.5.4\\out\\server\\src\\server.js:38:6142\n    at L2 (c:\\Users\\zagum\\.vscode\\extensions\\uqbar.wollok-lsp-ide-0.5.4\\out\\server\\src\\server.js:2389:42)\n    at Jh (c:\\Users\\zagum\\.vscode\\extensions\\uqbar.wollok-lsp-ide-0.5.4\\out\\server\\src\\server.js:2389:1092)\n    at M5n (c:\\Users\\zagum\\.vscode\\extensions\\uqbar.wollok-lsp-ide-0.5.4\\out\\server\\src\\server.js:2389:1248)\n    at c:\\Users\\zagum\\.vscode\\extensions\\uqbar.wollok-lsp-ide-0.5.4\\out\\server\\src\\server.js:38:6131\n    at L2 (c:\\Users\\zagum\\.vscode\\extensions\\uqbar.wollok-lsp-ide-0.5.4\\out\\server\\src\\server.js:2389:42)\n    at c:\\Users\\zagum\\.vscode\\extensions\\uqbar.wollok-lsp-ide-0.5.4\\out\\server\\src\\server.js:2389:2988\n    at c:\\Users\\zagum\\.vscode\\extensions\\uqbar.wollok-lsp-ide-0.5.4\\out\\server\\src\\server.js:2398:8440\n    at c:\\Users\\zagum\\.vscode\\extensions\\uqbar.wollok-lsp-ide-0.5.4\\out\\server\\src\\server.js:37:74872\n    at Ke (c:\\Users\\zagum\\.vscode\\extensions\\uqbar.wollok-lsp-ide-0.5.4\\out\\server\\src\\server.js:7:8527)","timestamp":"2026-07-05T01:48:11.987Z"}
{"level":"error","message":"✘ Completions for node Assignment ([590:9, 590:41] - niveles.wlk) failed: Error: [Assignment]{c32bd2} at niveles.wlk:590 exhausted all cases without a match [Assignment]{c32bd2} at niveles.wlk:590 exhausted all cases without a match","stack":"Error: [Assignment]{c32bd2} at niveles.wlk:590 exhausted all cases without a match\n    at c:\\Users\\zagum\\.vscode\\extensions\\uqbar.wollok-lsp-ide-0.5.4\\out\\server\\src\\server.js:38:6142\n    at L2 (c:\\Users\\zagum\\.vscode\\extensions\\uqbar.wollok-lsp-ide-0.5.4\\out\\server\\src\\server.js:2389:42)\n    at Jh (c:\\Users\\zagum\\.vscode\\extensions\\uqbar.wollok-lsp-ide-0.5.4\\out\\server\\src\\server.js:2389:1092)\n    at L2 (c:\\Users\\zagum\\.vscode\\extensions\\uqbar.wollok-lsp-ide-0.5.4\\out\\server\\src\\server.js:2389:544)\n    at Jh (c:\\Users\\zagum\\.vscode\\extensions\\uqbar.wollok-lsp-ide-0.5.4\\out\\server\\src\\server.js:2389:1092)\n    at M5n (c:\\Users\\zagum\\.vscode\\extensions\\uqbar.wollok-lsp-ide-0.5.4\\out\\server\\src\\server.js:2389:1248)\n    at c:\\Users\\zagum\\.vscode\\extensions\\uqbar.wollok-lsp-ide-0.5.4\\out\\server\\src\\server.js:38:6131\n    at L2 (c:\\Users\\zagum\\.vscode\\extensions\\uqbar.wollok-lsp-ide-0.5.4\\out\\server\\src\\server.js:2389:42)\n    at c:\\Users\\zagum\\.vscode\\extensions\\uqbar.wollok-lsp-ide-0.5.4\\out\\server\\src\\server.js:2389:2988\n    at c:\\Users\\zagum\\.vscode\\extensions\\uqbar.wollok-lsp-ide-0.5.4\\out\\server\\src\\server.js:2398:8440","timestamp":"2026-07-05T01:48:11.987Z"}
{"level":"info","message":"⌛ Building environment","timeElapsed":271,"timestamp":"2026-07-05T01:48:12.261Z"}
{"level":"info","message":"⌛ Building environment","timeElapsed":279,"timestamp":"2026-07-05T01:48:12.540Z"}
{"level":"info","message":"⌛ Building environment","timeElapsed":264,"timestamp":"2026-07-05T01:48:12.805Z"}
{"level":"info","message":"⌛ Validating niveles.wlk","timeElapsed":101,"timestamp":"2026-07-05T01:48:12.907Z"}
{"level":"info","message":"⌛ Building environment","timeElapsed":258,"timestamp":"2026-07-05T01:48:13.384Z"}
{"level":"info","message":"⌛ Building environment","timeElapsed":285,"timestamp":"2026-07-05T01:48:15.583Z"}
{"level":"info","message":"⌛ Validating niveles.wlk","timeElapsed":101,"timestamp":"2026-07-05T01:48:15.686Z"}
{"level":"info","message":"⌛ Building environment","timeElapsed":261,"timestamp":"2026-07-05T01:48:44.633Z"}
{"level":"info","message":"⌛ Validating niveles.wlk","timeElapsed":102,"timestamp":"2026-07-05T01:48:44.737Z"}
{"level":"info","message":"⌛ Building environment","timeElapsed":318,"timestamp":"2026-07-05T01:48:45.174Z"}
{"level":"info","message":"⌛ Building environment","timeElapsed":262,"timestamp":"2026-07-05T01:48:45.472Z"}
{"level":"info","message":"⌛ Building environment","timeElapsed":254,"timestamp":"2026-07-05T01:48:45.727Z"}
{"level":"info","message":"⌛ Building environment","timeElapsed":268,"timestamp":"2026-07-05T01:48:45.995Z"}
{"level":"info","message":"⌛ Validating niveles.wlk","timeElapsed":104,"timestamp":"2026-07-05T01:48:46.099Z"}
{"level":"info","message":"⌛ Building environment","timeElapsed":250,"timestamp":"2026-07-05T01:48:46.573Z"}
{"level":"error","message":"✘ Failed to rebuild document Failed to parse niveles.wlk: \n-- PARSING FAILED --------------------------------------------------\n\n  594 | \n  595 |     method aceptar()   { }\n> 596 | }\n      | ^\n  597 | \n  598 | object gestorMenu {\n\nExpected one of the following: \n\n'@', 'class', 'const', 'describe', 'mixin', 'object', 'only', 'package', 'program', 'test', 'var', '{', EOF, comment, not \"}\r\n\r\n\", whitespace\n","stack":"Error: Failed to parse niveles.wlk: \n-- PARSING FAILED --------------------------------------------------\n\n  594 | \n  595 |     method aceptar()   { }\n> 596 | }\n      | ^\n  597 | \n  598 | object gestorMenu {\n\nExpected one of the following: \n\n'@', 'class', 'const', 'describe', 'mixin', 'object', 'only', 'package', 'program', 'test', 'var', '{', EOF, comment, not \"}\r\n\r\n\", whitespace\n\n    at c:\\Users\\zagum\\.vscode\\extensions\\uqbar.wollok-lsp-ide-0.5.4\\out\\server\\src\\server.js:2353:13026\n    at Array.map (<anonymous>)\n    at U1n (c:\\Users\\zagum\\.vscode\\extensions\\uqbar.wollok-lsp-ide-0.5.4\\out\\server\\src\\server.js:2353:12950)\n    at H2.buildEnvironmentFrom (c:\\Users\\zagum\\.vscode\\extensions\\uqbar.wollok-lsp-ide-0.5.4\\out\\server\\src\\server.js:2398:5254)\n    at H2.updateEnvironmentWith (c:\\Users\\zagum\\.vscode\\extensions\\uqbar.wollok-lsp-ide-0.5.4\\out\\server\\src\\server.js:2398:4989)\n    at GF (c:\\Users\\zagum\\.vscode\\extensions\\uqbar.wollok-lsp-ide-0.5.4\\out\\server\\src\\server.js:2398:7383)\n    at V3.invoke (c:\\Users\\zagum\\.vscode\\extensions\\uqbar.wollok-lsp-ide-0.5.4\\out\\server\\src\\server.js:3:157328)\n    at o.fire (c:\\Users\\zagum\\.vscode\\extensions\\uqbar.wollok-lsp-ide-0.5.4\\out\\server\\src\\server.js:3:158098)\n    at c:\\Users\\zagum\\.vscode\\extensions\\uqbar.wollok-lsp-ide-0.5.4\\out\\server\\src\\server.js:37:57871\n    at nd (c:\\Users\\zagum\\.vscode\\extensions\\uqbar.wollok-lsp-ide-0.5.4\\out\\server\\src\\server.js:8:1561)","timestamp":"2026-07-05T01:48:47.426Z"}
{"level":"error","message":"✘ Failed to rebuild document Failed to parse niveles.wlk: \n-- PARSING FAILED --------------------------------------------------\n\n  594 | \n  595 |     method aceptar()   { }\n> 596 | }\n      | ^\n  597 | \n  598 | object gestorMenu {\n\nExpected one of the following: \n\n'@', 'class', 'const', 'describe', 'mixin', 'object', 'only', 'package', 'program', 'test', 'var', '{', EOF, comment, not \"}\r\n\r\n\", whitespace\n","stack":"Error: Failed to parse niveles.wlk: \n-- PARSING FAILED --------------------------------------------------\n\n  594 | \n  595 |     method aceptar()   { }\n> 596 | }\n      | ^\n  597 | \n  598 | object gestorMenu {\n\nExpected one of the following: \n\n'@', 'class', 'const', 'describe', 'mixin', 'object', 'only', 'package', 'program', 'test', 'var', '{', EOF, comment, not \"}\r\n\r\n\", whitespace\n\n    at c:\\Users\\zagum\\.vscode\\extensions\\uqbar.wollok-lsp-ide-0.5.4\\out\\server\\src\\server.js:2353:13026\n    at Array.map (<anonymous>)\n    at U1n (c:\\Users\\zagum\\.vscode\\extensions\\uqbar.wollok-lsp-ide-0.5.4\\out\\server\\src\\server.js:2353:12950)\n    at H2.buildEnvironmentFrom (c:\\Users\\zagum\\.vscode\\extensions\\uqbar.wollok-lsp-ide-0.5.4\\out\\server\\src\\server.js:2398:5254)\n    at H2.updateEnvironmentWith (c:\\Users\\zagum\\.vscode\\extensions\\uqbar.wollok-lsp-ide-0.5.4\\out\\server\\src\\server.js:2398:4989)\n    at GF (c:\\Users\\zagum\\.vscode\\extensions\\uqbar.wollok-lsp-ide-0.5.4\\out\\server\\src\\server.js:2398:7383)\n    at V3.invoke (c:\\Users\\zagum\\.vscode\\extensions\\uqbar.wollok-lsp-ide-0.5.4\\out\\server\\src\\server.js:3:157328)\n    at o.fire (c:\\Users\\zagum\\.vscode\\extensions\\uqbar.wollok-lsp-ide-0.5.4\\out\\server\\src\\server.js:3:158098)\n    at c:\\Users\\zagum\\.vscode\\extensions\\uqbar.wollok-lsp-ide-0.5.4\\out\\server\\src\\server.js:37:57871\n    at nd (c:\\Users\\zagum\\.vscode\\extensions\\uqbar.wollok-lsp-ide-0.5.4\\out\\server\\src\\server.js:8:1561)","timestamp":"2026-07-05T01:48:48.782Z"}
{"level":"info","message":"⌛ Building environment","timeElapsed":252,"timestamp":"2026-07-05T01:48:49.035Z"}
{"level":"info","message":"⌛ Building environment","timeElapsed":360,"timestamp":"2026-07-05T01:48:49.506Z"}
{"level":"info","message":"⌛ Building environment","timeElapsed":322,"timestamp":"2026-07-05T01:48:49.861Z"}
{"level":"info","message":"⌛ Building environment","timeElapsed":252,"timestamp":"2026-07-05T01:48:50.117Z"}
{"level":"info","message":"⌛ Building environment","timeElapsed":260,"timestamp":"2026-07-05T01:48:51.435Z"}
{"level":"error","message":"✘ Completions for node If ([587:9, 592:10] - niveles.wlk) failed: Error: [If]{c51268} at niveles.wlk:587 exhausted all cases without a match [If]{c51268} at niveles.wlk:587 exhausted all cases without a match","stack":"Error: [If]{c51268} at niveles.wlk:587 exhausted all cases without a match\n    at c:\\Users\\zagum\\.vscode\\extensions\\uqbar.wollok-lsp-ide-0.5.4\\out\\server\\src\\server.js:38:6142\n    at L2 (c:\\Users\\zagum\\.vscode\\extensions\\uqbar.wollok-lsp-ide-0.5.4\\out\\server\\src\\server.js:2389:42)\n    at Jh (c:\\Users\\zagum\\.vscode\\extensions\\uqbar.wollok-lsp-ide-0.5.4\\out\\server\\src\\server.js:2389:1092)\n    at v5n (c:\\Users\\zagum\\.vscode\\extensions\\uqbar.wollok-lsp-ide-0.5.4\\out\\server\\src\\server.js:2389:818)\n    at c:\\Users\\zagum\\.vscode\\extensions\\uqbar.wollok-lsp-ide-0.5.4\\out\\server\\src\\server.js:38:6131\n    at L2 (c:\\Users\\zagum\\.vscode\\extensions\\uqbar.wollok-lsp-ide-0.5.4\\out\\server\\src\\server.js:2389:42)\n    at Jh (c:\\Users\\zagum\\.vscode\\extensions\\uqbar.wollok-lsp-ide-0.5.4\\out\\server\\src\\server.js:2389:1092)\n    at M5n (c:\\Users\\zagum\\.vscode\\extensions\\uqbar.wollok-lsp-ide-0.5.4\\out\\server\\src\\server.js:2389:1248)\n    at c:\\Users\\zagum\\.vscode\\extensions\\uqbar.wollok-lsp-ide-0.5.4\\out\\server\\src\\server.js:38:6131\n    at L2 (c:\\Users\\zagum\\.vscode\\extensions\\uqbar.wollok-lsp-ide-0.5.4\\out\\server\\src\\server.js:2389:42)","timestamp":"2026-07-05T01:48:51.479Z"}
{"level":"info","message":"⌛ Building environment","timeElapsed":267,"timestamp":"2026-07-05T01:48:51.750Z"}
{"level":"info","message":"⌛ Validating niveles.wlk","timeElapsed":101,"timestamp":"2026-07-05T01:48:51.974Z"}
{"level":"info","message":"⌛ Building environment","timeElapsed":262,"timestamp":"2026-07-05T01:48:52.265Z"}
{"level":"info","message":"⌛ Building environment","timeElapsed":298,"timestamp":"2026-07-05T01:48:52.781Z"}
{"level":"info","message":"⌛ Validating niveles.wlk","timeElapsed":106,"timestamp":"2026-07-05T01:48:52.891Z"}
{"level":"info","message":"⌛ Building environment","timeElapsed":259,"timestamp":"2026-07-05T01:48:53.151Z"}
{"level":"info","message":"⌛ Building environment","timeElapsed":268,"timestamp":"2026-07-05T01:48:53.420Z"}
{"level":"info","message":"⌛ Building environment","timeElapsed":281,"timestamp":"2026-07-05T01:48:53.701Z"}
{"level":"info","message":"⌛ Validating niveles.wlk","timeElapsed":110,"timestamp":"2026-07-05T01:48:53.812Z"}
{"level":"info","message":"⌛ Validating niveles.wlk","timeElapsed":103,"timestamp":"2026-07-05T01:48:53.938Z"}
{"level":"info","message":"⌛ Building environment","timeElapsed":278,"timestamp":"2026-07-05T01:48:54.987Z"}
{"level":"info","message":"⌛ Building environment","timeElapsed":315,"timestamp":"2026-07-05T01:49:20.113Z"}
{"level":"info","message":"⌛ Validating niveles.wlk","timeElapsed":109,"timestamp":"2026-07-05T01:49:20.279Z"}
{"level":"info","message":"⌛ Building environment","timeElapsed":304,"timestamp":"2026-07-05T01:49:21.229Z"}
{"level":"info","message":"⌛ Validating niveles.wlk","timeElapsed":134,"timestamp":"2026-07-05T01:49:21.394Z"}
{"level":"info","message":"⌛ Building environment","timeElapsed":269,"timestamp":"2026-07-05T01:49:23.893Z"}
{"level":"info","message":"⌛ Building environment","timeElapsed":255,"timestamp":"2026-07-05T01:49:24.148Z"}
{"level":"info","message":"⌛ Validating niveles.wlk","timeElapsed":105,"timestamp":"2026-07-05T01:49:24.254Z"}
{"level":"info","message":"⌛ Validating niveles.wlk","timeElapsed":108,"timestamp":"2026-07-05T01:49:24.411Z"}
{"level":"info","message":"⌛ Building environment","timeElapsed":287,"timestamp":"2026-07-05T01:49:25.730Z"}
{"level":"info","message":"⌛ Building environment","timeElapsed":260,"timestamp":"2026-07-05T01:49:25.991Z"}
{"level":"info","message":"⌛ Validating niveles.wlk","timeElapsed":101,"timestamp":"2026-07-05T01:49:26.092Z"}
{"level":"info","message":"⌛ Validating niveles.wlk","timeElapsed":133,"timestamp":"2026-07-05T01:49:26.277Z"}
{"level":"info","message":"⌛ Building environment","timeElapsed":281,"timestamp":"2026-07-05T01:49:47.142Z"}
{"level":"info","message":"⌛ Validating niveles.wlk","timeElapsed":101,"timestamp":"2026-07-05T01:49:47.252Z"}
{"level":"info","message":"⌛ Building environment","timeElapsed":259,"timestamp":"2026-07-05T01:49:55.092Z"}
{"level":"info","message":"⌛ Building environment","timeElapsed":264,"timestamp":"2026-07-05T01:49:55.399Z"}
{"level":"info","message":"⌛ Validating niveles.wlk","timeElapsed":130,"timestamp":"2026-07-05T01:49:55.530Z"}
{"level":"info","message":"⌛ Building environment","timeElapsed":277,"timestamp":"2026-07-05T01:49:55.832Z"}
{"level":"info","message":"⌛ Validating niveles.wlk","timeElapsed":104,"timestamp":"2026-07-05T01:49:55.936Z"}
{"level":"info","message":"⌛ Building environment","timeElapsed":262,"timestamp":"2026-07-05T01:49:56.199Z"}
{"level":"info","message":"⌛ Building environment","timeElapsed":257,"timestamp":"2026-07-05T01:49:56.579Z"}
{"level":"info","message":"⌛ Validating niveles.wlk","timeElapsed":115,"timestamp":"2026-07-05T01:49:56.824Z"}
{"level":"info","message":"⌛ Building environment","timeElapsed":280,"timestamp":"2026-07-05T01:49:57.122Z"}
{"level":"info","message":"⌛ Validating niveles.wlk","timeElapsed":103,"timestamp":"2026-07-05T01:49:57.285Z"}
{"level":"info","message":"⌛ Building environment","timeElapsed":261,"timestamp":"2026-07-05T01:49:58.271Z"}
{"level":"info","message":"⌛ Building environment","timeElapsed":268,"timestamp":"2026-07-05T01:49:58.540Z"}
{"level":"info","message":"⌛ Building environment","timeElapsed":260,"timestamp":"2026-07-05T01:49:58.801Z"}
{"level":"info","message":"⌛ Validating niveles.wlk","timeElapsed":108,"timestamp":"2026-07-05T01:49:58.910Z"}
{"level":"info","message":"⌛ Building environment","timeElapsed":251,"timestamp":"2026-07-05T01:49:59.285Z"}
{"level":"info","message":"⌛ Validating niveles.wlk","timeElapsed":101,"timestamp":"2026-07-05T01:49:59.390Z"}
{"level":"info","message":"⌛ Building environment","timeElapsed":260,"timestamp":"2026-07-05T01:50:01.202Z"}
{"level":"info","message":"⌛ Building environment","timeElapsed":268,"timestamp":"2026-07-05T01:50:01.672Z"}
{"level":"info","message":"⌛ Building environment","timeElapsed":320,"timestamp":"2026-07-05T01:50:02.114Z"}
{"level":"info","message":"⌛ Building environment","timeElapsed":268,"timestamp":"2026-07-05T01:50:02.385Z"}
{"level":"info","message":"⌛ Building environment","timeElapsed":262,"timestamp":"2026-07-05T01:50:02.648Z"}
{"level":"info","message":"⌛ Validating niveles.wlk","timeElapsed":112,"timestamp":"2026-07-05T01:50:02.759Z"}
{"level":"info","message":"⌛ Building environment","timeElapsed":261,"timestamp":"2026-07-05T01:50:03.045Z"}
{"level":"info","message":"⌛ Building environment","timeElapsed":264,"timestamp":"2026-07-05T01:50:03.416Z"}
{"level":"info","message":"⌛ Validating niveles.wlk","timeElapsed":104,"timestamp":"2026-07-05T01:50:03.521Z"}
{"level":"info","message":"⌛ Validating niveles.wlk","timeElapsed":103,"timestamp":"2026-07-05T01:50:03.777Z"}
{"level":"info","message":"⌛ Building environment","timeElapsed":246,"timestamp":"2026-07-05T01:50:04.023Z"}
{"level":"info","message":"⌛ Building environment","timeElapsed":254,"timestamp":"2026-07-05T01:50:05.353Z"}
{"level":"info","message":"⌛ Building environment","timeElapsed":261,"timestamp":"2026-07-05T01:50:05.741Z"}
{"level":"info","message":"⌛ Validating niveles.wlk","timeElapsed":105,"timestamp":"2026-07-05T01:50:05.856Z"}
{"level":"info","message":"⌛ Building environment","timeElapsed":257,"timestamp":"2026-07-05T01:50:06.131Z"}
{"level":"info","message":"⌛ Building environment","timeElapsed":276,"timestamp":"2026-07-05T01:50:06.407Z"}
{"level":"info","message":"⌛ Building environment","timeElapsed":337,"timestamp":"2026-07-05T01:50:06.746Z"}
{"level":"info","message":"⌛ Validating niveles.wlk","timeElapsed":116,"timestamp":"2026-07-05T01:50:06.862Z"}
{"level":"info","message":"⌛ Validating niveles.wlk","timeElapsed":105,"timestamp":"2026-07-05T01:50:06.993Z"}
{"level":"info","message":"⌛ Building environment","timeElapsed":257,"timestamp":"2026-07-05T01:50:07.250Z"}
{"level":"info","message":"⌛ Building environment","timeElapsed":255,"timestamp":"2026-07-05T01:50:07.631Z"}
{"level":"info","message":"⌛ Validating niveles.wlk","timeElapsed":108,"timestamp":"2026-07-05T01:50:07.745Z"}
{"level":"info","message":"⌛ Building environment","timeElapsed":273,"timestamp":"2026-07-05T01:50:08.039Z"}
{"level":"info","message":"⌛ Validating niveles.wlk","timeElapsed":103,"timestamp":"2026-07-05T01:50:08.141Z"}
{"level":"info","message":"⌛ Building environment","timeElapsed":247,"timestamp":"2026-07-05T01:50:08.411Z"}
{"level":"info","message":"⌛ Validating niveles.wlk","timeElapsed":109,"timestamp":"2026-07-05T01:50:08.525Z"}
{"level":"info","message":"⌛ Building environment","timeElapsed":259,"timestamp":"2026-07-05T01:50:08.785Z"}
{"level":"info","message":"⌛ Building environment","timeElapsed":258,"timestamp":"2026-07-05T01:50:09.043Z"}
{"level":"info","message":"⌛ Building environment","timeElapsed":271,"timestamp":"2026-07-05T01:50:15.019Z"}
{"level":"info","message":"⌛ Building environment","timeElapsed":257,"timestamp":"2026-07-05T01:50:15.401Z"}
{"level":"info","message":"⌛ Building environment","timeElapsed":321,"timestamp":"2026-07-05T01:50:15.726Z"}
{"level":"info","message":"⌛ Building environment","timeElapsed":256,"timestamp":"2026-07-05T01:50:15.986Z"}
{"level":"info","message":"⌛ Building environment","timeElapsed":252,"timestamp":"2026-07-05T01:50:17.257Z"}
{"level":"info","message":"⌛ Validating niveles.wlk","timeElapsed":102,"timestamp":"2026-07-05T01:50:17.361Z"}
{"level":"info","message":"⌛ Building environment","timeElapsed":254,"timestamp":"2026-07-05T01:50:19.262Z"}
{"level":"info","message":"⌛ Building environment","timeElapsed":256,"timestamp":"2026-07-05T01:50:19.518Z"}
{"level":"info","message":"⌛ Validating niveles.wlk","timeElapsed":105,"timestamp":"2026-07-05T01:50:19.624Z"}
{"level":"info","message":"⌛ Building environment","timeElapsed":255,"timestamp":"2026-07-05T01:50:19.878Z"}
{"level":"info","message":"⌛ Validating niveles.wlk","timeElapsed":105,"timestamp":"2026-07-05T01:50:19.988Z"}
{"level":"info","message":"⌛ Building environment","timeElapsed":261,"timestamp":"2026-07-05T01:50:20.390Z"}
{"level":"error","message":"✘ Completions for node Send ([594:29, 594:56] - niveles.wlk) failed: Error: [Send]{35ed6e} at niveles.wlk:594 exhausted all cases without a match [Send]{35ed6e} at niveles.wlk:594 exhausted all cases without a match","stack":"Error: [Send]{35ed6e} at niveles.wlk:594 exhausted all cases without a match\n    at c:\\Users\\zagum\\.vscode\\extensions\\uqbar.wollok-lsp-ide-0.5.4\\out\\server\\src\\server.js:38:6142\n    at L2 (c:\\Users\\zagum\\.vscode\\extensions\\uqbar.wollok-lsp-ide-0.5.4\\out\\server\\src\\server.js:2389:42)\n    at Jh (c:\\Users\\zagum\\.vscode\\extensions\\uqbar.wollok-lsp-ide-0.5.4\\out\\server\\src\\server.js:2389:1092)\n    at M5n (c:\\Users\\zagum\\.vscode\\extensions\\uqbar.wollok-lsp-ide-0.5.4\\out\\server\\src\\server.js:2389:1248)\n    at c:\\Users\\zagum\\.vscode\\extensions\\uqbar.wollok-lsp-ide-0.5.4\\out\\server\\src\\server.js:38:6131\n    at L2 (c:\\Users\\zagum\\.vscode\\extensions\\uqbar.wollok-lsp-ide-0.5.4\\out\\server\\src\\server.js:2389:42)\n    at c:\\Users\\zagum\\.vscode\\extensions\\uqbar.wollok-lsp-ide-0.5.4\\out\\server\\src\\server.js:2389:2988\n    at c:\\Users\\zagum\\.vscode\\extensions\\uqbar.wollok-lsp-ide-0.5.4\\out\\server\\src\\server.js:2398:8440\n    at c:\\Users\\zagum\\.vscode\\extensions\\uqbar.wollok-lsp-ide-0.5.4\\out\\server\\src\\server.js:37:74872\n    at Ke (c:\\Users\\zagum\\.vscode\\extensions\\uqbar.wollok-lsp-ide-0.5.4\\out\\server\\src\\server.js:7:8527)","timestamp":"2026-07-05T01:50:20.423Z"}
{"level":"error","message":"✘ Completions for node Send ([594:8, 594:57] - niveles.wlk) failed: Error: [Send]{abc506} at niveles.wlk:594 exhausted all cases without a match [Send]{abc506} at niveles.wlk:594 exhausted all cases without a match","stack":"Error: [Send]{abc506} at niveles.wlk:594 exhausted all cases without a match\n    at c:\\Users\\zagum\\.vscode\\extensions\\uqbar.wollok-lsp-ide-0.5.4\\out\\server\\src\\server.js:38:6142\n    at L2 (c:\\Users\\zagum\\.vscode\\extensions\\uqbar.wollok-lsp-ide-0.5.4\\out\\server\\src\\server.js:2389:42)\n    at Jh (c:\\Users\\zagum\\.vscode\\extensions\\uqbar.wollok-lsp-ide-0.5.4\\out\\server\\src\\server.js:2389:1092)\n    at L2 (c:\\Users\\zagum\\.vscode\\extensions\\uqbar.wollok-lsp-ide-0.5.4\\out\\server\\src\\server.js:2389:544)\n    at Jh (c:\\Users\\zagum\\.vscode\\extensions\\uqbar.wollok-lsp-ide-0.5.4\\out\\server\\src\\server.js:2389:1092)\n    at M5n (c:\\Users\\zagum\\.vscode\\extensions\\uqbar.wollok-lsp-ide-0.5.4\\out\\server\\src\\server.js:2389:1248)\n    at c:\\Users\\zagum\\.vscode\\extensions\\uqbar.wollok-lsp-ide-0.5.4\\out\\server\\src\\server.js:38:6131\n    at L2 (c:\\Users\\zagum\\.vscode\\extensions\\uqbar.wollok-lsp-ide-0.5.4\\out\\server\\src\\server.js:2389:42)\n    at c:\\Users\\zagum\\.vscode\\extensions\\uqbar.wollok-lsp-ide-0.5.4\\out\\server\\src\\server.js:2389:2988\n    at c:\\Users\\zagum\\.vscode\\extensions\\uqbar.wollok-lsp-ide-0.5.4\\out\\server\\src\\server.js:2398:8440","timestamp":"2026-07-05T01:50:20.423Z"}
{"level":"info","message":"⌛ Building environment","timeElapsed":263,"timestamp":"2026-07-05T01:50:20.689Z"}
{"level":"info","message":"⌛ Building environment","timeElapsed":264,"timestamp":"2026-07-05T01:50:20.954Z"}
{"level":"info","message":"⌛ Building environment","timeElapsed":269,"timestamp":"2026-07-05T01:50:21.224Z"}
{"level":"info","message":"⌛ Building environment","timeElapsed":254,"timestamp":"2026-07-05T01:50:21.580Z"}
{"level":"info","message":"⌛ Building environment","timeElapsed":252,"timestamp":"2026-07-05T01:50:21.832Z"}
{"level":"info","message":"⌛ Validating niveles.wlk","timeElapsed":147,"timestamp":"2026-07-05T01:50:21.982Z"}
{"level":"info","message":"⌛ Building environment","timeElapsed":332,"timestamp":"2026-07-05T01:50:22.338Z"}
{"level":"info","message":"⌛ Validating niveles.wlk","timeElapsed":112,"timestamp":"2026-07-05T01:50:22.450Z"}
{"level":"info","message":"⌛ Validating niveles.wlk","timeElapsed":113,"timestamp":"2026-07-05T01:50:22.589Z"}
{"level":"info","message":"⌛ Validating niveles.wlk","timeElapsed":108,"timestamp":"2026-07-05T01:50:22.699Z"}
{"level":"info","message":"⌛ Validating niveles.wlk","timeElapsed":110,"timestamp":"2026-07-05T01:50:22.828Z"}
{"level":"info","message":"⌛ Building environment","timeElapsed":281,"timestamp":"2026-07-05T01:50:29.053Z"}
{"level":"info","message":"⌛ Building environment","timeElapsed":261,"timestamp":"2026-07-05T01:50:29.314Z"}
{"level":"info","message":"⌛ Validating niveles.wlk","timeElapsed":102,"timestamp":"2026-07-05T01:50:29.416Z"}
{"level":"info","message":"⌛ Validating niveles.wlk","timeElapsed":102,"timestamp":"2026-07-05T01:50:29.542Z"}
{"level":"info","message":"⌛ Building environment","timeElapsed":265,"timestamp":"2026-07-05T01:50:34.249Z"}
{"level":"info","message":"⌛ Building environment","timeElapsed":258,"timestamp":"2026-07-05T01:50:34.563Z"}
{"level":"info","message":"⌛ Validating niveles.wlk","timeElapsed":102,"timestamp":"2026-07-05T01:50:34.666Z"}
{"level":"info","message":"⌛ Building environment","timeElapsed":257,"timestamp":"2026-07-05T01:50:34.923Z"}
{"level":"info","message":"⌛ Building environment","timeElapsed":296,"timestamp":"2026-07-05T01:50:35.251Z"}
{"level":"info","message":"⌛ Building environment","timeElapsed":261,"timestamp":"2026-07-05T01:50:35.513Z"}
{"level":"info","message":"⌛ Building environment","timeElapsed":249,"timestamp":"2026-07-05T01:50:35.861Z"}
{"level":"info","message":"⌛ Building environment","timeElapsed":247,"timestamp":"2026-07-05T01:50:36.135Z"}
{"level":"info","message":"⌛ Validating niveles.wlk","timeElapsed":106,"timestamp":"2026-07-05T01:50:36.241Z"}
{"level":"info","message":"⌛ Validating niveles.wlk","timeElapsed":119,"timestamp":"2026-07-05T01:50:36.387Z"}
{"level":"info","message":"⌛ Validating niveles.wlk","timeElapsed":104,"timestamp":"2026-07-05T01:50:36.492Z"}
{"level":"info","message":"⌛ Validating niveles.wlk","timeElapsed":106,"timestamp":"2026-07-05T01:50:36.598Z"}
{"level":"info","message":"⌛ Building environment","timeElapsed":253,"timestamp":"2026-07-05T01:50:48.053Z"}
{"level":"info","message":"⌛ Building environment","timeElapsed":260,"timestamp":"2026-07-05T01:50:48.317Z"}
{"level":"info","message":"⌛ Building environment","timeElapsed":320,"timestamp":"2026-07-05T01:50:48.759Z"}
{"level":"info","message":"⌛ Validating niveles.wlk","timeElapsed":103,"timestamp":"2026-07-05T01:50:48.863Z"}
{"level":"info","message":"⌛ Building environment","timeElapsed":258,"timestamp":"2026-07-05T01:50:49.122Z"}
{"level":"info","message":"⌛ Building environment","timeElapsed":262,"timestamp":"2026-07-05T01:50:49.388Z"}
{"level":"info","message":"⌛ Building environment","timeElapsed":253,"timestamp":"2026-07-05T01:50:49.744Z"}
{"level":"info","message":"⌛ Building environment","timeElapsed":261,"timestamp":"2026-07-05T01:50:50.005Z"}
{"level":"info","message":"⌛ Building environment","timeElapsed":262,"timestamp":"2026-07-05T01:50:50.267Z"}
{"level":"info","message":"⌛ Building environment","timeElapsed":260,"timestamp":"2026-07-05T01:50:50.528Z"}
{"level":"info","message":"⌛ Validating niveles.wlk","timeElapsed":104,"timestamp":"2026-07-05T01:50:50.632Z"}
{"level":"info","message":"⌛ Validating niveles.wlk","timeElapsed":107,"timestamp":"2026-07-05T01:50:50.762Z"}
{"level":"info","message":"⌛ Validating niveles.wlk","timeElapsed":106,"timestamp":"2026-07-05T01:50:50.870Z"}
{"level":"info","message":"⌛ Validating niveles.wlk","timeElapsed":109,"timestamp":"2026-07-05T01:50:51.028Z"}
{"level":"info","message":"⌛ Validating niveles.wlk","timeElapsed":102,"timestamp":"2026-07-05T01:50:51.131Z"}
{"level":"info","message":"⌛ Building environment","timeElapsed":378,"timestamp":"2026-07-05T01:50:55.532Z"}
{"level":"info","message":"⌛ Building environment","timeElapsed":263,"timestamp":"2026-07-05T01:50:55.898Z"}
{"level":"info","message":"⌛ Building environment","timeElapsed":335,"timestamp":"2026-07-05T01:50:56.234Z"}
{"level":"info","message":"⌛ Validating niveles.wlk","timeElapsed":107,"timestamp":"2026-07-05T01:50:56.378Z"}
{"level":"info","message":"⌛ Building environment","timeElapsed":265,"timestamp":"2026-07-05T01:50:56.644Z"}
{"level":"info","message":"⌛ Building environment","timeElapsed":278,"timestamp":"2026-07-05T01:50:56.923Z"}
{"level":"info","message":"⌛ Validating niveles.wlk","timeElapsed":105,"timestamp":"2026-07-05T01:50:57.029Z"}
{"level":"info","message":"⌛ Building environment","timeElapsed":263,"timestamp":"2026-07-05T01:50:57.292Z"}
{"level":"info","message":"⌛ Building environment","timeElapsed":278,"timestamp":"2026-07-05T01:50:57.570Z"}
{"level":"info","message":"⌛ Building environment","timeElapsed":268,"timestamp":"2026-07-05T01:50:57.838Z"}
{"level":"info","message":"⌛ Building environment","timeElapsed":350,"timestamp":"2026-07-05T01:50:58.191Z"}
{"level":"info","message":"⌛ Validating niveles.wlk","timeElapsed":112,"timestamp":"2026-07-05T01:50:58.308Z"}
{"level":"info","message":"⌛ Validating niveles.wlk","timeElapsed":104,"timestamp":"2026-07-05T01:50:58.439Z"}
{"level":"info","message":"⌛ Validating niveles.wlk","timeElapsed":107,"timestamp":"2026-07-05T01:50:58.547Z"}
{"level":"info","message":"⌛ Building environment","timeElapsed":265,"timestamp":"2026-07-05T01:50:58.829Z"}
{"level":"info","message":"⌛ Validating niveles.wlk","timeElapsed":101,"timestamp":"2026-07-05T01:50:58.964Z"}
{"level":"info","message":"⌛ Building environment","timeElapsed":249,"timestamp":"2026-07-05T01:50:59.330Z"}
{"level":"info","message":"⌛ Validating niveles.wlk","timeElapsed":103,"timestamp":"2026-07-05T01:50:59.438Z"}
{"level":"info","message":"⌛ Building environment","timeElapsed":252,"timestamp":"2026-07-05T01:50:59.691Z"}
{"level":"info","message":"⌛ Building environment","timeElapsed":256,"timestamp":"2026-07-05T01:50:59.947Z"}
{"level":"info","message":"⌛ Building environment","timeElapsed":255,"timestamp":"2026-07-05T01:51:00.203Z"}
{"level":"info","message":"⌛ Building environment","timeElapsed":305,"timestamp":"2026-07-05T01:51:00.508Z"}
{"level":"info","message":"⌛ Building environment","timeElapsed":258,"timestamp":"2026-07-05T01:51:00.886Z"}
{"level":"info","message":"⌛ Validating niveles.wlk","timeElapsed":101,"timestamp":"2026-07-05T01:51:00.987Z"}
{"level":"info","message":"⌛ Building environment","timeElapsed":254,"timestamp":"2026-07-05T01:51:01.481Z"}
{"level":"info","message":"⌛ Validating niveles.wlk","timeElapsed":106,"timestamp":"2026-07-05T01:51:01.587Z"}
{"level":"info","message":"⌛ Validating niveles.wlk","timeElapsed":103,"timestamp":"2026-07-05T01:51:01.714Z"}
{"level":"info","message":"⌛ Building environment","timeElapsed":264,"timestamp":"2026-07-05T01:51:02.094Z"}
{"level":"info","message":"⌛ Validating niveles.wlk","timeElapsed":101,"timestamp":"2026-07-05T01:51:02.199Z"}
{"level":"info","message":"⌛ Building environment","timeElapsed":250,"timestamp":"2026-07-05T01:51:02.449Z"}
{"level":"info","message":"⌛ Building environment","timeElapsed":254,"timestamp":"2026-07-05T01:51:02.703Z"}
{"level":"info","message":"⌛ Building environment","timeElapsed":285,"timestamp":"2026-07-05T01:51:02.988Z"}
{"level":"info","message":"⌛ Validating niveles.wlk","timeElapsed":104,"timestamp":"2026-07-05T01:51:03.121Z"}
{"level":"info","message":"⌛ Validating niveles.wlk","timeElapsed":104,"timestamp":"2026-07-05T01:51:03.226Z"}
{"level":"info","message":"⌛ Building environment","timeElapsed":263,"timestamp":"2026-07-05T01:51:04.230Z"}
{"level":"info","message":"⌛ Building environment","timeElapsed":253,"timestamp":"2026-07-05T01:51:04.638Z"}
{"level":"info","message":"⌛ Building environment","timeElapsed":270,"timestamp":"2026-07-05T01:51:04.909Z"}
{"level":"info","message":"⌛ Building environment","timeElapsed":260,"timestamp":"2026-07-05T01:51:05.292Z"}
{"level":"info","message":"⌛ Validating niveles.wlk","timeElapsed":104,"timestamp":"2026-07-05T01:51:05.396Z"}
{"level":"info","message":"⌛ Building environment","timeElapsed":259,"timestamp":"2026-07-05T01:51:05.659Z"}
{"level":"info","message":"⌛ Building environment","timeElapsed":257,"timestamp":"2026-07-05T01:51:05.917Z"}
{"level":"info","message":"⌛ Building environment","timeElapsed":264,"timestamp":"2026-07-05T01:51:06.281Z"}
{"level":"info","message":"⌛ Building environment","timeElapsed":394,"timestamp":"2026-07-05T01:51:06.676Z"}
{"level":"info","message":"⌛ Building environment","timeElapsed":351,"timestamp":"2026-07-05T01:51:07.028Z"}
{"level":"info","message":"⌛ Validating niveles.wlk","timeElapsed":106,"timestamp":"2026-07-05T01:51:07.135Z"}
{"level":"info","message":"⌛ Building environment","timeElapsed":263,"timestamp":"2026-07-05T01:51:07.522Z"}
{"level":"info","message":"⌛ Building environment","timeElapsed":256,"timestamp":"2026-07-05T01:51:07.779Z"}
{"level":"info","message":"⌛ Building environment","timeElapsed":262,"timestamp":"2026-07-05T01:51:08.166Z"}
{"level":"info","message":"⌛ Validating niveles.wlk","timeElapsed":103,"timestamp":"2026-07-05T01:51:08.273Z"}
{"level":"info","message":"⌛ Building environment","timeElapsed":272,"timestamp":"2026-07-05T01:51:08.566Z"}
{"level":"info","message":"⌛ Validating niveles.wlk","timeElapsed":101,"timestamp":"2026-07-05T01:51:08.672Z"}
{"level":"info","message":"⌛ Building environment","timeElapsed":257,"timestamp":"2026-07-05T01:51:08.929Z"}
{"level":"info","message":"⌛ Building environment","timeElapsed":265,"timestamp":"2026-07-05T01:51:09.194Z"}
{"level":"info","message":"⌛ Building environment","timeElapsed":356,"timestamp":"2026-07-05T01:51:09.552Z"}
{"level":"info","message":"⌛ Validating niveles.wlk","timeElapsed":121,"timestamp":"2026-07-05T01:51:09.674Z"}
{"level":"info","message":"⌛ Building environment","timeElapsed":251,"timestamp":"2026-07-05T01:51:10.053Z"}
{"level":"info","message":"⌛ Building environment","timeElapsed":250,"timestamp":"2026-07-05T01:51:10.308Z"}
{"level":"info","message":"⌛ Validating niveles.wlk","timeElapsed":104,"timestamp":"2026-07-05T01:51:10.412Z"}
{"level":"info","message":"⌛ Building environment","timeElapsed":255,"timestamp":"2026-07-05T01:51:10.668Z"}
{"level":"info","message":"⌛ Building environment","timeElapsed":262,"timestamp":"2026-07-05T01:51:10.931Z"}
{"level":"info","message":"⌛ Building environment","timeElapsed":256,"timestamp":"2026-07-05T01:51:11.187Z"}
{"level":"info","message":"⌛ Building environment","timeElapsed":246,"timestamp":"2026-07-05T01:51:11.434Z"}
{"level":"info","message":"⌛ Building environment","timeElapsed":312,"timestamp":"2026-07-05T01:51:11.846Z"}
{"level":"info","message":"⌛ Validating niveles.wlk","timeElapsed":109,"timestamp":"2026-07-05T01:51:11.955Z"}
{"level":"info","message":"⌛ Building environment","timeElapsed":251,"timestamp":"2026-07-05T01:51:12.329Z"}
{"level":"info","message":"⌛ Building environment","timeElapsed":246,"timestamp":"2026-07-05T01:51:12.813Z"}
{"level":"info","message":"⌛ Validating niveles.wlk","timeElapsed":102,"timestamp":"2026-07-05T01:51:12.916Z"}
{"level":"info","message":"⌛ Building environment","timeElapsed":262,"timestamp":"2026-07-05T01:51:13.179Z"}
{"level":"info","message":"⌛ Validating niveles.wlk","timeElapsed":110,"timestamp":"2026-07-05T01:51:13.289Z"}
{"level":"info","message":"⌛ Validating niveles.wlk","timeElapsed":104,"timestamp":"2026-07-05T01:51:13.517Z"}
{"level":"info","message":"⌛ Building environment","timeElapsed":255,"timestamp":"2026-07-05T01:51:13.874Z"}
{"level":"error","message":"✘ Completions for node Send ([596:23, 596:52] - niveles.wlk) failed: Error: [Send]{a42848} at niveles.wlk:596 exhausted all cases without a match [Send]{a42848} at niveles.wlk:596 exhausted all cases without a match","stack":"Error: [Send]{a42848} at niveles.wlk:596 exhausted all cases without a match\n    at c:\\Users\\zagum\\.vscode\\extensions\\uqbar.wollok-lsp-ide-0.5.4\\out\\server\\src\\server.js:38:6142\n    at L2 (c:\\Users\\zagum\\.vscode\\extensions\\uqbar.wollok-lsp-ide-0.5.4\\out\\server\\src\\server.js:2389:42)\n    at Jh (c:\\Users\\zagum\\.vscode\\extensions\\uqbar.wollok-lsp-ide-0.5.4\\out\\server\\src\\server.js:2389:1092)\n    at M5n (c:\\Users\\zagum\\.vscode\\extensions\\uqbar.wollok-lsp-ide-0.5.4\\out\\server\\src\\server.js:2389:1248)\n    at c:\\Users\\zagum\\.vscode\\extensions\\uqbar.wollok-lsp-ide-0.5.4\\out\\server\\src\\server.js:38:6131\n    at L2 (c:\\Users\\zagum\\.vscode\\extensions\\uqbar.wollok-lsp-ide-0.5.4\\out\\server\\src\\server.js:2389:42)\n    at c:\\Users\\zagum\\.vscode\\extensions\\uqbar.wollok-lsp-ide-0.5.4\\out\\server\\src\\server.js:2389:2988\n    at c:\\Users\\zagum\\.vscode\\extensions\\uqbar.wollok-lsp-ide-0.5.4\\out\\server\\src\\server.js:2398:8440\n    at c:\\Users\\zagum\\.vscode\\extensions\\uqbar.wollok-lsp-ide-0.5.4\\out\\server\\src\\server.js:37:74872\n    at Ke (c:\\Users\\zagum\\.vscode\\extensions\\uqbar.wollok-lsp-ide-0.5.4\\out\\server\\src\\server.js:7:8527)","timestamp":"2026-07-05T01:51:13.909Z"}
{"level":"error","message":"✘ Completions for node Send ([596:8, 596:53] - niveles.wlk) failed: Error: [Send]{330776} at niveles.wlk:596 exhausted all cases without a match [Send]{330776} at niveles.wlk:596 exhausted all cases without a match","stack":"Error: [Send]{330776} at niveles.wlk:596 exhausted all cases without a match\n    at c:\\Users\\zagum\\.vscode\\extensions\\uqbar.wollok-lsp-ide-0.5.4\\out\\server\\src\\server.js:38:6142\n    at L2 (c:\\Users\\zagum\\.vscode\\extensions\\uqbar.wollok-lsp-ide-0.5.4\\out\\server\\src\\server.js:2389:42)\n    at Jh (c:\\Users\\zagum\\.vscode\\extensions\\uqbar.wollok-lsp-ide-0.5.4\\out\\server\\src\\server.js:2389:1092)\n    at L2 (c:\\Users\\zagum\\.vscode\\extensions\\uqbar.wollok-lsp-ide-0.5.4\\out\\server\\src\\server.js:2389:544)\n    at Jh (c:\\Users\\zagum\\.vscode\\extensions\\uqbar.wollok-lsp-ide-0.5.4\\out\\server\\src\\server.js:2389:1092)\n    at M5n (c:\\Users\\zagum\\.vscode\\extensions\\uqbar.wollok-lsp-ide-0.5.4\\out\\server\\src\\server.js:2389:1248)\n    at c:\\Users\\zagum\\.vscode\\extensions\\uqbar.wollok-lsp-ide-0.5.4\\out\\server\\src\\server.js:38:6131\n    at L2 (c:\\Users\\zagum\\.vscode\\extensions\\uqbar.wollok-lsp-ide-0.5.4\\out\\server\\src\\server.js:2389:42)\n    at c:\\Users\\zagum\\.vscode\\extensions\\uqbar.wollok-lsp-ide-0.5.4\\out\\server\\src\\server.js:2389:2988\n    at c:\\Users\\zagum\\.vscode\\extensions\\uqbar.wollok-lsp-ide-0.5.4\\out\\server\\src\\server.js:2398:8440","timestamp":"2026-07-05T01:51:13.910Z"}
{"level":"info","message":"⌛ Validating niveles.wlk","timeElapsed":105,"timestamp":"2026-07-05T01:51:14.017Z"}
{"level":"info","message":"⌛ Building environment","timeElapsed":263,"timestamp":"2026-07-05T01:51:14.281Z"}
{"level":"info","message":"⌛ Building environment","timeElapsed":284,"timestamp":"2026-07-05T01:51:14.814Z"}
{"level":"info","message":"⌛ Building environment","timeElapsed":349,"timestamp":"2026-07-05T01:51:15.164Z"}
{"level":"info","message":"⌛ Validating niveles.wlk","timeElapsed":102,"timestamp":"2026-07-05T01:51:15.267Z"}
{"level":"info","message":"⌛ Building environment","timeElapsed":256,"timestamp":"2026-07-05T01:51:15.523Z"}
{"level":"info","message":"⌛ Building environment","timeElapsed":263,"timestamp":"2026-07-05T01:51:15.786Z"}
{"level":"info","message":"⌛ Building environment","timeElapsed":253,"timestamp":"2026-07-05T01:51:16.040Z"}
{"level":"info","message":"⌛ Validating niveles.wlk","timeElapsed":107,"timestamp":"2026-07-05T01:51:16.150Z"}
{"level":"info","message":"⌛ Building environment","timeElapsed":281,"timestamp":"2026-07-05T01:51:16.454Z"}
{"level":"info","message":"⌛ Building environment","timeElapsed":270,"timestamp":"2026-07-05T01:51:16.725Z"}
{"level":"info","message":"⌛ Validating niveles.wlk","timeElapsed":104,"timestamp":"2026-07-05T01:51:16.829Z"}
{"level":"info","message":"⌛ Building environment","timeElapsed":269,"timestamp":"2026-07-05T01:51:17.099Z"}
{"level":"info","message":"⌛ Building environment","timeElapsed":269,"timestamp":"2026-07-05T01:51:17.369Z"}
{"level":"info","message":"⌛ Building environment","timeElapsed":283,"timestamp":"2026-07-05T01:51:17.653Z"}
{"level":"info","message":"⌛ Validating niveles.wlk","timeElapsed":106,"timestamp":"2026-07-05T01:51:17.759Z"}
{"level":"info","message":"⌛ Validating niveles.wlk","timeElapsed":105,"timestamp":"2026-07-05T01:51:17.989Z"}
{"level":"info","message":"⌛ Validating niveles.wlk","timeElapsed":104,"timestamp":"2026-07-05T01:51:18.111Z"}
{"level":"info","message":"⌛ Validating niveles.wlk","timeElapsed":105,"timestamp":"2026-07-05T01:51:18.357Z"}
{"level":"info","message":"⌛ Validating niveles.wlk","timeElapsed":113,"timestamp":"2026-07-05T01:51:18.470Z"}
{"level":"info","message":"⌛ Validating niveles.wlk","timeElapsed":104,"timestamp":"2026-07-05T01:51:18.592Z"}
{"level":"info","message":"⌛ Validating niveles.wlk","timeElapsed":110,"timestamp":"2026-07-05T01:51:18.703Z"}
{"level":"info","message":"⌛ Validating niveles.wlk","timeElapsed":101,"timestamp":"2026-07-05T01:51:18.804Z"}
{"level":"info","message":"⌛ Building environment","timeElapsed":453,"timestamp":"2026-07-05T01:51:47.291Z"}
{"level":"info","message":"⌛ Validating niveles.wlk","timeElapsed":101,"timestamp":"2026-07-05T01:51:47.421Z"}
{"level":"info","message":"⌛ Building environment","timeElapsed":262,"timestamp":"2026-07-05T01:51:48.771Z"}
{"level":"info","message":"⌛ Building environment","timeElapsed":382,"timestamp":"2026-07-05T01:51:51.761Z"}
{"level":"info","message":"⌛ Building environment","timeElapsed":280,"timestamp":"2026-07-05T01:51:52.067Z"}
{"level":"info","message":"⌛ Validating niveles.wlk","timeElapsed":106,"timestamp":"2026-07-05T01:51:52.177Z"}
{"level":"info","message":"⌛ Validating niveles.wlk","timeElapsed":103,"timestamp":"2026-07-05T01:51:52.301Z"}
{"level":"info","message":"⌛ Building environment","timeElapsed":277,"timestamp":"2026-07-05T01:51:54.915Z"}
{"level":"info","message":"⌛ Validating niveles.wlk","timeElapsed":134,"timestamp":"2026-07-05T01:51:55.079Z"}
{"level":"error","message":"✘ Failed to rebuild document Failed to parse niveles.wlk: \n-- PARSING FAILED --------------------------------------------------\n\n  597 |         sliderPaginas.image(\"menu_SelectLevelPage_\" + paginaActual)\n  598 |         puntero.image(\"menu_SelectLevelPuntero_\"+ opcionActual)\n> 599 |     }\n      |     ^\n  600 | \n  601 |     method aceptar()   { }\n\nExpected one of the following: \n\n'@', 'class', 'const', 'describe', 'mixin', 'object', 'only', 'package', 'program', 'test', 'var', '{', EOF, comment, not \"}\r\n\r\n    \", whitespace\n","stack":"Error: Failed to parse niveles.wlk: \n-- PARSING FAILED --------------------------------------------------\n\n  597 |         sliderPaginas.image(\"menu_SelectLevelPage_\" + paginaActual)\n  598 |         puntero.image(\"menu_SelectLevelPuntero_\"+ opcionActual)\n> 599 |     }\n      |     ^\n  600 | \n  601 |     method aceptar()   { }\n\nExpected one of the following: \n\n'@', 'class', 'const', 'describe', 'mixin', 'object', 'only', 'package', 'program', 'test', 'var', '{', EOF, comment, not \"}\r\n\r\n    \", whitespace\n\n    at c:\\Users\\zagum\\.vscode\\extensions\\uqbar.wollok-lsp-ide-0.5.4\\out\\server\\src\\server.js:2353:13026\n    at Array.map (<anonymous>)\n    at U1n (c:\\Users\\zagum\\.vscode\\extensions\\uqbar.wollok-lsp-ide-0.5.4\\out\\server\\src\\server.js:2353:12950)\n    at H2.buildEnvironmentFrom (c:\\Users\\zagum\\.vscode\\extensions\\uqbar.wollok-lsp-ide-0.5.4\\out\\server\\src\\server.js:2398:5254)\n    at H2.updateEnvironmentWith (c:\\Users\\zagum\\.vscode\\extensions\\uqbar.wollok-lsp-ide-0.5.4\\out\\server\\src\\server.js:2398:4989)\n    at GF (c:\\Users\\zagum\\.vscode\\extensions\\uqbar.wollok-lsp-ide-0.5.4\\out\\server\\src\\server.js:2398:7383)\n    at V3.invoke (c:\\Users\\zagum\\.vscode\\extensions\\uqbar.wollok-lsp-ide-0.5.4\\out\\server\\src\\server.js:3:157328)\n    at o.fire (c:\\Users\\zagum\\.vscode\\extensions\\uqbar.wollok-lsp-ide-0.5.4\\out\\server\\src\\server.js:3:158098)\n    at c:\\Users\\zagum\\.vscode\\extensions\\uqbar.wollok-lsp-ide-0.5.4\\out\\server\\src\\server.js:37:57871\n    at nd (c:\\Users\\zagum\\.vscode\\extensions\\uqbar.wollok-lsp-ide-0.5.4\\out\\server\\src\\server.js:8:1561)","timestamp":"2026-07-05T01:51:56.619Z"}
{"level":"info","message":"⌛ Building environment","timeElapsed":274,"timestamp":"2026-07-05T01:51:58.602Z"}
{"level":"info","message":"⌛ Validating niveles.wlk","timeElapsed":103,"timestamp":"2026-07-05T01:51:58.746Z"}
{"level":"info","message":"⌛ Building environment","timeElapsed":260,"timestamp":"2026-07-05T01:51:59.957Z"}
{"level":"info","message":"⌛ Building environment","timeElapsed":277,"timestamp":"2026-07-05T01:52:07.243Z"}
{"level":"info","message":"⌛ Validating niveles.wlk","timeElapsed":101,"timestamp":"2026-07-05T01:52:07.373Z"}
{"level":"info","message":"⌛ Building environment","timeElapsed":265,"timestamp":"2026-07-05T01:52:08.869Z"}
{"level":"info","message":"⌛ Building environment","timeElapsed":266,"timestamp":"2026-07-05T01:52:16.560Z"}
{"level":"info","message":"⌛ Building environment","timeElapsed":259,"timestamp":"2026-07-05T01:52:18.556Z"}
{"level":"info","message":"⌛ Building environment","timeElapsed":302,"timestamp":"2026-07-05T01:52:18.866Z"}
{"level":"info","message":"⌛ Validating niveles.wlk","timeElapsed":104,"timestamp":"2026-07-05T01:52:18.970Z"}
{"level":"info","message":"⌛ Validating niveles.wlk","timeElapsed":108,"timestamp":"2026-07-05T01:52:19.082Z"}
{"level":"info","message":"⌛ Building environment","timeElapsed":292,"timestamp":"2026-07-05T01:52:20.291Z"}
{"level":"info","message":"⌛ Building environment","timeElapsed":261,"timestamp":"2026-07-05T01:52:23.777Z"}
{"level":"info","message":"⌛ Validating niveles.wlk","timeElapsed":104,"timestamp":"2026-07-05T01:52:23.911Z"}
{"level":"info","message":"⌛ Building environment","timeElapsed":267,"timestamp":"2026-07-05T01:52:24.870Z"}
{"level":"info","message":"⌛ Building environment","timeElapsed":268,"timestamp":"2026-07-05T01:52:27.522Z"}
{"level":"info","message":"⌛ Building environment","timeElapsed":262,"timestamp":"2026-07-05T01:52:30.359Z"}
{"level":"info","message":"⌛ Building environment","timeElapsed":267,"timestamp":"2026-07-05T01:52:30.627Z"}
{"level":"info","message":"⌛ Validating niveles.wlk","timeElapsed":104,"timestamp":"2026-07-05T01:52:30.731Z"}
{"level":"info","message":"⌛ Building environment","timeElapsed":259,"timestamp":"2026-07-05T01:52:30.991Z"}
{"level":"info","message":"⌛ Validating niveles.wlk","timeElapsed":102,"timestamp":"2026-07-05T01:52:31.094Z"}
{"level":"info","message":"⌛ Validating niveles.wlk","timeElapsed":103,"timestamp":"2026-07-05T01:52:31.221Z"}
{"level":"info","message":"⌛ Building environment","timeElapsed":261,"timestamp":"2026-07-05T01:52:31.758Z"}
{"level":"info","message":"⌛ Building environment","timeElapsed":263,"timestamp":"2026-07-05T01:52:32.142Z"}
{"level":"info","message":"⌛ Validating niveles.wlk","timeElapsed":101,"timestamp":"2026-07-05T01:52:32.247Z"}
{"level":"info","message":"⌛ Building environment","timeElapsed":343,"timestamp":"2026-07-05T01:52:32.623Z"}
{"level":"info","message":"⌛ Validating niveles.wlk","timeElapsed":137,"timestamp":"2026-07-05T01:52:32.791Z"}
{"level":"info","message":"⌛ Building environment","timeElapsed":288,"timestamp":"2026-07-05T01:52:34.796Z"}
{"level":"info","message":"⌛ Building environment","timeElapsed":267,"timestamp":"2026-07-05T01:52:35.188Z"}
{"level":"info","message":"⌛ Validating niveles.wlk","timeElapsed":104,"timestamp":"2026-07-05T01:52:35.321Z"}
{"level":"info","message":"⌛ Building environment","timeElapsed":279,"timestamp":"2026-07-05T01:52:37.031Z"}
{"level":"info","message":"⌛ Validating niveles.wlk","timeElapsed":103,"timestamp":"2026-07-05T01:52:37.162Z"}
{"level":"info","message":"⌛ Building environment","timeElapsed":278,"timestamp":"2026-07-05T01:52:38.253Z"}
{"level":"info","message":"⌛ Validating niveles.wlk","timeElapsed":102,"timestamp":"2026-07-05T01:52:38.383Z"}
{"level":"info","message":"⌛ Building environment","timeElapsed":258,"timestamp":"2026-07-05T01:52:44.098Z"}
{"level":"info","message":"⌛ Validating niveles.wlk","timeElapsed":102,"timestamp":"2026-07-05T01:52:44.201Z"}
{"level":"info","message":"⌛ Building environment","timeElapsed":262,"timestamp":"2026-07-05T01:52:44.847Z"}
{"level":"error","message":"✘ Completions for node If ([583:9, 586:10] - niveles.wlk) failed: Error: [If]{36c94e} at niveles.wlk:583 exhausted all cases without a match [If]{36c94e} at niveles.wlk:583 exhausted all cases without a match","stack":"Error: [If]{36c94e} at niveles.wlk:583 exhausted all cases without a match\n    at c:\\Users\\zagum\\.vscode\\extensions\\uqbar.wollok-lsp-ide-0.5.4\\out\\server\\src\\server.js:38:6142\n    at L2 (c:\\Users\\zagum\\.vscode\\extensions\\uqbar.wollok-lsp-ide-0.5.4\\out\\server\\src\\server.js:2389:42)\n    at Jh (c:\\Users\\zagum\\.vscode\\extensions\\uqbar.wollok-lsp-ide-0.5.4\\out\\server\\src\\server.js:2389:1092)\n    at v5n (c:\\Users\\zagum\\.vscode\\extensions\\uqbar.wollok-lsp-ide-0.5.4\\out\\server\\src\\server.js:2389:818)\n    at c:\\Users\\zagum\\.vscode\\extensions\\uqbar.wollok-lsp-ide-0.5.4\\out\\server\\src\\server.js:38:6131\n    at L2 (c:\\Users\\zagum\\.vscode\\extensions\\uqbar.wollok-lsp-ide-0.5.4\\out\\server\\src\\server.js:2389:42)\n    at Jh (c:\\Users\\zagum\\.vscode\\extensions\\uqbar.wollok-lsp-ide-0.5.4\\out\\server\\src\\server.js:2389:1092)\n    at M5n (c:\\Users\\zagum\\.vscode\\extensions\\uqbar.wollok-lsp-ide-0.5.4\\out\\server\\src\\server.js:2389:1248)\n    at c:\\Users\\zagum\\.vscode\\extensions\\uqbar.wollok-lsp-ide-0.5.4\\out\\server\\src\\server.js:38:6131\n    at L2 (c:\\Users\\zagum\\.vscode\\extensions\\uqbar.wollok-lsp-ide-0.5.4\\out\\server\\src\\server.js:2389:42)","timestamp":"2026-07-05T01:52:44.886Z"}
{"level":"info","message":"⌛ Building environment","timeElapsed":268,"timestamp":"2026-07-05T01:52:45.157Z"}
{"level":"info","message":"⌛ Building environment","timeElapsed":251,"timestamp":"2026-07-05T01:52:45.408Z"}
{"level":"info","message":"⌛ Validating niveles.wlk","timeElapsed":109,"timestamp":"2026-07-05T01:52:45.517Z"}
{"level":"info","message":"⌛ Validating niveles.wlk","timeElapsed":103,"timestamp":"2026-07-05T01:52:45.646Z"}
{"level":"info","message":"⌛ Building environment","timeElapsed":254,"timestamp":"2026-07-05T01:52:46.500Z"}
{"level":"info","message":"⌛ Validating niveles.wlk","timeElapsed":111,"timestamp":"2026-07-05T01:52:46.655Z"}
{"level":"info","message":"⌛ Building environment","timeElapsed":253,"timestamp":"2026-07-05T01:52:48.467Z"}
{"level":"info","message":"⌛ Building environment","timeElapsed":264,"timestamp":"2026-07-05T01:52:48.732Z"}
{"level":"info","message":"⌛ Validating niveles.wlk","timeElapsed":116,"timestamp":"2026-07-05T01:52:48.848Z"}
{"level":"info","message":"⌛ Building environment","timeElapsed":256,"timestamp":"2026-07-05T01:52:49.104Z"}
{"level":"info","message":"⌛ Validating niveles.wlk","timeElapsed":102,"timestamp":"2026-07-05T01:52:49.210Z"}
{"level":"info","message":"⌛ Building environment","timeElapsed":257,"timestamp":"2026-07-05T01:52:53.462Z"}
{"level":"error","message":"✘ Completions for node Assignment ([585:13, 585:29] - niveles.wlk) failed: Error: [Assignment]{a775e3} at niveles.wlk:585 exhausted all cases without a match [Assignment]{a775e3} at niveles.wlk:585 exhausted all cases without a match","stack":"Error: [Assignment]{a775e3} at niveles.wlk:585 exhausted all cases without a match\n    at c:\\Users\\zagum\\.vscode\\extensions\\uqbar.wollok-lsp-ide-0.5.4\\out\\server\\src\\server.js:38:6142\n    at L2 (c:\\Users\\zagum\\.vscode\\extensions\\uqbar.wollok-lsp-ide-0.5.4\\out\\server\\src\\server.js:2389:42)\n    at Jh (c:\\Users\\zagum\\.vscode\\extensions\\uqbar.wollok-lsp-ide-0.5.4\\out\\server\\src\\server.js:2389:1092)\n    at M5n (c:\\Users\\zagum\\.vscode\\extensions\\uqbar.wollok-lsp-ide-0.5.4\\out\\server\\src\\server.js:2389:1248)\n    at c:\\Users\\zagum\\.vscode\\extensions\\uqbar.wollok-lsp-ide-0.5.4\\out\\server\\src\\server.js:38:6131\n    at L2 (c:\\Users\\zagum\\.vscode\\extensions\\uqbar.wollok-lsp-ide-0.5.4\\out\\server\\src\\server.js:2389:42)\n    at c:\\Users\\zagum\\.vscode\\extensions\\uqbar.wollok-lsp-ide-0.5.4\\out\\server\\src\\server.js:2389:2988\n    at c:\\Users\\zagum\\.vscode\\extensions\\uqbar.wollok-lsp-ide-0.5.4\\out\\server\\src\\server.js:2398:8440\n    at c:\\Users\\zagum\\.vscode\\extensions\\uqbar.wollok-lsp-ide-0.5.4\\out\\server\\src\\server.js:37:74872\n    at Ke (c:\\Users\\zagum\\.vscode\\extensions\\uqbar.wollok-lsp-ide-0.5.4\\out\\server\\src\\server.js:7:8527)","timestamp":"2026-07-05T01:52:53.494Z"}
{"level":"error","message":"✘ Completions for node If ([583:9, 586:10] - niveles.wlk) failed: Error: [If]{c761ec} at niveles.wlk:583 exhausted all cases without a match [If]{c761ec} at niveles.wlk:583 exhausted all cases without a match","stack":"Error: [If]{c761ec} at niveles.wlk:583 exhausted all cases without a match\n    at c:\\Users\\zagum\\.vscode\\extensions\\uqbar.wollok-lsp-ide-0.5.4\\out\\server\\src\\server.js:38:6142\n    at L2 (c:\\Users\\zagum\\.vscode\\extensions\\uqbar.wollok-lsp-ide-0.5.4\\out\\server\\src\\server.js:2389:42)\n    at Jh (c:\\Users\\zagum\\.vscode\\extensions\\uqbar.wollok-lsp-ide-0.5.4\\out\\server\\src\\server.js:2389:1092)\n    at v5n (c:\\Users\\zagum\\.vscode\\extensions\\uqbar.wollok-lsp-ide-0.5.4\\out\\server\\src\\server.js:2389:818)\n    at c:\\Users\\zagum\\.vscode\\extensions\\uqbar.wollok-lsp-ide-0.5.4\\out\\server\\src\\server.js:38:6131\n    at L2 (c:\\Users\\zagum\\.vscode\\extensions\\uqbar.wollok-lsp-ide-0.5.4\\out\\server\\src\\server.js:2389:42)\n    at Jh (c:\\Users\\zagum\\.vscode\\extensions\\uqbar.wollok-lsp-ide-0.5.4\\out\\server\\src\\server.js:2389:1092)\n    at L2 (c:\\Users\\zagum\\.vscode\\extensions\\uqbar.wollok-lsp-ide-0.5.4\\out\\server\\src\\server.js:2389:544)\n    at Jh (c:\\Users\\zagum\\.vscode\\extensions\\uqbar.wollok-lsp-ide-0.5.4\\out\\server\\src\\server.js:2389:1092)\n    at M5n (c:\\Users\\zagum\\.vscode\\extensions\\uqbar.wollok-lsp-ide-0.5.4\\out\\server\\src\\server.js:2389:1248)","timestamp":"2026-07-05T01:52:53.494Z"}
{"level":"info","message":"⌛ Building environment","timeElapsed":272,"timestamp":"2026-07-05T01:52:53.773Z"}
{"level":"info","message":"⌛ Validating niveles.wlk","timeElapsed":127,"timestamp":"2026-07-05T01:52:53.900Z"}
{"level":"info","message":"⌛ Building environment","timeElapsed":263,"timestamp":"2026-07-05T01:52:54.163Z"}
{"level":"info","message":"⌛ Building environment","timeElapsed":318,"timestamp":"2026-07-05T01:52:54.481Z"}
{"level":"error","message":"✘ Completions for node Literal ([585:28, 585:32] - niveles.wlk) failed: Error: true [Literal]{3d9763} at niveles.wlk:585 exhausted all cases without a match true [Literal]{3d9763} at niveles.wlk:585 exhausted all cases without a match","stack":"Error: true [Literal]{3d9763} at niveles.wlk:585 exhausted all cases without a match\n    at c:\\Users\\zagum\\.vscode\\extensions\\uqbar.wollok-lsp-ide-0.5.4\\out\\server\\src\\server.js:38:6142\n    at L2 (c:\\Users\\zagum\\.vscode\\extensions\\uqbar.wollok-lsp-ide-0.5.4\\out\\server\\src\\server.js:2389:42)\n    at c:\\Users\\zagum\\.vscode\\extensions\\uqbar.wollok-lsp-ide-0.5.4\\out\\server\\src\\server.js:2389:2988\n    at c:\\Users\\zagum\\.vscode\\extensions\\uqbar.wollok-lsp-ide-0.5.4\\out\\server\\src\\server.js:2398:8440\n    at c:\\Users\\zagum\\.vscode\\extensions\\uqbar.wollok-lsp-ide-0.5.4\\out\\server\\src\\server.js:37:74872\n    at Ke (c:\\Users\\zagum\\.vscode\\extensions\\uqbar.wollok-lsp-ide-0.5.4\\out\\server\\src\\server.js:7:8527)\n    at Lt (c:\\Users\\zagum\\.vscode\\extensions\\uqbar.wollok-lsp-ide-0.5.4\\out\\server\\src\\server.js:7:6189)\n    at ct (c:\\Users\\zagum\\.vscode\\extensions\\uqbar.wollok-lsp-ide-0.5.4\\out\\server\\src\\server.js:7:6378)\n    at Immediate._onImmediate (c:\\Users\\zagum\\.vscode\\extensions\\uqbar.wollok-lsp-ide-0.5.4\\out\\server\\src\\server.js:7:6142)\n    at process.processImmediate (node:internal/timers:504:21)","timestamp":"2026-07-05T01:52:54.509Z"}
{"level":"error","message":"✘ Completions for node Assignment ([585:13, 585:32] - niveles.wlk) failed: Error: [Assignment]{8a1adb} at niveles.wlk:585 exhausted all cases without a match [Assignment]{8a1adb} at niveles.wlk:585 exhausted all cases without a match","stack":"Error: [Assignment]{8a1adb} at niveles.wlk:585 exhausted all cases without a match\n    at c:\\Users\\zagum\\.vscode\\extensions\\uqbar.wollok-lsp-ide-0.5.4\\out\\server\\src\\server.js:38:6142\n    at L2 (c:\\Users\\zagum\\.vscode\\extensions\\uqbar.wollok-lsp-ide-0.5.4\\out\\server\\src\\server.js:2389:42)\n    at Jh (c:\\Users\\zagum\\.vscode\\extensions\\uqbar.wollok-lsp-ide-0.5.4\\out\\server\\src\\server.js:2389:1092)\n    at L2 (c:\\Users\\zagum\\.vscode\\extensions\\uqbar.wollok-lsp-ide-0.5.4\\out\\server\\src\\server.js:2389:544)\n    at c:\\Users\\zagum\\.vscode\\extensions\\uqbar.wollok-lsp-ide-0.5.4\\out\\server\\src\\server.js:2389:2988\n    at c:\\Users\\zagum\\.vscode\\extensions\\uqbar.wollok-lsp-ide-0.5.4\\out\\server\\src\\server.js:2398:8440\n    at c:\\Users\\zagum\\.vscode\\extensions\\uqbar.wollok-lsp-ide-0.5.4\\out\\server\\src\\server.js:37:74872\n    at Ke (c:\\Users\\zagum\\.vscode\\extensions\\uqbar.wollok-lsp-ide-0.5.4\\out\\server\\src\\server.js:7:8527)\n    at Lt (c:\\Users\\zagum\\.vscode\\extensions\\uqbar.wollok-lsp-ide-0.5.4\\out\\server\\src\\server.js:7:6189)\n    at ct (c:\\Users\\zagum\\.vscode\\extensions\\uqbar.wollok-lsp-ide-0.5.4\\out\\server\\src\\server.js:7:6378)","timestamp":"2026-07-05T01:52:54.509Z"}
{"level":"error","message":"✘ Completions for node If ([583:9, 586:10] - niveles.wlk) failed: Error: [If]{6fb80f} at niveles.wlk:583 exhausted all cases without a match [If]{6fb80f} at niveles.wlk:583 exhausted all cases without a match","stack":"Error: [If]{6fb80f} at niveles.wlk:583 exhausted all cases without a match\n    at c:\\Users\\zagum\\.vscode\\extensions\\uqbar.wollok-lsp-ide-0.5.4\\out\\server\\src\\server.js:38:6142\n    at L2 (c:\\Users\\zagum\\.vscode\\extensions\\uqbar.wollok-lsp-ide-0.5.4\\out\\server\\src\\server.js:2389:42)\n    at Jh (c:\\Users\\zagum\\.vscode\\extensions\\uqbar.wollok-lsp-ide-0.5.4\\out\\server\\src\\server.js:2389:1092)\n    at v5n (c:\\Users\\zagum\\.vscode\\extensions\\uqbar.wollok-lsp-ide-0.5.4\\out\\server\\src\\server.js:2389:818)\n    at c:\\Users\\zagum\\.vscode\\extensions\\uqbar.wollok-lsp-ide-0.5.4\\out\\server\\src\\server.js:38:6131\n    at L2 (c:\\Users\\zagum\\.vscode\\extensions\\uqbar.wollok-lsp-ide-0.5.4\\out\\server\\src\\server.js:2389:42)\n    at Jh (c:\\Users\\zagum\\.vscode\\extensions\\uqbar.wollok-lsp-ide-0.5.4\\out\\server\\src\\server.js:2389:1092)\n    at L2 (c:\\Users\\zagum\\.vscode\\extensions\\uqbar.wollok-lsp-ide-0.5.4\\out\\server\\src\\server.js:2389:544)\n    at Jh (c:\\Users\\zagum\\.vscode\\extensions\\uqbar.wollok-lsp-ide-0.5.4\\out\\server\\src\\server.js:2389:1092)\n    at L2 (c:\\Users\\zagum\\.vscode\\extensions\\uqbar.wollok-lsp-ide-0.5.4\\out\\server\\src\\server.js:2389:544)","timestamp":"2026-07-05T01:52:54.509Z"}
{"level":"info","message":"⌛ Validating niveles.wlk","timeElapsed":105,"timestamp":"2026-07-05T01:52:54.616Z"}
{"level":"info","message":"⌛ Validating niveles.wlk","timeElapsed":107,"timestamp":"2026-07-05T01:52:54.763Z"}
{"level":"info","message":"⌛ Building environment","timeElapsed":305,"timestamp":"2026-07-05T01:52:58.061Z"}
{"level":"info","message":"⌛ Building environment","timeElapsed":322,"timestamp":"2026-07-05T01:52:58.384Z"}
{"level":"error","message":"✘ Completions for node If ([590:9, 593:10] - niveles.wlk) failed: Error: [If]{3496b6} at niveles.wlk:590 exhausted all cases without a match [If]{3496b6} at niveles.wlk:590 exhausted all cases without a match","stack":"Error: [If]{3496b6} at niveles.wlk:590 exhausted all cases without a match\n    at c:\\Users\\zagum\\.vscode\\extensions\\uqbar.wollok-lsp-ide-0.5.4\\out\\server\\src\\server.js:38:6142\n    at L2 (c:\\Users\\zagum\\.vscode\\extensions\\uqbar.wollok-lsp-ide-0.5.4\\out\\server\\src\\server.js:2389:42)\n    at Jh (c:\\Users\\zagum\\.vscode\\extensions\\uqbar.wollok-lsp-ide-0.5.4\\out\\server\\src\\server.js:2389:1092)\n    at v5n (c:\\Users\\zagum\\.vscode\\extensions\\uqbar.wollok-lsp-ide-0.5.4\\out\\server\\src\\server.js:2389:818)\n    at c:\\Users\\zagum\\.vscode\\extensions\\uqbar.wollok-lsp-ide-0.5.4\\out\\server\\src\\server.js:38:6131\n    at L2 (c:\\Users\\zagum\\.vscode\\extensions\\uqbar.wollok-lsp-ide-0.5.4\\out\\server\\src\\server.js:2389:42)\n    at Jh (c:\\Users\\zagum\\.vscode\\extensions\\uqbar.wollok-lsp-ide-0.5.4\\out\\server\\src\\server.js:2389:1092)\n    at M5n (c:\\Users\\zagum\\.vscode\\extensions\\uqbar.wollok-lsp-ide-0.5.4\\out\\server\\src\\server.js:2389:1248)\n    at c:\\Users\\zagum\\.vscode\\extensions\\uqbar.wollok-lsp-ide-0.5.4\\out\\server\\src\\server.js:38:6131\n    at L2 (c:\\Users\\zagum\\.vscode\\extensions\\uqbar.wollok-lsp-ide-0.5.4\\out\\server\\src\\server.js:2389:42)","timestamp":"2026-07-05T01:52:58.416Z"}
{"level":"info","message":"⌛ Validating niveles.wlk","timeElapsed":106,"timestamp":"2026-07-05T01:52:58.525Z"}
{"level":"info","message":"⌛ Building environment","timeElapsed":264,"timestamp":"2026-07-05T01:52:58.790Z"}
{"level":"info","message":"⌛ Building environment","timeElapsed":251,"timestamp":"2026-07-05T01:52:59.045Z"}
{"level":"info","message":"⌛ Validating niveles.wlk","timeElapsed":127,"timestamp":"2026-07-05T01:52:59.174Z"}
{"level":"info","message":"⌛ Validating niveles.wlk","timeElapsed":104,"timestamp":"2026-07-05T01:52:59.303Z"}
{"level":"info","message":"⌛ Building environment","timeElapsed":313,"timestamp":"2026-07-05T01:53:00.140Z"}
{"level":"info","message":"⌛ Building environment","timeElapsed":262,"timestamp":"2026-07-05T01:53:00.655Z"}
{"level":"info","message":"⌛ Validating niveles.wlk","timeElapsed":104,"timestamp":"2026-07-05T01:53:00.760Z"}
{"level":"info","message":"⌛ Building environment","timeElapsed":270,"timestamp":"2026-07-05T01:53:01.031Z"}
{"level":"info","message":"⌛ Building environment","timeElapsed":270,"timestamp":"2026-07-05T01:53:01.311Z"}
{"level":"info","message":"⌛ Building environment","timeElapsed":284,"timestamp":"2026-07-05T01:53:01.596Z"}
{"level":"error","message":"✘ Completions for node Assignment ([592:13, 592:29] - niveles.wlk) failed: Error: [Assignment]{9b78e2} at niveles.wlk:592 exhausted all cases without a match [Assignment]{9b78e2} at niveles.wlk:592 exhausted all cases without a match","stack":"Error: [Assignment]{9b78e2} at niveles.wlk:592 exhausted all cases without a match\n    at c:\\Users\\zagum\\.vscode\\extensions\\uqbar.wollok-lsp-ide-0.5.4\\out\\server\\src\\server.js:38:6142\n    at L2 (c:\\Users\\zagum\\.vscode\\extensions\\uqbar.wollok-lsp-ide-0.5.4\\out\\server\\src\\server.js:2389:42)\n    at Jh (c:\\Users\\zagum\\.vscode\\extensions\\uqbar.wollok-lsp-ide-0.5.4\\out\\server\\src\\server.js:2389:1092)\n    at M5n (c:\\Users\\zagum\\.vscode\\extensions\\uqbar.wollok-lsp-ide-0.5.4\\out\\server\\src\\server.js:2389:1248)\n    at c:\\Users\\zagum\\.vscode\\extensions\\uqbar.wollok-lsp-ide-0.5.4\\out\\server\\src\\server.js:38:6131\n    at L2 (c:\\Users\\zagum\\.vscode\\extensions\\uqbar.wollok-lsp-ide-0.5.4\\out\\server\\src\\server.js:2389:42)\n    at c:\\Users\\zagum\\.vscode\\extensions\\uqbar.wollok-lsp-ide-0.5.4\\out\\server\\src\\server.js:2389:2988\n    at c:\\Users\\zagum\\.vscode\\extensions\\uqbar.wollok-lsp-ide-0.5.4\\out\\server\\src\\server.js:2398:8440\n    at c:\\Users\\zagum\\.vscode\\extensions\\uqbar.wollok-lsp-ide-0.5.4\\out\\server\\src\\server.js:37:74872\n    at Ke (c:\\Users\\zagum\\.vscode\\extensions\\uqbar.wollok-lsp-ide-0.5.4\\out\\server\\src\\server.js:7:8527)","timestamp":"2026-07-05T01:53:01.629Z"}
{"level":"error","message":"✘ Completions for node If ([590:9, 593:10] - niveles.wlk) failed: Error: [If]{2e1339} at niveles.wlk:590 exhausted all cases without a match [If]{2e1339} at niveles.wlk:590 exhausted all cases without a match","stack":"Error: [If]{2e1339} at niveles.wlk:590 exhausted all cases without a match\n    at c:\\Users\\zagum\\.vscode\\extensions\\uqbar.wollok-lsp-ide-0.5.4\\out\\server\\src\\server.js:38:6142\n    at L2 (c:\\Users\\zagum\\.vscode\\extensions\\uqbar.wollok-lsp-ide-0.5.4\\out\\server\\src\\server.js:2389:42)\n    at Jh (c:\\Users\\zagum\\.vscode\\extensions\\uqbar.wollok-lsp-ide-0.5.4\\out\\server\\src\\server.js:2389:1092)\n    at v5n (c:\\Users\\zagum\\.vscode\\extensions\\uqbar.wollok-lsp-ide-0.5.4\\out\\server\\src\\server.js:2389:818)\n    at c:\\Users\\zagum\\.vscode\\extensions\\uqbar.wollok-lsp-ide-0.5.4\\out\\server\\src\\server.js:38:6131\n    at L2 (c:\\Users\\zagum\\.vscode\\extensions\\uqbar.wollok-lsp-ide-0.5.4\\out\\server\\src\\server.js:2389:42)\n    at Jh (c:\\Users\\zagum\\.vscode\\extensions\\uqbar.wollok-lsp-ide-0.5.4\\out\\server\\src\\server.js:2389:1092)\n    at L2 (c:\\Users\\zagum\\.vscode\\extensions\\uqbar.wollok-lsp-ide-0.5.4\\out\\server\\src\\server.js:2389:544)\n    at Jh (c:\\Users\\zagum\\.vscode\\extensions\\uqbar.wollok-lsp-ide-0.5.4\\out\\server\\src\\server.js:2389:1092)\n    at M5n (c:\\Users\\zagum\\.vscode\\extensions\\uqbar.wollok-lsp-ide-0.5.4\\out\\server\\src\\server.js:2389:1248)","timestamp":"2026-07-05T01:53:01.629Z"}
{"level":"info","message":"⌛ Validating niveles.wlk","timeElapsed":122,"timestamp":"2026-07-05T01:53:01.754Z"}
{"level":"info","message":"⌛ Building environment","timeElapsed":266,"timestamp":"2026-07-05T01:53:02.141Z"}
{"level":"info","message":"⌛ Building environment","timeElapsed":250,"timestamp":"2026-07-05T01:53:02.395Z"}
{"level":"error","message":"✘ Completions for node Assignment ([592:13, 592:29] - niveles.wlk) failed: Error: [Assignment]{114579} at niveles.wlk:592 exhausted all cases without a match [Assignment]{114579} at niveles.wlk:592 exhausted all cases without a match","stack":"Error: [Assignment]{114579} at niveles.wlk:592 exhausted all cases without a match\n    at c:\\Users\\zagum\\.vscode\\extensions\\uqbar.wollok-lsp-ide-0.5.4\\out\\server\\src\\server.js:38:6142\n    at L2 (c:\\Users\\zagum\\.vscode\\extensions\\uqbar.wollok-lsp-ide-0.5.4\\out\\server\\src\\server.js:2389:42)\n    at Jh (c:\\Users\\zagum\\.vscode\\extensions\\uqbar.wollok-lsp-ide-0.5.4\\out\\server\\src\\server.js:2389:1092)\n    at M5n (c:\\Users\\zagum\\.vscode\\extensions\\uqbar.wollok-lsp-ide-0.5.4\\out\\server\\src\\server.js:2389:1248)\n    at c:\\Users\\zagum\\.vscode\\extensions\\uqbar.wollok-lsp-ide-0.5.4\\out\\server\\src\\server.js:38:6131\n    at L2 (c:\\Users\\zagum\\.vscode\\extensions\\uqbar.wollok-lsp-ide-0.5.4\\out\\server\\src\\server.js:2389:42)\n    at c:\\Users\\zagum\\.vscode\\extensions\\uqbar.wollok-lsp-ide-0.5.4\\out\\server\\src\\server.js:2389:2988\n    at c:\\Users\\zagum\\.vscode\\extensions\\uqbar.wollok-lsp-ide-0.5.4\\out\\server\\src\\server.js:2398:8440\n    at c:\\Users\\zagum\\.vscode\\extensions\\uqbar.wollok-lsp-ide-0.5.4\\out\\server\\src\\server.js:37:74872\n    at Ke (c:\\Users\\zagum\\.vscode\\extensions\\uqbar.wollok-lsp-ide-0.5.4\\out\\server\\src\\server.js:7:8527)","timestamp":"2026-07-05T01:53:02.425Z"}
{"level":"error","message":"✘ Completions for node If ([590:9, 593:10] - niveles.wlk) failed: Error: [If]{be1e4e} at niveles.wlk:590 exhausted all cases without a match [If]{be1e4e} at niveles.wlk:590 exhausted all cases without a match","stack":"Error: [If]{be1e4e} at niveles.wlk:590 exhausted all cases without a match\n    at c:\\Users\\zagum\\.vscode\\extensions\\uqbar.wollok-lsp-ide-0.5.4\\out\\server\\src\\server.js:38:6142\n    at L2 (c:\\Users\\zagum\\.vscode\\extensions\\uqbar.wollok-lsp-ide-0.5.4\\out\\server\\src\\server.js:2389:42)\n    at Jh (c:\\Users\\zagum\\.vscode\\extensions\\uqbar.wollok-lsp-ide-0.5.4\\out\\server\\src\\server.js:2389:1092)\n    at v5n (c:\\Users\\zagum\\.vscode\\extensions\\uqbar.wollok-lsp-ide-0.5.4\\out\\server\\src\\server.js:2389:818)\n    at c:\\Users\\zagum\\.vscode\\extensions\\uqbar.wollok-lsp-ide-0.5.4\\out\\server\\src\\server.js:38:6131\n    at L2 (c:\\Users\\zagum\\.vscode\\extensions\\uqbar.wollok-lsp-ide-0.5.4\\out\\server\\src\\server.js:2389:42)\n    at Jh (c:\\Users\\zagum\\.vscode\\extensions\\uqbar.wollok-lsp-ide-0.5.4\\out\\server\\src\\server.js:2389:1092)\n    at L2 (c:\\Users\\zagum\\.vscode\\extensions\\uqbar.wollok-lsp-ide-0.5.4\\out\\server\\src\\server.js:2389:544)\n    at Jh (c:\\Users\\zagum\\.vscode\\extensions\\uqbar.wollok-lsp-ide-0.5.4\\out\\server\\src\\server.js:2389:1092)\n    at M5n (c:\\Users\\zagum\\.vscode\\extensions\\uqbar.wollok-lsp-ide-0.5.4\\out\\server\\src\\server.js:2389:1248)","timestamp":"2026-07-05T01:53:02.426Z"}
{"level":"info","message":"⌛ Building environment","timeElapsed":276,"timestamp":"2026-07-05T01:53:02.704Z"}
{"level":"info","message":"⌛ Validating niveles.wlk","timeElapsed":110,"timestamp":"2026-07-05T01:53:02.814Z"}
{"level":"info","message":"⌛ Building environment","timeElapsed":256,"timestamp":"2026-07-05T01:53:03.070Z"}
{"level":"info","message":"⌛ Building environment","timeElapsed":261,"timestamp":"2026-07-05T01:53:03.331Z"}
{"level":"info","message":"⌛ Building environment","timeElapsed":251,"timestamp":"2026-07-05T01:53:03.609Z"}
{"level":"info","message":"⌛ Validating niveles.wlk","timeElapsed":104,"timestamp":"2026-07-05T01:53:03.713Z"}
{"level":"info","message":"⌛ Validating niveles.wlk","timeElapsed":102,"timestamp":"2026-07-05T01:53:03.840Z"}
{"level":"info","message":"⌛ Validating niveles.wlk","timeElapsed":114,"timestamp":"2026-07-05T01:53:04.265Z"}
{"level":"info","message":"⌛ Building environment","timeElapsed":330,"timestamp":"2026-07-05T01:53:33.491Z"}
{"level":"info","message":"⌛ Validating niveles.wlk","timeElapsed":111,"timestamp":"2026-07-05T01:53:33.684Z"}
{"level":"info","message":"⌛ Building environment","timeElapsed":307,"timestamp":"2026-07-05T01:53:34.461Z"}
{"level":"info","message":"⌛ Validating niveles.wlk","timeElapsed":107,"timestamp":"2026-07-05T01:53:34.597Z"}
{"level":"info","message":"⌛ Building environment","timeElapsed":271,"timestamp":"2026-07-05T01:53:37.686Z"}
{"level":"info","message":"⌛ Validating niveles.wlk","timeElapsed":101,"timestamp":"2026-07-05T01:53:37.834Z"}
{"level":"info","message":"⌛ Building environment","timeElapsed":266,"timestamp":"2026-07-05T01:53:39.261Z"}
{"level":"info","message":"⌛ Building environment","timeElapsed":276,"timestamp":"2026-07-05T01:53:42.441Z"}
{"level":"info","message":"⌛ Building environment","timeElapsed":264,"timestamp":"2026-07-05T01:53:43.573Z"}
{"level":"info","message":"⌛ Building environment","timeElapsed":286,"timestamp":"2026-07-05T01:53:44.605Z"}
{"level":"info","message":"⌛ Building environment","timeElapsed":288,"timestamp":"2026-07-05T01:53:44.898Z"}
{"level":"info","message":"⌛ Validating niveles.wlk","timeElapsed":107,"timestamp":"2026-07-05T01:53:45.005Z"}
{"level":"info","message":"⌛ Validating niveles.wlk","timeElapsed":104,"timestamp":"2026-07-05T01:53:45.139Z"}
{"level":"info","message":"⌛ Building environment","timeElapsed":276,"timestamp":"2026-07-05T01:53:48.747Z"}
{"level":"info","message":"⌛ Validating niveles.wlk","timeElapsed":104,"timestamp":"2026-07-05T01:53:48.856Z"}
{"level":"info","message":"⌛ Building environment","timeElapsed":265,"timestamp":"2026-07-05T01:53:49.875Z"}
{"level":"info","message":"⌛ Validating niveles.wlk","timeElapsed":103,"timestamp":"2026-07-05T01:53:49.982Z"}
{"level":"info","message":"⌛ Building environment","timeElapsed":269,"timestamp":"2026-07-05T01:53:51.012Z"}
{"level":"info","message":"⌛ Validating niveles.wlk","timeElapsed":104,"timestamp":"2026-07-05T01:53:51.120Z"}
{"level":"info","message":"⌛ Building environment","timeElapsed":311,"timestamp":"2026-07-05T01:53:59.978Z"}
{"level":"info","message":"⌛ Validating niveles.wlk","timeElapsed":103,"timestamp":"2026-07-05T01:54:00.085Z"}
{"level":"info","message":"⌛ Building environment","timeElapsed":265,"timestamp":"2026-07-05T01:54:00.709Z"}
{"level":"info","message":"⌛ Building environment","timeElapsed":264,"timestamp":"2026-07-05T01:54:01.010Z"}
{"level":"info","message":"⌛ Validating niveles.wlk","timeElapsed":109,"timestamp":"2026-07-05T01:54:01.119Z"}
{"level":"info","message":"⌛ Building environment","timeElapsed":276,"timestamp":"2026-07-05T01:54:01.396Z"}
{"level":"info","message":"⌛ Validating niveles.wlk","timeElapsed":109,"timestamp":"2026-07-05T01:54:01.505Z"}
{"level":"error","message":"✘ Failed to rebuild document Failed to parse niveles.wlk: \n-- PARSING FAILED --------------------------------------------------\n\n  605 |         opcionActual = (opcionActual + 1).min(2)\n  606 |         self.aplicar() \n> 607 |     }\n      |     ^\n  608 | \n  609 |     method aplicar() {\n\nExpected one of the following: \n\n'@', 'class', 'const', 'describe', 'mixin', 'object', 'only', 'package', 'program', 'test', 'var', '{', EOF, comment, not \"}\r\n\r\n    \", whitespace\n","stack":"Error: Failed to parse niveles.wlk: \n-- PARSING FAILED --------------------------------------------------\n\n  605 |         opcionActual = (opcionActual + 1).min(2)\n  606 |         self.aplicar() \n> 607 |     }\n      |     ^\n  608 | \n  609 |     method aplicar() {\n\nExpected one of the following: \n\n'@', 'class', 'const', 'describe', 'mixin', 'object', 'only', 'package', 'program', 'test', 'var', '{', EOF, comment, not \"}\r\n\r\n    \", whitespace\n\n    at c:\\Users\\zagum\\.vscode\\extensions\\uqbar.wollok-lsp-ide-0.5.4\\out\\server\\src\\server.js:2353:13026\n    at Array.map (<anonymous>)\n    at U1n (c:\\Users\\zagum\\.vscode\\extensions\\uqbar.wollok-lsp-ide-0.5.4\\out\\server\\src\\server.js:2353:12950)\n    at H2.buildEnvironmentFrom (c:\\Users\\zagum\\.vscode\\extensions\\uqbar.wollok-lsp-ide-0.5.4\\out\\server\\src\\server.js:2398:5254)\n    at H2.updateEnvironmentWith (c:\\Users\\zagum\\.vscode\\extensions\\uqbar.wollok-lsp-ide-0.5.4\\out\\server\\src\\server.js:2398:4989)\n    at GF (c:\\Users\\zagum\\.vscode\\extensions\\uqbar.wollok-lsp-ide-0.5.4\\out\\server\\src\\server.js:2398:7383)\n    at V3.invoke (c:\\Users\\zagum\\.vscode\\extensions\\uqbar.wollok-lsp-ide-0.5.4\\out\\server\\src\\server.js:3:157328)\n    at o.fire (c:\\Users\\zagum\\.vscode\\extensions\\uqbar.wollok-lsp-ide-0.5.4\\out\\server\\src\\server.js:3:158098)\n    at c:\\Users\\zagum\\.vscode\\extensions\\uqbar.wollok-lsp-ide-0.5.4\\out\\server\\src\\server.js:37:57871\n    at nd (c:\\Users\\zagum\\.vscode\\extensions\\uqbar.wollok-lsp-ide-0.5.4\\out\\server\\src\\server.js:8:1561)","timestamp":"2026-07-05T01:54:01.702Z"}
{"level":"info","message":"⌛ Validating niveles.wlk","timeElapsed":107,"timestamp":"2026-07-05T01:54:01.809Z"}
{"level":"error","message":"✘ Failed to rebuild document Failed to parse niveles.wlk: \n-- PARSING FAILED --------------------------------------------------\n\n  605 |         opcionActual = (opcionActual + 1).min(2)\n  606 |         self.aplicar() \n> 607 |     }\n      |     ^\n  608 | \n  609 |     method aplicar() {\n\nExpected one of the following: \n\n'@', 'class', 'const', 'describe', 'mixin', 'object', 'only', 'package', 'program', 'test', 'var', '{', EOF, comment, not \"}\r\n\r\n    \", whitespace\n","stack":"Error: Failed to parse niveles.wlk: \n-- PARSING FAILED --------------------------------------------------\n\n  605 |         opcionActual = (opcionActual + 1).min(2)\n  606 |         self.aplicar() \n> 607 |     }\n      |     ^\n  608 | \n  609 |     method aplicar() {\n\nExpected one of the following: \n\n'@', 'class', 'const', 'describe', 'mixin', 'object', 'only', 'package', 'program', 'test', 'var', '{', EOF, comment, not \"}\r\n\r\n    \", whitespace\n\n    at c:\\Users\\zagum\\.vscode\\extensions\\uqbar.wollok-lsp-ide-0.5.4\\out\\server\\src\\server.js:2353:13026\n    at Array.map (<anonymous>)\n    at U1n (c:\\Users\\zagum\\.vscode\\extensions\\uqbar.wollok-lsp-ide-0.5.4\\out\\server\\src\\server.js:2353:12950)\n    at H2.buildEnvironmentFrom (c:\\Users\\zagum\\.vscode\\extensions\\uqbar.wollok-lsp-ide-0.5.4\\out\\server\\src\\server.js:2398:5254)\n    at H2.updateEnvironmentWith (c:\\Users\\zagum\\.vscode\\extensions\\uqbar.wollok-lsp-ide-0.5.4\\out\\server\\src\\server.js:2398:4989)\n    at GF (c:\\Users\\zagum\\.vscode\\extensions\\uqbar.wollok-lsp-ide-0.5.4\\out\\server\\src\\server.js:2398:7383)\n    at V3.invoke (c:\\Users\\zagum\\.vscode\\extensions\\uqbar.wollok-lsp-ide-0.5.4\\out\\server\\src\\server.js:3:157328)\n    at o.fire (c:\\Users\\zagum\\.vscode\\extensions\\uqbar.wollok-lsp-ide-0.5.4\\out\\server\\src\\server.js:3:158098)\n    at c:\\Users\\zagum\\.vscode\\extensions\\uqbar.wollok-lsp-ide-0.5.4\\out\\server\\src\\server.js:37:57871\n    at nd (c:\\Users\\zagum\\.vscode\\extensions\\uqbar.wollok-lsp-ide-0.5.4\\out\\server\\src\\server.js:8:1561)","timestamp":"2026-07-05T01:54:27.317Z"}
{"level":"info","message":"⌛ Building environment","timeElapsed":299,"timestamp":"2026-07-05T01:54:27.616Z"}
{"level":"info","message":"⌛ Building environment","timeElapsed":309,"timestamp":"2026-07-05T01:54:27.927Z"}
{"level":"info","message":"⌛ Building environment","timeElapsed":297,"timestamp":"2026-07-05T01:54:28.282Z"}
{"level":"info","message":"⌛ Validating niveles.wlk","timeElapsed":135,"timestamp":"2026-07-05T01:54:28.418Z"}
{"level":"info","message":"⌛ Building environment","timeElapsed":263,"timestamp":"2026-07-05T01:54:28.682Z"}
{"level":"info","message":"⌛ Building environment","timeElapsed":254,"timestamp":"2026-07-05T01:54:28.937Z"}
{"level":"info","message":"⌛ Validating niveles.wlk","timeElapsed":130,"timestamp":"2026-07-05T01:54:29.067Z"}
{"level":"info","message":"⌛ Building environment","timeElapsed":291,"timestamp":"2026-07-05T01:54:29.359Z"}
{"level":"info","message":"⌛ Validating niveles.wlk","timeElapsed":105,"timestamp":"2026-07-05T01:54:29.472Z"}
{"level":"info","message":"⌛ Building environment","timeElapsed":263,"timestamp":"2026-07-05T01:54:29.736Z"}
{"level":"info","message":"⌛ Validating niveles.wlk","timeElapsed":104,"timestamp":"2026-07-05T01:54:29.884Z"}
{"level":"info","message":"⌛ Validating niveles.wlk","timeElapsed":103,"timestamp":"2026-07-05T01:54:29.987Z"}
{"level":"info","message":"⌛ Validating niveles.wlk","timeElapsed":104,"timestamp":"2026-07-05T01:54:30.108Z"}
{"level":"info","message":"⌛ Building environment","timeElapsed":371,"timestamp":"2026-07-05T02:00:51.070Z"}
{"level":"info","message":"⌛ Validating niveles.wlk","timeElapsed":120,"timestamp":"2026-07-05T02:00:51.295Z"}
{"level":"info","message":"🚀 Program executed \u001b[3m\u001b[34mjuego.rpg\u001b[39m\u001b[23m on \u001b[3m\u001b[34mc:\\Users\\zagum\\OneDrive\\Documentos\\Santiago\\Cosas\\Tareas\\Programacion Objetos1\\tp-final-wollok-game-self-y-sus-amigos\u001b[39m\u001b[23m","ok":true,"timeElapsed":1651,"timestamp":"2026-07-05T02:04:19.681Z"}
{"exitCode":0,"level":"info","message":"👾 Game executed juego.rpg on c:\\Users\\zagum\\OneDrive\\Documentos\\Santiago\\Cosas\\Tareas\\Programacion Objetos1\\tp-final-wollok-game-self-y-sus-amigos","timeElapsed":47053,"timestamp":"2026-07-05T02:05:05.082Z"}
{"level":"info","message":"🚀 Program executed \u001b[3m\u001b[34mjuego.rpg\u001b[39m\u001b[23m on \u001b[3m\u001b[34mc:\\Users\\zagum\\OneDrive\\Documentos\\Santiago\\Cosas\\Tareas\\Programacion Objetos1\\tp-final-wollok-game-self-y-sus-amigos\u001b[39m\u001b[23m","ok":true,"timeElapsed":2055,"timestamp":"2026-07-05T02:11:45.326Z"}
{"level":"info","message":"⌛ Building environment","timeElapsed":332,"timestamp":"2026-07-05T02:12:35.166Z"}
{"level":"error","message":"✘ Completions for node Send ([622:23, 622:65] - niveles.wlk) failed: Error: [Send]{816513} at niveles.wlk:622 exhausted all cases without a match [Send]{816513} at niveles.wlk:622 exhausted all cases without a match","stack":"Error: [Send]{816513} at niveles.wlk:622 exhausted all cases without a match\n    at c:\\Users\\zagum\\.vscode\\extensions\\uqbar.wollok-lsp-ide-0.5.4\\out\\server\\src\\server.js:38:6142\n    at L2 (c:\\Users\\zagum\\.vscode\\extensions\\uqbar.wollok-lsp-ide-0.5.4\\out\\server\\src\\server.js:2389:42)\n    at Jh (c:\\Users\\zagum\\.vscode\\extensions\\uqbar.wollok-lsp-ide-0.5.4\\out\\server\\src\\server.js:2389:1092)\n    at M5n (c:\\Users\\zagum\\.vscode\\extensions\\uqbar.wollok-lsp-ide-0.5.4\\out\\server\\src\\server.js:2389:1248)\n    at c:\\Users\\zagum\\.vscode\\extensions\\uqbar.wollok-lsp-ide-0.5.4\\out\\server\\src\\server.js:38:6131\n    at L2 (c:\\Users\\zagum\\.vscode\\extensions\\uqbar.wollok-lsp-ide-0.5.4\\out\\server\\src\\server.js:2389:42)\n    at c:\\Users\\zagum\\.vscode\\extensions\\uqbar.wollok-lsp-ide-0.5.4\\out\\server\\src\\server.js:2389:2988\n    at c:\\Users\\zagum\\.vscode\\extensions\\uqbar.wollok-lsp-ide-0.5.4\\out\\server\\src\\server.js:2398:8440\n    at c:\\Users\\zagum\\.vscode\\extensions\\uqbar.wollok-lsp-ide-0.5.4\\out\\server\\src\\server.js:37:74872\n    at Ke (c:\\Users\\zagum\\.vscode\\extensions\\uqbar.wollok-lsp-ide-0.5.4\\out\\server\\src\\server.js:7:8527)","timestamp":"2026-07-05T02:12:35.202Z"}
{"level":"error","message":"✘ Completions for node Send ([622:23, 622:74] - niveles.wlk) failed: Error: [Send]{1b9e61} at niveles.wlk:622 exhausted all cases without a match [Send]{1b9e61} at niveles.wlk:622 exhausted all cases without a match","stack":"Error: [Send]{1b9e61} at niveles.wlk:622 exhausted all cases without a match\n    at c:\\Users\\zagum\\.vscode\\extensions\\uqbar.wollok-lsp-ide-0.5.4\\out\\server\\src\\server.js:38:6142\n    at L2 (c:\\Users\\zagum\\.vscode\\extensions\\uqbar.wollok-lsp-ide-0.5.4\\out\\server\\src\\server.js:2389:42)\n    at Jh (c:\\Users\\zagum\\.vscode\\extensions\\uqbar.wollok-lsp-ide-0.5.4\\out\\server\\src\\server.js:2389:1092)\n    at L2 (c:\\Users\\zagum\\.vscode\\extensions\\uqbar.wollok-lsp-ide-0.5.4\\out\\server\\src\\server.js:2389:544)\n    at Jh (c:\\Users\\zagum\\.vscode\\extensions\\uqbar.wollok-lsp-ide-0.5.4\\out\\server\\src\\server.js:2389:1092)\n    at M5n (c:\\Users\\zagum\\.vscode\\extensions\\uqbar.wollok-lsp-ide-0.5.4\\out\\server\\src\\server.js:2389:1248)\n    at c:\\Users\\zagum\\.vscode\\extensions\\uqbar.wollok-lsp-ide-0.5.4\\out\\server\\src\\server.js:38:6131\n    at L2 (c:\\Users\\zagum\\.vscode\\extensions\\uqbar.wollok-lsp-ide-0.5.4\\out\\server\\src\\server.js:2389:42)\n    at c:\\Users\\zagum\\.vscode\\extensions\\uqbar.wollok-lsp-ide-0.5.4\\out\\server\\src\\server.js:2389:2988\n    at c:\\Users\\zagum\\.vscode\\extensions\\uqbar.wollok-lsp-ide-0.5.4\\out\\server\\src\\server.js:2398:8440","timestamp":"2026-07-05T02:12:35.203Z"}
{"level":"error","message":"✘ Completions for node Send ([622:8, 622:75] - niveles.wlk) failed: Error: [Send]{75d10e} at niveles.wlk:622 exhausted all cases without a match [Send]{75d10e} at niveles.wlk:622 exhausted all cases without a match","stack":"Error: [Send]{75d10e} at niveles.wlk:622 exhausted all cases without a match\n    at c:\\Users\\zagum\\.vscode\\extensions\\uqbar.wollok-lsp-ide-0.5.4\\out\\server\\src\\server.js:38:6142\n    at L2 (c:\\Users\\zagum\\.vscode\\extensions\\uqbar.wollok-lsp-ide-0.5.4\\out\\server\\src\\server.js:2389:42)\n    at Jh (c:\\Users\\zagum\\.vscode\\extensions\\uqbar.wollok-lsp-ide-0.5.4\\out\\server\\src\\server.js:2389:1092)\n    at L2 (c:\\Users\\zagum\\.vscode\\extensions\\uqbar.wollok-lsp-ide-0.5.4\\out\\server\\src\\server.js:2389:544)\n    at Jh (c:\\Users\\zagum\\.vscode\\extensions\\uqbar.wollok-lsp-ide-0.5.4\\out\\server\\src\\server.js:2389:1092)\n    at L2 (c:\\Users\\zagum\\.vscode\\extensions\\uqbar.wollok-lsp-ide-0.5.4\\out\\server\\src\\server.js:2389:544)\n    at Jh (c:\\Users\\zagum\\.vscode\\extensions\\uqbar.wollok-lsp-ide-0.5.4\\out\\server\\src\\server.js:2389:1092)\n    at M5n (c:\\Users\\zagum\\.vscode\\extensions\\uqbar.wollok-lsp-ide-0.5.4\\out\\server\\src\\server.js:2389:1248)\n    at c:\\Users\\zagum\\.vscode\\extensions\\uqbar.wollok-lsp-ide-0.5.4\\out\\server\\src\\server.js:38:6131\n    at L2 (c:\\Users\\zagum\\.vscode\\extensions\\uqbar.wollok-lsp-ide-0.5.4\\out\\server\\src\\server.js:2389:42)","timestamp":"2026-07-05T02:12:35.203Z"}
{"level":"info","message":"⌛ Building environment","timeElapsed":304,"timestamp":"2026-07-05T02:12:35.510Z"}
{"level":"info","message":"⌛ Building environment","timeElapsed":282,"timestamp":"2026-07-05T02:12:35.794Z"}
{"level":"info","message":"⌛ Validating niveles.wlk","timeElapsed":132,"timestamp":"2026-07-05T02:12:35.926Z"}
{"level":"info","message":"⌛ Building environment","timeElapsed":263,"timestamp":"2026-07-05T02:12:36.190Z"}
{"level":"error","message":"✘ Completions for node Send ([622:23, 622:68] - niveles.wlk) failed: Error: [Send]{da9219} at niveles.wlk:622 exhausted all cases without a match [Send]{da9219} at niveles.wlk:622 exhausted all cases without a match","stack":"Error: [Send]{da9219} at niveles.wlk:622 exhausted all cases without a match\n    at c:\\Users\\zagum\\.vscode\\extensions\\uqbar.wollok-lsp-ide-0.5.4\\out\\server\\src\\server.js:38:6142\n    at L2 (c:\\Users\\zagum\\.vscode\\extensions\\uqbar.wollok-lsp-ide-0.5.4\\out\\server\\src\\server.js:2389:42)\n    at Jh (c:\\Users\\zagum\\.vscode\\extensions\\uqbar.wollok-lsp-ide-0.5.4\\out\\server\\src\\server.js:2389:1092)\n    at M5n (c:\\Users\\zagum\\.vscode\\extensions\\uqbar.wollok-lsp-ide-0.5.4\\out\\server\\src\\server.js:2389:1248)\n    at c:\\Users\\zagum\\.vscode\\extensions\\uqbar.wollok-lsp-ide-0.5.4\\out\\server\\src\\server.js:38:6131\n    at L2 (c:\\Users\\zagum\\.vscode\\extensions\\uqbar.wollok-lsp-ide-0.5.4\\out\\server\\src\\server.js:2389:42)\n    at c:\\Users\\zagum\\.vscode\\extensions\\uqbar.wollok-lsp-ide-0.5.4\\out\\server\\src\\server.js:2389:2988\n    at c:\\Users\\zagum\\.vscode\\extensions\\uqbar.wollok-lsp-ide-0.5.4\\out\\server\\src\\server.js:2398:8440\n    at c:\\Users\\zagum\\.vscode\\extensions\\uqbar.wollok-lsp-ide-0.5.4\\out\\server\\src\\server.js:37:74872\n    at Ke (c:\\Users\\zagum\\.vscode\\extensions\\uqbar.wollok-lsp-ide-0.5.4\\out\\server\\src\\server.js:7:8527)","timestamp":"2026-07-05T02:12:36.222Z"}
{"level":"error","message":"✘ Completions for node Send ([622:23, 622:77] - niveles.wlk) failed: Error: [Send]{45391d} at niveles.wlk:622 exhausted all cases without a match [Send]{45391d} at niveles.wlk:622 exhausted all cases without a match","stack":"Error: [Send]{45391d} at niveles.wlk:622 exhausted all cases without a match\n    at c:\\Users\\zagum\\.vscode\\extensions\\uqbar.wollok-lsp-ide-0.5.4\\out\\server\\src\\server.js:38:6142\n    at L2 (c:\\Users\\zagum\\.vscode\\extensions\\uqbar.wollok-lsp-ide-0.5.4\\out\\server\\src\\server.js:2389:42)\n    at Jh (c:\\Users\\zagum\\.vscode\\extensions\\uqbar.wollok-lsp-ide-0.5.4\\out\\server\\src\\server.js:2389:1092)\n    at L2 (c:\\Users\\zagum\\.vscode\\extensions\\uqbar.wollok-lsp-ide-0.5.4\\out\\server\\src\\server.js:2389:544)\n    at Jh (c:\\Users\\zagum\\.vscode\\extensions\\uqbar.wollok-lsp-ide-0.5.4\\out\\server\\src\\server.js:2389:1092)\n    at M5n (c:\\Users\\zagum\\.vscode\\extensions\\uqbar.wollok-lsp-ide-0.5.4\\out\\server\\src\\server.js:2389:1248)\n    at c:\\Users\\zagum\\.vscode\\extensions\\uqbar.wollok-lsp-ide-0.5.4\\out\\server\\src\\server.js:38:6131\n    at L2 (c:\\Users\\zagum\\.vscode\\extensions\\uqbar.wollok-lsp-ide-0.5.4\\out\\server\\src\\server.js:2389:42)\n    at c:\\Users\\zagum\\.vscode\\extensions\\uqbar.wollok-lsp-ide-0.5.4\\out\\server\\src\\server.js:2389:2988\n    at c:\\Users\\zagum\\.vscode\\extensions\\uqbar.wollok-lsp-ide-0.5.4\\out\\server\\src\\server.js:2398:8440","timestamp":"2026-07-05T02:12:36.222Z"}
{"level":"error","message":"✘ Completions for node Send ([622:8, 622:78] - niveles.wlk) failed: Error: [Send]{a953d7} at niveles.wlk:622 exhausted all cases without a match [Send]{a953d7} at niveles.wlk:622 exhausted all cases without a match","stack":"Error: [Send]{a953d7} at niveles.wlk:622 exhausted all cases without a match\n    at c:\\Users\\zagum\\.vscode\\extensions\\uqbar.wollok-lsp-ide-0.5.4\\out\\server\\src\\server.js:38:6142\n    at L2 (c:\\Users\\zagum\\.vscode\\extensions\\uqbar.wollok-lsp-ide-0.5.4\\out\\server\\src\\server.js:2389:42)\n    at Jh (c:\\Users\\zagum\\.vscode\\extensions\\uqbar.wollok-lsp-ide-0.5.4\\out\\server\\src\\server.js:2389:1092)\n    at L2 (c:\\Users\\zagum\\.vscode\\extensions\\uqbar.wollok-lsp-ide-0.5.4\\out\\server\\src\\server.js:2389:544)\n    at Jh (c:\\Users\\zagum\\.vscode\\extensions\\uqbar.wollok-lsp-ide-0.5.4\\out\\server\\src\\server.js:2389:1092)\n    at L2 (c:\\Users\\zagum\\.vscode\\extensions\\uqbar.wollok-lsp-ide-0.5.4\\out\\server\\src\\server.js:2389:544)\n    at Jh (c:\\Users\\zagum\\.vscode\\extensions\\uqbar.wollok-lsp-ide-0.5.4\\out\\server\\src\\server.js:2389:1092)\n    at M5n (c:\\Users\\zagum\\.vscode\\extensions\\uqbar.wollok-lsp-ide-0.5.4\\out\\server\\src\\server.js:2389:1248)\n    at c:\\Users\\zagum\\.vscode\\extensions\\uqbar.wollok-lsp-ide-0.5.4\\out\\server\\src\\server.js:38:6131\n    at L2 (c:\\Users\\zagum\\.vscode\\extensions\\uqbar.wollok-lsp-ide-0.5.4\\out\\server\\src\\server.js:2389:42)","timestamp":"2026-07-05T02:12:36.222Z"}
{"level":"info","message":"⌛ Building environment","timeElapsed":260,"timestamp":"2026-07-05T02:12:36.485Z"}
{"level":"info","message":"⌛ Building environment","timeElapsed":277,"timestamp":"2026-07-05T02:12:36.762Z"}
{"level":"info","message":"⌛ Validating niveles.wlk","timeElapsed":109,"timestamp":"2026-07-05T02:12:36.870Z"}
{"level":"info","message":"⌛ Building environment","timeElapsed":273,"timestamp":"2026-07-05T02:12:37.144Z"}
{"level":"info","message":"⌛ Validating niveles.wlk","timeElapsed":111,"timestamp":"2026-07-05T02:12:37.255Z"}
{"level":"info","message":"⌛ Validating niveles.wlk","timeElapsed":116,"timestamp":"2026-07-05T02:12:37.415Z"}
{"level":"info","message":"⌛ Validating niveles.wlk","timeElapsed":104,"timestamp":"2026-07-05T02:12:37.519Z"}
{"level":"info","message":"⌛ Validating niveles.wlk","timeElapsed":104,"timestamp":"2026-07-05T02:12:37.624Z"}
{"level":"info","message":"⌛ Validating niveles.wlk","timeElapsed":107,"timestamp":"2026-07-05T02:12:37.779Z"}
{"level":"info","message":"⌛ Building environment","timeElapsed":266,"timestamp":"2026-07-05T02:12:48.513Z"}
{"level":"info","message":"⌛ Building environment","timeElapsed":276,"timestamp":"2026-07-05T02:12:48.794Z"}
{"level":"info","message":"⌛ Validating niveles.wlk","timeElapsed":103,"timestamp":"2026-07-05T02:12:48.896Z"}
{"level":"info","message":"⌛ Validating niveles.wlk","timeElapsed":102,"timestamp":"2026-07-05T02:12:49.023Z"}
{"level":"info","message":"⌛ Building environment","timeElapsed":272,"timestamp":"2026-07-05T02:12:50.467Z"}
{"level":"error","message":"✘ Completions for node Send ([622:52, 622:74] - niveles.wlk) failed: Error: [Send]{eda8ee} at niveles.wlk:622 exhausted all cases without a match [Send]{eda8ee} at niveles.wlk:622 exhausted all cases without a match","stack":"Error: [Send]{eda8ee} at niveles.wlk:622 exhausted all cases without a match\n    at c:\\Users\\zagum\\.vscode\\extensions\\uqbar.wollok-lsp-ide-0.5.4\\out\\server\\src\\server.js:38:6142\n    at L2 (c:\\Users\\zagum\\.vscode\\extensions\\uqbar.wollok-lsp-ide-0.5.4\\out\\server\\src\\server.js:2389:42)\n    at c:\\Users\\zagum\\.vscode\\extensions\\uqbar.wollok-lsp-ide-0.5.4\\out\\server\\src\\server.js:2389:2988\n    at c:\\Users\\zagum\\.vscode\\extensions\\uqbar.wollok-lsp-ide-0.5.4\\out\\server\\src\\server.js:2398:8440\n    at c:\\Users\\zagum\\.vscode\\extensions\\uqbar.wollok-lsp-ide-0.5.4\\out\\server\\src\\server.js:37:74872\n    at Ke (c:\\Users\\zagum\\.vscode\\extensions\\uqbar.wollok-lsp-ide-0.5.4\\out\\server\\src\\server.js:7:8527)\n    at Lt (c:\\Users\\zagum\\.vscode\\extensions\\uqbar.wollok-lsp-ide-0.5.4\\out\\server\\src\\server.js:7:6189)\n    at ct (c:\\Users\\zagum\\.vscode\\extensions\\uqbar.wollok-lsp-ide-0.5.4\\out\\server\\src\\server.js:7:6378)\n    at Immediate._onImmediate (c:\\Users\\zagum\\.vscode\\extensions\\uqbar.wollok-lsp-ide-0.5.4\\out\\server\\src\\server.js:7:6142)\n    at process.processImmediate (node:internal/timers:504:21)","timestamp":"2026-07-05T02:12:50.499Z"}
{"level":"error","message":"✘ Completions for node Send ([622:23, 622:74] - niveles.wlk) failed: Error: [Send]{4e1793} at niveles.wlk:622 exhausted all cases without a match [Send]{4e1793} at niveles.wlk:622 exhausted all cases without a match","stack":"Error: [Send]{4e1793} at niveles.wlk:622 exhausted all cases without a match\n    at c:\\Users\\zagum\\.vscode\\extensions\\uqbar.wollok-lsp-ide-0.5.4\\out\\server\\src\\server.js:38:6142\n    at L2 (c:\\Users\\zagum\\.vscode\\extensions\\uqbar.wollok-lsp-ide-0.5.4\\out\\server\\src\\server.js:2389:42)\n    at Jh (c:\\Users\\zagum\\.vscode\\extensions\\uqbar.wollok-lsp-ide-0.5.4\\out\\server\\src\\server.js:2389:1092)\n    at L2 (c:\\Users\\zagum\\.vscode\\extensions\\uqbar.wollok-lsp-ide-0.5.4\\out\\server\\src\\server.js:2389:544)\n    at c:\\Users\\zagum\\.vscode\\extensions\\uqbar.wollok-lsp-ide-0.5.4\\out\\server\\src\\server.js:2389:2988\n    at c:\\Users\\zagum\\.vscode\\extensions\\uqbar.wollok-lsp-ide-0.5.4\\out\\server\\src\\server.js:2398:8440\n    at c:\\Users\\zagum\\.vscode\\extensions\\uqbar.wollok-lsp-ide-0.5.4\\out\\server\\src\\server.js:37:74872\n    at Ke (c:\\Users\\zagum\\.vscode\\extensions\\uqbar.wollok-lsp-ide-0.5.4\\out\\server\\src\\server.js:7:8527)\n    at Lt (c:\\Users\\zagum\\.vscode\\extensions\\uqbar.wollok-lsp-ide-0.5.4\\out\\server\\src\\server.js:7:6189)\n    at ct (c:\\Users\\zagum\\.vscode\\extensions\\uqbar.wollok-lsp-ide-0.5.4\\out\\server\\src\\server.js:7:6378)","timestamp":"2026-07-05T02:12:50.499Z"}
{"level":"error","message":"✘ Completions for node Send ([622:23, 622:83] - niveles.wlk) failed: Error: [Send]{c9c71d} at niveles.wlk:622 exhausted all cases without a match [Send]{c9c71d} at niveles.wlk:622 exhausted all cases without a match","stack":"Error: [Send]{c9c71d} at niveles.wlk:622 exhausted all cases without a match\n    at c:\\Users\\zagum\\.vscode\\extensions\\uqbar.wollok-lsp-ide-0.5.4\\out\\server\\src\\server.js:38:6142\n    at L2 (c:\\Users\\zagum\\.vscode\\extensions\\uqbar.wollok-lsp-ide-0.5.4\\out\\server\\src\\server.js:2389:42)\n    at Jh (c:\\Users\\zagum\\.vscode\\extensions\\uqbar.wollok-lsp-ide-0.5.4\\out\\server\\src\\server.js:2389:1092)\n    at L2 (c:\\Users\\zagum\\.vscode\\extensions\\uqbar.wollok-lsp-ide-0.5.4\\out\\server\\src\\server.js:2389:544)\n    at Jh (c:\\Users\\zagum\\.vscode\\extensions\\uqbar.wollok-lsp-ide-0.5.4\\out\\server\\src\\server.js:2389:1092)\n    at L2 (c:\\Users\\zagum\\.vscode\\extensions\\uqbar.wollok-lsp-ide-0.5.4\\out\\server\\src\\server.js:2389:544)\n    at c:\\Users\\zagum\\.vscode\\extensions\\uqbar.wollok-lsp-ide-0.5.4\\out\\server\\src\\server.js:2389:2988\n    at c:\\Users\\zagum\\.vscode\\extensions\\uqbar.wollok-lsp-ide-0.5.4\\out\\server\\src\\server.js:2398:8440\n    at c:\\Users\\zagum\\.vscode\\extensions\\uqbar.wollok-lsp-ide-0.5.4\\out\\server\\src\\server.js:37:74872\n    at Ke (c:\\Users\\zagum\\.vscode\\extensions\\uqbar.wollok-lsp-ide-0.5.4\\out\\server\\src\\server.js:7:8527)","timestamp":"2026-07-05T02:12:50.499Z"}
{"level":"error","message":"✘ Completions for node Send ([622:8, 622:84] - niveles.wlk) failed: Error: [Send]{4cf6ea} at niveles.wlk:622 exhausted all cases without a match [Send]{4cf6ea} at niveles.wlk:622 exhausted all cases without a match","stack":"Error: [Send]{4cf6ea} at niveles.wlk:622 exhausted all cases without a match\n    at c:\\Users\\zagum\\.vscode\\extensions\\uqbar.wollok-lsp-ide-0.5.4\\out\\server\\src\\server.js:38:6142\n    at L2 (c:\\Users\\zagum\\.vscode\\extensions\\uqbar.wollok-lsp-ide-0.5.4\\out\\server\\src\\server.js:2389:42)\n    at Jh (c:\\Users\\zagum\\.vscode\\extensions\\uqbar.wollok-lsp-ide-0.5.4\\out\\server\\src\\server.js:2389:1092)\n    at L2 (c:\\Users\\zagum\\.vscode\\extensions\\uqbar.wollok-lsp-ide-0.5.4\\out\\server\\src\\server.js:2389:544)\n    at Jh (c:\\Users\\zagum\\.vscode\\extensions\\uqbar.wollok-lsp-ide-0.5.4\\out\\server\\src\\server.js:2389:1092)\n    at L2 (c:\\Users\\zagum\\.vscode\\extensions\\uqbar.wollok-lsp-ide-0.5.4\\out\\server\\src\\server.js:2389:544)\n    at Jh (c:\\Users\\zagum\\.vscode\\extensions\\uqbar.wollok-lsp-ide-0.5.4\\out\\server\\src\\server.js:2389:1092)\n    at L2 (c:\\Users\\zagum\\.vscode\\extensions\\uqbar.wollok-lsp-ide-0.5.4\\out\\server\\src\\server.js:2389:544)\n    at c:\\Users\\zagum\\.vscode\\extensions\\uqbar.wollok-lsp-ide-0.5.4\\out\\server\\src\\server.js:2389:2988\n    at c:\\Users\\zagum\\.vscode\\extensions\\uqbar.wollok-lsp-ide-0.5.4\\out\\server\\src\\server.js:2398:8440","timestamp":"2026-07-05T02:12:50.499Z"}
{"level":"info","message":"⌛ Building environment","timeElapsed":262,"timestamp":"2026-07-05T02:12:50.787Z"}
{"level":"info","message":"⌛ Validating niveles.wlk","timeElapsed":112,"timestamp":"2026-07-05T02:12:50.904Z"}
{"level":"info","message":"⌛ Building environment","timeElapsed":257,"timestamp":"2026-07-05T02:12:51.161Z"}
{"level":"info","message":"⌛ Building environment","timeElapsed":299,"timestamp":"2026-07-05T02:12:51.461Z"}
{"level":"info","message":"⌛ Validating niveles.wlk","timeElapsed":101,"timestamp":"2026-07-05T02:12:51.567Z"}
{"level":"info","message":"⌛ Building environment","timeElapsed":256,"timestamp":"2026-07-05T02:12:51.965Z"}
{"level":"info","message":"⌛ Validating niveles.wlk","timeElapsed":119,"timestamp":"2026-07-05T02:12:52.126Z"}
{"level":"info","message":"⌛ Building environment","timeElapsed":293,"timestamp":"2026-07-05T02:12:57.556Z"}
{"level":"info","message":"⌛ Building environment","timeElapsed":281,"timestamp":"2026-07-05T02:12:57.844Z"}
{"level":"info","message":"⌛ Validating niveles.wlk","timeElapsed":101,"timestamp":"2026-07-05T02:12:57.946Z"}
{"level":"info","message":"⌛ Building environment","timeElapsed":313,"timestamp":"2026-07-05T02:12:58.288Z"}
{"level":"info","message":"⌛ Building environment","timeElapsed":313,"timestamp":"2026-07-05T02:12:58.605Z"}
{"level":"info","message":"⌛ Building environment","timeElapsed":267,"timestamp":"2026-07-05T02:12:58.876Z"}
{"level":"info","message":"⌛ Validating niveles.wlk","timeElapsed":101,"timestamp":"2026-07-05T02:12:58.977Z"}
{"level":"info","message":"⌛ Validating niveles.wlk","timeElapsed":106,"timestamp":"2026-07-05T02:12:59.177Z"}
{"level":"info","message":"⌛ Validating niveles.wlk","timeElapsed":103,"timestamp":"2026-07-05T02:12:59.381Z"}
{"level":"info","message":"⌛ Building environment","timeElapsed":315,"timestamp":"2026-07-05T02:12:59.814Z"}
{"level":"info","message":"⌛ Validating niveles.wlk","timeElapsed":103,"timestamp":"2026-07-05T02:12:59.962Z"}
{"level":"info","message":"⌛ Building environment","timeElapsed":270,"timestamp":"2026-07-05T02:13:00.391Z"}
{"level":"info","message":"⌛ Building environment","timeElapsed":271,"timestamp":"2026-07-05T02:13:00.699Z"}
{"level":"info","message":"⌛ Building environment","timeElapsed":298,"timestamp":"2026-07-05T02:13:01.025Z"}
{"level":"info","message":"⌛ Validating niveles.wlk","timeElapsed":103,"timestamp":"2026-07-05T02:13:01.134Z"}
{"level":"info","message":"⌛ Building environment","timeElapsed":290,"timestamp":"2026-07-05T02:13:01.423Z"}
{"level":"info","message":"⌛ Building environment","timeElapsed":265,"timestamp":"2026-07-05T02:13:01.724Z"}
{"level":"info","message":"⌛ Validating niveles.wlk","timeElapsed":104,"timestamp":"2026-07-05T02:13:01.829Z"}
{"level":"info","message":"⌛ Building environment","timeElapsed":277,"timestamp":"2026-07-05T02:13:02.106Z"}
{"level":"info","message":"⌛ Validating niveles.wlk","timeElapsed":110,"timestamp":"2026-07-05T02:13:02.258Z"}
{"level":"info","message":"⌛ Building environment","timeElapsed":297,"timestamp":"2026-07-05T02:13:02.556Z"}
{"level":"info","message":"⌛ Building environment","timeElapsed":264,"timestamp":"2026-07-05T02:13:02.949Z"}
{"level":"info","message":"⌛ Validating niveles.wlk","timeElapsed":106,"timestamp":"2026-07-05T02:13:03.087Z"}
{"level":"info","message":"⌛ Building environment","timeElapsed":282,"timestamp":"2026-07-05T02:13:03.370Z"}
{"level":"info","message":"⌛ Building environment","timeElapsed":273,"timestamp":"2026-07-05T02:13:03.643Z"}
{"level":"info","message":"⌛ Building environment","timeElapsed":272,"timestamp":"2026-07-05T02:13:03.915Z"}
{"level":"info","message":"⌛ Building environment","timeElapsed":267,"timestamp":"2026-07-05T02:13:04.278Z"}
{"level":"info","message":"⌛ Building environment","timeElapsed":356,"timestamp":"2026-07-05T02:13:04.634Z"}
{"level":"info","message":"⌛ Building environment","timeElapsed":256,"timestamp":"2026-07-05T02:13:04.992Z"}
{"level":"info","message":"⌛ Validating niveles.wlk","timeElapsed":103,"timestamp":"2026-07-05T02:13:05.095Z"}
{"level":"info","message":"⌛ Building environment","timeElapsed":259,"timestamp":"2026-07-05T02:13:05.355Z"}
{"level":"info","message":"⌛ Building environment","timeElapsed":265,"timestamp":"2026-07-05T02:13:05.655Z"}
{"level":"info","message":"⌛ Building environment","timeElapsed":259,"timestamp":"2026-07-05T02:13:05.920Z"}
{"level":"info","message":"⌛ Building environment","timeElapsed":293,"timestamp":"2026-07-05T02:13:06.213Z"}
{"level":"info","message":"⌛ Building environment","timeElapsed":275,"timestamp":"2026-07-05T02:13:06.493Z"}
{"level":"info","message":"⌛ Validating niveles.wlk","timeElapsed":107,"timestamp":"2026-07-05T02:13:06.600Z"}
{"level":"info","message":"⌛ Validating niveles.wlk","timeElapsed":107,"timestamp":"2026-07-05T02:13:06.729Z"}
{"level":"info","message":"⌛ Validating niveles.wlk","timeElapsed":102,"timestamp":"2026-07-05T02:13:06.832Z"}
{"level":"info","message":"⌛ Validating niveles.wlk","timeElapsed":103,"timestamp":"2026-07-05T02:13:06.935Z"}
{"level":"info","message":"⌛ Validating niveles.wlk","timeElapsed":102,"timestamp":"2026-07-05T02:13:07.038Z"}
{"level":"info","message":"⌛ Validating niveles.wlk","timeElapsed":101,"timestamp":"2026-07-05T02:13:07.140Z"}
{"level":"info","message":"⌛ Validating niveles.wlk","timeElapsed":101,"timestamp":"2026-07-05T02:13:07.274Z"}
{"level":"info","message":"⌛ Validating niveles.wlk","timeElapsed":101,"timestamp":"2026-07-05T02:13:07.375Z"}
{"level":"info","message":"⌛ Building environment","timeElapsed":288,"timestamp":"2026-07-05T02:13:07.664Z"}
{"level":"info","message":"⌛ Validating niveles.wlk","timeElapsed":103,"timestamp":"2026-07-05T02:13:07.768Z"}
{"level":"info","message":"⌛ Building environment","timeElapsed":333,"timestamp":"2026-07-05T02:13:08.102Z"}
{"level":"error","message":"✘ Completions for node Return (undefined - niveles.wlk) failed: Error: [Return]{e9bc44} at niveles.wlk:-- exhausted all cases without a match [Return]{e9bc44} at niveles.wlk:-- exhausted all cases without a match","stack":"Error: [Return]{e9bc44} at niveles.wlk:-- exhausted all cases without a match\n    at c:\\Users\\zagum\\.vscode\\extensions\\uqbar.wollok-lsp-ide-0.5.4\\out\\server\\src\\server.js:38:6142\n    at L2 (c:\\Users\\zagum\\.vscode\\extensions\\uqbar.wollok-lsp-ide-0.5.4\\out\\server\\src\\server.js:2389:42)\n    at Jh (c:\\Users\\zagum\\.vscode\\extensions\\uqbar.wollok-lsp-ide-0.5.4\\out\\server\\src\\server.js:2389:1092)\n    at M5n (c:\\Users\\zagum\\.vscode\\extensions\\uqbar.wollok-lsp-ide-0.5.4\\out\\server\\src\\server.js:2389:1248)\n    at c:\\Users\\zagum\\.vscode\\extensions\\uqbar.wollok-lsp-ide-0.5.4\\out\\server\\src\\server.js:38:6131\n    at L2 (c:\\Users\\zagum\\.vscode\\extensions\\uqbar.wollok-lsp-ide-0.5.4\\out\\server\\src\\server.js:2389:42)\n    at c:\\Users\\zagum\\.vscode\\extensions\\uqbar.wollok-lsp-ide-0.5.4\\out\\server\\src\\server.js:2389:2988\n    at c:\\Users\\zagum\\.vscode\\extensions\\uqbar.wollok-lsp-ide-0.5.4\\out\\server\\src\\server.js:2398:8440\n    at c:\\Users\\zagum\\.vscode\\extensions\\uqbar.wollok-lsp-ide-0.5.4\\out\\server\\src\\server.js:37:74872\n    at Ke (c:\\Users\\zagum\\.vscode\\extensions\\uqbar.wollok-lsp-ide-0.5.4\\out\\server\\src\\server.js:7:8527)","timestamp":"2026-07-05T02:13:08.139Z"}
{"level":"info","message":"⌛ Building environment","timeElapsed":260,"timestamp":"2026-07-05T02:13:08.401Z"}
{"level":"info","message":"⌛ Building environment","timeElapsed":265,"timestamp":"2026-07-05T02:13:08.670Z"}
{"level":"info","message":"⌛ Validating niveles.wlk","timeElapsed":116,"timestamp":"2026-07-05T02:13:08.786Z"}
{"level":"info","message":"⌛ Building environment","timeElapsed":254,"timestamp":"2026-07-05T02:13:09.065Z"}
{"level":"info","message":"⌛ Validating niveles.wlk","timeElapsed":109,"timestamp":"2026-07-05T02:13:09.174Z"}
{"level":"info","message":"⌛ Building environment","timeElapsed":288,"timestamp":"2026-07-05T02:13:09.469Z"}
{"level":"info","message":"⌛ Building environment","timeElapsed":256,"timestamp":"2026-07-05T02:13:09.728Z"}
{"level":"info","message":"⌛ Building environment","timeElapsed":268,"timestamp":"2026-07-05T02:13:09.996Z"}
{"level":"info","message":"⌛ Building environment","timeElapsed":278,"timestamp":"2026-07-05T02:13:10.279Z"}
{"level":"info","message":"⌛ Validating niveles.wlk","timeElapsed":102,"timestamp":"2026-07-05T02:13:10.382Z"}
{"level":"info","message":"⌛ Validating niveles.wlk","timeElapsed":101,"timestamp":"2026-07-05T02:13:10.487Z"}
{"level":"info","message":"⌛ Validating niveles.wlk","timeElapsed":103,"timestamp":"2026-07-05T02:13:10.592Z"}
{"level":"info","message":"⌛ Validating niveles.wlk","timeElapsed":101,"timestamp":"2026-07-05T02:13:10.693Z"}
{"level":"info","message":"⌛ Validating niveles.wlk","timeElapsed":104,"timestamp":"2026-07-05T02:13:10.993Z"}
{"level":"info","message":"⌛ Validating niveles.wlk","timeElapsed":115,"timestamp":"2026-07-05T02:13:11.109Z"}
{"level":"info","message":"⌛ Building environment","timeElapsed":263,"timestamp":"2026-07-05T02:13:12.510Z"}
{"level":"info","message":"⌛ Building environment","timeElapsed":271,"timestamp":"2026-07-05T02:13:12.781Z"}
{"level":"info","message":"⌛ Building environment","timeElapsed":271,"timestamp":"2026-07-05T02:13:13.156Z"}
{"level":"info","message":"⌛ Validating niveles.wlk","timeElapsed":108,"timestamp":"2026-07-05T02:13:13.265Z"}
{"level":"info","message":"⌛ Building environment","timeElapsed":269,"timestamp":"2026-07-05T02:13:13.539Z"}
{"level":"info","message":"⌛ Validating niveles.wlk","timeElapsed":108,"timestamp":"2026-07-05T02:13:13.647Z"}
{"level":"info","message":"⌛ Building environment","timeElapsed":309,"timestamp":"2026-07-05T02:13:13.956Z"}
{"level":"info","message":"⌛ Validating niveles.wlk","timeElapsed":102,"timestamp":"2026-07-05T02:13:14.062Z"}
{"level":"info","message":"⌛ Validating niveles.wlk","timeElapsed":102,"timestamp":"2026-07-05T02:13:14.168Z"}
{"level":"info","message":"⌛ Building environment","timeElapsed":303,"timestamp":"2026-07-05T02:13:14.518Z"}
{"level":"info","message":"⌛ Building environment","timeElapsed":276,"timestamp":"2026-07-05T02:13:14.832Z"}
{"level":"info","message":"⌛ Validating niveles.wlk","timeElapsed":111,"timestamp":"2026-07-05T02:13:14.947Z"}
{"level":"info","message":"⌛ Validating niveles.wlk","timeElapsed":101,"timestamp":"2026-07-05T02:13:15.074Z"}
{"level":"info","message":"⌛ Building environment","timeElapsed":269,"timestamp":"2026-07-05T02:13:15.343Z"}
{"level":"info","message":"⌛ Building environment","timeElapsed":272,"timestamp":"2026-07-05T02:13:15.621Z"}
{"level":"info","message":"⌛ Building environment","timeElapsed":283,"timestamp":"2026-07-05T02:13:15.939Z"}
{"level":"info","message":"⌛ Validating niveles.wlk","timeElapsed":103,"timestamp":"2026-07-05T02:13:16.043Z"}
{"level":"info","message":"⌛ Building environment","timeElapsed":297,"timestamp":"2026-07-05T02:13:16.341Z"}
{"level":"info","message":"⌛ Validating niveles.wlk","timeElapsed":105,"timestamp":"2026-07-05T02:13:16.447Z"}
{"level":"info","message":"⌛ Building environment","timeElapsed":266,"timestamp":"2026-07-05T02:13:16.738Z"}
{"level":"info","message":"⌛ Validating niveles.wlk","timeElapsed":107,"timestamp":"2026-07-05T02:13:16.846Z"}
{"level":"info","message":"⌛ Building environment","timeElapsed":270,"timestamp":"2026-07-05T02:13:17.116Z"}
{"level":"info","message":"⌛ Building environment","timeElapsed":264,"timestamp":"2026-07-05T02:13:17.385Z"}
{"level":"info","message":"⌛ Validating niveles.wlk","timeElapsed":113,"timestamp":"2026-07-05T02:13:17.651Z"}
{"level":"info","message":"⌛ Building environment","timeElapsed":324,"timestamp":"2026-07-05T02:13:17.976Z"}
{"level":"info","message":"⌛ Building environment","timeElapsed":293,"timestamp":"2026-07-05T02:13:18.310Z"}
{"level":"error","message":"✘ Completions for node Send ([571:9, 571:15] - niveles.wlk) failed: Error: [Send]{f91bcc} at niveles.wlk:571 exhausted all cases without a match [Send]{f91bcc} at niveles.wlk:571 exhausted all cases without a match","stack":"Error: [Send]{f91bcc} at niveles.wlk:571 exhausted all cases without a match\n    at c:\\Users\\zagum\\.vscode\\extensions\\uqbar.wollok-lsp-ide-0.5.4\\out\\server\\src\\server.js:38:6142\n    at L2 (c:\\Users\\zagum\\.vscode\\extensions\\uqbar.wollok-lsp-ide-0.5.4\\out\\server\\src\\server.js:2389:42)\n    at Jh (c:\\Users\\zagum\\.vscode\\extensions\\uqbar.wollok-lsp-ide-0.5.4\\out\\server\\src\\server.js:2389:1092)\n    at M5n (c:\\Users\\zagum\\.vscode\\extensions\\uqbar.wollok-lsp-ide-0.5.4\\out\\server\\src\\server.js:2389:1248)\n    at c:\\Users\\zagum\\.vscode\\extensions\\uqbar.wollok-lsp-ide-0.5.4\\out\\server\\src\\server.js:38:6131\n    at L2 (c:\\Users\\zagum\\.vscode\\extensions\\uqbar.wollok-lsp-ide-0.5.4\\out\\server\\src\\server.js:2389:42)\n    at c:\\Users\\zagum\\.vscode\\extensions\\uqbar.wollok-lsp-ide-0.5.4\\out\\server\\src\\server.js:2389:2988\n    at c:\\Users\\zagum\\.vscode\\extensions\\uqbar.wollok-lsp-ide-0.5.4\\out\\server\\src\\server.js:2398:8440\n    at c:\\Users\\zagum\\.vscode\\extensions\\uqbar.wollok-lsp-ide-0.5.4\\out\\server\\src\\server.js:37:74872\n    at Ke (c:\\Users\\zagum\\.vscode\\extensions\\uqbar.wollok-lsp-ide-0.5.4\\out\\server\\src\\server.js:7:8527)","timestamp":"2026-07-05T02:13:18.342Z"}
{"level":"info","message":"⌛ Validating niveles.wlk","timeElapsed":110,"timestamp":"2026-07-05T02:13:18.456Z"}
{"level":"info","message":"⌛ Building environment","timeElapsed":257,"timestamp":"2026-07-05T02:13:18.713Z"}
{"level":"info","message":"⌛ Building environment","timeElapsed":301,"timestamp":"2026-07-05T02:13:19.045Z"}
{"level":"info","message":"⌛ Validating niveles.wlk","timeElapsed":107,"timestamp":"2026-07-05T02:13:19.157Z"}
{"level":"info","message":"⌛ Building environment","timeElapsed":256,"timestamp":"2026-07-05T02:13:19.755Z"}
{"level":"info","message":"⌛ Validating niveles.wlk","timeElapsed":104,"timestamp":"2026-07-05T02:13:19.858Z"}
{"level":"info","message":"⌛ Validating niveles.wlk","timeElapsed":101,"timestamp":"2026-07-05T02:13:20.003Z"}
{"level":"info","message":"⌛ Building environment","timeElapsed":271,"timestamp":"2026-07-05T02:13:20.606Z"}
{"level":"info","message":"⌛ Building environment","timeElapsed":269,"timestamp":"2026-07-05T02:13:21.297Z"}
{"level":"info","message":"⌛ Building environment","timeElapsed":306,"timestamp":"2026-07-05T02:13:23.768Z"}
{"level":"info","message":"⌛ Building environment","timeElapsed":259,"timestamp":"2026-07-05T02:13:25.958Z"}
{"level":"info","message":"⌛ Building environment","timeElapsed":275,"timestamp":"2026-07-05T02:13:26.233Z"}
{"level":"info","message":"⌛ Building environment","timeElapsed":261,"timestamp":"2026-07-05T02:13:27.592Z"}
{"level":"info","message":"⌛ Building environment","timeElapsed":262,"timestamp":"2026-07-05T02:13:28.146Z"}
{"level":"info","message":"⌛ Building environment","timeElapsed":317,"timestamp":"2026-07-05T02:13:28.592Z"}
{"level":"info","message":"⌛ Building environment","timeElapsed":291,"timestamp":"2026-07-05T02:13:29.031Z"}
{"level":"info","message":"⌛ Building environment","timeElapsed":304,"timestamp":"2026-07-05T02:13:29.340Z"}
{"level":"info","message":"⌛ Building environment","timeElapsed":266,"timestamp":"2026-07-05T02:13:29.606Z"}
{"level":"info","message":"⌛ Validating niveles.wlk","timeElapsed":101,"timestamp":"2026-07-05T02:13:29.708Z"}
{"level":"info","message":"⌛ Validating niveles.wlk","timeElapsed":110,"timestamp":"2026-07-05T02:13:29.939Z"}
{"level":"info","message":"⌛ Building environment","timeElapsed":263,"timestamp":"2026-07-05T02:13:32.856Z"}
{"level":"info","message":"⌛ Building environment","timeElapsed":261,"timestamp":"2026-07-05T02:13:33.117Z"}
{"level":"info","message":"⌛ Validating niveles.wlk","timeElapsed":101,"timestamp":"2026-07-05T02:13:33.223Z"}
{"level":"info","message":"⌛ Building environment","timeElapsed":271,"timestamp":"2026-07-05T02:13:34.294Z"}
{"level":"error","message":"✘ Completions for node If ([571:9, 573:10] - niveles.wlk) failed: Error: [If]{eb6e9c} at niveles.wlk:571 exhausted all cases without a match [If]{eb6e9c} at niveles.wlk:571 exhausted all cases without a match","stack":"Error: [If]{eb6e9c} at niveles.wlk:571 exhausted all cases without a match\n    at c:\\Users\\zagum\\.vscode\\extensions\\uqbar.wollok-lsp-ide-0.5.4\\out\\server\\src\\server.js:38:6142\n    at L2 (c:\\Users\\zagum\\.vscode\\extensions\\uqbar.wollok-lsp-ide-0.5.4\\out\\server\\src\\server.js:2389:42)\n    at Jh (c:\\Users\\zagum\\.vscode\\extensions\\uqbar.wollok-lsp-ide-0.5.4\\out\\server\\src\\server.js:2389:1092)\n    at v5n (c:\\Users\\zagum\\.vscode\\extensions\\uqbar.wollok-lsp-ide-0.5.4\\out\\server\\src\\server.js:2389:818)\n    at c:\\Users\\zagum\\.vscode\\extensions\\uqbar.wollok-lsp-ide-0.5.4\\out\\server\\src\\server.js:38:6131\n    at L2 (c:\\Users\\zagum\\.vscode\\extensions\\uqbar.wollok-lsp-ide-0.5.4\\out\\server\\src\\server.js:2389:42)\n    at Jh (c:\\Users\\zagum\\.vscode\\extensions\\uqbar.wollok-lsp-ide-0.5.4\\out\\server\\src\\server.js:2389:1092)\n    at M5n (c:\\Users\\zagum\\.vscode\\extensions\\uqbar.wollok-lsp-ide-0.5.4\\out\\server\\src\\server.js:2389:1248)\n    at c:\\Users\\zagum\\.vscode\\extensions\\uqbar.wollok-lsp-ide-0.5.4\\out\\server\\src\\server.js:38:6131\n    at L2 (c:\\Users\\zagum\\.vscode\\extensions\\uqbar.wollok-lsp-ide-0.5.4\\out\\server\\src\\server.js:2389:42)","timestamp":"2026-07-05T02:13:34.333Z"}
{"level":"info","message":"⌛ Building environment","timeElapsed":273,"timestamp":"2026-07-05T02:13:34.609Z"}
{"level":"info","message":"⌛ Building environment","timeElapsed":276,"timestamp":"2026-07-05T02:13:34.890Z"}
{"level":"info","message":"⌛ Validating niveles.wlk","timeElapsed":151,"timestamp":"2026-07-05T02:13:35.043Z"}
{"level":"info","message":"⌛ Building environment","timeElapsed":299,"timestamp":"2026-07-05T02:13:35.342Z"}
{"level":"error","message":"✘ Completions for node If ([571:9, 573:10] - niveles.wlk) failed: Error: [If]{789c17} at niveles.wlk:571 exhausted all cases without a match [If]{789c17} at niveles.wlk:571 exhausted all cases without a match","stack":"Error: [If]{789c17} at niveles.wlk:571 exhausted all cases without a match\n    at c:\\Users\\zagum\\.vscode\\extensions\\uqbar.wollok-lsp-ide-0.5.4\\out\\server\\src\\server.js:38:6142\n    at L2 (c:\\Users\\zagum\\.vscode\\extensions\\uqbar.wollok-lsp-ide-0.5.4\\out\\server\\src\\server.js:2389:42)\n    at Jh (c:\\Users\\zagum\\.vscode\\extensions\\uqbar.wollok-lsp-ide-0.5.4\\out\\server\\src\\server.js:2389:1092)\n    at v5n (c:\\Users\\zagum\\.vscode\\extensions\\uqbar.wollok-lsp-ide-0.5.4\\out\\server\\src\\server.js:2389:818)\n    at c:\\Users\\zagum\\.vscode\\extensions\\uqbar.wollok-lsp-ide-0.5.4\\out\\server\\src\\server.js:38:6131\n    at L2 (c:\\Users\\zagum\\.vscode\\extensions\\uqbar.wollok-lsp-ide-0.5.4\\out\\server\\src\\server.js:2389:42)\n    at Jh (c:\\Users\\zagum\\.vscode\\extensions\\uqbar.wollok-lsp-ide-0.5.4\\out\\server\\src\\server.js:2389:1092)\n    at M5n (c:\\Users\\zagum\\.vscode\\extensions\\uqbar.wollok-lsp-ide-0.5.4\\out\\server\\src\\server.js:2389:1248)\n    at c:\\Users\\zagum\\.vscode\\extensions\\uqbar.wollok-lsp-ide-0.5.4\\out\\server\\src\\server.js:38:6131\n    at L2 (c:\\Users\\zagum\\.vscode\\extensions\\uqbar.wollok-lsp-ide-0.5.4\\out\\server\\src\\server.js:2389:42)","timestamp":"2026-07-05T02:13:35.373Z"}
{"level":"info","message":"⌛ Building environment","timeElapsed":284,"timestamp":"2026-07-05T02:13:35.660Z"}
{"level":"info","message":"⌛ Validating niveles.wlk","timeElapsed":111,"timestamp":"2026-07-05T02:13:35.770Z"}
{"level":"info","message":"⌛ Building environment","timeElapsed":264,"timestamp":"2026-07-05T02:13:36.035Z"}
{"level":"info","message":"⌛ Validating niveles.wlk","timeElapsed":104,"timestamp":"2026-07-05T02:13:36.145Z"}
{"level":"info","message":"⌛ Validating niveles.wlk","timeElapsed":103,"timestamp":"2026-07-05T02:13:36.311Z"}
{"level":"info","message":"⌛ Building environment","timeElapsed":275,"timestamp":"2026-07-05T02:13:36.586Z"}
{"level":"info","message":"⌛ Validating niveles.wlk","timeElapsed":103,"timestamp":"2026-07-05T02:13:36.699Z"}
{"level":"info","message":"⌛ Building environment","timeElapsed":271,"timestamp":"2026-07-05T02:13:36.972Z"}
{"level":"error","message":"✘ Completions for node Return ([572:13, 572:21] - niveles.wlk) failed: Error: [Return]{21188b} at niveles.wlk:572 exhausted all cases without a match [Return]{21188b} at niveles.wlk:572 exhausted all cases without a match","stack":"Error: [Return]{21188b} at niveles.wlk:572 exhausted all cases without a match\n    at c:\\Users\\zagum\\.vscode\\extensions\\uqbar.wollok-lsp-ide-0.5.4\\out\\server\\src\\server.js:38:6142\n    at L2 (c:\\Users\\zagum\\.vscode\\extensions\\uqbar.wollok-lsp-ide-0.5.4\\out\\server\\src\\server.js:2389:42)\n    at Jh (c:\\Users\\zagum\\.vscode\\extensions\\uqbar.wollok-lsp-ide-0.5.4\\out\\server\\src\\server.js:2389:1092)\n    at M5n (c:\\Users\\zagum\\.vscode\\extensions\\uqbar.wollok-lsp-ide-0.5.4\\out\\server\\src\\server.js:2389:1248)\n    at c:\\Users\\zagum\\.vscode\\extensions\\uqbar.wollok-lsp-ide-0.5.4\\out\\server\\src\\server.js:38:6131\n    at L2 (c:\\Users\\zagum\\.vscode\\extensions\\uqbar.wollok-lsp-ide-0.5.4\\out\\server\\src\\server.js:2389:42)\n    at c:\\Users\\zagum\\.vscode\\extensions\\uqbar.wollok-lsp-ide-0.5.4\\out\\server\\src\\server.js:2389:2988\n    at c:\\Users\\zagum\\.vscode\\extensions\\uqbar.wollok-lsp-ide-0.5.4\\out\\server\\src\\server.js:2398:8440\n    at c:\\Users\\zagum\\.vscode\\extensions\\uqbar.wollok-lsp-ide-0.5.4\\out\\server\\src\\server.js:37:74872\n    at Ke (c:\\Users\\zagum\\.vscode\\extensions\\uqbar.wollok-lsp-ide-0.5.4\\out\\server\\src\\server.js:7:8527)","timestamp":"2026-07-05T02:13:37.007Z"}
{"level":"error","message":"✘ Completions for node If ([571:9, 573:10] - niveles.wlk) failed: Error: [If]{eac58e} at niveles.wlk:571 exhausted all cases without a match [If]{eac58e} at niveles.wlk:571 exhausted all cases without a match","stack":"Error: [If]{eac58e} at niveles.wlk:571 exhausted all cases without a match\n    at c:\\Users\\zagum\\.vscode\\extensions\\uqbar.wollok-lsp-ide-0.5.4\\out\\server\\src\\server.js:38:6142\n    at L2 (c:\\Users\\zagum\\.vscode\\extensions\\uqbar.wollok-lsp-ide-0.5.4\\out\\server\\src\\server.js:2389:42)\n    at Jh (c:\\Users\\zagum\\.vscode\\extensions\\uqbar.wollok-lsp-ide-0.5.4\\out\\server\\src\\server.js:2389:1092)\n    at v5n (c:\\Users\\zagum\\.vscode\\extensions\\uqbar.wollok-lsp-ide-0.5.4\\out\\server\\src\\server.js:2389:818)\n    at c:\\Users\\zagum\\.vscode\\extensions\\uqbar.wollok-lsp-ide-0.5.4\\out\\server\\src\\server.js:38:6131\n    at L2 (c:\\Users\\zagum\\.vscode\\extensions\\uqbar.wollok-lsp-ide-0.5.4\\out\\server\\src\\server.js:2389:42)\n    at Jh (c:\\Users\\zagum\\.vscode\\extensions\\uqbar.wollok-lsp-ide-0.5.4\\out\\server\\src\\server.js:2389:1092)\n    at L2 (c:\\Users\\zagum\\.vscode\\extensions\\uqbar.wollok-lsp-ide-0.5.4\\out\\server\\src\\server.js:2389:544)\n    at Jh (c:\\Users\\zagum\\.vscode\\extensions\\uqbar.wollok-lsp-ide-0.5.4\\out\\server\\src\\server.js:2389:1092)\n    at M5n (c:\\Users\\zagum\\.vscode\\extensions\\uqbar.wollok-lsp-ide-0.5.4\\out\\server\\src\\server.js:2389:1248)","timestamp":"2026-07-05T02:13:37.008Z"}
{"level":"info","message":"⌛ Validating niveles.wlk","timeElapsed":101,"timestamp":"2026-07-05T02:13:37.112Z"}
{"level":"info","message":"⌛ Building environment","timeElapsed":256,"timestamp":"2026-07-05T02:13:37.368Z"}
{"level":"info","message":"⌛ Building environment","timeElapsed":261,"timestamp":"2026-07-05T02:13:37.628Z"}
{"level":"info","message":"⌛ Validating niveles.wlk","timeElapsed":109,"timestamp":"2026-07-05T02:13:37.770Z"}
{"level":"info","message":"⌛ Validating niveles.wlk","timeElapsed":102,"timestamp":"2026-07-05T02:13:37.891Z"}
{"level":"info","message":"⌛ Building environment","timeElapsed":280,"timestamp":"2026-07-05T02:13:38.285Z"}
{"level":"info","message":"⌛ Validating niveles.wlk","timeElapsed":104,"timestamp":"2026-07-05T02:13:38.393Z"}
{"level":"info","message":"⌛ Building environment","timeElapsed":275,"timestamp":"2026-07-05T02:13:38.793Z"}
{"level":"info","message":"⌛ Building environment","timeElapsed":258,"timestamp":"2026-07-05T02:13:39.482Z"}
{"level":"info","message":"⌛ Validating niveles.wlk","timeElapsed":111,"timestamp":"2026-07-05T02:13:39.594Z"}
{"level":"info","message":"⌛ Building environment","timeElapsed":269,"timestamp":"2026-07-05T02:13:39.870Z"}
{"level":"info","message":"⌛ Building environment","timeElapsed":302,"timestamp":"2026-07-05T02:13:40.177Z"}
{"level":"info","message":"⌛ Validating niveles.wlk","timeElapsed":103,"timestamp":"2026-07-05T02:13:40.285Z"}
{"level":"info","message":"⌛ Building environment","timeElapsed":261,"timestamp":"2026-07-05T02:13:40.547Z"}
{"level":"info","message":"⌛ Building environment","timeElapsed":356,"timestamp":"2026-07-05T02:13:40.904Z"}
{"level":"info","message":"⌛ Validating niveles.wlk","timeElapsed":105,"timestamp":"2026-07-05T02:13:41.010Z"}
{"level":"info","message":"⌛ Validating niveles.wlk","timeElapsed":108,"timestamp":"2026-07-05T02:13:41.145Z"}
{"level":"info","message":"⌛ Building environment","timeElapsed":275,"timestamp":"2026-07-05T02:13:41.421Z"}
{"level":"info","message":"⌛ Building environment","timeElapsed":256,"timestamp":"2026-07-05T02:13:41.682Z"}
{"level":"info","message":"⌛ Building environment","timeElapsed":265,"timestamp":"2026-07-05T02:13:41.947Z"}
{"level":"info","message":"⌛ Validating niveles.wlk","timeElapsed":108,"timestamp":"2026-07-05T02:13:42.196Z"}
{"level":"info","message":"⌛ Building environment","timeElapsed":265,"timestamp":"2026-07-05T02:13:44.139Z"}
{"level":"info","message":"⌛ Validating niveles.wlk","timeElapsed":106,"timestamp":"2026-07-05T02:13:44.250Z"}
{"level":"info","message":"⌛ Building environment","timeElapsed":268,"timestamp":"2026-07-05T02:13:44.944Z"}
{"level":"info","message":"⌛ Building environment","timeElapsed":265,"timestamp":"2026-07-05T02:13:45.248Z"}
{"level":"info","message":"⌛ Building environment","timeElapsed":278,"timestamp":"2026-07-05T02:13:45.527Z"}
{"level":"info","message":"⌛ Validating niveles.wlk","timeElapsed":103,"timestamp":"2026-07-05T02:13:45.635Z"}
{"level":"info","message":"⌛ Building environment","timeElapsed":261,"timestamp":"2026-07-05T02:13:45.896Z"}
{"level":"info","message":"⌛ Validating niveles.wlk","timeElapsed":102,"timestamp":"2026-07-05T02:13:46.194Z"}
{"level":"info","message":"⌛ Building environment","timeElapsed":306,"timestamp":"2026-07-05T02:13:46.501Z"}
{"level":"info","message":"⌛ Validating niveles.wlk","timeElapsed":109,"timestamp":"2026-07-05T02:13:46.610Z"}
{"level":"info","message":"⌛ Building environment","timeElapsed":269,"timestamp":"2026-07-05T02:13:46.879Z"}
{"level":"info","message":"⌛ Validating niveles.wlk","timeElapsed":110,"timestamp":"2026-07-05T02:13:46.999Z"}
{"level":"info","message":"⌛ Validating niveles.wlk","timeElapsed":102,"timestamp":"2026-07-05T02:13:47.101Z"}
{"level":"info","message":"⌛ Building environment","timeElapsed":280,"timestamp":"2026-07-05T02:13:47.497Z"}
{"level":"error","message":"✘ Completions for node If ([571:9, 576:10] - niveles.wlk) failed: Error: [If]{4469d3} at niveles.wlk:571 exhausted all cases without a match [If]{4469d3} at niveles.wlk:571 exhausted all cases without a match","stack":"Error: [If]{4469d3} at niveles.wlk:571 exhausted all cases without a match\n    at c:\\Users\\zagum\\.vscode\\extensions\\uqbar.wollok-lsp-ide-0.5.4\\out\\server\\src\\server.js:38:6142\n    at L2 (c:\\Users\\zagum\\.vscode\\extensions\\uqbar.wollok-lsp-ide-0.5.4\\out\\server\\src\\server.js:2389:42)\n    at Jh (c:\\Users\\zagum\\.vscode\\extensions\\uqbar.wollok-lsp-ide-0.5.4\\out\\server\\src\\server.js:2389:1092)\n    at v5n (c:\\Users\\zagum\\.vscode\\extensions\\uqbar.wollok-lsp-ide-0.5.4\\out\\server\\src\\server.js:2389:818)\n    at c:\\Users\\zagum\\.vscode\\extensions\\uqbar.wollok-lsp-ide-0.5.4\\out\\server\\src\\server.js:38:6131\n    at L2 (c:\\Users\\zagum\\.vscode\\extensions\\uqbar.wollok-lsp-ide-0.5.4\\out\\server\\src\\server.js:2389:42)\n    at Jh (c:\\Users\\zagum\\.vscode\\extensions\\uqbar.wollok-lsp-ide-0.5.4\\out\\server\\src\\server.js:2389:1092)\n    at M5n (c:\\Users\\zagum\\.vscode\\extensions\\uqbar.wollok-lsp-ide-0.5.4\\out\\server\\src\\server.js:2389:1248)\n    at c:\\Users\\zagum\\.vscode\\extensions\\uqbar.wollok-lsp-ide-0.5.4\\out\\server\\src\\server.js:38:6131\n    at L2 (c:\\Users\\zagum\\.vscode\\extensions\\uqbar.wollok-lsp-ide-0.5.4\\out\\server\\src\\server.js:2389:42)","timestamp":"2026-07-05T02:13:47.537Z"}
{"level":"info","message":"⌛ Building environment","timeElapsed":274,"timestamp":"2026-07-05T02:13:47.815Z"}
{"level":"info","message":"⌛ Validating niveles.wlk","timeElapsed":114,"timestamp":"2026-07-05T02:13:47.936Z"}
{"level":"info","message":"⌛ Building environment","timeElapsed":268,"timestamp":"2026-07-05T02:13:48.230Z"}
{"level":"error","message":"✘ Completions for node If ([571:9, 576:10] - niveles.wlk) failed: Error: [If]{5e2d83} at niveles.wlk:571 exhausted all cases without a match [If]{5e2d83} at niveles.wlk:571 exhausted all cases without a match","stack":"Error: [If]{5e2d83} at niveles.wlk:571 exhausted all cases without a match\n    at c:\\Users\\zagum\\.vscode\\extensions\\uqbar.wollok-lsp-ide-0.5.4\\out\\server\\src\\server.js:38:6142\n    at L2 (c:\\Users\\zagum\\.vscode\\extensions\\uqbar.wollok-lsp-ide-0.5.4\\out\\server\\src\\server.js:2389:42)\n    at Jh (c:\\Users\\zagum\\.vscode\\extensions\\uqbar.wollok-lsp-ide-0.5.4\\out\\server\\src\\server.js:2389:1092)\n    at v5n (c:\\Users\\zagum\\.vscode\\extensions\\uqbar.wollok-lsp-ide-0.5.4\\out\\server\\src\\server.js:2389:818)\n    at c:\\Users\\zagum\\.vscode\\extensions\\uqbar.wollok-lsp-ide-0.5.4\\out\\server\\src\\server.js:38:6131\n    at L2 (c:\\Users\\zagum\\.vscode\\extensions\\uqbar.wollok-lsp-ide-0.5.4\\out\\server\\src\\server.js:2389:42)\n    at Jh (c:\\Users\\zagum\\.vscode\\extensions\\uqbar.wollok-lsp-ide-0.5.4\\out\\server\\src\\server.js:2389:1092)\n    at M5n (c:\\Users\\zagum\\.vscode\\extensions\\uqbar.wollok-lsp-ide-0.5.4\\out\\server\\src\\server.js:2389:1248)\n    at c:\\Users\\zagum\\.vscode\\extensions\\uqbar.wollok-lsp-ide-0.5.4\\out\\server\\src\\server.js:38:6131\n    at L2 (c:\\Users\\zagum\\.vscode\\extensions\\uqbar.wollok-lsp-ide-0.5.4\\out\\server\\src\\server.js:2389:42)","timestamp":"2026-07-05T02:13:48.267Z"}
{"level":"info","message":"⌛ Building environment","timeElapsed":283,"timestamp":"2026-07-05T02:13:48.650Z"}
{"level":"info","message":"⌛ Building environment","timeElapsed":282,"timestamp":"2026-07-05T02:13:48.963Z"}
{"level":"info","message":"⌛ Building environment","timeElapsed":273,"timestamp":"2026-07-05T02:13:49.237Z"}
{"level":"info","message":"⌛ Building environment","timeElapsed":254,"timestamp":"2026-07-05T02:13:49.594Z"}
{"level":"info","message":"⌛ Building environment","timeElapsed":291,"timestamp":"2026-07-05T02:13:49.987Z"}
{"level":"error","message":"✘ Completions for node Return ([575:13, 575:21] - niveles.wlk) failed: Error: [Return]{35a8b6} at niveles.wlk:575 exhausted all cases without a match [Return]{35a8b6} at niveles.wlk:575 exhausted all cases without a match","stack":"Error: [Return]{35a8b6} at niveles.wlk:575 exhausted all cases without a match\n    at c:\\Users\\zagum\\.vscode\\extensions\\uqbar.wollok-lsp-ide-0.5.4\\out\\server\\src\\server.js:38:6142\n    at L2 (c:\\Users\\zagum\\.vscode\\extensions\\uqbar.wollok-lsp-ide-0.5.4\\out\\server\\src\\server.js:2389:42)\n    at Jh (c:\\Users\\zagum\\.vscode\\extensions\\uqbar.wollok-lsp-ide-0.5.4\\out\\server\\src\\server.js:2389:1092)\n    at M5n (c:\\Users\\zagum\\.vscode\\extensions\\uqbar.wollok-lsp-ide-0.5.4\\out\\server\\src\\server.js:2389:1248)\n    at c:\\Users\\zagum\\.vscode\\extensions\\uqbar.wollok-lsp-ide-0.5.4\\out\\server\\src\\server.js:38:6131\n    at L2 (c:\\Users\\zagum\\.vscode\\extensions\\uqbar.wollok-lsp-ide-0.5.4\\out\\server\\src\\server.js:2389:42)\n    at c:\\Users\\zagum\\.vscode\\extensions\\uqbar.wollok-lsp-ide-0.5.4\\out\\server\\src\\server.js:2389:2988\n    at c:\\Users\\zagum\\.vscode\\extensions\\uqbar.wollok-lsp-ide-0.5.4\\out\\server\\src\\server.js:2398:8440\n    at c:\\Users\\zagum\\.vscode\\extensions\\uqbar.wollok-lsp-ide-0.5.4\\out\\server\\src\\server.js:37:74872\n    at Ke (c:\\Users\\zagum\\.vscode\\extensions\\uqbar.wollok-lsp-ide-0.5.4\\out\\server\\src\\server.js:7:8527)","timestamp":"2026-07-05T02:13:50.022Z"}
{"level":"error","message":"✘ Completions for node If ([571:9, 576:10] - niveles.wlk) failed: Error: [If]{887033} at niveles.wlk:571 exhausted all cases without a match [If]{887033} at niveles.wlk:571 exhausted all cases without a match","stack":"Error: [If]{887033} at niveles.wlk:571 exhausted all cases without a match\n    at c:\\Users\\zagum\\.vscode\\extensions\\uqbar.wollok-lsp-ide-0.5.4\\out\\server\\src\\server.js:38:6142\n    at L2 (c:\\Users\\zagum\\.vscode\\extensions\\uqbar.wollok-lsp-ide-0.5.4\\out\\server\\src\\server.js:2389:42)\n    at Jh (c:\\Users\\zagum\\.vscode\\extensions\\uqbar.wollok-lsp-ide-0.5.4\\out\\server\\src\\server.js:2389:1092)\n    at v5n (c:\\Users\\zagum\\.vscode\\extensions\\uqbar.wollok-lsp-ide-0.5.4\\out\\server\\src\\server.js:2389:818)\n    at c:\\Users\\zagum\\.vscode\\extensions\\uqbar.wollok-lsp-ide-0.5.4\\out\\server\\src\\server.js:38:6131\n    at L2 (c:\\Users\\zagum\\.vscode\\extensions\\uqbar.wollok-lsp-ide-0.5.4\\out\\server\\src\\server.js:2389:42)\n    at Jh (c:\\Users\\zagum\\.vscode\\extensions\\uqbar.wollok-lsp-ide-0.5.4\\out\\server\\src\\server.js:2389:1092)\n    at L2 (c:\\Users\\zagum\\.vscode\\extensions\\uqbar.wollok-lsp-ide-0.5.4\\out\\server\\src\\server.js:2389:544)\n    at Jh (c:\\Users\\zagum\\.vscode\\extensions\\uqbar.wollok-lsp-ide-0.5.4\\out\\server\\src\\server.js:2389:1092)\n    at M5n (c:\\Users\\zagum\\.vscode\\extensions\\uqbar.wollok-lsp-ide-0.5.4\\out\\server\\src\\server.js:2389:1248)","timestamp":"2026-07-05T02:13:50.022Z"}
{"level":"info","message":"⌛ Building environment","timeElapsed":296,"timestamp":"2026-07-05T02:13:50.323Z"}
{"level":"info","message":"⌛ Building environment","timeElapsed":265,"timestamp":"2026-07-05T02:13:50.589Z"}
{"level":"info","message":"⌛ Validating niveles.wlk","timeElapsed":101,"timestamp":"2026-07-05T02:13:50.690Z"}
{"level":"info","message":"⌛ Validating niveles.wlk","timeElapsed":101,"timestamp":"2026-07-05T02:13:50.816Z"}
{"level":"info","message":"⌛ Validating niveles.wlk","timeElapsed":104,"timestamp":"2026-07-05T02:13:50.943Z"}
{"level":"info","message":"⌛ Validating niveles.wlk","timeElapsed":102,"timestamp":"2026-07-05T02:13:51.065Z"}
{"level":"info","message":"⌛ Validating niveles.wlk","timeElapsed":106,"timestamp":"2026-07-05T02:13:51.171Z"}
{"level":"info","message":"⌛ Building environment","timeElapsed":261,"timestamp":"2026-07-05T02:13:51.530Z"}
{"level":"info","message":"⌛ Building environment","timeElapsed":272,"timestamp":"2026-07-05T02:13:58.907Z"}
{"level":"info","message":"⌛ Validating niveles.wlk","timeElapsed":104,"timestamp":"2026-07-05T02:13:59.013Z"}
{"level":"info","message":"⌛ Building environment","timeElapsed":265,"timestamp":"2026-07-05T02:13:59.718Z"}
{"level":"info","message":"⌛ Building environment","timeElapsed":288,"timestamp":"2026-07-05T02:14:00.054Z"}
{"level":"error","message":"✘ Failed to rebuild document Failed to parse niveles.wlk: \n-- PARSING FAILED --------------------------------------------------\n\n  585 |         game.addVisual(self)\n  586 |         self.aplicar()\n> 587 |     }\n      |     ^\n  588 | \n  589 |     method volver() {\n\nExpected one of the following: \n\n'@', 'class', 'const', 'describe', 'mixin', 'object', 'only', 'package', 'program', 'test', 'var', '{', EOF, comment, not \"}\r\n\r\n    \", whitespace\n","stack":"Error: Failed to parse niveles.wlk: \n-- PARSING FAILED --------------------------------------------------\n\n  585 |         game.addVisual(self)\n  586 |         self.aplicar()\n> 587 |     }\n      |     ^\n  588 | \n  589 |     method volver() {\n\nExpected one of the following: \n\n'@', 'class', 'const', 'describe', 'mixin', 'object', 'only', 'package', 'program', 'test', 'var', '{', EOF, comment, not \"}\r\n\r\n    \", whitespace\n\n    at c:\\Users\\zagum\\.vscode\\extensions\\uqbar.wollok-lsp-ide-0.5.4\\out\\server\\src\\server.js:2353:13026\n    at Array.map (<anonymous>)\n    at U1n (c:\\Users\\zagum\\.vscode\\extensions\\uqbar.wollok-lsp-ide-0.5.4\\out\\server\\src\\server.js:2353:12950)\n    at H2.buildEnvironmentFrom (c:\\Users\\zagum\\.vscode\\extensions\\uqbar.wollok-lsp-ide-0.5.4\\out\\server\\src\\server.js:2398:5254)\n    at H2.updateEnvironmentWith (c:\\Users\\zagum\\.vscode\\extensions\\uqbar.wollok-lsp-ide-0.5.4\\out\\server\\src\\server.js:2398:4989)\n    at GF (c:\\Users\\zagum\\.vscode\\extensions\\uqbar.wollok-lsp-ide-0.5.4\\out\\server\\src\\server.js:2398:7383)\n    at V3.invoke (c:\\Users\\zagum\\.vscode\\extensions\\uqbar.wollok-lsp-ide-0.5.4\\out\\server\\src\\server.js:3:157328)\n    at o.fire (c:\\Users\\zagum\\.vscode\\extensions\\uqbar.wollok-lsp-ide-0.5.4\\out\\server\\src\\server.js:3:158098)\n    at c:\\Users\\zagum\\.vscode\\extensions\\uqbar.wollok-lsp-ide-0.5.4\\out\\server\\src\\server.js:37:57871\n    at nd (c:\\Users\\zagum\\.vscode\\extensions\\uqbar.wollok-lsp-ide-0.5.4\\out\\server\\src\\server.js:8:1561)","timestamp":"2026-07-05T02:14:00.243Z"}
{"level":"info","message":"⌛ Validating niveles.wlk","timeElapsed":110,"timestamp":"2026-07-05T02:14:00.353Z"}
{"level":"error","message":"✘ Failed to rebuild document Failed to parse niveles.wlk: \n-- PARSING FAILED --------------------------------------------------\n\n  585 |         game.addVisual(self)\n  586 |         self.aplicar()\n> 587 |     }\n      |     ^\n  588 | \n  589 |     method volver() {\n\nExpected one of the following: \n\n'@', 'class', 'const', 'describe', 'mixin', 'object', 'only', 'package', 'program', 'test', 'var', '{', EOF, comment, not \"}\r\n\r\n    \", whitespace\n","stack":"Error: Failed to parse niveles.wlk: \n-- PARSING FAILED --------------------------------------------------\n\n  585 |         game.addVisual(self)\n  586 |         self.aplicar()\n> 587 |     }\n      |     ^\n  588 | \n  589 |     method volver() {\n\nExpected one of the following: \n\n'@', 'class', 'const', 'describe', 'mixin', 'object', 'only', 'package', 'program', 'test', 'var', '{', EOF, comment, not \"}\r\n\r\n    \", whitespace\n\n    at c:\\Users\\zagum\\.vscode\\extensions\\uqbar.wollok-lsp-ide-0.5.4\\out\\server\\src\\server.js:2353:13026\n    at Array.map (<anonymous>)\n    at U1n (c:\\Users\\zagum\\.vscode\\extensions\\uqbar.wollok-lsp-ide-0.5.4\\out\\server\\src\\server.js:2353:12950)\n    at H2.buildEnvironmentFrom (c:\\Users\\zagum\\.vscode\\extensions\\uqbar.wollok-lsp-ide-0.5.4\\out\\server\\src\\server.js:2398:5254)\n    at H2.updateEnvironmentWith (c:\\Users\\zagum\\.vscode\\extensions\\uqbar.wollok-lsp-ide-0.5.4\\out\\server\\src\\server.js:2398:4989)\n    at GF (c:\\Users\\zagum\\.vscode\\extensions\\uqbar.wollok-lsp-ide-0.5.4\\out\\server\\src\\server.js:2398:7383)\n    at V3.invoke (c:\\Users\\zagum\\.vscode\\extensions\\uqbar.wollok-lsp-ide-0.5.4\\out\\server\\src\\server.js:3:157328)\n    at o.fire (c:\\Users\\zagum\\.vscode\\extensions\\uqbar.wollok-lsp-ide-0.5.4\\out\\server\\src\\server.js:3:158098)\n    at c:\\Users\\zagum\\.vscode\\extensions\\uqbar.wollok-lsp-ide-0.5.4\\out\\server\\src\\server.js:37:57871\n    at nd (c:\\Users\\zagum\\.vscode\\extensions\\uqbar.wollok-lsp-ide-0.5.4\\out\\server\\src\\server.js:8:1561)","timestamp":"2026-07-05T02:14:00.664Z"}
{"level":"info","message":"⌛ Building environment","timeElapsed":260,"timestamp":"2026-07-05T02:14:00.924Z"}
{"level":"error","message":"✘ Completions for node Variable ([571:9, 571:14] - niveles.wlk) failed: Error: r [Variable]{dee9b2} at niveles.wlk:571 exhausted all cases without a match r [Variable]{dee9b2} at niveles.wlk:571 exhausted all cases without a match","stack":"Error: r [Variable]{dee9b2} at niveles.wlk:571 exhausted all cases without a match\n    at c:\\Users\\zagum\\.vscode\\extensions\\uqbar.wollok-lsp-ide-0.5.4\\out\\server\\src\\server.js:38:6142\n    at L2 (c:\\Users\\zagum\\.vscode\\extensions\\uqbar.wollok-lsp-ide-0.5.4\\out\\server\\src\\server.js:2389:42)\n    at c:\\Users\\zagum\\.vscode\\extensions\\uqbar.wollok-lsp-ide-0.5.4\\out\\server\\src\\server.js:2389:2988\n    at c:\\Users\\zagum\\.vscode\\extensions\\uqbar.wollok-lsp-ide-0.5.4\\out\\server\\src\\server.js:2398:8440\n    at c:\\Users\\zagum\\.vscode\\extensions\\uqbar.wollok-lsp-ide-0.5.4\\out\\server\\src\\server.js:37:74872\n    at Ke (c:\\Users\\zagum\\.vscode\\extensions\\uqbar.wollok-lsp-ide-0.5.4\\out\\server\\src\\server.js:7:8527)\n    at Lt (c:\\Users\\zagum\\.vscode\\extensions\\uqbar.wollok-lsp-ide-0.5.4\\out\\server\\src\\server.js:7:6189)\n    at ct (c:\\Users\\zagum\\.vscode\\extensions\\uqbar.wollok-lsp-ide-0.5.4\\out\\server\\src\\server.js:7:6378)\n    at Immediate._onImmediate (c:\\Users\\zagum\\.vscode\\extensions\\uqbar.wollok-lsp-ide-0.5.4\\out\\server\\src\\server.js:7:6142)\n    at process.processImmediate (node:internal/timers:504:21)","timestamp":"2026-07-05T02:14:00.955Z"}
{"level":"info","message":"⌛ Building environment","timeElapsed":272,"timestamp":"2026-07-05T02:14:01.229Z"}
{"level":"info","message":"⌛ Building environment","timeElapsed":280,"timestamp":"2026-07-05T02:14:01.553Z"}
{"level":"info","message":"⌛ Validating niveles.wlk","timeElapsed":138,"timestamp":"2026-07-05T02:14:01.737Z"}
{"level":"info","message":"⌛ Validating niveles.wlk","timeElapsed":104,"timestamp":"2026-07-05T02:14:01.842Z"}
{"level":"info","message":"⌛ Validating niveles.wlk","timeElapsed":101,"timestamp":"2026-07-05T02:14:01.943Z"}
{"level":"info","message":"⌛ Building environment","timeElapsed":300,"timestamp":"2026-07-05T02:14:03.004Z"}
{"level":"info","message":"⌛ Validating niveles.wlk","timeElapsed":112,"timestamp":"2026-07-05T02:14:03.121Z"}
{"level":"info","message":"⌛ Building environment","timeElapsed":277,"timestamp":"2026-07-05T02:14:03.399Z"}
{"level":"info","message":"⌛ Building environment","timeElapsed":276,"timestamp":"2026-07-05T02:14:03.676Z"}
{"level":"info","message":"⌛ Building environment","timeElapsed":260,"timestamp":"2026-07-05T02:14:03.942Z"}
{"level":"info","message":"⌛ Validating niveles.wlk","timeElapsed":104,"timestamp":"2026-07-05T02:14:04.046Z"}
{"level":"info","message":"⌛ Validating niveles.wlk","timeElapsed":103,"timestamp":"2026-07-05T02:14:04.173Z"}
{"level":"info","message":"⌛ Validating niveles.wlk","timeElapsed":105,"timestamp":"2026-07-05T02:14:04.279Z"}
{"level":"info","message":"⌛ Building environment","timeElapsed":297,"timestamp":"2026-07-05T02:14:05.292Z"}
{"level":"info","message":"⌛ Validating niveles.wlk","timeElapsed":103,"timestamp":"2026-07-05T02:14:05.399Z"}
{"level":"info","message":"⌛ Building environment","timeElapsed":267,"timestamp":"2026-07-05T02:14:05.730Z"}
{"level":"error","message":"✘ Completions for node Variable ([571:9, 571:20] - niveles.wlk) failed: Error: ret [Variable]{b37ebe} at niveles.wlk:571 exhausted all cases without a match ret [Variable]{b37ebe} at niveles.wlk:571 exhausted all cases without a match","stack":"Error: ret [Variable]{b37ebe} at niveles.wlk:571 exhausted all cases without a match\n    at c:\\Users\\zagum\\.vscode\\extensions\\uqbar.wollok-lsp-ide-0.5.4\\out\\server\\src\\server.js:38:6142\n    at L2 (c:\\Users\\zagum\\.vscode\\extensions\\uqbar.wollok-lsp-ide-0.5.4\\out\\server\\src\\server.js:2389:42)\n    at Jh (c:\\Users\\zagum\\.vscode\\extensions\\uqbar.wollok-lsp-ide-0.5.4\\out\\server\\src\\server.js:2389:1092)\n    at M5n (c:\\Users\\zagum\\.vscode\\extensions\\uqbar.wollok-lsp-ide-0.5.4\\out\\server\\src\\server.js:2389:1248)\n    at c:\\Users\\zagum\\.vscode\\extensions\\uqbar.wollok-lsp-ide-0.5.4\\out\\server\\src\\server.js:38:6131\n    at L2 (c:\\Users\\zagum\\.vscode\\extensions\\uqbar.wollok-lsp-ide-0.5.4\\out\\server\\src\\server.js:2389:42)\n    at c:\\Users\\zagum\\.vscode\\extensions\\uqbar.wollok-lsp-ide-0.5.4\\out\\server\\src\\server.js:2389:2988\n    at c:\\Users\\zagum\\.vscode\\extensions\\uqbar.wollok-lsp-ide-0.5.4\\out\\server\\src\\server.js:2398:8440\n    at c:\\Users\\zagum\\.vscode\\extensions\\uqbar.wollok-lsp-ide-0.5.4\\out\\server\\src\\server.js:37:74872\n    at Ke (c:\\Users\\zagum\\.vscode\\extensions\\uqbar.wollok-lsp-ide-0.5.4\\out\\server\\src\\server.js:7:8527)","timestamp":"2026-07-05T02:14:05.762Z"}
{"level":"info","message":"⌛ Building environment","timeElapsed":276,"timestamp":"2026-07-05T02:14:06.040Z"}
{"level":"info","message":"⌛ Building environment","timeElapsed":286,"timestamp":"2026-07-05T02:14:06.327Z"}
{"level":"info","message":"⌛ Validating niveles.wlk","timeElapsed":102,"timestamp":"2026-07-05T02:14:06.429Z"}
{"level":"info","message":"⌛ Validating niveles.wlk","timeElapsed":121,"timestamp":"2026-07-05T02:14:06.574Z"}
{"level":"info","message":"⌛ Building environment","timeElapsed":267,"timestamp":"2026-07-05T02:14:06.843Z"}
{"level":"info","message":"⌛ Building environment","timeElapsed":279,"timestamp":"2026-07-05T02:14:11.200Z"}
{"level":"error","message":"✘ Completions for node Send ([572:13, 572:19] - niveles.wlk) failed: Error: [Send]{fc539e} at niveles.wlk:572 exhausted all cases without a match [Send]{fc539e} at niveles.wlk:572 exhausted all cases without a match","stack":"Error: [Send]{fc539e} at niveles.wlk:572 exhausted all cases without a match\n    at c:\\Users\\zagum\\.vscode\\extensions\\uqbar.wollok-lsp-ide-0.5.4\\out\\server\\src\\server.js:38:6142\n    at L2 (c:\\Users\\zagum\\.vscode\\extensions\\uqbar.wollok-lsp-ide-0.5.4\\out\\server\\src\\server.js:2389:42)\n    at Jh (c:\\Users\\zagum\\.vscode\\extensions\\uqbar.wollok-lsp-ide-0.5.4\\out\\server\\src\\server.js:2389:1092)\n    at M5n (c:\\Users\\zagum\\.vscode\\extensions\\uqbar.wollok-lsp-ide-0.5.4\\out\\server\\src\\server.js:2389:1248)\n    at c:\\Users\\zagum\\.vscode\\extensions\\uqbar.wollok-lsp-ide-0.5.4\\out\\server\\src\\server.js:38:6131\n    at L2 (c:\\Users\\zagum\\.vscode\\extensions\\uqbar.wollok-lsp-ide-0.5.4\\out\\server\\src\\server.js:2389:42)\n    at c:\\Users\\zagum\\.vscode\\extensions\\uqbar.wollok-lsp-ide-0.5.4\\out\\server\\src\\server.js:2389:2988\n    at c:\\Users\\zagum\\.vscode\\extensions\\uqbar.wollok-lsp-ide-0.5.4\\out\\server\\src\\server.js:2398:8440\n    at c:\\Users\\zagum\\.vscode\\extensions\\uqbar.wollok-lsp-ide-0.5.4\\out\\server\\src\\server.js:37:74872\n    at Ke (c:\\Users\\zagum\\.vscode\\extensions\\uqbar.wollok-lsp-ide-0.5.4\\out\\server\\src\\server.js:7:8527)","timestamp":"2026-07-05T02:14:11.240Z"}
{"level":"error","message":"✘ Completions for node If ([572:9, 577:10] - niveles.wlk) failed: Error: [If]{a68a20} at niveles.wlk:572 exhausted all cases without a match [If]{a68a20} at niveles.wlk:572 exhausted all cases without a match","stack":"Error: [If]{a68a20} at niveles.wlk:572 exhausted all cases without a match\n    at c:\\Users\\zagum\\.vscode\\extensions\\uqbar.wollok-lsp-ide-0.5.4\\out\\server\\src\\server.js:38:6142\n    at L2 (c:\\Users\\zagum\\.vscode\\extensions\\uqbar.wollok-lsp-ide-0.5.4\\out\\server\\src\\server.js:2389:42)\n    at Jh (c:\\Users\\zagum\\.vscode\\extensions\\uqbar.wollok-lsp-ide-0.5.4\\out\\server\\src\\server.js:2389:1092)\n    at L2 (c:\\Users\\zagum\\.vscode\\extensions\\uqbar.wollok-lsp-ide-0.5.4\\out\\server\\src\\server.js:2389:544)\n    at Jh (c:\\Users\\zagum\\.vscode\\extensions\\uqbar.wollok-lsp-ide-0.5.4\\out\\server\\src\\server.js:2389:1092)\n    at M5n (c:\\Users\\zagum\\.vscode\\extensions\\uqbar.wollok-lsp-ide-0.5.4\\out\\server\\src\\server.js:2389:1248)\n    at c:\\Users\\zagum\\.vscode\\extensions\\uqbar.wollok-lsp-ide-0.5.4\\out\\server\\src\\server.js:38:6131\n    at L2 (c:\\Users\\zagum\\.vscode\\extensions\\uqbar.wollok-lsp-ide-0.5.4\\out\\server\\src\\server.js:2389:42)\n    at c:\\Users\\zagum\\.vscode\\extensions\\uqbar.wollok-lsp-ide-0.5.4\\out\\server\\src\\server.js:2389:2988\n    at c:\\Users\\zagum\\.vscode\\extensions\\uqbar.wollok-lsp-ide-0.5.4\\out\\server\\src\\server.js:2398:8440","timestamp":"2026-07-05T02:14:11.240Z"}
{"level":"info","message":"⌛ Building environment","timeElapsed":276,"timestamp":"2026-07-05T02:14:11.569Z"}
{"level":"info","message":"⌛ Validating niveles.wlk","timeElapsed":105,"timestamp":"2026-07-05T02:14:11.675Z"}
{"level":"info","message":"⌛ Building environment","timeElapsed":254,"timestamp":"2026-07-05T02:14:11.929Z"}
{"level":"info","message":"⌛ Building environment","timeElapsed":284,"timestamp":"2026-07-05T02:14:12.213Z"}
{"level":"error","message":"✘ Completions for node Send ([572:13, 572:22] - niveles.wlk) failed: Error: [Send]{768ef8} at niveles.wlk:572 exhausted all cases without a match [Send]{768ef8} at niveles.wlk:572 exhausted all cases without a match","stack":"Error: [Send]{768ef8} at niveles.wlk:572 exhausted all cases without a match\n    at c:\\Users\\zagum\\.vscode\\extensions\\uqbar.wollok-lsp-ide-0.5.4\\out\\server\\src\\server.js:38:6142\n    at L2 (c:\\Users\\zagum\\.vscode\\extensions\\uqbar.wollok-lsp-ide-0.5.4\\out\\server\\src\\server.js:2389:42)\n    at Jh (c:\\Users\\zagum\\.vscode\\extensions\\uqbar.wollok-lsp-ide-0.5.4\\out\\server\\src\\server.js:2389:1092)\n    at M5n (c:\\Users\\zagum\\.vscode\\extensions\\uqbar.wollok-lsp-ide-0.5.4\\out\\server\\src\\server.js:2389:1248)\n    at c:\\Users\\zagum\\.vscode\\extensions\\uqbar.wollok-lsp-ide-0.5.4\\out\\server\\src\\server.js:38:6131\n    at L2 (c:\\Users\\zagum\\.vscode\\extensions\\uqbar.wollok-lsp-ide-0.5.4\\out\\server\\src\\server.js:2389:42)\n    at c:\\Users\\zagum\\.vscode\\extensions\\uqbar.wollok-lsp-ide-0.5.4\\out\\server\\src\\server.js:2389:2988\n    at c:\\Users\\zagum\\.vscode\\extensions\\uqbar.wollok-lsp-ide-0.5.4\\out\\server\\src\\server.js:2398:8440\n    at c:\\Users\\zagum\\.vscode\\extensions\\uqbar.wollok-lsp-ide-0.5.4\\out\\server\\src\\server.js:37:74872\n    at Ke (c:\\Users\\zagum\\.vscode\\extensions\\uqbar.wollok-lsp-ide-0.5.4\\out\\server\\src\\server.js:7:8527)","timestamp":"2026-07-05T02:14:12.295Z"}
{"level":"error","message":"✘ Completions for node If ([572:9, 577:10] - niveles.wlk) failed: Error: [If]{d3d786} at niveles.wlk:572 exhausted all cases without a match [If]{d3d786} at niveles.wlk:572 exhausted all cases without a match","stack":"Error: [If]{d3d786} at niveles.wlk:572 exhausted all cases without a match\n    at c:\\Users\\zagum\\.vscode\\extensions\\uqbar.wollok-lsp-ide-0.5.4\\out\\server\\src\\server.js:38:6142\n    at L2 (c:\\Users\\zagum\\.vscode\\extensions\\uqbar.wollok-lsp-ide-0.5.4\\out\\server\\src\\server.js:2389:42)\n    at Jh (c:\\Users\\zagum\\.vscode\\extensions\\uqbar.wollok-lsp-ide-0.5.4\\out\\server\\src\\server.js:2389:1092)\n    at L2 (c:\\Users\\zagum\\.vscode\\extensions\\uqbar.wollok-lsp-ide-0.5.4\\out\\server\\src\\server.js:2389:544)\n    at Jh (c:\\Users\\zagum\\.vscode\\extensions\\uqbar.wollok-lsp-ide-0.5.4\\out\\server\\src\\server.js:2389:1092)\n    at M5n (c:\\Users\\zagum\\.vscode\\extensions\\uqbar.wollok-lsp-ide-0.5.4\\out\\server\\src\\server.js:2389:1248)\n    at c:\\Users\\zagum\\.vscode\\extensions\\uqbar.wollok-lsp-ide-0.5.4\\out\\server\\src\\server.js:38:6131\n    at L2 (c:\\Users\\zagum\\.vscode\\extensions\\uqbar.wollok-lsp-ide-0.5.4\\out\\server\\src\\server.js:2389:42)\n    at c:\\Users\\zagum\\.vscode\\extensions\\uqbar.wollok-lsp-ide-0.5.4\\out\\server\\src\\server.js:2389:2988\n    at c:\\Users\\zagum\\.vscode\\extensions\\uqbar.wollok-lsp-ide-0.5.4\\out\\server\\src\\server.js:2398:8440","timestamp":"2026-07-05T02:14:12.295Z"}
{"level":"info","message":"⌛ Validating niveles.wlk","timeElapsed":101,"timestamp":"2026-07-05T02:14:12.421Z"}
{"level":"info","message":"⌛ Validating niveles.wlk","timeElapsed":105,"timestamp":"2026-07-05T02:14:12.544Z"}
{"level":"info","message":"⌛ Building environment","timeElapsed":278,"timestamp":"2026-07-05T02:14:12.823Z"}
{"level":"error","message":"✘ Completions for node Send ([572:13, 572:21] - niveles.wlk) failed: Error: [Send]{417b8b} at niveles.wlk:572 exhausted all cases without a match [Send]{417b8b} at niveles.wlk:572 exhausted all cases without a match","stack":"Error: [Send]{417b8b} at niveles.wlk:572 exhausted all cases without a match\n    at c:\\Users\\zagum\\.vscode\\extensions\\uqbar.wollok-lsp-ide-0.5.4\\out\\server\\src\\server.js:38:6142\n    at L2 (c:\\Users\\zagum\\.vscode\\extensions\\uqbar.wollok-lsp-ide-0.5.4\\out\\server\\src\\server.js:2389:42)\n    at Jh (c:\\Users\\zagum\\.vscode\\extensions\\uqbar.wollok-lsp-ide-0.5.4\\out\\server\\src\\server.js:2389:1092)\n    at M5n (c:\\Users\\zagum\\.vscode\\extensions\\uqbar.wollok-lsp-ide-0.5.4\\out\\server\\src\\server.js:2389:1248)\n    at c:\\Users\\zagum\\.vscode\\extensions\\uqbar.wollok-lsp-ide-0.5.4\\out\\server\\src\\server.js:38:6131\n    at L2 (c:\\Users\\zagum\\.vscode\\extensions\\uqbar.wollok-lsp-ide-0.5.4\\out\\server\\src\\server.js:2389:42)\n    at c:\\Users\\zagum\\.vscode\\extensions\\uqbar.wollok-lsp-ide-0.5.4\\out\\server\\src\\server.js:2389:2988\n    at c:\\Users\\zagum\\.vscode\\extensions\\uqbar.wollok-lsp-ide-0.5.4\\out\\server\\src\\server.js:2398:8440\n    at c:\\Users\\zagum\\.vscode\\extensions\\uqbar.wollok-lsp-ide-0.5.4\\out\\server\\src\\server.js:37:74872\n    at Ke (c:\\Users\\zagum\\.vscode\\extensions\\uqbar.wollok-lsp-ide-0.5.4\\out\\server\\src\\server.js:7:8527)","timestamp":"2026-07-05T02:14:12.855Z"}
{"level":"error","message":"✘ Completions for node If ([572:9, 577:10] - niveles.wlk) failed: Error: [If]{3badb1} at niveles.wlk:572 exhausted all cases without a match [If]{3badb1} at niveles.wlk:572 exhausted all cases without a match","stack":"Error: [If]{3badb1} at niveles.wlk:572 exhausted all cases without a match\n    at c:\\Users\\zagum\\.vscode\\extensions\\uqbar.wollok-lsp-ide-0.5.4\\out\\server\\src\\server.js:38:6142\n    at L2 (c:\\Users\\zagum\\.vscode\\extensions\\uqbar.wollok-lsp-ide-0.5.4\\out\\server\\src\\server.js:2389:42)\n    at Jh (c:\\Users\\zagum\\.vscode\\extensions\\uqbar.wollok-lsp-ide-0.5.4\\out\\server\\src\\server.js:2389:1092)\n    at L2 (c:\\Users\\zagum\\.vscode\\extensions\\uqbar.wollok-lsp-ide-0.5.4\\out\\server\\src\\server.js:2389:544)\n    at Jh (c:\\Users\\zagum\\.vscode\\extensions\\uqbar.wollok-lsp-ide-0.5.4\\out\\server\\src\\server.js:2389:1092)\n    at M5n (c:\\Users\\zagum\\.vscode\\extensions\\uqbar.wollok-lsp-ide-0.5.4\\out\\server\\src\\server.js:2389:1248)\n    at c:\\Users\\zagum\\.vscode\\extensions\\uqbar.wollok-lsp-ide-0.5.4\\out\\server\\src\\server.js:38:6131\n    at L2 (c:\\Users\\zagum\\.vscode\\extensions\\uqbar.wollok-lsp-ide-0.5.4\\out\\server\\src\\server.js:2389:42)\n    at c:\\Users\\zagum\\.vscode\\extensions\\uqbar.wollok-lsp-ide-0.5.4\\out\\server\\src\\server.js:2389:2988\n    at c:\\Users\\zagum\\.vscode\\extensions\\uqbar.wollok-lsp-ide-0.5.4\\out\\server\\src\\server.js:2398:8440","timestamp":"2026-07-05T02:14:12.855Z"}
{"level":"info","message":"⌛ Building environment","timeElapsed":321,"timestamp":"2026-07-05T02:14:13.273Z"}
{"level":"error","message":"✘ Completions for node Send ([572:13, 572:20] - niveles.wlk) failed: Error: [Send]{a43d6c} at niveles.wlk:572 exhausted all cases without a match [Send]{a43d6c} at niveles.wlk:572 exhausted all cases without a match","stack":"Error: [Send]{a43d6c} at niveles.wlk:572 exhausted all cases without a match\n    at c:\\Users\\zagum\\.vscode\\extensions\\uqbar.wollok-lsp-ide-0.5.4\\out\\server\\src\\server.js:38:6142\n    at L2 (c:\\Users\\zagum\\.vscode\\extensions\\uqbar.wollok-lsp-ide-0.5.4\\out\\server\\src\\server.js:2389:42)\n    at Jh (c:\\Users\\zagum\\.vscode\\extensions\\uqbar.wollok-lsp-ide-0.5.4\\out\\server\\src\\server.js:2389:1092)\n    at M5n (c:\\Users\\zagum\\.vscode\\extensions\\uqbar.wollok-lsp-ide-0.5.4\\out\\server\\src\\server.js:2389:1248)\n    at c:\\Users\\zagum\\.vscode\\extensions\\uqbar.wollok-lsp-ide-0.5.4\\out\\server\\src\\server.js:38:6131\n    at L2 (c:\\Users\\zagum\\.vscode\\extensions\\uqbar.wollok-lsp-ide-0.5.4\\out\\server\\src\\server.js:2389:42)\n    at c:\\Users\\zagum\\.vscode\\extensions\\uqbar.wollok-lsp-ide-0.5.4\\out\\server\\src\\server.js:2389:2988\n    at c:\\Users\\zagum\\.vscode\\extensions\\uqbar.wollok-lsp-ide-0.5.4\\out\\server\\src\\server.js:2398:8440\n    at c:\\Users\\zagum\\.vscode\\extensions\\uqbar.wollok-lsp-ide-0.5.4\\out\\server\\src\\server.js:37:74872\n    at Ke (c:\\Users\\zagum\\.vscode\\extensions\\uqbar.wollok-lsp-ide-0.5.4\\out\\server\\src\\server.js:7:8527)","timestamp":"2026-07-05T02:14:13.305Z"}
{"level":"error","message":"✘ Completions for node If ([572:9, 577:10] - niveles.wlk) failed: Error: [If]{f09622} at niveles.wlk:572 exhausted all cases without a match [If]{f09622} at niveles.wlk:572 exhausted all cases without a match","stack":"Error: [If]{f09622} at niveles.wlk:572 exhausted all cases without a match\n    at c:\\Users\\zagum\\.vscode\\extensions\\uqbar.wollok-lsp-ide-0.5.4\\out\\server\\src\\server.js:38:6142\n    at L2 (c:\\Users\\zagum\\.vscode\\extensions\\uqbar.wollok-lsp-ide-0.5.4\\out\\server\\src\\server.js:2389:42)\n    at Jh (c:\\Users\\zagum\\.vscode\\extensions\\uqbar.wollok-lsp-ide-0.5.4\\out\\server\\src\\server.js:2389:1092)\n    at L2 (c:\\Users\\zagum\\.vscode\\extensions\\uqbar.wollok-lsp-ide-0.5.4\\out\\server\\src\\server.js:2389:544)\n    at Jh (c:\\Users\\zagum\\.vscode\\extensions\\uqbar.wollok-lsp-ide-0.5.4\\out\\server\\src\\server.js:2389:1092)\n    at M5n (c:\\Users\\zagum\\.vscode\\extensions\\uqbar.wollok-lsp-ide-0.5.4\\out\\server\\src\\server.js:2389:1248)\n    at c:\\Users\\zagum\\.vscode\\extensions\\uqbar.wollok-lsp-ide-0.5.4\\out\\server\\src\\server.js:38:6131\n    at L2 (c:\\Users\\zagum\\.vscode\\extensions\\uqbar.wollok-lsp-ide-0.5.4\\out\\server\\src\\server.js:2389:42)\n    at c:\\Users\\zagum\\.vscode\\extensions\\uqbar.wollok-lsp-ide-0.5.4\\out\\server\\src\\server.js:2389:2988\n    at c:\\Users\\zagum\\.vscode\\extensions\\uqbar.wollok-lsp-ide-0.5.4\\out\\server\\src\\server.js:2398:8440","timestamp":"2026-07-05T02:14:13.305Z"}
{"level":"info","message":"⌛ Building environment","timeElapsed":260,"timestamp":"2026-07-05T02:14:13.570Z"}
{"level":"info","message":"⌛ Validating niveles.wlk","timeElapsed":106,"timestamp":"2026-07-05T02:14:13.706Z"}
{"level":"info","message":"⌛ Validating niveles.wlk","timeElapsed":105,"timestamp":"2026-07-05T02:14:13.855Z"}
{"level":"info","message":"⌛ Building environment","timeElapsed":265,"timestamp":"2026-07-05T02:14:16.168Z"}
{"level":"info","message":"⌛ Building environment","timeElapsed":265,"timestamp":"2026-07-05T02:14:21.635Z"}
{"level":"info","message":"⌛ Validating niveles.wlk","timeElapsed":101,"timestamp":"2026-07-05T02:14:21.768Z"}
{"level":"info","message":"⌛ Building environment","timeElapsed":284,"timestamp":"2026-07-05T02:14:22.053Z"}
{"level":"info","message":"⌛ Building environment","timeElapsed":271,"timestamp":"2026-07-05T02:14:22.332Z"}
{"level":"info","message":"⌛ Validating niveles.wlk","timeElapsed":104,"timestamp":"2026-07-05T02:14:22.436Z"}
{"level":"info","message":"⌛ Building environment","timeElapsed":277,"timestamp":"2026-07-05T02:14:22.714Z"}
{"level":"info","message":"⌛ Building environment","timeElapsed":255,"timestamp":"2026-07-05T02:14:22.969Z"}
{"level":"info","message":"⌛ Validating niveles.wlk","timeElapsed":102,"timestamp":"2026-07-05T02:14:23.071Z"}
{"level":"info","message":"⌛ Validating niveles.wlk","timeElapsed":103,"timestamp":"2026-07-05T02:14:23.199Z"}
{"level":"info","message":"⌛ Validating niveles.wlk","timeElapsed":101,"timestamp":"2026-07-05T02:14:23.300Z"}
{"level":"info","message":"⌛ Building environment","timeElapsed":320,"timestamp":"2026-07-05T02:14:27.700Z"}
{"level":"info","message":"⌛ Validating niveles.wlk","timeElapsed":116,"timestamp":"2026-07-05T02:14:27.821Z"}
{"level":"info","message":"⌛ Building environment","timeElapsed":285,"timestamp":"2026-07-05T02:14:28.171Z"}
{"level":"info","message":"⌛ Building environment","timeElapsed":309,"timestamp":"2026-07-05T02:14:28.480Z"}
{"level":"info","message":"⌛ Building environment","timeElapsed":294,"timestamp":"2026-07-05T02:14:28.775Z"}
{"level":"info","message":"⌛ Building environment","timeElapsed":287,"timestamp":"2026-07-05T02:14:29.068Z"}
{"level":"info","message":"⌛ Building environment","timeElapsed":283,"timestamp":"2026-07-05T02:14:29.351Z"}
{"level":"info","message":"⌛ Building environment","timeElapsed":318,"timestamp":"2026-07-05T02:14:29.670Z"}
{"level":"info","message":"⌛ Building environment","timeElapsed":282,"timestamp":"2026-07-05T02:14:29.952Z"}
{"level":"info","message":"⌛ Building environment","timeElapsed":265,"timestamp":"2026-07-05T02:14:30.217Z"}
{"level":"info","message":"⌛ Building environment","timeElapsed":272,"timestamp":"2026-07-05T02:14:30.489Z"}
{"level":"info","message":"⌛ Building environment","timeElapsed":274,"timestamp":"2026-07-05T02:14:30.763Z"}
{"level":"info","message":"⌛ Validating niveles.wlk","timeElapsed":111,"timestamp":"2026-07-05T02:14:30.874Z"}
{"level":"info","message":"⌛ Building environment","timeElapsed":271,"timestamp":"2026-07-05T02:14:31.147Z"}
{"level":"info","message":"⌛ Building environment","timeElapsed":272,"timestamp":"2026-07-05T02:14:31.419Z"}
{"level":"info","message":"⌛ Validating niveles.wlk","timeElapsed":112,"timestamp":"2026-07-05T02:14:31.531Z"}
{"level":"info","message":"⌛ Building environment","timeElapsed":274,"timestamp":"2026-07-05T02:14:31.832Z"}
{"level":"info","message":"⌛ Validating niveles.wlk","timeElapsed":101,"timestamp":"2026-07-05T02:14:31.933Z"}
{"level":"info","message":"⌛ Building environment","timeElapsed":269,"timestamp":"2026-07-05T02:14:32.202Z"}
{"level":"info","message":"⌛ Building environment","timeElapsed":335,"timestamp":"2026-07-05T02:14:32.538Z"}
{"level":"info","message":"⌛ Building environment","timeElapsed":283,"timestamp":"2026-07-05T02:14:32.824Z"}
{"level":"info","message":"⌛ Building environment","timeElapsed":333,"timestamp":"2026-07-05T02:14:33.158Z"}
{"level":"info","message":"⌛ Building environment","timeElapsed":353,"timestamp":"2026-07-05T02:14:33.511Z"}
{"level":"info","message":"⌛ Building environment","timeElapsed":257,"timestamp":"2026-07-05T02:14:33.773Z"}
{"level":"info","message":"⌛ Building environment","timeElapsed":262,"timestamp":"2026-07-05T02:14:34.036Z"}
{"level":"info","message":"⌛ Building environment","timeElapsed":259,"timestamp":"2026-07-05T02:14:34.295Z"}
{"level":"info","message":"⌛ Building environment","timeElapsed":281,"timestamp":"2026-07-05T02:14:34.582Z"}
{"level":"info","message":"⌛ Building environment","timeElapsed":509,"timestamp":"2026-07-05T02:14:35.092Z"}
{"level":"info","message":"⌛ Validating niveles.wlk","timeElapsed":115,"timestamp":"2026-07-05T02:14:35.212Z"}
{"level":"info","message":"⌛ Building environment","timeElapsed":298,"timestamp":"2026-07-05T02:14:35.510Z"}
{"level":"info","message":"⌛ Building environment","timeElapsed":279,"timestamp":"2026-07-05T02:14:35.790Z"}
{"level":"info","message":"⌛ Building environment","timeElapsed":274,"timestamp":"2026-07-05T02:14:36.064Z"}
{"level":"info","message":"⌛ Building environment","timeElapsed":259,"timestamp":"2026-07-05T02:14:36.325Z"}
{"level":"info","message":"⌛ Building environment","timeElapsed":276,"timestamp":"2026-07-05T02:14:36.605Z"}
{"level":"info","message":"⌛ Building environment","timeElapsed":270,"timestamp":"2026-07-05T02:14:36.875Z"}
{"level":"info","message":"⌛ Building environment","timeElapsed":282,"timestamp":"2026-07-05T02:14:37.162Z"}
{"level":"info","message":"⌛ Validating niveles.wlk","timeElapsed":118,"timestamp":"2026-07-05T02:14:37.280Z"}
{"level":"info","message":"⌛ Building environment","timeElapsed":278,"timestamp":"2026-07-05T02:14:37.584Z"}
{"level":"info","message":"⌛ Validating niveles.wlk","timeElapsed":106,"timestamp":"2026-07-05T02:14:37.694Z"}
{"level":"info","message":"⌛ Validating niveles.wlk","timeElapsed":139,"timestamp":"2026-07-05T02:14:37.834Z"}
{"level":"info","message":"⌛ Validating niveles.wlk","timeElapsed":111,"timestamp":"2026-07-05T02:14:37.946Z"}
{"level":"info","message":"⌛ Validating niveles.wlk","timeElapsed":110,"timestamp":"2026-07-05T02:14:38.057Z"}
{"level":"info","message":"⌛ Building environment","timeElapsed":280,"timestamp":"2026-07-05T02:14:38.338Z"}
{"level":"info","message":"⌛ Building environment","timeElapsed":295,"timestamp":"2026-07-05T02:14:38.681Z"}
{"level":"info","message":"⌛ Validating niveles.wlk","timeElapsed":107,"timestamp":"2026-07-05T02:14:38.792Z"}
{"level":"info","message":"⌛ Building environment","timeElapsed":269,"timestamp":"2026-07-05T02:14:39.063Z"}
{"level":"info","message":"⌛ Building environment","timeElapsed":271,"timestamp":"2026-07-05T02:14:39.334Z"}
{"level":"info","message":"⌛ Building environment","timeElapsed":266,"timestamp":"2026-07-05T02:14:39.701Z"}
{"level":"info","message":"⌛ Building environment","timeElapsed":284,"timestamp":"2026-07-05T02:14:39.990Z"}
{"level":"info","message":"⌛ Validating niveles.wlk","timeElapsed":107,"timestamp":"2026-07-05T02:14:40.097Z"}
{"level":"info","message":"⌛ Building environment","timeElapsed":270,"timestamp":"2026-07-05T02:14:40.368Z"}
{"level":"info","message":"⌛ Validating niveles.wlk","timeElapsed":113,"timestamp":"2026-07-05T02:14:40.485Z"}
{"level":"info","message":"⌛ Validating niveles.wlk","timeElapsed":108,"timestamp":"2026-07-05T02:14:40.594Z"}
{"level":"info","message":"⌛ Building environment","timeElapsed":266,"timestamp":"2026-07-05T02:14:40.861Z"}
{"level":"info","message":"⌛ Validating niveles.wlk","timeElapsed":104,"timestamp":"2026-07-05T02:14:40.970Z"}
{"level":"info","message":"⌛ Building environment","timeElapsed":275,"timestamp":"2026-07-05T02:14:41.246Z"}
{"level":"info","message":"⌛ Building environment","timeElapsed":255,"timestamp":"2026-07-05T02:14:41.629Z"}
{"level":"info","message":"⌛ Validating niveles.wlk","timeElapsed":101,"timestamp":"2026-07-05T02:14:41.730Z"}
{"level":"info","message":"⌛ Validating niveles.wlk","timeElapsed":108,"timestamp":"2026-07-05T02:14:41.875Z"}
{"level":"info","message":"⌛ Validating niveles.wlk","timeElapsed":102,"timestamp":"2026-07-05T02:14:42.078Z"}
{"level":"info","message":"⌛ Building environment","timeElapsed":264,"timestamp":"2026-07-05T02:14:42.442Z"}
{"level":"info","message":"⌛ Building environment","timeElapsed":260,"timestamp":"2026-07-05T02:14:42.703Z"}
{"level":"info","message":"⌛ Building environment","timeElapsed":572,"timestamp":"2026-07-05T02:14:43.402Z"}
{"level":"info","message":"⌛ Building environment","timeElapsed":288,"timestamp":"2026-07-05T02:14:43.721Z"}
{"level":"info","message":"⌛ Validating niveles.wlk","timeElapsed":108,"timestamp":"2026-07-05T02:14:43.829Z"}
{"level":"info","message":"⌛ Building environment","timeElapsed":529,"timestamp":"2026-07-05T02:14:44.363Z"}
{"level":"info","message":"⌛ Validating niveles.wlk","timeElapsed":112,"timestamp":"2026-07-05T02:14:44.474Z"}
{"level":"info","message":"⌛ Building environment","timeElapsed":270,"timestamp":"2026-07-05T02:14:44.745Z"}
{"level":"info","message":"⌛ Building environment","timeElapsed":282,"timestamp":"2026-07-05T02:14:45.028Z"}
{"level":"info","message":"⌛ Validating niveles.wlk","timeElapsed":106,"timestamp":"2026-07-05T02:14:45.135Z"}
{"level":"info","message":"⌛ Building environment","timeElapsed":295,"timestamp":"2026-07-05T02:14:45.431Z"}
{"level":"info","message":"⌛ Building environment","timeElapsed":268,"timestamp":"2026-07-05T02:14:45.703Z"}
{"level":"info","message":"⌛ Validating niveles.wlk","timeElapsed":104,"timestamp":"2026-07-05T02:14:45.807Z"}
{"level":"info","message":"⌛ Validating niveles.wlk","timeElapsed":102,"timestamp":"2026-07-05T02:14:45.933Z"}
{"level":"info","message":"⌛ Validating niveles.wlk","timeElapsed":104,"timestamp":"2026-07-05T02:14:46.560Z"}
{"level":"info","message":"⌛ Validating niveles.wlk","timeElapsed":110,"timestamp":"2026-07-05T02:14:46.788Z"}
{"level":"info","message":"⌛ Validating niveles.wlk","timeElapsed":106,"timestamp":"2026-07-05T02:14:46.912Z"}
{"level":"info","message":"⌛ Validating niveles.wlk","timeElapsed":102,"timestamp":"2026-07-05T02:14:47.014Z"}
{"level":"info","message":"⌛ Validating niveles.wlk","timeElapsed":105,"timestamp":"2026-07-05T02:14:47.154Z"}
{"level":"info","message":"⌛ Validating niveles.wlk","timeElapsed":107,"timestamp":"2026-07-05T02:14:47.278Z"}
{"level":"info","message":"⌛ Validating niveles.wlk","timeElapsed":111,"timestamp":"2026-07-05T02:14:47.864Z"}
{"level":"info","message":"⌛ Validating niveles.wlk","timeElapsed":109,"timestamp":"2026-07-05T02:14:47.974Z"}
{"level":"info","message":"⌛ Validating niveles.wlk","timeElapsed":103,"timestamp":"2026-07-05T02:14:48.214Z"}
{"level":"info","message":"⌛ Validating niveles.wlk","timeElapsed":101,"timestamp":"2026-07-05T02:14:48.341Z"}
{"level":"info","message":"⌛ Building environment","timeElapsed":272,"timestamp":"2026-07-05T02:14:49.976Z"}
{"level":"error","message":"✘ Completions for node Return ([575:9, 575:17] - niveles.wlk) failed: Error: [Return]{89732e} at niveles.wlk:575 exhausted all cases without a match [Return]{89732e} at niveles.wlk:575 exhausted all cases without a match","stack":"Error: [Return]{89732e} at niveles.wlk:575 exhausted all cases without a match\n    at c:\\Users\\zagum\\.vscode\\extensions\\uqbar.wollok-lsp-ide-0.5.4\\out\\server\\src\\server.js:38:6142\n    at L2 (c:\\Users\\zagum\\.vscode\\extensions\\uqbar.wollok-lsp-ide-0.5.4\\out\\server\\src\\server.js:2389:42)\n    at Jh (c:\\Users\\zagum\\.vscode\\extensions\\uqbar.wollok-lsp-ide-0.5.4\\out\\server\\src\\server.js:2389:1092)\n    at M5n (c:\\Users\\zagum\\.vscode\\extensions\\uqbar.wollok-lsp-ide-0.5.4\\out\\server\\src\\server.js:2389:1248)\n    at c:\\Users\\zagum\\.vscode\\extensions\\uqbar.wollok-lsp-ide-0.5.4\\out\\server\\src\\server.js:38:6131\n    at L2 (c:\\Users\\zagum\\.vscode\\extensions\\uqbar.wollok-lsp-ide-0.5.4\\out\\server\\src\\server.js:2389:42)\n    at c:\\Users\\zagum\\.vscode\\extensions\\uqbar.wollok-lsp-ide-0.5.4\\out\\server\\src\\server.js:2389:2988\n    at c:\\Users\\zagum\\.vscode\\extensions\\uqbar.wollok-lsp-ide-0.5.4\\out\\server\\src\\server.js:2398:8440\n    at c:\\Users\\zagum\\.vscode\\extensions\\uqbar.wollok-lsp-ide-0.5.4\\out\\server\\src\\server.js:37:74872\n    at Ke (c:\\Users\\zagum\\.vscode\\extensions\\uqbar.wollok-lsp-ide-0.5.4\\out\\server\\src\\server.js:7:8527)","timestamp":"2026-07-05T02:14:50.010Z"}
{"level":"info","message":"⌛ Building environment","timeElapsed":272,"timestamp":"2026-07-05T02:14:50.292Z"}
{"level":"info","message":"⌛ Building environment","timeElapsed":284,"timestamp":"2026-07-05T02:14:50.603Z"}
{"exitCode":"SIGHUP","level":"info","message":"👾 Game executed juego.rpg on c:\\Users\\zagum\\OneDrive\\Documentos\\Santiago\\Cosas\\Tareas\\Programacion Objetos1\\tp-final-wollok-game-self-y-sus-amigos","timeElapsed":200508,"timestamp":"2026-07-05T02:15:03.778Z"}
{"level":"info","message":"🚀 Program executed \u001b[3m\u001b[34mjuego.rpg\u001b[39m\u001b[23m on \u001b[3m\u001b[34mc:\\Users\\zagum\\OneDrive\\Documentos\\Santiago\\Cosas\\Tareas\\Programacion Objetos1\\tp-final-wollok-game-self-y-sus-amigos\u001b[39m\u001b[23m","ok":true,"timeElapsed":2071,"timestamp":"2026-07-05T02:15:07.567Z"}
{"exitCode":0,"level":"info","message":"👾 Game executed juego.rpg on c:\\Users\\zagum\\OneDrive\\Documentos\\Santiago\\Cosas\\Tareas\\Programacion Objetos1\\tp-final-wollok-game-self-y-sus-amigos","timeElapsed":65349,"timestamp":"2026-07-05T02:16:10.844Z"}
{"level":"info","message":"⌛ Building environment","timeElapsed":332,"timestamp":"2026-07-05T02:16:23.856Z"}
{"level":"info","message":"⌛ Validating niveles.wlk","timeElapsed":129,"timestamp":"2026-07-05T02:16:23.987Z"}
{"level":"info","message":"⌛ Building environment","timeElapsed":281,"timestamp":"2026-07-05T02:16:25.209Z"}
{"level":"info","message":"⌛ Building environment","timeElapsed":283,"timestamp":"2026-07-05T02:16:25.528Z"}
{"level":"info","message":"⌛ Building environment","timeElapsed":269,"timestamp":"2026-07-05T02:16:25.804Z"}
{"level":"info","message":"⌛ Validating niveles.wlk","timeElapsed":106,"timestamp":"2026-07-05T02:16:25.910Z"}
{"level":"info","message":"⌛ Building environment","timeElapsed":273,"timestamp":"2026-07-05T02:16:26.183Z"}
{"level":"info","message":"⌛ Validating niveles.wlk","timeElapsed":104,"timestamp":"2026-07-05T02:16:26.289Z"}
{"level":"info","message":"⌛ Validating niveles.wlk","timeElapsed":102,"timestamp":"2026-07-05T02:16:26.415Z"}
{"level":"info","message":"⌛ Validating niveles.wlk","timeElapsed":103,"timestamp":"2026-07-05T02:16:26.537Z"}
{"level":"info","message":"⌛ Building environment","timeElapsed":266,"timestamp":"2026-07-05T02:16:26.949Z"}
{"level":"info","message":"⌛ Building environment","timeElapsed":279,"timestamp":"2026-07-05T02:16:27.681Z"}
{"level":"info","message":"⌛ Validating niveles.wlk","timeElapsed":101,"timestamp":"2026-07-05T02:16:27.848Z"}
{"level":"info","message":"⌛ Building environment","timeElapsed":279,"timestamp":"2026-07-05T02:16:28.536Z"}
{"level":"info","message":"⌛ Building environment","timeElapsed":286,"timestamp":"2026-07-05T02:16:28.823Z"}
{"level":"info","message":"⌛ Validating niveles.wlk","timeElapsed":106,"timestamp":"2026-07-05T02:16:28.929Z"}
{"level":"info","message":"⌛ Building environment","timeElapsed":265,"timestamp":"2026-07-05T02:16:29.220Z"}
{"level":"info","message":"⌛ Validating niveles.wlk","timeElapsed":101,"timestamp":"2026-07-05T02:16:29.325Z"}
{"level":"info","message":"⌛ Building environment","timeElapsed":270,"timestamp":"2026-07-05T02:16:29.720Z"}
{"level":"info","message":"⌛ Building environment","timeElapsed":276,"timestamp":"2026-07-05T02:16:30.033Z"}
{"level":"info","message":"⌛ Building environment","timeElapsed":258,"timestamp":"2026-07-05T02:16:30.296Z"}
{"level":"info","message":"⌛ Building environment","timeElapsed":263,"timestamp":"2026-07-05T02:16:30.658Z"}
{"level":"info","message":"⌛ Building environment","timeElapsed":264,"timestamp":"2026-07-05T02:16:30.981Z"}
{"level":"info","message":"⌛ Validating niveles.wlk","timeElapsed":103,"timestamp":"2026-07-05T02:16:31.089Z"}
{"level":"info","message":"⌛ Building environment","timeElapsed":255,"timestamp":"2026-07-05T02:16:31.466Z"}
{"level":"info","message":"⌛ Building environment","timeElapsed":263,"timestamp":"2026-07-05T02:16:31.733Z"}
{"level":"info","message":"⌛ Validating niveles.wlk","timeElapsed":104,"timestamp":"2026-07-05T02:16:31.837Z"}
{"level":"info","message":"⌛ Validating niveles.wlk","timeElapsed":121,"timestamp":"2026-07-05T02:16:31.959Z"}
{"level":"info","message":"⌛ Building environment","timeElapsed":303,"timestamp":"2026-07-05T02:16:32.268Z"}
{"level":"info","message":"⌛ Validating niveles.wlk","timeElapsed":103,"timestamp":"2026-07-05T02:16:32.371Z"}
{"level":"info","message":"⌛ Building environment","timeElapsed":267,"timestamp":"2026-07-05T02:16:32.662Z"}
{"level":"info","message":"⌛ Building environment","timeElapsed":254,"timestamp":"2026-07-05T02:16:33.026Z"}
{"level":"info","message":"⌛ Building environment","timeElapsed":260,"timestamp":"2026-07-05T02:16:33.318Z"}
{"level":"info","message":"⌛ Building environment","timeElapsed":306,"timestamp":"2026-07-05T02:16:41.310Z"}
{"level":"info","message":"⌛ Building environment","timeElapsed":281,"timestamp":"2026-07-05T02:16:41.592Z"}
{"level":"info","message":"⌛ Validating niveles.wlk","timeElapsed":102,"timestamp":"2026-07-05T02:16:41.699Z"}
{"level":"info","message":"⌛ Building environment","timeElapsed":268,"timestamp":"2026-07-05T02:16:41.968Z"}
{"level":"info","message":"⌛ Building environment","timeElapsed":287,"timestamp":"2026-07-05T02:16:42.291Z"}
{"level":"info","message":"⌛ Building environment","timeElapsed":260,"timestamp":"2026-07-05T02:16:42.551Z"}
{"level":"info","message":"⌛ Building environment","timeElapsed":268,"timestamp":"2026-07-05T02:16:42.825Z"}
{"level":"info","message":"⌛ Validating niveles.wlk","timeElapsed":102,"timestamp":"2026-07-05T02:16:42.927Z"}
{"level":"info","message":"⌛ Validating niveles.wlk","timeElapsed":102,"timestamp":"2026-07-05T02:16:43.055Z"}
{"level":"info","message":"⌛ Validating niveles.wlk","timeElapsed":104,"timestamp":"2026-07-05T02:16:43.159Z"}
{"level":"info","message":"⌛ Building environment","timeElapsed":273,"timestamp":"2026-07-05T02:16:43.432Z"}
{"level":"info","message":"⌛ Validating niveles.wlk","timeElapsed":106,"timestamp":"2026-07-05T02:16:43.539Z"}
{"level":"info","message":"⌛ Building environment","timeElapsed":258,"timestamp":"2026-07-05T02:16:43.934Z"}
{"level":"info","message":"⌛ Building environment","timeElapsed":270,"timestamp":"2026-07-05T02:16:44.236Z"}
{"level":"info","message":"⌛ Validating niveles.wlk","timeElapsed":103,"timestamp":"2026-07-05T02:16:44.386Z"}
{"level":"info","message":"⌛ Building environment","timeElapsed":331,"timestamp":"2026-07-05T02:16:44.717Z"}
{"level":"info","message":"⌛ Building environment","timeElapsed":312,"timestamp":"2026-07-05T02:16:45.157Z"}
{"level":"info","message":"⌛ Building environment","timeElapsed":260,"timestamp":"2026-07-05T02:16:45.551Z"}
{"level":"info","message":"⌛ Building environment","timeElapsed":259,"timestamp":"2026-07-05T02:16:45.810Z"}
{"level":"info","message":"⌛ Building environment","timeElapsed":265,"timestamp":"2026-07-05T02:16:46.075Z"}
{"level":"info","message":"⌛ Building environment","timeElapsed":265,"timestamp":"2026-07-05T02:16:46.341Z"}
{"level":"info","message":"⌛ Validating niveles.wlk","timeElapsed":102,"timestamp":"2026-07-05T02:16:46.704Z"}
{"level":"info","message":"⌛ Building environment","timeElapsed":269,"timestamp":"2026-07-05T02:16:47.072Z"}
{"level":"error","message":"✘ Completions for node Parameter ([55:21, 55:22] - niveles.wlk) failed: Error: [Parameter]{7e0da3} at niveles.wlk:55 exhausted all cases without a match [Parameter]{7e0da3} at niveles.wlk:55 exhausted all cases without a match","stack":"Error: [Parameter]{7e0da3} at niveles.wlk:55 exhausted all cases without a match\n    at c:\\Users\\zagum\\.vscode\\extensions\\uqbar.wollok-lsp-ide-0.5.4\\out\\server\\src\\server.js:38:6142\n    at L2 (c:\\Users\\zagum\\.vscode\\extensions\\uqbar.wollok-lsp-ide-0.5.4\\out\\server\\src\\server.js:2389:42)\n    at c:\\Users\\zagum\\.vscode\\extensions\\uqbar.wollok-lsp-ide-0.5.4\\out\\server\\src\\server.js:2389:2988\n    at c:\\Users\\zagum\\.vscode\\extensions\\uqbar.wollok-lsp-ide-0.5.4\\out\\server\\src\\server.js:2398:8440\n    at c:\\Users\\zagum\\.vscode\\extensions\\uqbar.wollok-lsp-ide-0.5.4\\out\\server\\src\\server.js:37:74872\n    at Ke (c:\\Users\\zagum\\.vscode\\extensions\\uqbar.wollok-lsp-ide-0.5.4\\out\\server\\src\\server.js:7:8527)\n    at Lt (c:\\Users\\zagum\\.vscode\\extensions\\uqbar.wollok-lsp-ide-0.5.4\\out\\server\\src\\server.js:7:6189)\n    at ct (c:\\Users\\zagum\\.vscode\\extensions\\uqbar.wollok-lsp-ide-0.5.4\\out\\server\\src\\server.js:7:6378)\n    at Immediate._onImmediate (c:\\Users\\zagum\\.vscode\\extensions\\uqbar.wollok-lsp-ide-0.5.4\\out\\server\\src\\server.js:7:6142)\n    at process.processImmediate (node:internal/timers:504:21)","timestamp":"2026-07-05T02:16:47.101Z"}
{"level":"info","message":"⌛ Building environment","timeElapsed":263,"timestamp":"2026-07-05T02:16:47.368Z"}
{"level":"info","message":"⌛ Building environment","timeElapsed":328,"timestamp":"2026-07-05T02:16:47.798Z"}
{"level":"info","message":"⌛ Building environment","timeElapsed":267,"timestamp":"2026-07-05T02:16:48.070Z"}
{"level":"info","message":"⌛ Building environment","timeElapsed":253,"timestamp":"2026-07-05T02:16:48.323Z"}
{"level":"info","message":"⌛ Validating niveles.wlk","timeElapsed":110,"timestamp":"2026-07-05T02:16:48.440Z"}
{"level":"info","message":"⌛ Building environment","timeElapsed":268,"timestamp":"2026-07-05T02:16:48.713Z"}
{"level":"info","message":"⌛ Validating niveles.wlk","timeElapsed":110,"timestamp":"2026-07-05T02:16:48.827Z"}
{"level":"info","message":"⌛ Validating niveles.wlk","timeElapsed":111,"timestamp":"2026-07-05T02:16:48.943Z"}
{"level":"info","message":"⌛ Validating niveles.wlk","timeElapsed":102,"timestamp":"2026-07-05T02:16:49.045Z"}
{"level":"info","message":"⌛ Validating niveles.wlk","timeElapsed":101,"timestamp":"2026-07-05T02:16:49.147Z"}
{"level":"info","message":"⌛ Validating niveles.wlk","timeElapsed":101,"timestamp":"2026-07-05T02:16:49.269Z"}
{"level":"info","message":"⌛ Building environment","timeElapsed":287,"timestamp":"2026-07-05T02:16:49.956Z"}
{"level":"info","message":"⌛ Validating niveles.wlk","timeElapsed":102,"timestamp":"2026-07-05T02:16:50.119Z"}
{"level":"info","message":"⌛ Building environment","timeElapsed":273,"timestamp":"2026-07-05T02:17:00.709Z"}
{"level":"info","message":"⌛ Building environment","timeElapsed":262,"timestamp":"2026-07-05T02:17:03.295Z"}
{"level":"error","message":"✘ Completions for node Assignment ([56:9, 56:24] - niveles.wlk) failed: Error: [Assignment]{8d3839} at niveles.wlk:56 exhausted all cases without a match [Assignment]{8d3839} at niveles.wlk:56 exhausted all cases without a match","stack":"Error: [Assignment]{8d3839} at niveles.wlk:56 exhausted all cases without a match\n    at c:\\Users\\zagum\\.vscode\\extensions\\uqbar.wollok-lsp-ide-0.5.4\\out\\server\\src\\server.js:38:6142\n    at L2 (c:\\Users\\zagum\\.vscode\\extensions\\uqbar.wollok-lsp-ide-0.5.4\\out\\server\\src\\server.js:2389:42)\n    at Jh (c:\\Users\\zagum\\.vscode\\extensions\\uqbar.wollok-lsp-ide-0.5.4\\out\\server\\src\\server.js:2389:1092)\n    at M5n (c:\\Users\\zagum\\.vscode\\extensions\\uqbar.wollok-lsp-ide-0.5.4\\out\\server\\src\\server.js:2389:1248)\n    at c:\\Users\\zagum\\.vscode\\extensions\\uqbar.wollok-lsp-ide-0.5.4\\out\\server\\src\\server.js:38:6131\n    at L2 (c:\\Users\\zagum\\.vscode\\extensions\\uqbar.wollok-lsp-ide-0.5.4\\out\\server\\src\\server.js:2389:42)\n    at c:\\Users\\zagum\\.vscode\\extensions\\uqbar.wollok-lsp-ide-0.5.4\\out\\server\\src\\server.js:2389:2988\n    at c:\\Users\\zagum\\.vscode\\extensions\\uqbar.wollok-lsp-ide-0.5.4\\out\\server\\src\\server.js:2398:8440\n    at c:\\Users\\zagum\\.vscode\\extensions\\uqbar.wollok-lsp-ide-0.5.4\\out\\server\\src\\server.js:37:74872\n    at Ke (c:\\Users\\zagum\\.vscode\\extensions\\uqbar.wollok-lsp-ide-0.5.4\\out\\server\\src\\server.js:7:8527)","timestamp":"2026-07-05T02:17:03.329Z"}
{"level":"info","message":"⌛ Building environment","timeElapsed":295,"timestamp":"2026-07-05T02:17:03.653Z"}
{"level":"info","message":"⌛ Validating niveles.wlk","timeElapsed":104,"timestamp":"2026-07-05T02:17:03.757Z"}
{"level":"info","message":"⌛ Validating niveles.wlk","timeElapsed":109,"timestamp":"2026-07-05T02:17:03.902Z"}
{"level":"info","message":"⌛ Building environment","timeElapsed":262,"timestamp":"2026-07-05T02:17:04.164Z"}
{"level":"info","message":"⌛ Building environment","timeElapsed":263,"timestamp":"2026-07-05T02:17:04.433Z"}
{"level":"info","message":"⌛ Building environment","timeElapsed":271,"timestamp":"2026-07-05T02:17:04.704Z"}
{"level":"info","message":"⌛ Validating niveles.wlk","timeElapsed":106,"timestamp":"2026-07-05T02:17:04.815Z"}
{"level":"info","message":"⌛ Validating niveles.wlk","timeElapsed":102,"timestamp":"2026-07-05T02:17:05.044Z"}
{"level":"info","message":"⌛ Building environment","timeElapsed":269,"timestamp":"2026-07-05T02:17:23.913Z"}
{"level":"error","message":"✘ Completions for node Send ([637:24, 637:50] - niveles.wlk) failed: Error: [Send]{91f612} at niveles.wlk:637 exhausted all cases without a match [Send]{91f612} at niveles.wlk:637 exhausted all cases without a match","stack":"Error: [Send]{91f612} at niveles.wlk:637 exhausted all cases without a match\n    at c:\\Users\\zagum\\.vscode\\extensions\\uqbar.wollok-lsp-ide-0.5.4\\out\\server\\src\\server.js:38:6142\n    at L2 (c:\\Users\\zagum\\.vscode\\extensions\\uqbar.wollok-lsp-ide-0.5.4\\out\\server\\src\\server.js:2389:42)\n    at Jh (c:\\Users\\zagum\\.vscode\\extensions\\uqbar.wollok-lsp-ide-0.5.4\\out\\server\\src\\server.js:2389:1092)\n    at M5n (c:\\Users\\zagum\\.vscode\\extensions\\uqbar.wollok-lsp-ide-0.5.4\\out\\server\\src\\server.js:2389:1248)\n    at c:\\Users\\zagum\\.vscode\\extensions\\uqbar.wollok-lsp-ide-0.5.4\\out\\server\\src\\server.js:38:6131\n    at L2 (c:\\Users\\zagum\\.vscode\\extensions\\uqbar.wollok-lsp-ide-0.5.4\\out\\server\\src\\server.js:2389:42)\n    at c:\\Users\\zagum\\.vscode\\extensions\\uqbar.wollok-lsp-ide-0.5.4\\out\\server\\src\\server.js:2389:2988\n    at c:\\Users\\zagum\\.vscode\\extensions\\uqbar.wollok-lsp-ide-0.5.4\\out\\server\\src\\server.js:2398:8440\n    at c:\\Users\\zagum\\.vscode\\extensions\\uqbar.wollok-lsp-ide-0.5.4\\out\\server\\src\\server.js:37:74872\n    at Ke (c:\\Users\\zagum\\.vscode\\extensions\\uqbar.wollok-lsp-ide-0.5.4\\out\\server\\src\\server.js:7:8527)","timestamp":"2026-07-05T02:17:23.945Z"}
{"level":"info","message":"⌛ Building environment","timeElapsed":270,"timestamp":"2026-07-05T02:17:24.218Z"}
{"level":"info","message":"⌛ Building environment","timeElapsed":322,"timestamp":"2026-07-05T02:17:24.569Z"}
{"level":"info","message":"⌛ Validating niveles.wlk","timeElapsed":108,"timestamp":"2026-07-05T02:17:24.677Z"}
{"level":"info","message":"⌛ Building environment","timeElapsed":305,"timestamp":"2026-07-05T02:17:25.109Z"}
{"level":"info","message":"⌛ Validating niveles.wlk","timeElapsed":101,"timestamp":"2026-07-05T02:17:25.210Z"}
{"level":"info","message":"⌛ Validating niveles.wlk","timeElapsed":102,"timestamp":"2026-07-05T02:17:25.355Z"}
{"level":"info","message":"🚀 Program executed \u001b[3m\u001b[34mjuego.rpg\u001b[39m\u001b[23m on \u001b[3m\u001b[34mc:\\Users\\zagum\\OneDrive\\Documentos\\Santiago\\Cosas\\Tareas\\Programacion Objetos1\\tp-final-wollok-game-self-y-sus-amigos\u001b[39m\u001b[23m","ok":true,"timeElapsed":1932,"timestamp":"2026-07-05T02:17:33.455Z"}
{"exitCode":"SIGHUP","level":"info","message":"👾 Game executed juego.rpg on c:\\Users\\zagum\\OneDrive\\Documentos\\Santiago\\Cosas\\Tareas\\Programacion Objetos1\\tp-final-wollok-game-self-y-sus-amigos","timeElapsed":21572,"timestamp":"2026-07-05T02:17:53.094Z"}
{"level":"info","message":"🚀 Program executed \u001b[3m\u001b[34mjuego.rpg\u001b[39m\u001b[23m on \u001b[3m\u001b[34mc:\\Users\\zagum\\OneDrive\\Documentos\\Santiago\\Cosas\\Tareas\\Programacion Objetos1\\tp-final-wollok-game-self-y-sus-amigos\u001b[39m\u001b[23m","ok":true,"timeElapsed":1812,"timestamp":"2026-07-05T02:17:56.124Z"}
{"level":"info","message":"⌛ Building environment","timeElapsed":273,"timestamp":"2026-07-05T02:18:05.008Z"}
{"level":"info","message":"⌛ Building environment","timeElapsed":268,"timestamp":"2026-07-05T02:18:05.457Z"}
{"level":"info","message":"⌛ Building environment","timeElapsed":270,"timestamp":"2026-07-05T02:18:05.727Z"}
{"level":"info","message":"⌛ Building environment","timeElapsed":267,"timestamp":"2026-07-05T02:18:05.995Z"}
{"level":"info","message":"⌛ Validating niveles.wlk","timeElapsed":102,"timestamp":"2026-07-05T02:18:06.096Z"}
{"level":"info","message":"⌛ Validating niveles.wlk","timeElapsed":101,"timestamp":"2026-07-05T02:18:06.321Z"}
{"exitCode":"SIGHUP","level":"info","message":"👾 Game executed juego.rpg on c:\\Users\\zagum\\OneDrive\\Documentos\\Santiago\\Cosas\\Tareas\\Programacion Objetos1\\tp-final-wollok-game-self-y-sus-amigos","timeElapsed":18371,"timestamp":"2026-07-05T02:18:12.682Z"}
{"level":"info","message":"🚀 Program executed \u001b[3m\u001b[34mjuego.rpg\u001b[39m\u001b[23m on \u001b[3m\u001b[34mc:\\Users\\zagum\\OneDrive\\Documentos\\Santiago\\Cosas\\Tareas\\Programacion Objetos1\\tp-final-wollok-game-self-y-sus-amigos\u001b[39m\u001b[23m","ok":true,"timeElapsed":1963,"timestamp":"2026-07-05T02:18:16.111Z"}
{"exitCode":"SIGHUP","level":"info","message":"👾 Game executed juego.rpg on c:\\Users\\zagum\\OneDrive\\Documentos\\Santiago\\Cosas\\Tareas\\Programacion Objetos1\\tp-final-wollok-game-self-y-sus-amigos","timeElapsed":13363,"timestamp":"2026-07-05T02:18:27.510Z"}
{"level":"info","message":"🚀 Program executed \u001b[3m\u001b[34mjuego.rpg\u001b[39m\u001b[23m on \u001b[3m\u001b[34mc:\\Users\\zagum\\OneDrive\\Documentos\\Santiago\\Cosas\\Tareas\\Programacion Objetos1\\tp-final-wollok-game-self-y-sus-amigos\u001b[39m\u001b[23m","ok":true,"timeElapsed":1936,"timestamp":"2026-07-05T02:18:30.782Z"}
{"exitCode":"SIGHUP","level":"info","message":"👾 Game executed juego.rpg on c:\\Users\\zagum\\OneDrive\\Documentos\\Santiago\\Cosas\\Tareas\\Programacion Objetos1\\tp-final-wollok-game-self-y-sus-amigos","timeElapsed":34052,"timestamp":"2026-07-05T02:19:02.896Z"}
{"level":"info","message":"🚀 Program executed \u001b[3m\u001b[34mjuego.rpg\u001b[39m\u001b[23m on \u001b[3m\u001b[34mc:\\Users\\zagum\\OneDrive\\Documentos\\Santiago\\Cosas\\Tareas\\Programacion Objetos1\\tp-final-wollok-game-self-y-sus-amigos\u001b[39m\u001b[23m","ok":true,"timeElapsed":1905,"timestamp":"2026-07-05T02:19:06.371Z"}
{"exitCode":0,"level":"info","message":"👾 Game executed juego.rpg on c:\\Users\\zagum\\OneDrive\\Documentos\\Santiago\\Cosas\\Tareas\\Programacion Objetos1\\tp-final-wollok-game-self-y-sus-amigos","timeElapsed":29994,"timestamp":"2026-07-05T02:19:34.459Z"}
