{"level":"info","message":"⌛ Building environment","timeElapsed":155,"timestamp":"2026-06-18T17:33:15.632Z"}
{"level":"info","message":"⌛ Validating objetos.wlk","timeElapsed":106,"timestamp":"2026-06-18T17:33:15.762Z"}
{"level":"info","message":"⌛ Building environment","timeElapsed":130,"timestamp":"2026-06-18T17:33:18.792Z"}
{"level":"info","message":"⌛ Validating objetos.wlk","timeElapsed":104,"timestamp":"2026-06-18T17:33:18.923Z"}
{"level":"info","message":"⌛ Building environment","timeElapsed":154,"timestamp":"2026-06-18T17:33:19.077Z"}
{"level":"info","message":"⌛ Building environment","timeElapsed":152,"timestamp":"2026-06-18T17:33:19.229Z"}
{"level":"info","message":"⌛ Validating objetos.wlk","timeElapsed":114,"timestamp":"2026-06-18T17:33:19.344Z"}
{"level":"info","message":"⌛ Building environment","timeElapsed":136,"timestamp":"2026-06-18T17:33:19.480Z"}
{"level":"info","message":"⌛ Building environment","timeElapsed":152,"timestamp":"2026-06-18T17:33:19.632Z"}
{"level":"info","message":"⌛ Building environment","timeElapsed":176,"timestamp":"2026-06-18T17:33:19.906Z"}
{"level":"info","message":"⌛ Building environment","timeElapsed":125,"timestamp":"2026-06-18T17:33:20.246Z"}
{"level":"info","message":"⌛ Building environment","timeElapsed":135,"timestamp":"2026-06-18T17:33:22.021Z"}
{"level":"info","message":"⌛ Building environment","timeElapsed":128,"timestamp":"2026-06-18T17:33:22.149Z"}
{"level":"info","message":"⌛ Building environment","timeElapsed":133,"timestamp":"2026-06-18T17:33:39.693Z"}
{"level":"info","message":"⌛ Validating objetos.wlk","timeElapsed":101,"timestamp":"2026-06-18T17:33:39.796Z"}
{"level":"info","message":"⌛ Building environment","timeElapsed":136,"timestamp":"2026-06-18T17:33:39.933Z"}
{"level":"info","message":"⌛ Building environment","timeElapsed":131,"timestamp":"2026-06-18T17:33:40.068Z"}
{"level":"info","message":"⌛ Validating objetos.wlk","timeElapsed":101,"timestamp":"2026-06-18T17:33:40.268Z"}
{"level":"info","message":"⌛ Building environment","timeElapsed":132,"timestamp":"2026-06-18T17:33:41.093Z"}
{"level":"info","message":"⌛ Building environment","timeElapsed":132,"timestamp":"2026-06-18T17:33:41.323Z"}
{"level":"info","message":"⌛ Building environment","timeElapsed":193,"timestamp":"2026-06-18T17:33:41.517Z"}
{"level":"info","message":"⌛ Validating objetos.wlk","timeElapsed":104,"timestamp":"2026-06-18T17:33:41.625Z"}
{"level":"info","message":"⌛ Validating objetos.wlk","timeElapsed":102,"timestamp":"2026-06-18T17:33:41.729Z"}
{"level":"info","message":"⌛ Building environment","timeElapsed":166,"timestamp":"2026-06-18T17:33:41.900Z"}
{"level":"info","message":"⌛ Building environment","timeElapsed":126,"timestamp":"2026-06-18T17:33:42.073Z"}
{"level":"info","message":"⌛ Building environment","timeElapsed":131,"timestamp":"2026-06-18T17:33:42.208Z"}
{"level":"info","message":"⌛ Validating objetos.wlk","timeElapsed":142,"timestamp":"2026-06-18T17:33:42.370Z"}
{"level":"info","message":"⌛ Building environment","timeElapsed":155,"timestamp":"2026-06-18T17:33:42.526Z"}
{"level":"info","message":"⌛ Building environment","timeElapsed":125,"timestamp":"2026-06-18T17:33:42.655Z"}
{"level":"info","message":"⌛ Building environment","timeElapsed":130,"timestamp":"2026-06-18T17:33:45.382Z"}
{"level":"info","message":"⌛ Validating objetos.wlk","timeElapsed":101,"timestamp":"2026-06-18T17:33:45.484Z"}
{"level":"info","message":"⌛ Building environment","timeElapsed":153,"timestamp":"2026-06-18T17:33:45.638Z"}
{"level":"info","message":"⌛ Building environment","timeElapsed":169,"timestamp":"2026-06-18T17:33:45.806Z"}
{"level":"info","message":"⌛ Building environment","timeElapsed":132,"timestamp":"2026-06-18T17:33:46.047Z"}
{"level":"info","message":"⌛ Validating objetos.wlk","timeElapsed":112,"timestamp":"2026-06-18T17:33:46.159Z"}
{"level":"info","message":"⌛ Building environment","timeElapsed":134,"timestamp":"2026-06-18T17:33:46.294Z"}
{"level":"info","message":"⌛ Building environment","timeElapsed":127,"timestamp":"2026-06-18T17:33:46.726Z"}
{"level":"info","message":"⌛ Building environment","timeElapsed":131,"timestamp":"2026-06-18T17:33:46.988Z"}
{"level":"info","message":"⌛ Building environment","timeElapsed":129,"timestamp":"2026-06-18T17:33:47.140Z"}
{"level":"info","message":"⌛ Building environment","timeElapsed":134,"timestamp":"2026-06-18T17:33:47.376Z"}
{"level":"info","message":"⌛ Building environment","timeElapsed":131,"timestamp":"2026-06-18T17:33:47.721Z"}
{"level":"info","message":"⌛ Building environment","timeElapsed":177,"timestamp":"2026-06-18T17:33:47.902Z"}
{"level":"info","message":"⌛ Validating objetos.wlk","timeElapsed":104,"timestamp":"2026-06-18T17:33:48.041Z"}
{"level":"info","message":"⌛ Building environment","timeElapsed":220,"timestamp":"2026-06-18T17:33:48.262Z"}
{"level":"info","message":"⌛ Validating objetos.wlk","timeElapsed":101,"timestamp":"2026-06-18T17:33:48.363Z"}
{"level":"info","message":"⌛ Building environment","timeElapsed":137,"timestamp":"2026-06-18T17:33:48.501Z"}
{"level":"info","message":"⌛ Building environment","timeElapsed":135,"timestamp":"2026-06-18T17:33:50.735Z"}
{"level":"info","message":"⌛ Validating objetos.wlk","timeElapsed":111,"timestamp":"2026-06-18T17:33:50.848Z"}
{"level":"info","message":"⌛ Building environment","timeElapsed":134,"timestamp":"2026-06-18T17:33:50.982Z"}
{"level":"info","message":"⌛ Building environment","timeElapsed":131,"timestamp":"2026-06-18T17:33:51.114Z"}
{"level":"info","message":"⌛ Building environment","timeElapsed":131,"timestamp":"2026-06-18T17:33:51.367Z"}
{"level":"info","message":"⌛ Building environment","timeElapsed":133,"timestamp":"2026-06-18T17:33:51.626Z"}
{"level":"info","message":"⌛ Validating objetos.wlk","timeElapsed":103,"timestamp":"2026-06-18T17:33:51.760Z"}
{"level":"info","message":"⌛ Building environment","timeElapsed":138,"timestamp":"2026-06-18T17:33:51.899Z"}
{"level":"info","message":"⌛ Validating objetos.wlk","timeElapsed":101,"timestamp":"2026-06-18T17:33:52.000Z"}
{"level":"info","message":"⌛ Building environment","timeElapsed":128,"timestamp":"2026-06-18T17:33:52.132Z"}
{"level":"info","message":"⌛ Building environment","timeElapsed":131,"timestamp":"2026-06-18T17:33:52.315Z"}
{"level":"info","message":"⌛ Validating objetos.wlk","timeElapsed":101,"timestamp":"2026-06-18T17:33:52.416Z"}
{"level":"info","message":"⌛ Building environment","timeElapsed":124,"timestamp":"2026-06-18T17:33:52.540Z"}
{"level":"info","message":"⌛ Building environment","timeElapsed":126,"timestamp":"2026-06-18T17:33:52.670Z"}
{"level":"info","message":"⌛ Building environment","timeElapsed":125,"timestamp":"2026-06-18T17:33:52.885Z"}
{"level":"info","message":"⌛ Building environment","timeElapsed":133,"timestamp":"2026-06-18T17:33:55.764Z"}
{"level":"info","message":"⌛ Validating objetos.wlk","timeElapsed":108,"timestamp":"2026-06-18T17:33:55.892Z"}
{"level":"info","message":"⌛ Building environment","timeElapsed":187,"timestamp":"2026-06-18T17:33:56.080Z"}
{"level":"info","message":"⌛ Validating objetos.wlk","timeElapsed":134,"timestamp":"2026-06-18T17:33:56.272Z"}
{"level":"info","message":"⌛ Building environment","timeElapsed":163,"timestamp":"2026-06-18T17:34:24.066Z"}
{"level":"info","message":"⌛ Validating personaje.wlk","timeElapsed":101,"timestamp":"2026-06-18T17:34:24.172Z"}
{"level":"info","message":"⌛ Building environment","timeElapsed":133,"timestamp":"2026-06-18T17:34:24.494Z"}
{"level":"info","message":"⌛ Building environment","timeElapsed":146,"timestamp":"2026-06-18T17:35:05.818Z"}
{"level":"error","message":"✘ Completions for node Send ([220:73, 220:88] - personaje.wlk) failed: Error: [Send]{70f590} at personaje.wlk:220 exhausted all cases without a match [Send]{70f590} at personaje.wlk:220 exhausted all cases without a match","stack":"Error: [Send]{70f590} at personaje.wlk:220 exhausted all cases without a match\n    at c:\\Users\\zagum\\.vscode\\extensions\\uqbar.wollok-lsp-ide-0.5.4\\out\\server\\src\\server.js:38:6142\n    at L2 (c:\\Users\\zagum\\.vscode\\extensions\\uqbar.wollok-lsp-ide-0.5.4\\out\\server\\src\\server.js:2389:42)\n    at c:\\Users\\zagum\\.vscode\\extensions\\uqbar.wollok-lsp-ide-0.5.4\\out\\server\\src\\server.js:2389:2988\n    at c:\\Users\\zagum\\.vscode\\extensions\\uqbar.wollok-lsp-ide-0.5.4\\out\\server\\src\\server.js:2398:8440\n    at c:\\Users\\zagum\\.vscode\\extensions\\uqbar.wollok-lsp-ide-0.5.4\\out\\server\\src\\server.js:37:74872\n    at Ke (c:\\Users\\zagum\\.vscode\\extensions\\uqbar.wollok-lsp-ide-0.5.4\\out\\server\\src\\server.js:7:8527)\n    at Lt (c:\\Users\\zagum\\.vscode\\extensions\\uqbar.wollok-lsp-ide-0.5.4\\out\\server\\src\\server.js:7:6189)\n    at ct (c:\\Users\\zagum\\.vscode\\extensions\\uqbar.wollok-lsp-ide-0.5.4\\out\\server\\src\\server.js:7:6378)\n    at Immediate._onImmediate (c:\\Users\\zagum\\.vscode\\extensions\\uqbar.wollok-lsp-ide-0.5.4\\out\\server\\src\\server.js:7:6142)\n    at process.processImmediate (node:internal/timers:504:21)","timestamp":"2026-06-18T17:35:05.847Z"}
{"level":"error","message":"✘ Completions for node Send ([220:29, 220:89] - personaje.wlk) failed: Error: [Send]{ed1b7b} at personaje.wlk:220 exhausted all cases without a match [Send]{ed1b7b} at personaje.wlk:220 exhausted all cases without a match","stack":"Error: [Send]{ed1b7b} at personaje.wlk:220 exhausted all cases without a match\n    at c:\\Users\\zagum\\.vscode\\extensions\\uqbar.wollok-lsp-ide-0.5.4\\out\\server\\src\\server.js:38:6142\n    at L2 (c:\\Users\\zagum\\.vscode\\extensions\\uqbar.wollok-lsp-ide-0.5.4\\out\\server\\src\\server.js:2389:42)\n    at Jh (c:\\Users\\zagum\\.vscode\\extensions\\uqbar.wollok-lsp-ide-0.5.4\\out\\server\\src\\server.js:2389:1092)\n    at L2 (c:\\Users\\zagum\\.vscode\\extensions\\uqbar.wollok-lsp-ide-0.5.4\\out\\server\\src\\server.js:2389:544)\n    at c:\\Users\\zagum\\.vscode\\extensions\\uqbar.wollok-lsp-ide-0.5.4\\out\\server\\src\\server.js:2389:2988\n    at c:\\Users\\zagum\\.vscode\\extensions\\uqbar.wollok-lsp-ide-0.5.4\\out\\server\\src\\server.js:2398:8440\n    at c:\\Users\\zagum\\.vscode\\extensions\\uqbar.wollok-lsp-ide-0.5.4\\out\\server\\src\\server.js:37:74872\n    at Ke (c:\\Users\\zagum\\.vscode\\extensions\\uqbar.wollok-lsp-ide-0.5.4\\out\\server\\src\\server.js:7:8527)\n    at Lt (c:\\Users\\zagum\\.vscode\\extensions\\uqbar.wollok-lsp-ide-0.5.4\\out\\server\\src\\server.js:7:6189)\n    at ct (c:\\Users\\zagum\\.vscode\\extensions\\uqbar.wollok-lsp-ide-0.5.4\\out\\server\\src\\server.js:7:6378)","timestamp":"2026-06-18T17:35:05.847Z"}
{"level":"error","message":"✘ Completions for node If ([220:25, 222:26] - personaje.wlk) failed: Error: [If]{defa82} at personaje.wlk:220 exhausted all cases without a match [If]{defa82} at personaje.wlk:220 exhausted all cases without a match","stack":"Error: [If]{defa82} at personaje.wlk:220 exhausted all cases without a match\n    at c:\\Users\\zagum\\.vscode\\extensions\\uqbar.wollok-lsp-ide-0.5.4\\out\\server\\src\\server.js:38:6142\n    at L2 (c:\\Users\\zagum\\.vscode\\extensions\\uqbar.wollok-lsp-ide-0.5.4\\out\\server\\src\\server.js:2389:42)\n    at Jh (c:\\Users\\zagum\\.vscode\\extensions\\uqbar.wollok-lsp-ide-0.5.4\\out\\server\\src\\server.js:2389:1092)\n    at L2 (c:\\Users\\zagum\\.vscode\\extensions\\uqbar.wollok-lsp-ide-0.5.4\\out\\server\\src\\server.js:2389:544)\n    at Jh (c:\\Users\\zagum\\.vscode\\extensions\\uqbar.wollok-lsp-ide-0.5.4\\out\\server\\src\\server.js:2389:1092)\n    at L2 (c:\\Users\\zagum\\.vscode\\extensions\\uqbar.wollok-lsp-ide-0.5.4\\out\\server\\src\\server.js:2389:544)\n    at c:\\Users\\zagum\\.vscode\\extensions\\uqbar.wollok-lsp-ide-0.5.4\\out\\server\\src\\server.js:2389:2988\n    at c:\\Users\\zagum\\.vscode\\extensions\\uqbar.wollok-lsp-ide-0.5.4\\out\\server\\src\\server.js:2398:8440\n    at c:\\Users\\zagum\\.vscode\\extensions\\uqbar.wollok-lsp-ide-0.5.4\\out\\server\\src\\server.js:37:74872\n    at Ke (c:\\Users\\zagum\\.vscode\\extensions\\uqbar.wollok-lsp-ide-0.5.4\\out\\server\\src\\server.js:7:8527)","timestamp":"2026-06-18T17:35:05.847Z"}
{"level":"error","message":"✘ Completions for node If ([203:21, 240:22] - personaje.wlk) failed: Error: [If]{3ee71d} at personaje.wlk:203 exhausted all cases without a match [If]{3ee71d} at personaje.wlk:203 exhausted all cases without a match","stack":"Error: [If]{3ee71d} at personaje.wlk:203 exhausted all cases without a match\n    at c:\\Users\\zagum\\.vscode\\extensions\\uqbar.wollok-lsp-ide-0.5.4\\out\\server\\src\\server.js:38:6142\n    at L2 (c:\\Users\\zagum\\.vscode\\extensions\\uqbar.wollok-lsp-ide-0.5.4\\out\\server\\src\\server.js:2389:42)\n    at Jh (c:\\Users\\zagum\\.vscode\\extensions\\uqbar.wollok-lsp-ide-0.5.4\\out\\server\\src\\server.js:2389:1092)\n    at v5n (c:\\Users\\zagum\\.vscode\\extensions\\uqbar.wollok-lsp-ide-0.5.4\\out\\server\\src\\server.js:2389:818)\n    at c:\\Users\\zagum\\.vscode\\extensions\\uqbar.wollok-lsp-ide-0.5.4\\out\\server\\src\\server.js:38:6131\n    at L2 (c:\\Users\\zagum\\.vscode\\extensions\\uqbar.wollok-lsp-ide-0.5.4\\out\\server\\src\\server.js:2389:42)\n    at Jh (c:\\Users\\zagum\\.vscode\\extensions\\uqbar.wollok-lsp-ide-0.5.4\\out\\server\\src\\server.js:2389:1092)\n    at L2 (c:\\Users\\zagum\\.vscode\\extensions\\uqbar.wollok-lsp-ide-0.5.4\\out\\server\\src\\server.js:2389:544)\n    at Jh (c:\\Users\\zagum\\.vscode\\extensions\\uqbar.wollok-lsp-ide-0.5.4\\out\\server\\src\\server.js:2389:1092)\n    at L2 (c:\\Users\\zagum\\.vscode\\extensions\\uqbar.wollok-lsp-ide-0.5.4\\out\\server\\src\\server.js:2389:544)","timestamp":"2026-06-18T17:35:05.847Z"}
{"level":"info","message":"⌛ Building environment","timeElapsed":126,"timestamp":"2026-06-18T17:35:05.976Z"}
{"level":"info","message":"⌛ Validating personaje.wlk","timeElapsed":139,"timestamp":"2026-06-18T17:35:06.138Z"}
{"level":"info","message":"⌛ Building environment","timeElapsed":150,"timestamp":"2026-06-18T17:35:06.289Z"}
{"level":"error","message":"✘ Completions for node Send ([220:73, 220:90] - personaje.wlk) failed: Error: [Send]{f37e1a} at personaje.wlk:220 exhausted all cases without a match [Send]{f37e1a} at personaje.wlk:220 exhausted all cases without a match","stack":"Error: [Send]{f37e1a} at personaje.wlk:220 exhausted all cases without a match\n    at c:\\Users\\zagum\\.vscode\\extensions\\uqbar.wollok-lsp-ide-0.5.4\\out\\server\\src\\server.js:38:6142\n    at L2 (c:\\Users\\zagum\\.vscode\\extensions\\uqbar.wollok-lsp-ide-0.5.4\\out\\server\\src\\server.js:2389:42)\n    at c:\\Users\\zagum\\.vscode\\extensions\\uqbar.wollok-lsp-ide-0.5.4\\out\\server\\src\\server.js:2389:2988\n    at c:\\Users\\zagum\\.vscode\\extensions\\uqbar.wollok-lsp-ide-0.5.4\\out\\server\\src\\server.js:2398:8440\n    at c:\\Users\\zagum\\.vscode\\extensions\\uqbar.wollok-lsp-ide-0.5.4\\out\\server\\src\\server.js:37:74872\n    at Ke (c:\\Users\\zagum\\.vscode\\extensions\\uqbar.wollok-lsp-ide-0.5.4\\out\\server\\src\\server.js:7:8527)\n    at Lt (c:\\Users\\zagum\\.vscode\\extensions\\uqbar.wollok-lsp-ide-0.5.4\\out\\server\\src\\server.js:7:6189)\n    at ct (c:\\Users\\zagum\\.vscode\\extensions\\uqbar.wollok-lsp-ide-0.5.4\\out\\server\\src\\server.js:7:6378)\n    at Immediate._onImmediate (c:\\Users\\zagum\\.vscode\\extensions\\uqbar.wollok-lsp-ide-0.5.4\\out\\server\\src\\server.js:7:6142)\n    at process.processImmediate (node:internal/timers:504:21)","timestamp":"2026-06-18T17:35:06.321Z"}
{"level":"error","message":"✘ Completions for node Send ([220:29, 220:91] - personaje.wlk) failed: Error: [Send]{983737} at personaje.wlk:220 exhausted all cases without a match [Send]{983737} at personaje.wlk:220 exhausted all cases without a match","stack":"Error: [Send]{983737} at personaje.wlk:220 exhausted all cases without a match\n    at c:\\Users\\zagum\\.vscode\\extensions\\uqbar.wollok-lsp-ide-0.5.4\\out\\server\\src\\server.js:38:6142\n    at L2 (c:\\Users\\zagum\\.vscode\\extensions\\uqbar.wollok-lsp-ide-0.5.4\\out\\server\\src\\server.js:2389:42)\n    at Jh (c:\\Users\\zagum\\.vscode\\extensions\\uqbar.wollok-lsp-ide-0.5.4\\out\\server\\src\\server.js:2389:1092)\n    at L2 (c:\\Users\\zagum\\.vscode\\extensions\\uqbar.wollok-lsp-ide-0.5.4\\out\\server\\src\\server.js:2389:544)\n    at c:\\Users\\zagum\\.vscode\\extensions\\uqbar.wollok-lsp-ide-0.5.4\\out\\server\\src\\server.js:2389:2988\n    at c:\\Users\\zagum\\.vscode\\extensions\\uqbar.wollok-lsp-ide-0.5.4\\out\\server\\src\\server.js:2398:8440\n    at c:\\Users\\zagum\\.vscode\\extensions\\uqbar.wollok-lsp-ide-0.5.4\\out\\server\\src\\server.js:37:74872\n    at Ke (c:\\Users\\zagum\\.vscode\\extensions\\uqbar.wollok-lsp-ide-0.5.4\\out\\server\\src\\server.js:7:8527)\n    at Lt (c:\\Users\\zagum\\.vscode\\extensions\\uqbar.wollok-lsp-ide-0.5.4\\out\\server\\src\\server.js:7:6189)\n    at ct (c:\\Users\\zagum\\.vscode\\extensions\\uqbar.wollok-lsp-ide-0.5.4\\out\\server\\src\\server.js:7:6378)","timestamp":"2026-06-18T17:35:06.321Z"}
{"level":"error","message":"✘ Completions for node If ([220:25, 222:26] - personaje.wlk) failed: Error: [If]{1615ee} at personaje.wlk:220 exhausted all cases without a match [If]{1615ee} at personaje.wlk:220 exhausted all cases without a match","stack":"Error: [If]{1615ee} at personaje.wlk:220 exhausted all cases without a match\n    at c:\\Users\\zagum\\.vscode\\extensions\\uqbar.wollok-lsp-ide-0.5.4\\out\\server\\src\\server.js:38:6142\n    at L2 (c:\\Users\\zagum\\.vscode\\extensions\\uqbar.wollok-lsp-ide-0.5.4\\out\\server\\src\\server.js:2389:42)\n    at Jh (c:\\Users\\zagum\\.vscode\\extensions\\uqbar.wollok-lsp-ide-0.5.4\\out\\server\\src\\server.js:2389:1092)\n    at L2 (c:\\Users\\zagum\\.vscode\\extensions\\uqbar.wollok-lsp-ide-0.5.4\\out\\server\\src\\server.js:2389:544)\n    at Jh (c:\\Users\\zagum\\.vscode\\extensions\\uqbar.wollok-lsp-ide-0.5.4\\out\\server\\src\\server.js:2389:1092)\n    at L2 (c:\\Users\\zagum\\.vscode\\extensions\\uqbar.wollok-lsp-ide-0.5.4\\out\\server\\src\\server.js:2389:544)\n    at c:\\Users\\zagum\\.vscode\\extensions\\uqbar.wollok-lsp-ide-0.5.4\\out\\server\\src\\server.js:2389:2988\n    at c:\\Users\\zagum\\.vscode\\extensions\\uqbar.wollok-lsp-ide-0.5.4\\out\\server\\src\\server.js:2398:8440\n    at c:\\Users\\zagum\\.vscode\\extensions\\uqbar.wollok-lsp-ide-0.5.4\\out\\server\\src\\server.js:37:74872\n    at Ke (c:\\Users\\zagum\\.vscode\\extensions\\uqbar.wollok-lsp-ide-0.5.4\\out\\server\\src\\server.js:7:8527)","timestamp":"2026-06-18T17:35:06.321Z"}
{"level":"error","message":"✘ Completions for node If ([203:21, 240:22] - personaje.wlk) failed: Error: [If]{6a698e} at personaje.wlk:203 exhausted all cases without a match [If]{6a698e} at personaje.wlk:203 exhausted all cases without a match","stack":"Error: [If]{6a698e} at personaje.wlk:203 exhausted all cases without a match\n    at c:\\Users\\zagum\\.vscode\\extensions\\uqbar.wollok-lsp-ide-0.5.4\\out\\server\\src\\server.js:38:6142\n    at L2 (c:\\Users\\zagum\\.vscode\\extensions\\uqbar.wollok-lsp-ide-0.5.4\\out\\server\\src\\server.js:2389:42)\n    at Jh (c:\\Users\\zagum\\.vscode\\extensions\\uqbar.wollok-lsp-ide-0.5.4\\out\\server\\src\\server.js:2389:1092)\n    at v5n (c:\\Users\\zagum\\.vscode\\extensions\\uqbar.wollok-lsp-ide-0.5.4\\out\\server\\src\\server.js:2389:818)\n    at c:\\Users\\zagum\\.vscode\\extensions\\uqbar.wollok-lsp-ide-0.5.4\\out\\server\\src\\server.js:38:6131\n    at L2 (c:\\Users\\zagum\\.vscode\\extensions\\uqbar.wollok-lsp-ide-0.5.4\\out\\server\\src\\server.js:2389:42)\n    at Jh (c:\\Users\\zagum\\.vscode\\extensions\\uqbar.wollok-lsp-ide-0.5.4\\out\\server\\src\\server.js:2389:1092)\n    at L2 (c:\\Users\\zagum\\.vscode\\extensions\\uqbar.wollok-lsp-ide-0.5.4\\out\\server\\src\\server.js:2389:544)\n    at Jh (c:\\Users\\zagum\\.vscode\\extensions\\uqbar.wollok-lsp-ide-0.5.4\\out\\server\\src\\server.js:2389:1092)\n    at L2 (c:\\Users\\zagum\\.vscode\\extensions\\uqbar.wollok-lsp-ide-0.5.4\\out\\server\\src\\server.js:2389:544)","timestamp":"2026-06-18T17:35:06.322Z"}
{"level":"info","message":"⌛ Building environment","timeElapsed":137,"timestamp":"2026-06-18T17:35:06.561Z"}
{"level":"info","message":"⌛ Building environment","timeElapsed":125,"timestamp":"2026-06-18T17:35:06.686Z"}
{"level":"info","message":"⌛ Building environment","timeElapsed":143,"timestamp":"2026-06-18T17:35:06.829Z"}
{"level":"info","message":"⌛ Building environment","timeElapsed":117,"timestamp":"2026-06-18T17:35:06.948Z"}
{"level":"info","message":"⌛ Building environment","timeElapsed":133,"timestamp":"2026-06-18T17:35:09.862Z"}
{"level":"error","message":"✘ Completions for node Send ([221:29, 221:44] - personaje.wlk) failed: Error: [Send]{bfc55e} at personaje.wlk:221 exhausted all cases without a match [Send]{bfc55e} at personaje.wlk:221 exhausted all cases without a match","stack":"Error: [Send]{bfc55e} at personaje.wlk:221 exhausted all cases without a match\n    at c:\\Users\\zagum\\.vscode\\extensions\\uqbar.wollok-lsp-ide-0.5.4\\out\\server\\src\\server.js:38:6142\n    at L2 (c:\\Users\\zagum\\.vscode\\extensions\\uqbar.wollok-lsp-ide-0.5.4\\out\\server\\src\\server.js:2389:42)\n    at c:\\Users\\zagum\\.vscode\\extensions\\uqbar.wollok-lsp-ide-0.5.4\\out\\server\\src\\server.js:2389:2988\n    at c:\\Users\\zagum\\.vscode\\extensions\\uqbar.wollok-lsp-ide-0.5.4\\out\\server\\src\\server.js:2398:8440\n    at c:\\Users\\zagum\\.vscode\\extensions\\uqbar.wollok-lsp-ide-0.5.4\\out\\server\\src\\server.js:37:74872\n    at Ke (c:\\Users\\zagum\\.vscode\\extensions\\uqbar.wollok-lsp-ide-0.5.4\\out\\server\\src\\server.js:7:8527)\n    at Lt (c:\\Users\\zagum\\.vscode\\extensions\\uqbar.wollok-lsp-ide-0.5.4\\out\\server\\src\\server.js:7:6189)\n    at ct (c:\\Users\\zagum\\.vscode\\extensions\\uqbar.wollok-lsp-ide-0.5.4\\out\\server\\src\\server.js:7:6378)\n    at Immediate._onImmediate (c:\\Users\\zagum\\.vscode\\extensions\\uqbar.wollok-lsp-ide-0.5.4\\out\\server\\src\\server.js:7:6142)\n    at process.processImmediate (node:internal/timers:504:21)","timestamp":"2026-06-18T17:35:09.894Z"}
{"level":"error","message":"✘ Completions for node Send ([221:29, 221:109] - personaje.wlk) failed: Error: [Send]{be520b} at personaje.wlk:221 exhausted all cases without a match [Send]{be520b} at personaje.wlk:221 exhausted all cases without a match","stack":"Error: [Send]{be520b} at personaje.wlk:221 exhausted all cases without a match\n    at c:\\Users\\zagum\\.vscode\\extensions\\uqbar.wollok-lsp-ide-0.5.4\\out\\server\\src\\server.js:38:6142\n    at L2 (c:\\Users\\zagum\\.vscode\\extensions\\uqbar.wollok-lsp-ide-0.5.4\\out\\server\\src\\server.js:2389:42)\n    at Jh (c:\\Users\\zagum\\.vscode\\extensions\\uqbar.wollok-lsp-ide-0.5.4\\out\\server\\src\\server.js:2389:1092)\n    at L2 (c:\\Users\\zagum\\.vscode\\extensions\\uqbar.wollok-lsp-ide-0.5.4\\out\\server\\src\\server.js:2389:544)\n    at c:\\Users\\zagum\\.vscode\\extensions\\uqbar.wollok-lsp-ide-0.5.4\\out\\server\\src\\server.js:2389:2988\n    at c:\\Users\\zagum\\.vscode\\extensions\\uqbar.wollok-lsp-ide-0.5.4\\out\\server\\src\\server.js:2398:8440\n    at c:\\Users\\zagum\\.vscode\\extensions\\uqbar.wollok-lsp-ide-0.5.4\\out\\server\\src\\server.js:37:74872\n    at Ke (c:\\Users\\zagum\\.vscode\\extensions\\uqbar.wollok-lsp-ide-0.5.4\\out\\server\\src\\server.js:7:8527)\n    at Lt (c:\\Users\\zagum\\.vscode\\extensions\\uqbar.wollok-lsp-ide-0.5.4\\out\\server\\src\\server.js:7:6189)\n    at ct (c:\\Users\\zagum\\.vscode\\extensions\\uqbar.wollok-lsp-ide-0.5.4\\out\\server\\src\\server.js:7:6378)","timestamp":"2026-06-18T17:35:09.894Z"}
{"level":"error","message":"✘ Completions for node Send ([221:29, 221:117] - personaje.wlk) failed: Error: [Send]{7418df} at personaje.wlk:221 exhausted all cases without a match [Send]{7418df} at personaje.wlk:221 exhausted all cases without a match","stack":"Error: [Send]{7418df} at personaje.wlk:221 exhausted all cases without a match\n    at c:\\Users\\zagum\\.vscode\\extensions\\uqbar.wollok-lsp-ide-0.5.4\\out\\server\\src\\server.js:38:6142\n    at L2 (c:\\Users\\zagum\\.vscode\\extensions\\uqbar.wollok-lsp-ide-0.5.4\\out\\server\\src\\server.js:2389:42)\n    at Jh (c:\\Users\\zagum\\.vscode\\extensions\\uqbar.wollok-lsp-ide-0.5.4\\out\\server\\src\\server.js:2389:1092)\n    at L2 (c:\\Users\\zagum\\.vscode\\extensions\\uqbar.wollok-lsp-ide-0.5.4\\out\\server\\src\\server.js:2389:544)\n    at Jh (c:\\Users\\zagum\\.vscode\\extensions\\uqbar.wollok-lsp-ide-0.5.4\\out\\server\\src\\server.js:2389:1092)\n    at L2 (c:\\Users\\zagum\\.vscode\\extensions\\uqbar.wollok-lsp-ide-0.5.4\\out\\server\\src\\server.js:2389:544)\n    at c:\\Users\\zagum\\.vscode\\extensions\\uqbar.wollok-lsp-ide-0.5.4\\out\\server\\src\\server.js:2389:2988\n    at c:\\Users\\zagum\\.vscode\\extensions\\uqbar.wollok-lsp-ide-0.5.4\\out\\server\\src\\server.js:2398:8440\n    at c:\\Users\\zagum\\.vscode\\extensions\\uqbar.wollok-lsp-ide-0.5.4\\out\\server\\src\\server.js:37:74872\n    at Ke (c:\\Users\\zagum\\.vscode\\extensions\\uqbar.wollok-lsp-ide-0.5.4\\out\\server\\src\\server.js:7:8527)","timestamp":"2026-06-18T17:35:09.894Z"}
{"level":"error","message":"✘ Completions for node If ([220:25, 222:26] - personaje.wlk) failed: Error: [If]{566485} at personaje.wlk:220 exhausted all cases without a match [If]{566485} at personaje.wlk:220 exhausted all cases without a match","stack":"Error: [If]{566485} at personaje.wlk:220 exhausted all cases without a match\n    at c:\\Users\\zagum\\.vscode\\extensions\\uqbar.wollok-lsp-ide-0.5.4\\out\\server\\src\\server.js:38:6142\n    at L2 (c:\\Users\\zagum\\.vscode\\extensions\\uqbar.wollok-lsp-ide-0.5.4\\out\\server\\src\\server.js:2389:42)\n    at Jh (c:\\Users\\zagum\\.vscode\\extensions\\uqbar.wollok-lsp-ide-0.5.4\\out\\server\\src\\server.js:2389:1092)\n    at v5n (c:\\Users\\zagum\\.vscode\\extensions\\uqbar.wollok-lsp-ide-0.5.4\\out\\server\\src\\server.js:2389:818)\n    at c:\\Users\\zagum\\.vscode\\extensions\\uqbar.wollok-lsp-ide-0.5.4\\out\\server\\src\\server.js:38:6131\n    at L2 (c:\\Users\\zagum\\.vscode\\extensions\\uqbar.wollok-lsp-ide-0.5.4\\out\\server\\src\\server.js:2389:42)\n    at Jh (c:\\Users\\zagum\\.vscode\\extensions\\uqbar.wollok-lsp-ide-0.5.4\\out\\server\\src\\server.js:2389:1092)\n    at L2 (c:\\Users\\zagum\\.vscode\\extensions\\uqbar.wollok-lsp-ide-0.5.4\\out\\server\\src\\server.js:2389:544)\n    at Jh (c:\\Users\\zagum\\.vscode\\extensions\\uqbar.wollok-lsp-ide-0.5.4\\out\\server\\src\\server.js:2389:1092)\n    at L2 (c:\\Users\\zagum\\.vscode\\extensions\\uqbar.wollok-lsp-ide-0.5.4\\out\\server\\src\\server.js:2389:544)","timestamp":"2026-06-18T17:35:09.894Z"}
{"level":"error","message":"✘ Completions for node If ([203:21, 240:22] - personaje.wlk) failed: Error: [If]{f0579a} at personaje.wlk:203 exhausted all cases without a match [If]{f0579a} at personaje.wlk:203 exhausted all cases without a match","stack":"Error: [If]{f0579a} at personaje.wlk:203 exhausted all cases without a match\n    at c:\\Users\\zagum\\.vscode\\extensions\\uqbar.wollok-lsp-ide-0.5.4\\out\\server\\src\\server.js:38:6142\n    at L2 (c:\\Users\\zagum\\.vscode\\extensions\\uqbar.wollok-lsp-ide-0.5.4\\out\\server\\src\\server.js:2389:42)\n    at Jh (c:\\Users\\zagum\\.vscode\\extensions\\uqbar.wollok-lsp-ide-0.5.4\\out\\server\\src\\server.js:2389:1092)\n    at v5n (c:\\Users\\zagum\\.vscode\\extensions\\uqbar.wollok-lsp-ide-0.5.4\\out\\server\\src\\server.js:2389:818)\n    at c:\\Users\\zagum\\.vscode\\extensions\\uqbar.wollok-lsp-ide-0.5.4\\out\\server\\src\\server.js:38:6131\n    at L2 (c:\\Users\\zagum\\.vscode\\extensions\\uqbar.wollok-lsp-ide-0.5.4\\out\\server\\src\\server.js:2389:42)\n    at Jh (c:\\Users\\zagum\\.vscode\\extensions\\uqbar.wollok-lsp-ide-0.5.4\\out\\server\\src\\server.js:2389:1092)\n    at L2 (c:\\Users\\zagum\\.vscode\\extensions\\uqbar.wollok-lsp-ide-0.5.4\\out\\server\\src\\server.js:2389:544)\n    at Jh (c:\\Users\\zagum\\.vscode\\extensions\\uqbar.wollok-lsp-ide-0.5.4\\out\\server\\src\\server.js:2389:1092)\n    at v5n (c:\\Users\\zagum\\.vscode\\extensions\\uqbar.wollok-lsp-ide-0.5.4\\out\\server\\src\\server.js:2389:818)","timestamp":"2026-06-18T17:35:09.894Z"}
{"level":"info","message":"⌛ Building environment","timeElapsed":128,"timestamp":"2026-06-18T17:35:10.025Z"}
{"level":"info","message":"⌛ Building environment","timeElapsed":153,"timestamp":"2026-06-18T17:35:10.298Z"}
{"level":"error","message":"✘ Completions for node Send ([221:29, 221:46] - personaje.wlk) failed: Error: [Send]{871916} at personaje.wlk:221 exhausted all cases without a match [Send]{871916} at personaje.wlk:221 exhausted all cases without a match","stack":"Error: [Send]{871916} at personaje.wlk:221 exhausted all cases without a match\n    at c:\\Users\\zagum\\.vscode\\extensions\\uqbar.wollok-lsp-ide-0.5.4\\out\\server\\src\\server.js:38:6142\n    at L2 (c:\\Users\\zagum\\.vscode\\extensions\\uqbar.wollok-lsp-ide-0.5.4\\out\\server\\src\\server.js:2389:42)\n    at c:\\Users\\zagum\\.vscode\\extensions\\uqbar.wollok-lsp-ide-0.5.4\\out\\server\\src\\server.js:2389:2988\n    at c:\\Users\\zagum\\.vscode\\extensions\\uqbar.wollok-lsp-ide-0.5.4\\out\\server\\src\\server.js:2398:8440\n    at c:\\Users\\zagum\\.vscode\\extensions\\uqbar.wollok-lsp-ide-0.5.4\\out\\server\\src\\server.js:37:74872\n    at Ke (c:\\Users\\zagum\\.vscode\\extensions\\uqbar.wollok-lsp-ide-0.5.4\\out\\server\\src\\server.js:7:8527)\n    at Lt (c:\\Users\\zagum\\.vscode\\extensions\\uqbar.wollok-lsp-ide-0.5.4\\out\\server\\src\\server.js:7:6189)\n    at ct (c:\\Users\\zagum\\.vscode\\extensions\\uqbar.wollok-lsp-ide-0.5.4\\out\\server\\src\\server.js:7:6378)\n    at Immediate._onImmediate (c:\\Users\\zagum\\.vscode\\extensions\\uqbar.wollok-lsp-ide-0.5.4\\out\\server\\src\\server.js:7:6142)\n    at process.processImmediate (node:internal/timers:504:21)","timestamp":"2026-06-18T17:35:10.329Z"}
{"level":"error","message":"✘ Completions for node Send ([221:29, 221:111] - personaje.wlk) failed: Error: [Send]{0334d9} at personaje.wlk:221 exhausted all cases without a match [Send]{0334d9} at personaje.wlk:221 exhausted all cases without a match","stack":"Error: [Send]{0334d9} at personaje.wlk:221 exhausted all cases without a match\n    at c:\\Users\\zagum\\.vscode\\extensions\\uqbar.wollok-lsp-ide-0.5.4\\out\\server\\src\\server.js:38:6142\n    at L2 (c:\\Users\\zagum\\.vscode\\extensions\\uqbar.wollok-lsp-ide-0.5.4\\out\\server\\src\\server.js:2389:42)\n    at Jh (c:\\Users\\zagum\\.vscode\\extensions\\uqbar.wollok-lsp-ide-0.5.4\\out\\server\\src\\server.js:2389:1092)\n    at L2 (c:\\Users\\zagum\\.vscode\\extensions\\uqbar.wollok-lsp-ide-0.5.4\\out\\server\\src\\server.js:2389:544)\n    at c:\\Users\\zagum\\.vscode\\extensions\\uqbar.wollok-lsp-ide-0.5.4\\out\\server\\src\\server.js:2389:2988\n    at c:\\Users\\zagum\\.vscode\\extensions\\uqbar.wollok-lsp-ide-0.5.4\\out\\server\\src\\server.js:2398:8440\n    at c:\\Users\\zagum\\.vscode\\extensions\\uqbar.wollok-lsp-ide-0.5.4\\out\\server\\src\\server.js:37:74872\n    at Ke (c:\\Users\\zagum\\.vscode\\extensions\\uqbar.wollok-lsp-ide-0.5.4\\out\\server\\src\\server.js:7:8527)\n    at Lt (c:\\Users\\zagum\\.vscode\\extensions\\uqbar.wollok-lsp-ide-0.5.4\\out\\server\\src\\server.js:7:6189)\n    at ct (c:\\Users\\zagum\\.vscode\\extensions\\uqbar.wollok-lsp-ide-0.5.4\\out\\server\\src\\server.js:7:6378)","timestamp":"2026-06-18T17:35:10.329Z"}
{"level":"error","message":"✘ Completions for node Send ([221:29, 221:119] - personaje.wlk) failed: Error: [Send]{b09587} at personaje.wlk:221 exhausted all cases without a match [Send]{b09587} at personaje.wlk:221 exhausted all cases without a match","stack":"Error: [Send]{b09587} at personaje.wlk:221 exhausted all cases without a match\n    at c:\\Users\\zagum\\.vscode\\extensions\\uqbar.wollok-lsp-ide-0.5.4\\out\\server\\src\\server.js:38:6142\n    at L2 (c:\\Users\\zagum\\.vscode\\extensions\\uqbar.wollok-lsp-ide-0.5.4\\out\\server\\src\\server.js:2389:42)\n    at Jh (c:\\Users\\zagum\\.vscode\\extensions\\uqbar.wollok-lsp-ide-0.5.4\\out\\server\\src\\server.js:2389:1092)\n    at L2 (c:\\Users\\zagum\\.vscode\\extensions\\uqbar.wollok-lsp-ide-0.5.4\\out\\server\\src\\server.js:2389:544)\n    at Jh (c:\\Users\\zagum\\.vscode\\extensions\\uqbar.wollok-lsp-ide-0.5.4\\out\\server\\src\\server.js:2389:1092)\n    at L2 (c:\\Users\\zagum\\.vscode\\extensions\\uqbar.wollok-lsp-ide-0.5.4\\out\\server\\src\\server.js:2389:544)\n    at c:\\Users\\zagum\\.vscode\\extensions\\uqbar.wollok-lsp-ide-0.5.4\\out\\server\\src\\server.js:2389:2988\n    at c:\\Users\\zagum\\.vscode\\extensions\\uqbar.wollok-lsp-ide-0.5.4\\out\\server\\src\\server.js:2398:8440\n    at c:\\Users\\zagum\\.vscode\\extensions\\uqbar.wollok-lsp-ide-0.5.4\\out\\server\\src\\server.js:37:74872\n    at Ke (c:\\Users\\zagum\\.vscode\\extensions\\uqbar.wollok-lsp-ide-0.5.4\\out\\server\\src\\server.js:7:8527)","timestamp":"2026-06-18T17:35:10.329Z"}
{"level":"error","message":"✘ Completions for node If ([220:25, 222:26] - personaje.wlk) failed: Error: [If]{c95caa} at personaje.wlk:220 exhausted all cases without a match [If]{c95caa} at personaje.wlk:220 exhausted all cases without a match","stack":"Error: [If]{c95caa} at personaje.wlk:220 exhausted all cases without a match\n    at c:\\Users\\zagum\\.vscode\\extensions\\uqbar.wollok-lsp-ide-0.5.4\\out\\server\\src\\server.js:38:6142\n    at L2 (c:\\Users\\zagum\\.vscode\\extensions\\uqbar.wollok-lsp-ide-0.5.4\\out\\server\\src\\server.js:2389:42)\n    at Jh (c:\\Users\\zagum\\.vscode\\extensions\\uqbar.wollok-lsp-ide-0.5.4\\out\\server\\src\\server.js:2389:1092)\n    at v5n (c:\\Users\\zagum\\.vscode\\extensions\\uqbar.wollok-lsp-ide-0.5.4\\out\\server\\src\\server.js:2389:818)\n    at c:\\Users\\zagum\\.vscode\\extensions\\uqbar.wollok-lsp-ide-0.5.4\\out\\server\\src\\server.js:38:6131\n    at L2 (c:\\Users\\zagum\\.vscode\\extensions\\uqbar.wollok-lsp-ide-0.5.4\\out\\server\\src\\server.js:2389:42)\n    at Jh (c:\\Users\\zagum\\.vscode\\extensions\\uqbar.wollok-lsp-ide-0.5.4\\out\\server\\src\\server.js:2389:1092)\n    at L2 (c:\\Users\\zagum\\.vscode\\extensions\\uqbar.wollok-lsp-ide-0.5.4\\out\\server\\src\\server.js:2389:544)\n    at Jh (c:\\Users\\zagum\\.vscode\\extensions\\uqbar.wollok-lsp-ide-0.5.4\\out\\server\\src\\server.js:2389:1092)\n    at L2 (c:\\Users\\zagum\\.vscode\\extensions\\uqbar.wollok-lsp-ide-0.5.4\\out\\server\\src\\server.js:2389:544)","timestamp":"2026-06-18T17:35:10.329Z"}
{"level":"error","message":"✘ Completions for node If ([203:21, 240:22] - personaje.wlk) failed: Error: [If]{e1de34} at personaje.wlk:203 exhausted all cases without a match [If]{e1de34} at personaje.wlk:203 exhausted all cases without a match","stack":"Error: [If]{e1de34} at personaje.wlk:203 exhausted all cases without a match\n    at c:\\Users\\zagum\\.vscode\\extensions\\uqbar.wollok-lsp-ide-0.5.4\\out\\server\\src\\server.js:38:6142\n    at L2 (c:\\Users\\zagum\\.vscode\\extensions\\uqbar.wollok-lsp-ide-0.5.4\\out\\server\\src\\server.js:2389:42)\n    at Jh (c:\\Users\\zagum\\.vscode\\extensions\\uqbar.wollok-lsp-ide-0.5.4\\out\\server\\src\\server.js:2389:1092)\n    at v5n (c:\\Users\\zagum\\.vscode\\extensions\\uqbar.wollok-lsp-ide-0.5.4\\out\\server\\src\\server.js:2389:818)\n    at c:\\Users\\zagum\\.vscode\\extensions\\uqbar.wollok-lsp-ide-0.5.4\\out\\server\\src\\server.js:38:6131\n    at L2 (c:\\Users\\zagum\\.vscode\\extensions\\uqbar.wollok-lsp-ide-0.5.4\\out\\server\\src\\server.js:2389:42)\n    at Jh (c:\\Users\\zagum\\.vscode\\extensions\\uqbar.wollok-lsp-ide-0.5.4\\out\\server\\src\\server.js:2389:1092)\n    at L2 (c:\\Users\\zagum\\.vscode\\extensions\\uqbar.wollok-lsp-ide-0.5.4\\out\\server\\src\\server.js:2389:544)\n    at Jh (c:\\Users\\zagum\\.vscode\\extensions\\uqbar.wollok-lsp-ide-0.5.4\\out\\server\\src\\server.js:2389:1092)\n    at v5n (c:\\Users\\zagum\\.vscode\\extensions\\uqbar.wollok-lsp-ide-0.5.4\\out\\server\\src\\server.js:2389:818)","timestamp":"2026-06-18T17:35:10.329Z"}
{"level":"info","message":"⌛ Building environment","timeElapsed":128,"timestamp":"2026-06-18T17:35:10.555Z"}
{"level":"info","message":"⌛ Building environment","timeElapsed":164,"timestamp":"2026-06-18T17:35:10.719Z"}
{"level":"info","message":"⌛ Building environment","timeElapsed":139,"timestamp":"2026-06-18T17:35:10.859Z"}
{"level":"info","message":"⌛ Building environment","timeElapsed":144,"timestamp":"2026-06-18T17:35:11.003Z"}
{"level":"info","message":"⌛ Building environment","timeElapsed":136,"timestamp":"2026-06-18T17:35:35.866Z"}
{"level":"info","message":"⌛ Building environment","timeElapsed":127,"timestamp":"2026-06-18T17:35:36.094Z"}
{"level":"info","message":"⌛ Building environment","timeElapsed":128,"timestamp":"2026-06-18T17:35:36.785Z"}
{"level":"info","message":"⌛ Building environment","timeElapsed":124,"timestamp":"2026-06-18T17:35:37.489Z"}
{"level":"info","message":"⌛ Building environment","timeElapsed":132,"timestamp":"2026-06-18T17:35:38.060Z"}
{"level":"info","message":"⌛ Building environment","timeElapsed":124,"timestamp":"2026-06-18T17:35:38.591Z"}
{"level":"info","message":"⌛ Building environment","timeElapsed":131,"timestamp":"2026-06-18T17:35:38.905Z"}
{"level":"info","message":"⌛ Building environment","timeElapsed":138,"timestamp":"2026-06-18T17:35:39.167Z"}
{"level":"info","message":"⌛ Validating objetos.wlk","timeElapsed":102,"timestamp":"2026-06-18T17:35:39.273Z"}
{"level":"info","message":"⌛ Building environment","timeElapsed":129,"timestamp":"2026-06-18T17:35:39.594Z"}
{"level":"info","message":"⌛ Building environment","timeElapsed":138,"timestamp":"2026-06-18T17:35:40.110Z"}
{"level":"info","message":"⌛ Building environment","timeElapsed":153,"timestamp":"2026-06-18T17:35:40.313Z"}
{"level":"info","message":"⌛ Validating objetos.wlk","timeElapsed":101,"timestamp":"2026-06-18T17:35:40.418Z"}
{"level":"info","message":"⌛ Building environment","timeElapsed":252,"timestamp":"2026-06-18T17:35:40.670Z"}
{"level":"info","message":"⌛ Building environment","timeElapsed":130,"timestamp":"2026-06-18T17:35:40.828Z"}
{"level":"info","message":"⌛ Building environment","timeElapsed":126,"timestamp":"2026-06-18T17:35:41.045Z"}
{"level":"info","message":"⌛ Validating objetos.wlk","timeElapsed":120,"timestamp":"2026-06-18T17:35:41.364Z"}
{"level":"info","message":"⌛ Building environment","timeElapsed":155,"timestamp":"2026-06-18T17:35:41.929Z"}
{"level":"info","message":"⌛ Building environment","timeElapsed":140,"timestamp":"2026-06-18T17:35:51.949Z"}
{"level":"info","message":"⌛ Validating objetos.wlk","timeElapsed":133,"timestamp":"2026-06-18T17:35:52.084Z"}
{"level":"info","message":"⌛ Building environment","timeElapsed":151,"timestamp":"2026-06-18T17:35:52.235Z"}
{"level":"info","message":"⌛ Building environment","timeElapsed":137,"timestamp":"2026-06-18T17:35:52.511Z"}
{"level":"info","message":"⌛ Building environment","timeElapsed":165,"timestamp":"2026-06-18T17:35:52.706Z"}
{"level":"info","message":"⌛ Building environment","timeElapsed":174,"timestamp":"2026-06-18T17:35:52.975Z"}
{"level":"info","message":"⌛ Building environment","timeElapsed":134,"timestamp":"2026-06-18T17:35:53.110Z"}
{"level":"info","message":"⌛ Validating objetos.wlk","timeElapsed":106,"timestamp":"2026-06-18T17:35:53.216Z"}
{"level":"info","message":"⌛ Building environment","timeElapsed":142,"timestamp":"2026-06-18T17:35:53.460Z"}
{"level":"info","message":"⌛ Building environment","timeElapsed":138,"timestamp":"2026-06-18T17:35:53.822Z"}
{"level":"info","message":"⌛ Building environment","timeElapsed":147,"timestamp":"2026-06-18T17:35:54.022Z"}
{"level":"info","message":"⌛ Building environment","timeElapsed":126,"timestamp":"2026-06-18T17:35:54.152Z"}
{"level":"info","message":"⌛ Building environment","timeElapsed":168,"timestamp":"2026-06-18T17:35:54.321Z"}
{"level":"info","message":"⌛ Building environment","timeElapsed":127,"timestamp":"2026-06-18T17:35:54.536Z"}
{"level":"info","message":"⌛ Building environment","timeElapsed":131,"timestamp":"2026-06-18T17:35:54.695Z"}
{"level":"info","message":"⌛ Building environment","timeElapsed":130,"timestamp":"2026-06-18T17:35:55.723Z"}
{"level":"info","message":"⌛ Building environment","timeElapsed":127,"timestamp":"2026-06-18T17:35:56.322Z"}
{"level":"info","message":"⌛ Building environment","timeElapsed":126,"timestamp":"2026-06-18T17:35:56.595Z"}
{"level":"info","message":"⌛ Building environment","timeElapsed":127,"timestamp":"2026-06-18T17:35:58.484Z"}
{"level":"info","message":"⌛ Building environment","timeElapsed":125,"timestamp":"2026-06-18T17:35:59.106Z"}
{"level":"info","message":"⌛ Building environment","timeElapsed":179,"timestamp":"2026-06-18T17:36:01.522Z"}
{"level":"info","message":"⌛ Building environment","timeElapsed":230,"timestamp":"2026-06-18T17:36:01.799Z"}
{"level":"info","message":"⌛ Building environment","timeElapsed":126,"timestamp":"2026-06-18T17:36:02.021Z"}
{"level":"info","message":"⌛ Building environment","timeElapsed":131,"timestamp":"2026-06-18T17:36:02.154Z"}
{"level":"info","message":"⌛ Building environment","timeElapsed":129,"timestamp":"2026-06-18T17:36:02.376Z"}
{"level":"info","message":"⌛ Building environment","timeElapsed":127,"timestamp":"2026-06-18T17:36:03.098Z"}
{"level":"info","message":"⌛ Building environment","timeElapsed":126,"timestamp":"2026-06-18T17:36:03.486Z"}
{"level":"info","message":"⌛ Building environment","timeElapsed":134,"timestamp":"2026-06-18T17:36:03.746Z"}
{"level":"info","message":"⌛ Building environment","timeElapsed":135,"timestamp":"2026-06-18T17:36:03.982Z"}
{"level":"info","message":"⌛ Building environment","timeElapsed":157,"timestamp":"2026-06-18T17:36:04.359Z"}
{"level":"info","message":"⌛ Validating objetos.wlk","timeElapsed":110,"timestamp":"2026-06-18T17:36:04.471Z"}
{"level":"info","message":"⌛ Building environment","timeElapsed":127,"timestamp":"2026-06-18T17:36:18.727Z"}
{"level":"info","message":"⌛ Building environment","timeElapsed":138,"timestamp":"2026-06-18T17:36:19.280Z"}
{"level":"info","message":"⌛ Building environment","timeElapsed":117,"timestamp":"2026-06-18T17:36:19.559Z"}
{"level":"info","message":"⌛ Validating personaje.wlk","timeElapsed":103,"timestamp":"2026-06-18T17:36:19.666Z"}
{"level":"info","message":"⌛ Building environment","timeElapsed":134,"timestamp":"2026-06-18T17:36:19.802Z"}
{"level":"info","message":"⌛ Building environment","timeElapsed":119,"timestamp":"2026-06-18T17:36:19.925Z"}
{"level":"info","message":"⌛ Building environment","timeElapsed":161,"timestamp":"2026-06-18T17:36:20.181Z"}
{"level":"info","message":"⌛ Building environment","timeElapsed":119,"timestamp":"2026-06-18T17:36:20.398Z"}
{"level":"info","message":"⌛ Building environment","timeElapsed":119,"timestamp":"2026-06-18T17:36:20.619Z"}
{"level":"info","message":"⌛ Building environment","timeElapsed":126,"timestamp":"2026-06-18T17:36:20.751Z"}
{"level":"info","message":"⌛ Building environment","timeElapsed":119,"timestamp":"2026-06-18T17:36:20.968Z"}
{"level":"info","message":"⌛ Building environment","timeElapsed":126,"timestamp":"2026-06-18T17:36:21.100Z"}
{"level":"info","message":"⌛ Building environment","timeElapsed":125,"timestamp":"2026-06-18T17:36:21.318Z"}
{"level":"info","message":"⌛ Validating personaje.wlk","timeElapsed":101,"timestamp":"2026-06-18T17:36:21.426Z"}
{"level":"info","message":"⌛ Building environment","timeElapsed":125,"timestamp":"2026-06-18T17:36:21.552Z"}
{"level":"info","message":"⌛ Building environment","timeElapsed":125,"timestamp":"2026-06-18T17:36:21.775Z"}
{"level":"info","message":"⌛ Building environment","timeElapsed":312,"timestamp":"2026-06-18T17:50:32.055Z"}
{"level":"info","message":"⌛ Validating niveles.wlk","timeElapsed":104,"timestamp":"2026-06-18T17:50:32.206Z"}
{"level":"info","message":"⌛ Building environment","timeElapsed":241,"timestamp":"2026-06-18T17:50:32.703Z"}
{"level":"info","message":"⌛ Building environment","timeElapsed":227,"timestamp":"2026-06-18T17:50:32.965Z"}
{"level":"info","message":"⌛ Validating niveles.wlk","timeElapsed":125,"timestamp":"2026-06-18T17:50:33.091Z"}
{"level":"info","message":"⌛ Building environment","timeElapsed":256,"timestamp":"2026-06-18T17:50:33.456Z"}
{"level":"error","message":"✘ Failed to rebuild document Failed to parse niveles.wlk: \n-- PARSING FAILED --------------------------------------------------\n\n  158 |         self.crearPared(x, y)\n  159 |         mapaObjetos.activables().add(laser)\n> 160 |     }\n      |     ^\n  161 | \n  162 |     method crearGato(x,y) {\n\nExpected one of the following: \n\n'@', 'class', 'const', 'describe', 'mixin', 'object', 'only', 'package', 'program', 'test', 'var', '{', EOF, comment, not \"}\r\n\r\n    \", whitespace\n","stack":"Error: Failed to parse niveles.wlk: \n-- PARSING FAILED --------------------------------------------------\n\n  158 |         self.crearPared(x, y)\n  159 |         mapaObjetos.activables().add(laser)\n> 160 |     }\n      |     ^\n  161 | \n  162 |     method crearGato(x,y) {\n\nExpected one of the following: \n\n'@', 'class', 'const', 'describe', 'mixin', 'object', 'only', 'package', 'program', 'test', 'var', '{', EOF, comment, not \"}\r\n\r\n    \", whitespace\n\n    at c:\\Users\\zagum\\.vscode\\extensions\\uqbar.wollok-lsp-ide-0.5.4\\out\\server\\src\\server.js:2353:13026\n    at Array.map (<anonymous>)\n    at U1n (c:\\Users\\zagum\\.vscode\\extensions\\uqbar.wollok-lsp-ide-0.5.4\\out\\server\\src\\server.js:2353:12950)\n    at H2.buildEnvironmentFrom (c:\\Users\\zagum\\.vscode\\extensions\\uqbar.wollok-lsp-ide-0.5.4\\out\\server\\src\\server.js:2398:5254)\n    at H2.updateEnvironmentWith (c:\\Users\\zagum\\.vscode\\extensions\\uqbar.wollok-lsp-ide-0.5.4\\out\\server\\src\\server.js:2398:4989)\n    at GF (c:\\Users\\zagum\\.vscode\\extensions\\uqbar.wollok-lsp-ide-0.5.4\\out\\server\\src\\server.js:2398:7383)\n    at V3.invoke (c:\\Users\\zagum\\.vscode\\extensions\\uqbar.wollok-lsp-ide-0.5.4\\out\\server\\src\\server.js:3:157328)\n    at o.fire (c:\\Users\\zagum\\.vscode\\extensions\\uqbar.wollok-lsp-ide-0.5.4\\out\\server\\src\\server.js:3:158098)\n    at c:\\Users\\zagum\\.vscode\\extensions\\uqbar.wollok-lsp-ide-0.5.4\\out\\server\\src\\server.js:37:57871\n    at nd (c:\\Users\\zagum\\.vscode\\extensions\\uqbar.wollok-lsp-ide-0.5.4\\out\\server\\src\\server.js:8:1561)","timestamp":"2026-06-18T17:50:33.661Z"}
{"level":"info","message":"⌛ Building environment","timeElapsed":219,"timestamp":"2026-06-18T17:50:34.546Z"}
{"level":"error","message":"✘ Completions for node If ([148:9, 149:63] - niveles.wlk) failed: Error: [If]{ad7678} at niveles.wlk:148 exhausted all cases without a match [If]{ad7678} at niveles.wlk:148 exhausted all cases without a match","stack":"Error: [If]{ad7678} at niveles.wlk:148 exhausted all cases without a match\n    at c:\\Users\\zagum\\.vscode\\extensions\\uqbar.wollok-lsp-ide-0.5.4\\out\\server\\src\\server.js:38:6142\n    at L2 (c:\\Users\\zagum\\.vscode\\extensions\\uqbar.wollok-lsp-ide-0.5.4\\out\\server\\src\\server.js:2389:42)\n    at Jh (c:\\Users\\zagum\\.vscode\\extensions\\uqbar.wollok-lsp-ide-0.5.4\\out\\server\\src\\server.js:2389:1092)\n    at M5n (c:\\Users\\zagum\\.vscode\\extensions\\uqbar.wollok-lsp-ide-0.5.4\\out\\server\\src\\server.js:2389:1248)\n    at c:\\Users\\zagum\\.vscode\\extensions\\uqbar.wollok-lsp-ide-0.5.4\\out\\server\\src\\server.js:38:6131\n    at L2 (c:\\Users\\zagum\\.vscode\\extensions\\uqbar.wollok-lsp-ide-0.5.4\\out\\server\\src\\server.js:2389:42)\n    at c:\\Users\\zagum\\.vscode\\extensions\\uqbar.wollok-lsp-ide-0.5.4\\out\\server\\src\\server.js:2389:2988\n    at c:\\Users\\zagum\\.vscode\\extensions\\uqbar.wollok-lsp-ide-0.5.4\\out\\server\\src\\server.js:2398:8440\n    at c:\\Users\\zagum\\.vscode\\extensions\\uqbar.wollok-lsp-ide-0.5.4\\out\\server\\src\\server.js:37:74872\n    at Ke (c:\\Users\\zagum\\.vscode\\extensions\\uqbar.wollok-lsp-ide-0.5.4\\out\\server\\src\\server.js:7:8527)","timestamp":"2026-06-18T17:50:34.578Z"}
{"level":"info","message":"⌛ Building environment","timeElapsed":236,"timestamp":"2026-06-18T17:50:34.820Z"}
{"level":"info","message":"⌛ Building environment","timeElapsed":244,"timestamp":"2026-06-18T17:50:35.064Z"}
{"level":"info","message":"⌛ Validating niveles.wlk","timeElapsed":102,"timestamp":"2026-06-18T17:50:35.167Z"}
{"level":"info","message":"⌛ Building environment","timeElapsed":218,"timestamp":"2026-06-18T17:50:35.385Z"}
{"level":"info","message":"⌛ Building environment","timeElapsed":250,"timestamp":"2026-06-18T17:50:35.636Z"}
{"level":"info","message":"⌛ Validating niveles.wlk","timeElapsed":102,"timestamp":"2026-06-18T17:50:35.746Z"}
{"level":"info","message":"⌛ Validating niveles.wlk","timeElapsed":111,"timestamp":"2026-06-18T17:50:35.877Z"}
{"level":"info","message":"⌛ Building environment","timeElapsed":231,"timestamp":"2026-06-18T17:50:36.108Z"}
{"level":"error","message":"✘ Failed to rebuild document Failed to parse niveles.wlk: \n-- PARSING FAILED --------------------------------------------------\n\n  158 |         self.crearPared(x, y)\n  159 |         mapaObjetos.activables().add(laser)\n> 160 |     }\n      |     ^\n  161 | \n  162 |     method crearGato(x,y) {\n\nExpected one of the following: \n\n'@', 'class', 'const', 'describe', 'mixin', 'object', 'only', 'package', 'program', 'test', 'var', '{', EOF, comment, not \"}\r\n\r\n    \", whitespace\n","stack":"Error: Failed to parse niveles.wlk: \n-- PARSING FAILED --------------------------------------------------\n\n  158 |         self.crearPared(x, y)\n  159 |         mapaObjetos.activables().add(laser)\n> 160 |     }\n      |     ^\n  161 | \n  162 |     method crearGato(x,y) {\n\nExpected one of the following: \n\n'@', 'class', 'const', 'describe', 'mixin', 'object', 'only', 'package', 'program', 'test', 'var', '{', EOF, comment, not \"}\r\n\r\n    \", whitespace\n\n    at c:\\Users\\zagum\\.vscode\\extensions\\uqbar.wollok-lsp-ide-0.5.4\\out\\server\\src\\server.js:2353:13026\n    at Array.map (<anonymous>)\n    at U1n (c:\\Users\\zagum\\.vscode\\extensions\\uqbar.wollok-lsp-ide-0.5.4\\out\\server\\src\\server.js:2353:12950)\n    at H2.buildEnvironmentFrom (c:\\Users\\zagum\\.vscode\\extensions\\uqbar.wollok-lsp-ide-0.5.4\\out\\server\\src\\server.js:2398:5254)\n    at H2.updateEnvironmentWith (c:\\Users\\zagum\\.vscode\\extensions\\uqbar.wollok-lsp-ide-0.5.4\\out\\server\\src\\server.js:2398:4989)\n    at GF (c:\\Users\\zagum\\.vscode\\extensions\\uqbar.wollok-lsp-ide-0.5.4\\out\\server\\src\\server.js:2398:7383)\n    at V3.invoke (c:\\Users\\zagum\\.vscode\\extensions\\uqbar.wollok-lsp-ide-0.5.4\\out\\server\\src\\server.js:3:157328)\n    at o.fire (c:\\Users\\zagum\\.vscode\\extensions\\uqbar.wollok-lsp-ide-0.5.4\\out\\server\\src\\server.js:3:158098)\n    at c:\\Users\\zagum\\.vscode\\extensions\\uqbar.wollok-lsp-ide-0.5.4\\out\\server\\src\\server.js:37:57871\n    at nd (c:\\Users\\zagum\\.vscode\\extensions\\uqbar.wollok-lsp-ide-0.5.4\\out\\server\\src\\server.js:8:1561)","timestamp":"2026-06-18T17:50:36.277Z"}
{"level":"error","message":"✘ Failed to rebuild document Failed to parse niveles.wlk: \n-- PARSING FAILED --------------------------------------------------\n\n  158 |         self.crearPared(x, y)\n  159 |         mapaObjetos.activables().add(laser)\n> 160 |     }\n      |     ^\n  161 | \n  162 |     method crearGato(x,y) {\n\nExpected one of the following: \n\n'@', 'class', 'const', 'describe', 'mixin', 'object', 'only', 'package', 'program', 'test', 'var', '{', EOF, comment, not \"}\r\n\r\n    \", whitespace\n","stack":"Error: Failed to parse niveles.wlk: \n-- PARSING FAILED --------------------------------------------------\n\n  158 |         self.crearPared(x, y)\n  159 |         mapaObjetos.activables().add(laser)\n> 160 |     }\n      |     ^\n  161 | \n  162 |     method crearGato(x,y) {\n\nExpected one of the following: \n\n'@', 'class', 'const', 'describe', 'mixin', 'object', 'only', 'package', 'program', 'test', 'var', '{', EOF, comment, not \"}\r\n\r\n    \", whitespace\n\n    at c:\\Users\\zagum\\.vscode\\extensions\\uqbar.wollok-lsp-ide-0.5.4\\out\\server\\src\\server.js:2353:13026\n    at Array.map (<anonymous>)\n    at U1n (c:\\Users\\zagum\\.vscode\\extensions\\uqbar.wollok-lsp-ide-0.5.4\\out\\server\\src\\server.js:2353:12950)\n    at H2.buildEnvironmentFrom (c:\\Users\\zagum\\.vscode\\extensions\\uqbar.wollok-lsp-ide-0.5.4\\out\\server\\src\\server.js:2398:5254)\n    at H2.updateEnvironmentWith (c:\\Users\\zagum\\.vscode\\extensions\\uqbar.wollok-lsp-ide-0.5.4\\out\\server\\src\\server.js:2398:4989)\n    at GF (c:\\Users\\zagum\\.vscode\\extensions\\uqbar.wollok-lsp-ide-0.5.4\\out\\server\\src\\server.js:2398:7383)\n    at V3.invoke (c:\\Users\\zagum\\.vscode\\extensions\\uqbar.wollok-lsp-ide-0.5.4\\out\\server\\src\\server.js:3:157328)\n    at o.fire (c:\\Users\\zagum\\.vscode\\extensions\\uqbar.wollok-lsp-ide-0.5.4\\out\\server\\src\\server.js:3:158098)\n    at c:\\Users\\zagum\\.vscode\\extensions\\uqbar.wollok-lsp-ide-0.5.4\\out\\server\\src\\server.js:37:57871\n    at nd (c:\\Users\\zagum\\.vscode\\extensions\\uqbar.wollok-lsp-ide-0.5.4\\out\\server\\src\\server.js:8:1561)","timestamp":"2026-06-18T17:50:36.317Z"}
{"level":"error","message":"✘ Failed to rebuild document Failed to parse niveles.wlk: \n-- PARSING FAILED --------------------------------------------------\n\n  158 |         self.crearPared(x, y)\n  159 |         mapaObjetos.activables().add(laser)\n> 160 |     }\n      |     ^\n  161 | \n  162 |     method crearGato(x,y) {\n\nExpected one of the following: \n\n'@', 'class', 'const', 'describe', 'mixin', 'object', 'only', 'package', 'program', 'test', 'var', '{', EOF, comment, not \"}\r\n\r\n    \", whitespace\n","stack":"Error: Failed to parse niveles.wlk: \n-- PARSING FAILED --------------------------------------------------\n\n  158 |         self.crearPared(x, y)\n  159 |         mapaObjetos.activables().add(laser)\n> 160 |     }\n      |     ^\n  161 | \n  162 |     method crearGato(x,y) {\n\nExpected one of the following: \n\n'@', 'class', 'const', 'describe', 'mixin', 'object', 'only', 'package', 'program', 'test', 'var', '{', EOF, comment, not \"}\r\n\r\n    \", whitespace\n\n    at c:\\Users\\zagum\\.vscode\\extensions\\uqbar.wollok-lsp-ide-0.5.4\\out\\server\\src\\server.js:2353:13026\n    at Array.map (<anonymous>)\n    at U1n (c:\\Users\\zagum\\.vscode\\extensions\\uqbar.wollok-lsp-ide-0.5.4\\out\\server\\src\\server.js:2353:12950)\n    at H2.buildEnvironmentFrom (c:\\Users\\zagum\\.vscode\\extensions\\uqbar.wollok-lsp-ide-0.5.4\\out\\server\\src\\server.js:2398:5254)\n    at H2.updateEnvironmentWith (c:\\Users\\zagum\\.vscode\\extensions\\uqbar.wollok-lsp-ide-0.5.4\\out\\server\\src\\server.js:2398:4989)\n    at GF (c:\\Users\\zagum\\.vscode\\extensions\\uqbar.wollok-lsp-ide-0.5.4\\out\\server\\src\\server.js:2398:7383)\n    at V3.invoke (c:\\Users\\zagum\\.vscode\\extensions\\uqbar.wollok-lsp-ide-0.5.4\\out\\server\\src\\server.js:3:157328)\n    at o.fire (c:\\Users\\zagum\\.vscode\\extensions\\uqbar.wollok-lsp-ide-0.5.4\\out\\server\\src\\server.js:3:158098)\n    at c:\\Users\\zagum\\.vscode\\extensions\\uqbar.wollok-lsp-ide-0.5.4\\out\\server\\src\\server.js:37:57871\n    at nd (c:\\Users\\zagum\\.vscode\\extensions\\uqbar.wollok-lsp-ide-0.5.4\\out\\server\\src\\server.js:8:1561)","timestamp":"2026-06-18T17:50:36.449Z"}
{"level":"info","message":"⌛ Building environment","timeElapsed":214,"timestamp":"2026-06-18T17:50:36.796Z"}
{"level":"info","message":"⌛ Building environment","timeElapsed":222,"timestamp":"2026-06-18T17:50:37.042Z"}
{"level":"info","message":"⌛ Building environment","timeElapsed":267,"timestamp":"2026-06-18T17:50:39.863Z"}
{"level":"info","message":"⌛ Building environment","timeElapsed":220,"timestamp":"2026-06-18T17:50:40.549Z"}
{"level":"info","message":"⌛ Building environment","timeElapsed":227,"timestamp":"2026-06-18T17:50:41.395Z"}
{"level":"info","message":"⌛ Building environment","timeElapsed":227,"timestamp":"2026-06-18T17:50:41.644Z"}
{"level":"error","message":"✘ Completions for node If ([148:9, 148:33] - niveles.wlk) failed: Error: [If]{0cd9fa} at niveles.wlk:148 exhausted all cases without a match [If]{0cd9fa} at niveles.wlk:148 exhausted all cases without a match","stack":"Error: [If]{0cd9fa} at niveles.wlk:148 exhausted all cases without a match\n    at c:\\Users\\zagum\\.vscode\\extensions\\uqbar.wollok-lsp-ide-0.5.4\\out\\server\\src\\server.js:38:6142\n    at L2 (c:\\Users\\zagum\\.vscode\\extensions\\uqbar.wollok-lsp-ide-0.5.4\\out\\server\\src\\server.js:2389:42)\n    at Jh (c:\\Users\\zagum\\.vscode\\extensions\\uqbar.wollok-lsp-ide-0.5.4\\out\\server\\src\\server.js:2389:1092)\n    at v5n (c:\\Users\\zagum\\.vscode\\extensions\\uqbar.wollok-lsp-ide-0.5.4\\out\\server\\src\\server.js:2389:818)\n    at c:\\Users\\zagum\\.vscode\\extensions\\uqbar.wollok-lsp-ide-0.5.4\\out\\server\\src\\server.js:38:6131\n    at L2 (c:\\Users\\zagum\\.vscode\\extensions\\uqbar.wollok-lsp-ide-0.5.4\\out\\server\\src\\server.js:2389:42)\n    at Jh (c:\\Users\\zagum\\.vscode\\extensions\\uqbar.wollok-lsp-ide-0.5.4\\out\\server\\src\\server.js:2389:1092)\n    at M5n (c:\\Users\\zagum\\.vscode\\extensions\\uqbar.wollok-lsp-ide-0.5.4\\out\\server\\src\\server.js:2389:1248)\n    at c:\\Users\\zagum\\.vscode\\extensions\\uqbar.wollok-lsp-ide-0.5.4\\out\\server\\src\\server.js:38:6131\n    at L2 (c:\\Users\\zagum\\.vscode\\extensions\\uqbar.wollok-lsp-ide-0.5.4\\out\\server\\src\\server.js:2389:42)","timestamp":"2026-06-18T17:50:41.674Z"}
{"level":"info","message":"⌛ Building environment","timeElapsed":211,"timestamp":"2026-06-18T17:50:41.984Z"}
{"level":"info","message":"⌛ Building environment","timeElapsed":223,"timestamp":"2026-06-18T17:50:42.208Z"}
{"level":"info","message":"⌛ Building environment","timeElapsed":213,"timestamp":"2026-06-18T17:50:42.523Z"}
{"level":"info","message":"⌛ Validating niveles.wlk","timeElapsed":103,"timestamp":"2026-06-18T17:50:42.627Z"}
{"level":"info","message":"⌛ Building environment","timeElapsed":207,"timestamp":"2026-06-18T17:50:42.853Z"}
{"level":"info","message":"⌛ Building environment","timeElapsed":257,"timestamp":"2026-06-18T17:50:43.706Z"}
{"level":"info","message":"⌛ Building environment","timeElapsed":249,"timestamp":"2026-06-18T17:50:43.983Z"}
{"level":"info","message":"⌛ Building environment","timeElapsed":213,"timestamp":"2026-06-18T17:50:44.290Z"}
{"level":"info","message":"⌛ Building environment","timeElapsed":215,"timestamp":"2026-06-18T17:50:44.505Z"}
{"level":"info","message":"⌛ Building environment","timeElapsed":221,"timestamp":"2026-06-18T17:50:44.731Z"}
{"level":"info","message":"⌛ Validating niveles.wlk","timeElapsed":102,"timestamp":"2026-06-18T17:50:44.832Z"}
{"level":"info","message":"⌛ Validating niveles.wlk","timeElapsed":106,"timestamp":"2026-06-18T17:50:44.944Z"}
{"level":"info","message":"⌛ Building environment","timeElapsed":239,"timestamp":"2026-06-18T17:50:45.298Z"}
{"level":"info","message":"⌛ Building environment","timeElapsed":287,"timestamp":"2026-06-18T17:50:45.701Z"}
{"level":"info","message":"⌛ Building environment","timeElapsed":217,"timestamp":"2026-06-18T17:50:45.919Z"}
{"level":"info","message":"⌛ Building environment","timeElapsed":444,"timestamp":"2026-06-18T17:50:46.365Z"}
{"level":"error","message":"✘ Completions for node If ([148:9, 148:46] - niveles.wlk) failed: Error: [If]{973803} at niveles.wlk:148 exhausted all cases without a match [If]{973803} at niveles.wlk:148 exhausted all cases without a match","stack":"Error: [If]{973803} at niveles.wlk:148 exhausted all cases without a match\n    at c:\\Users\\zagum\\.vscode\\extensions\\uqbar.wollok-lsp-ide-0.5.4\\out\\server\\src\\server.js:38:6142\n    at L2 (c:\\Users\\zagum\\.vscode\\extensions\\uqbar.wollok-lsp-ide-0.5.4\\out\\server\\src\\server.js:2389:42)\n    at Jh (c:\\Users\\zagum\\.vscode\\extensions\\uqbar.wollok-lsp-ide-0.5.4\\out\\server\\src\\server.js:2389:1092)\n    at v5n (c:\\Users\\zagum\\.vscode\\extensions\\uqbar.wollok-lsp-ide-0.5.4\\out\\server\\src\\server.js:2389:818)\n    at c:\\Users\\zagum\\.vscode\\extensions\\uqbar.wollok-lsp-ide-0.5.4\\out\\server\\src\\server.js:38:6131\n    at L2 (c:\\Users\\zagum\\.vscode\\extensions\\uqbar.wollok-lsp-ide-0.5.4\\out\\server\\src\\server.js:2389:42)\n    at c:\\Users\\zagum\\.vscode\\extensions\\uqbar.wollok-lsp-ide-0.5.4\\out\\server\\src\\server.js:2389:2988\n    at c:\\Users\\zagum\\.vscode\\extensions\\uqbar.wollok-lsp-ide-0.5.4\\out\\server\\src\\server.js:2398:8440\n    at c:\\Users\\zagum\\.vscode\\extensions\\uqbar.wollok-lsp-ide-0.5.4\\out\\server\\src\\server.js:37:74872\n    at Ke (c:\\Users\\zagum\\.vscode\\extensions\\uqbar.wollok-lsp-ide-0.5.4\\out\\server\\src\\server.js:7:8527)","timestamp":"2026-06-18T17:50:46.396Z"}
{"level":"info","message":"⌛ Building environment","timeElapsed":214,"timestamp":"2026-06-18T17:50:46.616Z"}
{"level":"info","message":"⌛ Building environment","timeElapsed":216,"timestamp":"2026-06-18T17:50:46.833Z"}
{"level":"info","message":"⌛ Validating niveles.wlk","timeElapsed":109,"timestamp":"2026-06-18T17:50:46.942Z"}
{"level":"info","message":"⌛ Validating niveles.wlk","timeElapsed":102,"timestamp":"2026-06-18T17:50:47.064Z"}
{"level":"info","message":"⌛ Validating niveles.wlk","timeElapsed":111,"timestamp":"2026-06-18T17:50:47.175Z"}
{"level":"info","message":"⌛ Building environment","timeElapsed":211,"timestamp":"2026-06-18T17:50:47.582Z"}
{"level":"info","message":"⌛ Building environment","timeElapsed":244,"timestamp":"2026-06-18T17:50:48.442Z"}
{"level":"error","message":"✘ Completions for node Send ([148:31, 148:50] - niveles.wlk) failed: Error: [Send]{13c879} at niveles.wlk:148 exhausted all cases without a match [Send]{13c879} at niveles.wlk:148 exhausted all cases without a match","stack":"Error: [Send]{13c879} at niveles.wlk:148 exhausted all cases without a match\n    at c:\\Users\\zagum\\.vscode\\extensions\\uqbar.wollok-lsp-ide-0.5.4\\out\\server\\src\\server.js:38:6142\n    at L2 (c:\\Users\\zagum\\.vscode\\extensions\\uqbar.wollok-lsp-ide-0.5.4\\out\\server\\src\\server.js:2389:42)\n    at Jh (c:\\Users\\zagum\\.vscode\\extensions\\uqbar.wollok-lsp-ide-0.5.4\\out\\server\\src\\server.js:2389:1092)\n    at M5n (c:\\Users\\zagum\\.vscode\\extensions\\uqbar.wollok-lsp-ide-0.5.4\\out\\server\\src\\server.js:2389:1248)\n    at c:\\Users\\zagum\\.vscode\\extensions\\uqbar.wollok-lsp-ide-0.5.4\\out\\server\\src\\server.js:38:6131\n    at L2 (c:\\Users\\zagum\\.vscode\\extensions\\uqbar.wollok-lsp-ide-0.5.4\\out\\server\\src\\server.js:2389:42)\n    at c:\\Users\\zagum\\.vscode\\extensions\\uqbar.wollok-lsp-ide-0.5.4\\out\\server\\src\\server.js:2389:2988\n    at c:\\Users\\zagum\\.vscode\\extensions\\uqbar.wollok-lsp-ide-0.5.4\\out\\server\\src\\server.js:2398:8440\n    at c:\\Users\\zagum\\.vscode\\extensions\\uqbar.wollok-lsp-ide-0.5.4\\out\\server\\src\\server.js:37:74872\n    at Ke (c:\\Users\\zagum\\.vscode\\extensions\\uqbar.wollok-lsp-ide-0.5.4\\out\\server\\src\\server.js:7:8527)","timestamp":"2026-06-18T17:50:48.475Z"}
{"level":"error","message":"✘ Completions for node If ([148:9, 148:51] - niveles.wlk) failed: Error: [If]{efe45a} at niveles.wlk:148 exhausted all cases without a match [If]{efe45a} at niveles.wlk:148 exhausted all cases without a match","stack":"Error: [If]{efe45a} at niveles.wlk:148 exhausted all cases without a match\n    at c:\\Users\\zagum\\.vscode\\extensions\\uqbar.wollok-lsp-ide-0.5.4\\out\\server\\src\\server.js:38:6142\n    at L2 (c:\\Users\\zagum\\.vscode\\extensions\\uqbar.wollok-lsp-ide-0.5.4\\out\\server\\src\\server.js:2389:42)\n    at Jh (c:\\Users\\zagum\\.vscode\\extensions\\uqbar.wollok-lsp-ide-0.5.4\\out\\server\\src\\server.js:2389:1092)\n    at v5n (c:\\Users\\zagum\\.vscode\\extensions\\uqbar.wollok-lsp-ide-0.5.4\\out\\server\\src\\server.js:2389:818)\n    at c:\\Users\\zagum\\.vscode\\extensions\\uqbar.wollok-lsp-ide-0.5.4\\out\\server\\src\\server.js:38:6131\n    at L2 (c:\\Users\\zagum\\.vscode\\extensions\\uqbar.wollok-lsp-ide-0.5.4\\out\\server\\src\\server.js:2389:42)\n    at Jh (c:\\Users\\zagum\\.vscode\\extensions\\uqbar.wollok-lsp-ide-0.5.4\\out\\server\\src\\server.js:2389:1092)\n    at L2 (c:\\Users\\zagum\\.vscode\\extensions\\uqbar.wollok-lsp-ide-0.5.4\\out\\server\\src\\server.js:2389:544)\n    at Jh (c:\\Users\\zagum\\.vscode\\extensions\\uqbar.wollok-lsp-ide-0.5.4\\out\\server\\src\\server.js:2389:1092)\n    at M5n (c:\\Users\\zagum\\.vscode\\extensions\\uqbar.wollok-lsp-ide-0.5.4\\out\\server\\src\\server.js:2389:1248)","timestamp":"2026-06-18T17:50:48.475Z"}
{"level":"info","message":"⌛ Building environment","timeElapsed":225,"timestamp":"2026-06-18T17:50:48.833Z"}
{"level":"info","message":"⌛ Building environment","timeElapsed":226,"timestamp":"2026-06-18T17:50:49.069Z"}
{"level":"error","message":"✘ Completions for node Send ([148:31, 148:52] - niveles.wlk) failed: Error: [Send]{26357c} at niveles.wlk:148 exhausted all cases without a match [Send]{26357c} at niveles.wlk:148 exhausted all cases without a match","stack":"Error: [Send]{26357c} at niveles.wlk:148 exhausted all cases without a match\n    at c:\\Users\\zagum\\.vscode\\extensions\\uqbar.wollok-lsp-ide-0.5.4\\out\\server\\src\\server.js:38:6142\n    at L2 (c:\\Users\\zagum\\.vscode\\extensions\\uqbar.wollok-lsp-ide-0.5.4\\out\\server\\src\\server.js:2389:42)\n    at Jh (c:\\Users\\zagum\\.vscode\\extensions\\uqbar.wollok-lsp-ide-0.5.4\\out\\server\\src\\server.js:2389:1092)\n    at M5n (c:\\Users\\zagum\\.vscode\\extensions\\uqbar.wollok-lsp-ide-0.5.4\\out\\server\\src\\server.js:2389:1248)\n    at c:\\Users\\zagum\\.vscode\\extensions\\uqbar.wollok-lsp-ide-0.5.4\\out\\server\\src\\server.js:38:6131\n    at L2 (c:\\Users\\zagum\\.vscode\\extensions\\uqbar.wollok-lsp-ide-0.5.4\\out\\server\\src\\server.js:2389:42)\n    at c:\\Users\\zagum\\.vscode\\extensions\\uqbar.wollok-lsp-ide-0.5.4\\out\\server\\src\\server.js:2389:2988\n    at c:\\Users\\zagum\\.vscode\\extensions\\uqbar.wollok-lsp-ide-0.5.4\\out\\server\\src\\server.js:2398:8440\n    at c:\\Users\\zagum\\.vscode\\extensions\\uqbar.wollok-lsp-ide-0.5.4\\out\\server\\src\\server.js:37:74872\n    at Ke (c:\\Users\\zagum\\.vscode\\extensions\\uqbar.wollok-lsp-ide-0.5.4\\out\\server\\src\\server.js:7:8527)","timestamp":"2026-06-18T17:50:49.098Z"}
{"level":"error","message":"✘ Completions for node If ([148:9, 148:53] - niveles.wlk) failed: Error: [If]{56e054} at niveles.wlk:148 exhausted all cases without a match [If]{56e054} at niveles.wlk:148 exhausted all cases without a match","stack":"Error: [If]{56e054} at niveles.wlk:148 exhausted all cases without a match\n    at c:\\Users\\zagum\\.vscode\\extensions\\uqbar.wollok-lsp-ide-0.5.4\\out\\server\\src\\server.js:38:6142\n    at L2 (c:\\Users\\zagum\\.vscode\\extensions\\uqbar.wollok-lsp-ide-0.5.4\\out\\server\\src\\server.js:2389:42)\n    at Jh (c:\\Users\\zagum\\.vscode\\extensions\\uqbar.wollok-lsp-ide-0.5.4\\out\\server\\src\\server.js:2389:1092)\n    at v5n (c:\\Users\\zagum\\.vscode\\extensions\\uqbar.wollok-lsp-ide-0.5.4\\out\\server\\src\\server.js:2389:818)\n    at c:\\Users\\zagum\\.vscode\\extensions\\uqbar.wollok-lsp-ide-0.5.4\\out\\server\\src\\server.js:38:6131\n    at L2 (c:\\Users\\zagum\\.vscode\\extensions\\uqbar.wollok-lsp-ide-0.5.4\\out\\server\\src\\server.js:2389:42)\n    at Jh (c:\\Users\\zagum\\.vscode\\extensions\\uqbar.wollok-lsp-ide-0.5.4\\out\\server\\src\\server.js:2389:1092)\n    at L2 (c:\\Users\\zagum\\.vscode\\extensions\\uqbar.wollok-lsp-ide-0.5.4\\out\\server\\src\\server.js:2389:544)\n    at Jh (c:\\Users\\zagum\\.vscode\\extensions\\uqbar.wollok-lsp-ide-0.5.4\\out\\server\\src\\server.js:2389:1092)\n    at M5n (c:\\Users\\zagum\\.vscode\\extensions\\uqbar.wollok-lsp-ide-0.5.4\\out\\server\\src\\server.js:2389:1248)","timestamp":"2026-06-18T17:50:49.098Z"}
{"level":"info","message":"⌛ Validating niveles.wlk","timeElapsed":103,"timestamp":"2026-06-18T17:50:49.318Z"}
{"level":"info","message":"⌛ Building environment","timeElapsed":225,"timestamp":"2026-06-18T17:50:52.064Z"}
{"level":"info","message":"⌛ Validating niveles.wlk","timeElapsed":106,"timestamp":"2026-06-18T17:50:52.205Z"}
{"level":"info","message":"⌛ Building environment","timeElapsed":321,"timestamp":"2026-06-18T17:50:54.314Z"}
{"level":"info","message":"⌛ Building environment","timeElapsed":233,"timestamp":"2026-06-18T17:50:55.809Z"}
{"level":"info","message":"⌛ Building environment","timeElapsed":222,"timestamp":"2026-06-18T17:50:56.597Z"}
{"level":"info","message":"⌛ Building environment","timeElapsed":225,"timestamp":"2026-06-18T17:50:56.827Z"}
{"level":"info","message":"⌛ Validating niveles.wlk","timeElapsed":102,"timestamp":"2026-06-18T17:50:56.930Z"}
{"level":"info","message":"⌛ Validating niveles.wlk","timeElapsed":104,"timestamp":"2026-06-18T17:50:57.053Z"}
{"level":"info","message":"⌛ Building environment","timeElapsed":270,"timestamp":"2026-06-18T17:51:02.287Z"}
{"level":"info","message":"⌛ Validating niveles.wlk","timeElapsed":108,"timestamp":"2026-06-18T17:51:02.406Z"}
{"level":"info","message":"⌛ Building environment","timeElapsed":221,"timestamp":"2026-06-18T17:51:02.656Z"}
{"level":"info","message":"⌛ Building environment","timeElapsed":246,"timestamp":"2026-06-18T17:51:03.506Z"}
{"level":"info","message":"⌛ Building environment","timeElapsed":232,"timestamp":"2026-06-18T17:51:04.646Z"}
{"level":"info","message":"⌛ Validating niveles.wlk","timeElapsed":109,"timestamp":"2026-06-18T17:51:04.756Z"}
{"level":"info","message":"⌛ Building environment","timeElapsed":236,"timestamp":"2026-06-18T17:51:04.993Z"}
{"level":"info","message":"⌛ Building environment","timeElapsed":403,"timestamp":"2026-06-18T17:51:05.602Z"}
{"level":"info","message":"⌛ Building environment","timeElapsed":235,"timestamp":"2026-06-18T17:51:05.864Z"}
{"level":"info","message":"⌛ Building environment","timeElapsed":228,"timestamp":"2026-06-18T17:51:06.097Z"}
{"level":"info","message":"⌛ Building environment","timeElapsed":238,"timestamp":"2026-06-18T17:51:06.336Z"}
{"level":"info","message":"⌛ Validating niveles.wlk","timeElapsed":113,"timestamp":"2026-06-18T17:51:06.450Z"}
{"level":"info","message":"⌛ Building environment","timeElapsed":226,"timestamp":"2026-06-18T17:51:06.796Z"}
{"level":"info","message":"⌛ Building environment","timeElapsed":237,"timestamp":"2026-06-18T17:51:07.258Z"}
{"level":"info","message":"⌛ Building environment","timeElapsed":222,"timestamp":"2026-06-18T17:51:07.528Z"}
{"level":"info","message":"⌛ Building environment","timeElapsed":228,"timestamp":"2026-06-18T17:51:07.757Z"}
{"level":"info","message":"⌛ Building environment","timeElapsed":217,"timestamp":"2026-06-18T17:51:08.070Z"}
{"level":"info","message":"⌛ Building environment","timeElapsed":220,"timestamp":"2026-06-18T17:51:08.402Z"}
{"level":"info","message":"⌛ Validating niveles.wlk","timeElapsed":110,"timestamp":"2026-06-18T17:51:08.656Z"}
{"level":"info","message":"⌛ Validating niveles.wlk","timeElapsed":102,"timestamp":"2026-06-18T17:51:08.759Z"}
{"level":"info","message":"⌛ Building environment","timeElapsed":221,"timestamp":"2026-06-18T17:51:08.993Z"}
{"level":"info","message":"⌛ Building environment","timeElapsed":249,"timestamp":"2026-06-18T17:51:09.242Z"}
{"level":"info","message":"⌛ Building environment","timeElapsed":211,"timestamp":"2026-06-18T17:51:09.545Z"}
{"level":"info","message":"⌛ Building environment","timeElapsed":228,"timestamp":"2026-06-18T17:51:09.802Z"}
{"level":"info","message":"⌛ Building environment","timeElapsed":244,"timestamp":"2026-06-18T17:51:10.046Z"}
{"level":"info","message":"⌛ Building environment","timeElapsed":218,"timestamp":"2026-06-18T17:51:10.264Z"}
{"level":"info","message":"⌛ Building environment","timeElapsed":221,"timestamp":"2026-06-18T17:51:13.693Z"}
{"level":"error","message":"✘ Completions for node Parameter ([152:24, 152:25] - niveles.wlk) failed: Error: [Parameter]{69dd44} at niveles.wlk:152 exhausted all cases without a match [Parameter]{69dd44} at niveles.wlk:152 exhausted all cases without a match","stack":"Error: [Parameter]{69dd44} at niveles.wlk:152 exhausted all cases without a match\n    at c:\\Users\\zagum\\.vscode\\extensions\\uqbar.wollok-lsp-ide-0.5.4\\out\\server\\src\\server.js:38:6142\n    at L2 (c:\\Users\\zagum\\.vscode\\extensions\\uqbar.wollok-lsp-ide-0.5.4\\out\\server\\src\\server.js:2389:42)\n    at c:\\Users\\zagum\\.vscode\\extensions\\uqbar.wollok-lsp-ide-0.5.4\\out\\server\\src\\server.js:2389:2988\n    at c:\\Users\\zagum\\.vscode\\extensions\\uqbar.wollok-lsp-ide-0.5.4\\out\\server\\src\\server.js:2398:8440\n    at c:\\Users\\zagum\\.vscode\\extensions\\uqbar.wollok-lsp-ide-0.5.4\\out\\server\\src\\server.js:37:74872\n    at Ke (c:\\Users\\zagum\\.vscode\\extensions\\uqbar.wollok-lsp-ide-0.5.4\\out\\server\\src\\server.js:7:8527)\n    at Lt (c:\\Users\\zagum\\.vscode\\extensions\\uqbar.wollok-lsp-ide-0.5.4\\out\\server\\src\\server.js:7:6189)\n    at ct (c:\\Users\\zagum\\.vscode\\extensions\\uqbar.wollok-lsp-ide-0.5.4\\out\\server\\src\\server.js:7:6378)\n    at Immediate._onImmediate (c:\\Users\\zagum\\.vscode\\extensions\\uqbar.wollok-lsp-ide-0.5.4\\out\\server\\src\\server.js:7:6142)\n    at process.processImmediate (node:internal/timers:504:21)","timestamp":"2026-06-18T17:51:13.722Z"}
{"level":"info","message":"⌛ Building environment","timeElapsed":238,"timestamp":"2026-06-18T17:51:13.962Z"}
{"level":"info","message":"⌛ Validating niveles.wlk","timeElapsed":102,"timestamp":"2026-06-18T17:51:14.064Z"}
{"level":"info","message":"⌛ Building environment","timeElapsed":227,"timestamp":"2026-06-18T17:51:14.292Z"}
{"level":"error","message":"✘ Completions for node Parameter ([152:26, 152:27] - niveles.wlk) failed: Error: [Parameter]{3964e1} at niveles.wlk:152 exhausted all cases without a match [Parameter]{3964e1} at niveles.wlk:152 exhausted all cases without a match","stack":"Error: [Parameter]{3964e1} at niveles.wlk:152 exhausted all cases without a match\n    at c:\\Users\\zagum\\.vscode\\extensions\\uqbar.wollok-lsp-ide-0.5.4\\out\\server\\src\\server.js:38:6142\n    at L2 (c:\\Users\\zagum\\.vscode\\extensions\\uqbar.wollok-lsp-ide-0.5.4\\out\\server\\src\\server.js:2389:42)\n    at c:\\Users\\zagum\\.vscode\\extensions\\uqbar.wollok-lsp-ide-0.5.4\\out\\server\\src\\server.js:2389:2988\n    at c:\\Users\\zagum\\.vscode\\extensions\\uqbar.wollok-lsp-ide-0.5.4\\out\\server\\src\\server.js:2398:8440\n    at c:\\Users\\zagum\\.vscode\\extensions\\uqbar.wollok-lsp-ide-0.5.4\\out\\server\\src\\server.js:37:74872\n    at Ke (c:\\Users\\zagum\\.vscode\\extensions\\uqbar.wollok-lsp-ide-0.5.4\\out\\server\\src\\server.js:7:8527)\n    at Lt (c:\\Users\\zagum\\.vscode\\extensions\\uqbar.wollok-lsp-ide-0.5.4\\out\\server\\src\\server.js:7:6189)\n    at ct (c:\\Users\\zagum\\.vscode\\extensions\\uqbar.wollok-lsp-ide-0.5.4\\out\\server\\src\\server.js:7:6378)\n    at Immediate._onImmediate (c:\\Users\\zagum\\.vscode\\extensions\\uqbar.wollok-lsp-ide-0.5.4\\out\\server\\src\\server.js:7:6142)\n    at process.processImmediate (node:internal/timers:504:21)","timestamp":"2026-06-18T17:51:14.324Z"}
{"level":"info","message":"⌛ Building environment","timeElapsed":220,"timestamp":"2026-06-18T17:51:15.704Z"}
{"level":"info","message":"⌛ Building environment","timeElapsed":221,"timestamp":"2026-06-18T17:51:17.193Z"}
{"level":"info","message":"⌛ Building environment","timeElapsed":224,"timestamp":"2026-06-18T17:51:22.057Z"}
{"level":"info","message":"⌛ Building environment","timeElapsed":247,"timestamp":"2026-06-18T17:51:22.333Z"}
{"level":"info","message":"⌛ Building environment","timeElapsed":228,"timestamp":"2026-06-18T17:51:22.666Z"}
{"level":"info","message":"⌛ Building environment","timeElapsed":230,"timestamp":"2026-06-18T17:51:22.897Z"}
{"level":"info","message":"⌛ Validating niveles.wlk","timeElapsed":101,"timestamp":"2026-06-18T17:51:22.999Z"}
{"level":"info","message":"⌛ Building environment","timeElapsed":233,"timestamp":"2026-06-18T17:51:23.234Z"}
{"level":"info","message":"⌛ Validating niveles.wlk","timeElapsed":126,"timestamp":"2026-06-18T17:51:23.361Z"}
{"level":"info","message":"⌛ Building environment","timeElapsed":232,"timestamp":"2026-06-18T17:51:23.594Z"}
{"level":"info","message":"⌛ Building environment","timeElapsed":218,"timestamp":"2026-06-18T17:51:23.911Z"}
{"level":"error","message":"✘ Completions for node Variable ([153:9, 153:16] - niveles.wlk) failed: Error: s [Variable]{6cfe0f} at niveles.wlk:153 exhausted all cases without a match s [Variable]{6cfe0f} at niveles.wlk:153 exhausted all cases without a match","stack":"Error: s [Variable]{6cfe0f} at niveles.wlk:153 exhausted all cases without a match\n    at c:\\Users\\zagum\\.vscode\\extensions\\uqbar.wollok-lsp-ide-0.5.4\\out\\server\\src\\server.js:38:6142\n    at L2 (c:\\Users\\zagum\\.vscode\\extensions\\uqbar.wollok-lsp-ide-0.5.4\\out\\server\\src\\server.js:2389:42)\n    at c:\\Users\\zagum\\.vscode\\extensions\\uqbar.wollok-lsp-ide-0.5.4\\out\\server\\src\\server.js:2389:2988\n    at c:\\Users\\zagum\\.vscode\\extensions\\uqbar.wollok-lsp-ide-0.5.4\\out\\server\\src\\server.js:2398:8440\n    at c:\\Users\\zagum\\.vscode\\extensions\\uqbar.wollok-lsp-ide-0.5.4\\out\\server\\src\\server.js:37:74872\n    at Ke (c:\\Users\\zagum\\.vscode\\extensions\\uqbar.wollok-lsp-ide-0.5.4\\out\\server\\src\\server.js:7:8527)\n    at Lt (c:\\Users\\zagum\\.vscode\\extensions\\uqbar.wollok-lsp-ide-0.5.4\\out\\server\\src\\server.js:7:6189)\n    at ct (c:\\Users\\zagum\\.vscode\\extensions\\uqbar.wollok-lsp-ide-0.5.4\\out\\server\\src\\server.js:7:6378)\n    at Immediate._onImmediate (c:\\Users\\zagum\\.vscode\\extensions\\uqbar.wollok-lsp-ide-0.5.4\\out\\server\\src\\server.js:7:6142)\n    at process.processImmediate (node:internal/timers:504:21)","timestamp":"2026-06-18T17:51:23.945Z"}
{"level":"info","message":"⌛ Building environment","timeElapsed":628,"timestamp":"2026-06-18T17:51:24.577Z"}
{"level":"info","message":"⌛ Building environment","timeElapsed":213,"timestamp":"2026-06-18T17:51:24.795Z"}
{"level":"info","message":"⌛ Building environment","timeElapsed":212,"timestamp":"2026-06-18T17:51:25.099Z"}
{"level":"info","message":"⌛ Building environment","timeElapsed":242,"timestamp":"2026-06-18T17:51:25.342Z"}
{"level":"info","message":"⌛ Building environment","timeElapsed":232,"timestamp":"2026-06-18T17:51:25.574Z"}
{"level":"info","message":"⌛ Validating niveles.wlk","timeElapsed":103,"timestamp":"2026-06-18T17:51:25.676Z"}
{"level":"info","message":"⌛ Building environment","timeElapsed":216,"timestamp":"2026-06-18T17:51:26.309Z"}
{"level":"info","message":"⌛ Building environment","timeElapsed":214,"timestamp":"2026-06-18T17:51:26.620Z"}
{"level":"info","message":"⌛ Building environment","timeElapsed":231,"timestamp":"2026-06-18T17:51:26.953Z"}
{"level":"info","message":"⌛ Building environment","timeElapsed":229,"timestamp":"2026-06-18T17:51:27.382Z"}
{"level":"error","message":"✘ Completions for node Variable ([153:9, 153:25] - niveles.wlk) failed: Error: salida [Variable]{a4fe48} at niveles.wlk:153 exhausted all cases without a match salida [Variable]{a4fe48} at niveles.wlk:153 exhausted all cases without a match","stack":"Error: salida [Variable]{a4fe48} at niveles.wlk:153 exhausted all cases without a match\n    at c:\\Users\\zagum\\.vscode\\extensions\\uqbar.wollok-lsp-ide-0.5.4\\out\\server\\src\\server.js:38:6142\n    at L2 (c:\\Users\\zagum\\.vscode\\extensions\\uqbar.wollok-lsp-ide-0.5.4\\out\\server\\src\\server.js:2389:42)\n    at Jh (c:\\Users\\zagum\\.vscode\\extensions\\uqbar.wollok-lsp-ide-0.5.4\\out\\server\\src\\server.js:2389:1092)\n    at M5n (c:\\Users\\zagum\\.vscode\\extensions\\uqbar.wollok-lsp-ide-0.5.4\\out\\server\\src\\server.js:2389:1248)\n    at c:\\Users\\zagum\\.vscode\\extensions\\uqbar.wollok-lsp-ide-0.5.4\\out\\server\\src\\server.js:38:6131\n    at L2 (c:\\Users\\zagum\\.vscode\\extensions\\uqbar.wollok-lsp-ide-0.5.4\\out\\server\\src\\server.js:2389:42)\n    at c:\\Users\\zagum\\.vscode\\extensions\\uqbar.wollok-lsp-ide-0.5.4\\out\\server\\src\\server.js:2389:2988\n    at c:\\Users\\zagum\\.vscode\\extensions\\uqbar.wollok-lsp-ide-0.5.4\\out\\server\\src\\server.js:2398:8440\n    at c:\\Users\\zagum\\.vscode\\extensions\\uqbar.wollok-lsp-ide-0.5.4\\out\\server\\src\\server.js:37:74872\n    at Ke (c:\\Users\\zagum\\.vscode\\extensions\\uqbar.wollok-lsp-ide-0.5.4\\out\\server\\src\\server.js:7:8527)","timestamp":"2026-06-18T17:51:27.411Z"}
{"level":"info","message":"⌛ Building environment","timeElapsed":253,"timestamp":"2026-06-18T17:51:27.773Z"}
{"level":"info","message":"⌛ Building environment","timeElapsed":1146,"timestamp":"2026-06-18T17:51:28.918Z"}
{"level":"info","message":"⌛ Validating niveles.wlk","timeElapsed":101,"timestamp":"2026-06-18T17:51:29.130Z"}
{"level":"info","message":"⌛ Building environment","timeElapsed":221,"timestamp":"2026-06-18T17:51:29.367Z"}
{"level":"info","message":"⌛ Building environment","timeElapsed":227,"timestamp":"2026-06-18T17:51:29.693Z"}
{"level":"info","message":"⌛ Building environment","timeElapsed":223,"timestamp":"2026-06-18T17:51:30.046Z"}
{"level":"info","message":"⌛ Validating niveles.wlk","timeElapsed":104,"timestamp":"2026-06-18T17:51:30.150Z"}
{"level":"info","message":"⌛ Building environment","timeElapsed":236,"timestamp":"2026-06-18T17:51:30.387Z"}
{"level":"info","message":"⌛ Building environment","timeElapsed":236,"timestamp":"2026-06-18T17:51:30.623Z"}
{"level":"info","message":"⌛ Building environment","timeElapsed":230,"timestamp":"2026-06-18T17:51:30.957Z"}
{"level":"info","message":"⌛ Building environment","timeElapsed":221,"timestamp":"2026-06-18T17:51:31.211Z"}
{"level":"info","message":"⌛ Validating niveles.wlk","timeElapsed":112,"timestamp":"2026-06-18T17:51:31.447Z"}
{"level":"info","message":"⌛ Building environment","timeElapsed":226,"timestamp":"2026-06-18T17:51:31.672Z"}
{"level":"info","message":"⌛ Validating niveles.wlk","timeElapsed":101,"timestamp":"2026-06-18T17:51:31.773Z"}
{"level":"info","message":"⌛ Building environment","timeElapsed":215,"timestamp":"2026-06-18T17:51:32.010Z"}
{"level":"info","message":"⌛ Building environment","timeElapsed":212,"timestamp":"2026-06-18T17:51:32.314Z"}
{"level":"info","message":"⌛ Building environment","timeElapsed":249,"timestamp":"2026-06-18T17:51:32.598Z"}
{"level":"info","message":"⌛ Building environment","timeElapsed":625,"timestamp":"2026-06-18T17:51:33.545Z"}
{"level":"info","message":"⌛ Validating niveles.wlk","timeElapsed":101,"timestamp":"2026-06-18T17:51:33.647Z"}
{"level":"info","message":"⌛ Building environment","timeElapsed":222,"timestamp":"2026-06-18T17:51:35.247Z"}
{"level":"error","message":"✘ Completions for node Send ([153:28, 153:37] - niveles.wlk) failed: Error: [Send]{783d48} at niveles.wlk:153 exhausted all cases without a match [Send]{783d48} at niveles.wlk:153 exhausted all cases without a match","stack":"Error: [Send]{783d48} at niveles.wlk:153 exhausted all cases without a match\n    at c:\\Users\\zagum\\.vscode\\extensions\\uqbar.wollok-lsp-ide-0.5.4\\out\\server\\src\\server.js:38:6142\n    at L2 (c:\\Users\\zagum\\.vscode\\extensions\\uqbar.wollok-lsp-ide-0.5.4\\out\\server\\src\\server.js:2389:42)\n    at Jh (c:\\Users\\zagum\\.vscode\\extensions\\uqbar.wollok-lsp-ide-0.5.4\\out\\server\\src\\server.js:2389:1092)\n    at M5n (c:\\Users\\zagum\\.vscode\\extensions\\uqbar.wollok-lsp-ide-0.5.4\\out\\server\\src\\server.js:2389:1248)\n    at c:\\Users\\zagum\\.vscode\\extensions\\uqbar.wollok-lsp-ide-0.5.4\\out\\server\\src\\server.js:38:6131\n    at L2 (c:\\Users\\zagum\\.vscode\\extensions\\uqbar.wollok-lsp-ide-0.5.4\\out\\server\\src\\server.js:2389:42)\n    at c:\\Users\\zagum\\.vscode\\extensions\\uqbar.wollok-lsp-ide-0.5.4\\out\\server\\src\\server.js:2389:2988\n    at c:\\Users\\zagum\\.vscode\\extensions\\uqbar.wollok-lsp-ide-0.5.4\\out\\server\\src\\server.js:2398:8440\n    at c:\\Users\\zagum\\.vscode\\extensions\\uqbar.wollok-lsp-ide-0.5.4\\out\\server\\src\\server.js:37:74872\n    at Ke (c:\\Users\\zagum\\.vscode\\extensions\\uqbar.wollok-lsp-ide-0.5.4\\out\\server\\src\\server.js:7:8527)","timestamp":"2026-06-18T17:51:35.278Z"}
{"level":"info","message":"⌛ Building environment","timeElapsed":242,"timestamp":"2026-06-18T17:51:35.539Z"}
{"level":"info","message":"⌛ Building environment","timeElapsed":237,"timestamp":"2026-06-18T17:51:35.874Z"}
{"level":"info","message":"⌛ Building environment","timeElapsed":227,"timestamp":"2026-06-18T17:51:36.101Z"}
{"level":"info","message":"⌛ Validating niveles.wlk","timeElapsed":101,"timestamp":"2026-06-18T17:51:36.202Z"}
{"level":"info","message":"⌛ Building environment","timeElapsed":222,"timestamp":"2026-06-18T17:51:36.532Z"}
{"level":"info","message":"⌛ Validating niveles.wlk","timeElapsed":107,"timestamp":"2026-06-18T17:51:36.639Z"}
{"level":"info","message":"⌛ Building environment","timeElapsed":221,"timestamp":"2026-06-18T17:51:36.878Z"}
{"level":"info","message":"⌛ Building environment","timeElapsed":223,"timestamp":"2026-06-18T17:51:37.225Z"}
{"level":"info","message":"⌛ Building environment","timeElapsed":224,"timestamp":"2026-06-18T17:51:37.454Z"}
{"level":"info","message":"⌛ Building environment","timeElapsed":224,"timestamp":"2026-06-18T17:51:37.772Z"}
{"level":"info","message":"⌛ Building environment","timeElapsed":236,"timestamp":"2026-06-18T17:51:38.009Z"}
{"level":"info","message":"⌛ Validating niveles.wlk","timeElapsed":105,"timestamp":"2026-06-18T17:51:38.114Z"}
{"level":"info","message":"⌛ Building environment","timeElapsed":287,"timestamp":"2026-06-18T17:51:38.400Z"}
{"level":"info","message":"⌛ Building environment","timeElapsed":224,"timestamp":"2026-06-18T17:51:38.631Z"}
{"level":"info","message":"⌛ Validating niveles.wlk","timeElapsed":110,"timestamp":"2026-06-18T17:51:38.741Z"}
{"level":"info","message":"⌛ Building environment","timeElapsed":227,"timestamp":"2026-06-18T17:51:38.985Z"}
{"level":"info","message":"⌛ Building environment","timeElapsed":231,"timestamp":"2026-06-18T17:51:39.330Z"}
{"level":"error","message":"✘ Completions for node Send ([153:28, 153:37] - niveles.wlk) failed: Error: [Send]{fd1411} at niveles.wlk:153 exhausted all cases without a match [Send]{fd1411} at niveles.wlk:153 exhausted all cases without a match","stack":"Error: [Send]{fd1411} at niveles.wlk:153 exhausted all cases without a match\n    at c:\\Users\\zagum\\.vscode\\extensions\\uqbar.wollok-lsp-ide-0.5.4\\out\\server\\src\\server.js:38:6142\n    at L2 (c:\\Users\\zagum\\.vscode\\extensions\\uqbar.wollok-lsp-ide-0.5.4\\out\\server\\src\\server.js:2389:42)\n    at Jh (c:\\Users\\zagum\\.vscode\\extensions\\uqbar.wollok-lsp-ide-0.5.4\\out\\server\\src\\server.js:2389:1092)\n    at M5n (c:\\Users\\zagum\\.vscode\\extensions\\uqbar.wollok-lsp-ide-0.5.4\\out\\server\\src\\server.js:2389:1248)\n    at c:\\Users\\zagum\\.vscode\\extensions\\uqbar.wollok-lsp-ide-0.5.4\\out\\server\\src\\server.js:38:6131\n    at L2 (c:\\Users\\zagum\\.vscode\\extensions\\uqbar.wollok-lsp-ide-0.5.4\\out\\server\\src\\server.js:2389:42)\n    at c:\\Users\\zagum\\.vscode\\extensions\\uqbar.wollok-lsp-ide-0.5.4\\out\\server\\src\\server.js:2389:2988\n    at c:\\Users\\zagum\\.vscode\\extensions\\uqbar.wollok-lsp-ide-0.5.4\\out\\server\\src\\server.js:2398:8440\n    at c:\\Users\\zagum\\.vscode\\extensions\\uqbar.wollok-lsp-ide-0.5.4\\out\\server\\src\\server.js:37:74872\n    at Ke (c:\\Users\\zagum\\.vscode\\extensions\\uqbar.wollok-lsp-ide-0.5.4\\out\\server\\src\\server.js:7:8527)","timestamp":"2026-06-18T17:51:39.364Z"}
{"level":"info","message":"⌛ Building environment","timeElapsed":304,"timestamp":"2026-06-18T17:51:39.882Z"}
{"level":"info","message":"⌛ Building environment","timeElapsed":226,"timestamp":"2026-06-18T17:51:40.113Z"}
{"level":"info","message":"⌛ Building environment","timeElapsed":224,"timestamp":"2026-06-18T17:51:40.436Z"}
{"level":"info","message":"⌛ Building environment","timeElapsed":245,"timestamp":"2026-06-18T17:51:40.809Z"}
{"level":"info","message":"⌛ Building environment","timeElapsed":225,"timestamp":"2026-06-18T17:51:41.034Z"}
{"level":"info","message":"⌛ Building environment","timeElapsed":253,"timestamp":"2026-06-18T17:51:41.287Z"}
{"level":"info","message":"⌛ Building environment","timeElapsed":253,"timestamp":"2026-06-18T17:51:41.545Z"}
{"level":"info","message":"⌛ Validating niveles.wlk","timeElapsed":106,"timestamp":"2026-06-18T17:51:41.652Z"}
{"level":"info","message":"⌛ Building environment","timeElapsed":218,"timestamp":"2026-06-18T17:51:41.988Z"}
{"level":"info","message":"⌛ Building environment","timeElapsed":221,"timestamp":"2026-06-18T17:51:42.216Z"}
{"level":"info","message":"⌛ Building environment","timeElapsed":243,"timestamp":"2026-06-18T17:51:42.462Z"}
{"level":"info","message":"⌛ Building environment","timeElapsed":214,"timestamp":"2026-06-18T17:51:42.985Z"}
{"level":"error","message":"✘ Completions for node NamedArgument ([153:35, 153:47] - niveles.wlk) failed: Error: [NamedArgument]{ae8b72} at niveles.wlk:153 exhausted all cases without a match [NamedArgument]{ae8b72} at niveles.wlk:153 exhausted all cases without a match","stack":"Error: [NamedArgument]{ae8b72} at niveles.wlk:153 exhausted all cases without a match\n    at c:\\Users\\zagum\\.vscode\\extensions\\uqbar.wollok-lsp-ide-0.5.4\\out\\server\\src\\server.js:38:6142\n    at L2 (c:\\Users\\zagum\\.vscode\\extensions\\uqbar.wollok-lsp-ide-0.5.4\\out\\server\\src\\server.js:2389:42)\n    at Jh (c:\\Users\\zagum\\.vscode\\extensions\\uqbar.wollok-lsp-ide-0.5.4\\out\\server\\src\\server.js:2389:1092)\n    at M5n (c:\\Users\\zagum\\.vscode\\extensions\\uqbar.wollok-lsp-ide-0.5.4\\out\\server\\src\\server.js:2389:1248)\n    at c:\\Users\\zagum\\.vscode\\extensions\\uqbar.wollok-lsp-ide-0.5.4\\out\\server\\src\\server.js:38:6131\n    at L2 (c:\\Users\\zagum\\.vscode\\extensions\\uqbar.wollok-lsp-ide-0.5.4\\out\\server\\src\\server.js:2389:42)\n    at c:\\Users\\zagum\\.vscode\\extensions\\uqbar.wollok-lsp-ide-0.5.4\\out\\server\\src\\server.js:2389:2988\n    at c:\\Users\\zagum\\.vscode\\extensions\\uqbar.wollok-lsp-ide-0.5.4\\out\\server\\src\\server.js:2398:8440\n    at c:\\Users\\zagum\\.vscode\\extensions\\uqbar.wollok-lsp-ide-0.5.4\\out\\server\\src\\server.js:37:74872\n    at Ke (c:\\Users\\zagum\\.vscode\\extensions\\uqbar.wollok-lsp-ide-0.5.4\\out\\server\\src\\server.js:7:8527)","timestamp":"2026-06-18T17:51:43.016Z"}
{"level":"info","message":"⌛ Building environment","timeElapsed":233,"timestamp":"2026-06-18T17:51:43.250Z"}
{"level":"info","message":"⌛ Building environment","timeElapsed":223,"timestamp":"2026-06-18T17:51:43.473Z"}
{"level":"info","message":"⌛ Building environment","timeElapsed":223,"timestamp":"2026-06-18T17:51:43.697Z"}
{"level":"info","message":"⌛ Validating niveles.wlk","timeElapsed":101,"timestamp":"2026-06-18T17:51:43.799Z"}
{"level":"info","message":"⌛ Building environment","timeElapsed":215,"timestamp":"2026-06-18T17:51:44.131Z"}
{"level":"info","message":"⌛ Building environment","timeElapsed":217,"timestamp":"2026-06-18T17:51:44.377Z"}
{"level":"info","message":"⌛ Building environment","timeElapsed":297,"timestamp":"2026-06-18T17:51:44.771Z"}
{"level":"info","message":"⌛ Building environment","timeElapsed":217,"timestamp":"2026-06-18T17:51:45.198Z"}
{"level":"info","message":"⌛ Building environment","timeElapsed":214,"timestamp":"2026-06-18T17:51:45.618Z"}
{"level":"info","message":"⌛ Building environment","timeElapsed":212,"timestamp":"2026-06-18T17:51:45.928Z"}
{"level":"info","message":"⌛ Building environment","timeElapsed":220,"timestamp":"2026-06-18T17:51:46.248Z"}
{"level":"info","message":"⌛ Building environment","timeElapsed":216,"timestamp":"2026-06-18T17:51:46.558Z"}
{"level":"info","message":"⌛ Validating niveles.wlk","timeElapsed":101,"timestamp":"2026-06-18T17:51:47.381Z"}
{"level":"info","message":"⌛ Building environment","timeElapsed":218,"timestamp":"2026-06-18T17:51:49.417Z"}
{"level":"info","message":"⌛ Validating niveles.wlk","timeElapsed":101,"timestamp":"2026-06-18T17:51:49.523Z"}
{"level":"info","message":"⌛ Building environment","timeElapsed":226,"timestamp":"2026-06-18T17:51:57.465Z"}
{"level":"info","message":"⌛ Building environment","timeElapsed":219,"timestamp":"2026-06-18T17:51:57.803Z"}
{"level":"info","message":"⌛ Building environment","timeElapsed":223,"timestamp":"2026-06-18T17:51:58.142Z"}
{"level":"info","message":"⌛ Building environment","timeElapsed":219,"timestamp":"2026-06-18T17:51:58.842Z"}
{"level":"info","message":"⌛ Building environment","timeElapsed":223,"timestamp":"2026-06-18T17:52:03.471Z"}
{"level":"info","message":"⌛ Building environment","timeElapsed":218,"timestamp":"2026-06-18T17:52:03.723Z"}
{"level":"info","message":"⌛ Building environment","timeElapsed":225,"timestamp":"2026-06-18T17:52:03.949Z"}
{"level":"info","message":"⌛ Building environment","timeElapsed":226,"timestamp":"2026-06-18T17:52:04.269Z"}
{"level":"info","message":"⌛ Validating niveles.wlk","timeElapsed":152,"timestamp":"2026-06-18T17:52:04.637Z"}
{"level":"info","message":"⌛ Building environment","timeElapsed":265,"timestamp":"2026-06-18T17:52:04.903Z"}
{"level":"info","message":"⌛ Building environment","timeElapsed":235,"timestamp":"2026-06-18T17:52:05.165Z"}
{"level":"info","message":"⌛ Building environment","timeElapsed":223,"timestamp":"2026-06-18T17:52:05.397Z"}
{"level":"info","message":"⌛ Building environment","timeElapsed":233,"timestamp":"2026-06-18T17:52:05.985Z"}
{"level":"info","message":"⌛ Building environment","timeElapsed":232,"timestamp":"2026-06-18T17:52:07.226Z"}
{"level":"error","message":"✘ Completions for node Send ([154:9, 154:26] - niveles.wlk) failed: Error: [Send]{d0eab9} at niveles.wlk:154 exhausted all cases without a match [Send]{d0eab9} at niveles.wlk:154 exhausted all cases without a match","stack":"Error: [Send]{d0eab9} at niveles.wlk:154 exhausted all cases without a match\n    at c:\\Users\\zagum\\.vscode\\extensions\\uqbar.wollok-lsp-ide-0.5.4\\out\\server\\src\\server.js:38:6142\n    at L2 (c:\\Users\\zagum\\.vscode\\extensions\\uqbar.wollok-lsp-ide-0.5.4\\out\\server\\src\\server.js:2389:42)\n    at Jh (c:\\Users\\zagum\\.vscode\\extensions\\uqbar.wollok-lsp-ide-0.5.4\\out\\server\\src\\server.js:2389:1092)\n    at M5n (c:\\Users\\zagum\\.vscode\\extensions\\uqbar.wollok-lsp-ide-0.5.4\\out\\server\\src\\server.js:2389:1248)\n    at c:\\Users\\zagum\\.vscode\\extensions\\uqbar.wollok-lsp-ide-0.5.4\\out\\server\\src\\server.js:38:6131\n    at L2 (c:\\Users\\zagum\\.vscode\\extensions\\uqbar.wollok-lsp-ide-0.5.4\\out\\server\\src\\server.js:2389:42)\n    at c:\\Users\\zagum\\.vscode\\extensions\\uqbar.wollok-lsp-ide-0.5.4\\out\\server\\src\\server.js:2389:2988\n    at c:\\Users\\zagum\\.vscode\\extensions\\uqbar.wollok-lsp-ide-0.5.4\\out\\server\\src\\server.js:2398:8440\n    at c:\\Users\\zagum\\.vscode\\extensions\\uqbar.wollok-lsp-ide-0.5.4\\out\\server\\src\\server.js:37:74872\n    at Ke (c:\\Users\\zagum\\.vscode\\extensions\\uqbar.wollok-lsp-ide-0.5.4\\out\\server\\src\\server.js:7:8527)","timestamp":"2026-06-18T17:52:07.259Z"}
{"level":"info","message":"⌛ Building environment","timeElapsed":234,"timestamp":"2026-06-18T17:52:07.496Z"}
{"level":"info","message":"⌛ Building environment","timeElapsed":252,"timestamp":"2026-06-18T17:52:07.771Z"}
{"level":"info","message":"⌛ Building environment","timeElapsed":217,"timestamp":"2026-06-18T17:52:08.085Z"}
{"level":"info","message":"⌛ Building environment","timeElapsed":217,"timestamp":"2026-06-18T17:52:08.302Z"}
{"level":"info","message":"⌛ Building environment","timeElapsed":219,"timestamp":"2026-06-18T17:52:08.522Z"}
{"level":"info","message":"⌛ Validating niveles.wlk","timeElapsed":102,"timestamp":"2026-06-18T17:52:08.629Z"}
{"level":"info","message":"⌛ Building environment","timeElapsed":214,"timestamp":"2026-06-18T17:52:09.077Z"}
{"level":"info","message":"⌛ Building environment","timeElapsed":213,"timestamp":"2026-06-18T17:52:09.598Z"}
{"level":"info","message":"⌛ Building environment","timeElapsed":224,"timestamp":"2026-06-18T17:52:11.029Z"}
{"level":"info","message":"⌛ Building environment","timeElapsed":216,"timestamp":"2026-06-18T17:52:11.283Z"}
{"level":"info","message":"⌛ Building environment","timeElapsed":216,"timestamp":"2026-06-18T17:52:11.596Z"}
{"level":"info","message":"⌛ Building environment","timeElapsed":325,"timestamp":"2026-06-18T17:52:11.921Z"}
{"level":"info","message":"⌛ Validating niveles.wlk","timeElapsed":102,"timestamp":"2026-06-18T17:52:12.028Z"}
{"level":"info","message":"⌛ Building environment","timeElapsed":224,"timestamp":"2026-06-18T17:52:12.683Z"}
{"level":"info","message":"⌛ Building environment","timeElapsed":221,"timestamp":"2026-06-18T17:52:13.535Z"}
{"level":"info","message":"⌛ Building environment","timeElapsed":222,"timestamp":"2026-06-18T17:52:13.954Z"}
{"level":"info","message":"⌛ Building environment","timeElapsed":229,"timestamp":"2026-06-18T17:52:14.184Z"}
{"level":"info","message":"⌛ Validating niveles.wlk","timeElapsed":105,"timestamp":"2026-06-18T17:52:14.290Z"}
{"level":"info","message":"⌛ Building environment","timeElapsed":222,"timestamp":"2026-06-18T17:52:14.512Z"}
{"level":"info","message":"⌛ Building environment","timeElapsed":233,"timestamp":"2026-06-18T17:52:14.749Z"}
{"level":"info","message":"⌛ Building environment","timeElapsed":213,"timestamp":"2026-06-18T17:52:15.171Z"}
{"level":"info","message":"⌛ Building environment","timeElapsed":219,"timestamp":"2026-06-18T17:52:15.797Z"}
{"level":"info","message":"⌛ Building environment","timeElapsed":231,"timestamp":"2026-06-18T17:52:16.064Z"}
{"level":"info","message":"⌛ Building environment","timeElapsed":220,"timestamp":"2026-06-18T17:52:16.285Z"}
{"level":"info","message":"⌛ Building environment","timeElapsed":226,"timestamp":"2026-06-18T17:52:16.605Z"}
{"level":"info","message":"⌛ Validating niveles.wlk","timeElapsed":102,"timestamp":"2026-06-18T17:52:16.707Z"}
{"level":"info","message":"⌛ Validating niveles.wlk","timeElapsed":101,"timestamp":"2026-06-18T17:52:16.872Z"}
{"level":"info","message":"⌛ Building environment","timeElapsed":262,"timestamp":"2026-06-18T17:52:17.135Z"}
{"level":"info","message":"⌛ Building environment","timeElapsed":237,"timestamp":"2026-06-18T17:52:17.625Z"}
{"level":"error","message":"✘ Completions for node Send ([155:8, 155:32] - niveles.wlk) failed: Error: [Send]{514d9a} at niveles.wlk:155 exhausted all cases without a match [Send]{514d9a} at niveles.wlk:155 exhausted all cases without a match","stack":"Error: [Send]{514d9a} at niveles.wlk:155 exhausted all cases without a match\n    at c:\\Users\\zagum\\.vscode\\extensions\\uqbar.wollok-lsp-ide-0.5.4\\out\\server\\src\\server.js:38:6142\n    at L2 (c:\\Users\\zagum\\.vscode\\extensions\\uqbar.wollok-lsp-ide-0.5.4\\out\\server\\src\\server.js:2389:42)\n    at Jh (c:\\Users\\zagum\\.vscode\\extensions\\uqbar.wollok-lsp-ide-0.5.4\\out\\server\\src\\server.js:2389:1092)\n    at M5n (c:\\Users\\zagum\\.vscode\\extensions\\uqbar.wollok-lsp-ide-0.5.4\\out\\server\\src\\server.js:2389:1248)\n    at c:\\Users\\zagum\\.vscode\\extensions\\uqbar.wollok-lsp-ide-0.5.4\\out\\server\\src\\server.js:38:6131\n    at L2 (c:\\Users\\zagum\\.vscode\\extensions\\uqbar.wollok-lsp-ide-0.5.4\\out\\server\\src\\server.js:2389:42)\n    at c:\\Users\\zagum\\.vscode\\extensions\\uqbar.wollok-lsp-ide-0.5.4\\out\\server\\src\\server.js:2389:2988\n    at c:\\Users\\zagum\\.vscode\\extensions\\uqbar.wollok-lsp-ide-0.5.4\\out\\server\\src\\server.js:2398:8440\n    at c:\\Users\\zagum\\.vscode\\extensions\\uqbar.wollok-lsp-ide-0.5.4\\out\\server\\src\\server.js:37:74872\n    at Ke (c:\\Users\\zagum\\.vscode\\extensions\\uqbar.wollok-lsp-ide-0.5.4\\out\\server\\src\\server.js:7:8527)","timestamp":"2026-06-18T17:52:17.661Z"}
{"level":"info","message":"⌛ Building environment","timeElapsed":224,"timestamp":"2026-06-18T17:52:17.908Z"}
{"level":"info","message":"⌛ Building environment","timeElapsed":239,"timestamp":"2026-06-18T17:52:18.656Z"}
{"level":"error","message":"✘ Completions for node Send ([155:8, 155:32] - niveles.wlk) failed: Error: [Send]{b0392b} at niveles.wlk:155 exhausted all cases without a match [Send]{b0392b} at niveles.wlk:155 exhausted all cases without a match","stack":"Error: [Send]{b0392b} at niveles.wlk:155 exhausted all cases without a match\n    at c:\\Users\\zagum\\.vscode\\extensions\\uqbar.wollok-lsp-ide-0.5.4\\out\\server\\src\\server.js:38:6142\n    at L2 (c:\\Users\\zagum\\.vscode\\extensions\\uqbar.wollok-lsp-ide-0.5.4\\out\\server\\src\\server.js:2389:42)\n    at Jh (c:\\Users\\zagum\\.vscode\\extensions\\uqbar.wollok-lsp-ide-0.5.4\\out\\server\\src\\server.js:2389:1092)\n    at M5n (c:\\Users\\zagum\\.vscode\\extensions\\uqbar.wollok-lsp-ide-0.5.4\\out\\server\\src\\server.js:2389:1248)\n    at c:\\Users\\zagum\\.vscode\\extensions\\uqbar.wollok-lsp-ide-0.5.4\\out\\server\\src\\server.js:38:6131\n    at L2 (c:\\Users\\zagum\\.vscode\\extensions\\uqbar.wollok-lsp-ide-0.5.4\\out\\server\\src\\server.js:2389:42)\n    at c:\\Users\\zagum\\.vscode\\extensions\\uqbar.wollok-lsp-ide-0.5.4\\out\\server\\src\\server.js:2389:2988\n    at c:\\Users\\zagum\\.vscode\\extensions\\uqbar.wollok-lsp-ide-0.5.4\\out\\server\\src\\server.js:2398:8440\n    at c:\\Users\\zagum\\.vscode\\extensions\\uqbar.wollok-lsp-ide-0.5.4\\out\\server\\src\\server.js:37:74872\n    at Ke (c:\\Users\\zagum\\.vscode\\extensions\\uqbar.wollok-lsp-ide-0.5.4\\out\\server\\src\\server.js:7:8527)","timestamp":"2026-06-18T17:52:18.684Z"}
{"level":"info","message":"⌛ Building environment","timeElapsed":235,"timestamp":"2026-06-18T17:52:18.923Z"}
{"level":"info","message":"⌛ Building environment","timeElapsed":231,"timestamp":"2026-06-18T17:52:19.159Z"}
{"level":"info","message":"⌛ Building environment","timeElapsed":213,"timestamp":"2026-06-18T17:52:19.466Z"}
{"level":"info","message":"⌛ Building environment","timeElapsed":216,"timestamp":"2026-06-18T17:52:19.682Z"}
{"level":"info","message":"⌛ Building environment","timeElapsed":231,"timestamp":"2026-06-18T17:52:19.918Z"}
{"level":"info","message":"⌛ Validating niveles.wlk","timeElapsed":103,"timestamp":"2026-06-18T17:52:20.236Z"}
{"level":"info","message":"⌛ Validating niveles.wlk","timeElapsed":101,"timestamp":"2026-06-18T17:52:20.349Z"}
{"level":"info","message":"⌛ Validating niveles.wlk","timeElapsed":101,"timestamp":"2026-06-18T17:52:20.464Z"}
{"level":"info","message":"⌛ Building environment","timeElapsed":270,"timestamp":"2026-06-18T17:52:22.522Z"}
{"level":"info","message":"⌛ Building environment","timeElapsed":212,"timestamp":"2026-06-18T17:52:22.931Z"}
{"level":"error","message":"✘ Completions for node Send ([155:8, 155:25] - niveles.wlk) failed: Error: [Send]{9e6f45} at niveles.wlk:155 exhausted all cases without a match [Send]{9e6f45} at niveles.wlk:155 exhausted all cases without a match","stack":"Error: [Send]{9e6f45} at niveles.wlk:155 exhausted all cases without a match\n    at c:\\Users\\zagum\\.vscode\\extensions\\uqbar.wollok-lsp-ide-0.5.4\\out\\server\\src\\server.js:38:6142\n    at L2 (c:\\Users\\zagum\\.vscode\\extensions\\uqbar.wollok-lsp-ide-0.5.4\\out\\server\\src\\server.js:2389:42)\n    at Jh (c:\\Users\\zagum\\.vscode\\extensions\\uqbar.wollok-lsp-ide-0.5.4\\out\\server\\src\\server.js:2389:1092)\n    at M5n (c:\\Users\\zagum\\.vscode\\extensions\\uqbar.wollok-lsp-ide-0.5.4\\out\\server\\src\\server.js:2389:1248)\n    at c:\\Users\\zagum\\.vscode\\extensions\\uqbar.wollok-lsp-ide-0.5.4\\out\\server\\src\\server.js:38:6131\n    at L2 (c:\\Users\\zagum\\.vscode\\extensions\\uqbar.wollok-lsp-ide-0.5.4\\out\\server\\src\\server.js:2389:42)\n    at c:\\Users\\zagum\\.vscode\\extensions\\uqbar.wollok-lsp-ide-0.5.4\\out\\server\\src\\server.js:2389:2988\n    at c:\\Users\\zagum\\.vscode\\extensions\\uqbar.wollok-lsp-ide-0.5.4\\out\\server\\src\\server.js:2398:8440\n    at c:\\Users\\zagum\\.vscode\\extensions\\uqbar.wollok-lsp-ide-0.5.4\\out\\server\\src\\server.js:37:74872\n    at Ke (c:\\Users\\zagum\\.vscode\\extensions\\uqbar.wollok-lsp-ide-0.5.4\\out\\server\\src\\server.js:7:8527)","timestamp":"2026-06-18T17:52:22.962Z"}
{"level":"error","message":"✘ Completions for node Send ([155:8, 155:37] - niveles.wlk) failed: Error: [Send]{eb259d} at niveles.wlk:155 exhausted all cases without a match [Send]{eb259d} at niveles.wlk:155 exhausted all cases without a match","stack":"Error: [Send]{eb259d} at niveles.wlk:155 exhausted all cases without a match\n    at c:\\Users\\zagum\\.vscode\\extensions\\uqbar.wollok-lsp-ide-0.5.4\\out\\server\\src\\server.js:38:6142\n    at L2 (c:\\Users\\zagum\\.vscode\\extensions\\uqbar.wollok-lsp-ide-0.5.4\\out\\server\\src\\server.js:2389:42)\n    at Jh (c:\\Users\\zagum\\.vscode\\extensions\\uqbar.wollok-lsp-ide-0.5.4\\out\\server\\src\\server.js:2389:1092)\n    at L2 (c:\\Users\\zagum\\.vscode\\extensions\\uqbar.wollok-lsp-ide-0.5.4\\out\\server\\src\\server.js:2389:544)\n    at Jh (c:\\Users\\zagum\\.vscode\\extensions\\uqbar.wollok-lsp-ide-0.5.4\\out\\server\\src\\server.js:2389:1092)\n    at M5n (c:\\Users\\zagum\\.vscode\\extensions\\uqbar.wollok-lsp-ide-0.5.4\\out\\server\\src\\server.js:2389:1248)\n    at c:\\Users\\zagum\\.vscode\\extensions\\uqbar.wollok-lsp-ide-0.5.4\\out\\server\\src\\server.js:38:6131\n    at L2 (c:\\Users\\zagum\\.vscode\\extensions\\uqbar.wollok-lsp-ide-0.5.4\\out\\server\\src\\server.js:2389:42)\n    at c:\\Users\\zagum\\.vscode\\extensions\\uqbar.wollok-lsp-ide-0.5.4\\out\\server\\src\\server.js:2389:2988\n    at c:\\Users\\zagum\\.vscode\\extensions\\uqbar.wollok-lsp-ide-0.5.4\\out\\server\\src\\server.js:2398:8440","timestamp":"2026-06-18T17:52:22.962Z"}
{"level":"info","message":"⌛ Building environment","timeElapsed":233,"timestamp":"2026-06-18T17:52:23.314Z"}
{"level":"info","message":"⌛ Building environment","timeElapsed":218,"timestamp":"2026-06-18T17:52:23.537Z"}
{"level":"info","message":"⌛ Building environment","timeElapsed":221,"timestamp":"2026-06-18T17:52:23.758Z"}
{"level":"info","message":"⌛ Building environment","timeElapsed":215,"timestamp":"2026-06-18T17:52:23.974Z"}
{"level":"info","message":"⌛ Building environment","timeElapsed":214,"timestamp":"2026-06-18T17:52:24.283Z"}
{"level":"info","message":"⌛ Building environment","timeElapsed":221,"timestamp":"2026-06-18T17:52:24.504Z"}
{"level":"info","message":"⌛ Building environment","timeElapsed":230,"timestamp":"2026-06-18T17:52:30.421Z"}
{"level":"info","message":"⌛ Building environment","timeElapsed":227,"timestamp":"2026-06-18T17:52:31.753Z"}
{"level":"info","message":"⌛ Building environment","timeElapsed":232,"timestamp":"2026-06-18T17:52:32.016Z"}
{"level":"info","message":"⌛ Building environment","timeElapsed":237,"timestamp":"2026-06-18T17:52:32.359Z"}
{"level":"info","message":"⌛ Building environment","timeElapsed":222,"timestamp":"2026-06-18T17:52:32.701Z"}
{"level":"info","message":"⌛ Building environment","timeElapsed":223,"timestamp":"2026-06-18T17:52:32.925Z"}
{"level":"info","message":"⌛ Validating niveles.wlk","timeElapsed":116,"timestamp":"2026-06-18T17:52:33.167Z"}
{"level":"info","message":"⌛ Validating niveles.wlk","timeElapsed":103,"timestamp":"2026-06-18T17:52:33.287Z"}
{"level":"info","message":"⌛ Building environment","timeElapsed":333,"timestamp":"2026-06-18T17:52:33.620Z"}
{"level":"info","message":"⌛ Building environment","timeElapsed":280,"timestamp":"2026-06-18T17:52:33.900Z"}
{"level":"info","message":"⌛ Building environment","timeElapsed":220,"timestamp":"2026-06-18T17:52:34.123Z"}
{"level":"info","message":"⌛ Building environment","timeElapsed":227,"timestamp":"2026-06-18T17:52:34.350Z"}
{"level":"info","message":"⌛ Building environment","timeElapsed":339,"timestamp":"2026-06-18T17:52:34.690Z"}
{"level":"info","message":"⌛ Validating niveles.wlk","timeElapsed":104,"timestamp":"2026-06-18T17:52:34.794Z"}
{"level":"info","message":"⌛ Building environment","timeElapsed":276,"timestamp":"2026-06-18T17:52:35.345Z"}
{"level":"info","message":"⌛ Validating niveles.wlk","timeElapsed":103,"timestamp":"2026-06-18T17:52:35.449Z"}
{"level":"info","message":"⌛ Building environment","timeElapsed":226,"timestamp":"2026-06-18T17:52:35.676Z"}
{"level":"info","message":"⌛ Building environment","timeElapsed":216,"timestamp":"2026-06-18T17:52:36.014Z"}
{"level":"error","message":"✘ Failed to rebuild document Failed to parse niveles.wlk: \n-- PARSING FAILED --------------------------------------------------\n\n  165 |         self.crearPared(x, y)\n  166 |         mapaObjetos.activables().add(laser)\n> 167 |     }\n      |     ^\n  168 | \n  169 |     method crearGato(x,y) {\n\nExpected one of the following: \n\n'@', 'class', 'const', 'describe', 'mixin', 'object', 'only', 'package', 'program', 'test', 'var', '{', EOF, comment, not \"}\r\n\r\n    \", whitespace\n","stack":"Error: Failed to parse niveles.wlk: \n-- PARSING FAILED --------------------------------------------------\n\n  165 |         self.crearPared(x, y)\n  166 |         mapaObjetos.activables().add(laser)\n> 167 |     }\n      |     ^\n  168 | \n  169 |     method crearGato(x,y) {\n\nExpected one of the following: \n\n'@', 'class', 'const', 'describe', 'mixin', 'object', 'only', 'package', 'program', 'test', 'var', '{', EOF, comment, not \"}\r\n\r\n    \", whitespace\n\n    at c:\\Users\\zagum\\.vscode\\extensions\\uqbar.wollok-lsp-ide-0.5.4\\out\\server\\src\\server.js:2353:13026\n    at Array.map (<anonymous>)\n    at U1n (c:\\Users\\zagum\\.vscode\\extensions\\uqbar.wollok-lsp-ide-0.5.4\\out\\server\\src\\server.js:2353:12950)\n    at H2.buildEnvironmentFrom (c:\\Users\\zagum\\.vscode\\extensions\\uqbar.wollok-lsp-ide-0.5.4\\out\\server\\src\\server.js:2398:5254)\n    at H2.updateEnvironmentWith (c:\\Users\\zagum\\.vscode\\extensions\\uqbar.wollok-lsp-ide-0.5.4\\out\\server\\src\\server.js:2398:4989)\n    at GF (c:\\Users\\zagum\\.vscode\\extensions\\uqbar.wollok-lsp-ide-0.5.4\\out\\server\\src\\server.js:2398:7383)\n    at V3.invoke (c:\\Users\\zagum\\.vscode\\extensions\\uqbar.wollok-lsp-ide-0.5.4\\out\\server\\src\\server.js:3:157328)\n    at o.fire (c:\\Users\\zagum\\.vscode\\extensions\\uqbar.wollok-lsp-ide-0.5.4\\out\\server\\src\\server.js:3:158098)\n    at c:\\Users\\zagum\\.vscode\\extensions\\uqbar.wollok-lsp-ide-0.5.4\\out\\server\\src\\server.js:37:57871\n    at nd (c:\\Users\\zagum\\.vscode\\extensions\\uqbar.wollok-lsp-ide-0.5.4\\out\\server\\src\\server.js:8:1561)","timestamp":"2026-06-18T18:15:08.691Z"}
{"level":"error","message":"✘ Failed to rebuild document Failed to parse niveles.wlk: \n-- PARSING FAILED --------------------------------------------------\n\n  165 |         self.crearPared(x, y)\n  166 |         mapaObjetos.activables().add(laser)\n> 167 |     }\n      |     ^\n  168 | \n  169 |     method crearGato(x,y) {\n\nExpected one of the following: \n\n'@', 'class', 'const', 'describe', 'mixin', 'object', 'only', 'package', 'program', 'test', 'var', '{', EOF, comment, not \"}\r\n\r\n    \", whitespace\n","stack":"Error: Failed to parse niveles.wlk: \n-- PARSING FAILED --------------------------------------------------\n\n  165 |         self.crearPared(x, y)\n  166 |         mapaObjetos.activables().add(laser)\n> 167 |     }\n      |     ^\n  168 | \n  169 |     method crearGato(x,y) {\n\nExpected one of the following: \n\n'@', 'class', 'const', 'describe', 'mixin', 'object', 'only', 'package', 'program', 'test', 'var', '{', EOF, comment, not \"}\r\n\r\n    \", whitespace\n\n    at c:\\Users\\zagum\\.vscode\\extensions\\uqbar.wollok-lsp-ide-0.5.4\\out\\server\\src\\server.js:2353:13026\n    at Array.map (<anonymous>)\n    at U1n (c:\\Users\\zagum\\.vscode\\extensions\\uqbar.wollok-lsp-ide-0.5.4\\out\\server\\src\\server.js:2353:12950)\n    at H2.buildEnvironmentFrom (c:\\Users\\zagum\\.vscode\\extensions\\uqbar.wollok-lsp-ide-0.5.4\\out\\server\\src\\server.js:2398:5254)\n    at H2.updateEnvironmentWith (c:\\Users\\zagum\\.vscode\\extensions\\uqbar.wollok-lsp-ide-0.5.4\\out\\server\\src\\server.js:2398:4989)\n    at GF (c:\\Users\\zagum\\.vscode\\extensions\\uqbar.wollok-lsp-ide-0.5.4\\out\\server\\src\\server.js:2398:7383)\n    at V3.invoke (c:\\Users\\zagum\\.vscode\\extensions\\uqbar.wollok-lsp-ide-0.5.4\\out\\server\\src\\server.js:3:157328)\n    at o.fire (c:\\Users\\zagum\\.vscode\\extensions\\uqbar.wollok-lsp-ide-0.5.4\\out\\server\\src\\server.js:3:158098)\n    at c:\\Users\\zagum\\.vscode\\extensions\\uqbar.wollok-lsp-ide-0.5.4\\out\\server\\src\\server.js:37:57871\n    at nd (c:\\Users\\zagum\\.vscode\\extensions\\uqbar.wollok-lsp-ide-0.5.4\\out\\server\\src\\server.js:8:1561)","timestamp":"2026-06-18T18:15:08.769Z"}
{"level":"info","message":"⌛ Building environment","timeElapsed":261,"timestamp":"2026-06-18T18:15:09.138Z"}
{"level":"error","message":"✘ Completions for node Parameter ([152:30, 152:31] - niveles.wlk) failed: Error: [Parameter]{5bf12c} at niveles.wlk:152 exhausted all cases without a match [Parameter]{5bf12c} at niveles.wlk:152 exhausted all cases without a match","stack":"Error: [Parameter]{5bf12c} at niveles.wlk:152 exhausted all cases without a match\n    at c:\\Users\\zagum\\.vscode\\extensions\\uqbar.wollok-lsp-ide-0.5.4\\out\\server\\src\\server.js:38:6142\n    at L2 (c:\\Users\\zagum\\.vscode\\extensions\\uqbar.wollok-lsp-ide-0.5.4\\out\\server\\src\\server.js:2389:42)\n    at c:\\Users\\zagum\\.vscode\\extensions\\uqbar.wollok-lsp-ide-0.5.4\\out\\server\\src\\server.js:2389:2988\n    at c:\\Users\\zagum\\.vscode\\extensions\\uqbar.wollok-lsp-ide-0.5.4\\out\\server\\src\\server.js:2398:8440\n    at c:\\Users\\zagum\\.vscode\\extensions\\uqbar.wollok-lsp-ide-0.5.4\\out\\server\\src\\server.js:37:74872\n    at Ke (c:\\Users\\zagum\\.vscode\\extensions\\uqbar.wollok-lsp-ide-0.5.4\\out\\server\\src\\server.js:7:8527)\n    at Lt (c:\\Users\\zagum\\.vscode\\extensions\\uqbar.wollok-lsp-ide-0.5.4\\out\\server\\src\\server.js:7:6189)\n    at ct (c:\\Users\\zagum\\.vscode\\extensions\\uqbar.wollok-lsp-ide-0.5.4\\out\\server\\src\\server.js:7:6378)\n    at Immediate._onImmediate (c:\\Users\\zagum\\.vscode\\extensions\\uqbar.wollok-lsp-ide-0.5.4\\out\\server\\src\\server.js:7:6142)\n    at process.processImmediate (node:internal/timers:504:21)","timestamp":"2026-06-18T18:15:09.222Z"}
{"level":"info","message":"⌛ Building environment","timeElapsed":269,"timestamp":"2026-06-18T18:15:09.495Z"}
{"level":"info","message":"⌛ Building environment","timeElapsed":250,"timestamp":"2026-06-18T18:15:09.746Z"}
{"level":"info","message":"⌛ Validating niveles.wlk","timeElapsed":141,"timestamp":"2026-06-18T18:15:09.888Z"}
{"level":"info","message":"⌛ Validating niveles.wlk","timeElapsed":109,"timestamp":"2026-06-18T18:15:10.018Z"}
{"level":"info","message":"⌛ Building environment","timeElapsed":235,"timestamp":"2026-06-18T18:15:12.511Z"}
{"level":"info","message":"⌛ Building environment","timeElapsed":238,"timestamp":"2026-06-18T18:15:12.750Z"}
{"level":"info","message":"⌛ Validating niveles.wlk","timeElapsed":120,"timestamp":"2026-06-18T18:15:12.876Z"}
{"level":"info","message":"⌛ Validating niveles.wlk","timeElapsed":105,"timestamp":"2026-06-18T18:15:13.001Z"}
{"level":"info","message":"⌛ Building environment","timeElapsed":235,"timestamp":"2026-06-18T18:15:13.237Z"}
{"level":"info","message":"⌛ Building environment","timeElapsed":214,"timestamp":"2026-06-18T18:15:13.487Z"}
{"level":"info","message":"⌛ Validating niveles.wlk","timeElapsed":102,"timestamp":"2026-06-18T18:15:13.589Z"}
{"level":"info","message":"⌛ Building environment","timeElapsed":241,"timestamp":"2026-06-18T18:15:13.954Z"}
{"level":"info","message":"⌛ Building environment","timeElapsed":224,"timestamp":"2026-06-18T18:15:14.202Z"}
{"level":"info","message":"⌛ Building environment","timeElapsed":253,"timestamp":"2026-06-18T18:15:15.231Z"}
{"level":"info","message":"⌛ Building environment","timeElapsed":246,"timestamp":"2026-06-18T18:15:15.522Z"}
{"level":"info","message":"⌛ Building environment","timeElapsed":240,"timestamp":"2026-06-18T18:15:15.767Z"}
{"level":"info","message":"⌛ Building environment","timeElapsed":227,"timestamp":"2026-06-18T18:15:16.092Z"}
{"level":"info","message":"⌛ Building environment","timeElapsed":233,"timestamp":"2026-06-18T18:15:16.357Z"}
{"level":"info","message":"⌛ Validating niveles.wlk","timeElapsed":103,"timestamp":"2026-06-18T18:15:16.460Z"}
{"level":"info","message":"⌛ Building environment","timeElapsed":257,"timestamp":"2026-06-18T18:15:16.717Z"}
{"level":"info","message":"⌛ Validating niveles.wlk","timeElapsed":102,"timestamp":"2026-06-18T18:15:16.819Z"}
{"level":"info","message":"⌛ Validating niveles.wlk","timeElapsed":126,"timestamp":"2026-06-18T18:15:16.966Z"}
{"level":"info","message":"⌛ Building environment","timeElapsed":239,"timestamp":"2026-06-18T18:15:17.207Z"}
{"level":"info","message":"⌛ Building environment","timeElapsed":238,"timestamp":"2026-06-18T18:15:17.446Z"}
{"level":"info","message":"⌛ Validating niveles.wlk","timeElapsed":105,"timestamp":"2026-06-18T18:15:17.551Z"}
{"level":"info","message":"⌛ Building environment","timeElapsed":213,"timestamp":"2026-06-18T18:15:17.767Z"}
{"level":"error","message":"✘ Completions for node NamedArgument ([153:61, 153:74] - niveles.wlk) failed: Error: [NamedArgument]{888d13} at niveles.wlk:153 exhausted all cases without a match [NamedArgument]{888d13} at niveles.wlk:153 exhausted all cases without a match","stack":"Error: [NamedArgument]{888d13} at niveles.wlk:153 exhausted all cases without a match\n    at c:\\Users\\zagum\\.vscode\\extensions\\uqbar.wollok-lsp-ide-0.5.4\\out\\server\\src\\server.js:38:6142\n    at L2 (c:\\Users\\zagum\\.vscode\\extensions\\uqbar.wollok-lsp-ide-0.5.4\\out\\server\\src\\server.js:2389:42)\n    at Jh (c:\\Users\\zagum\\.vscode\\extensions\\uqbar.wollok-lsp-ide-0.5.4\\out\\server\\src\\server.js:2389:1092)\n    at M5n (c:\\Users\\zagum\\.vscode\\extensions\\uqbar.wollok-lsp-ide-0.5.4\\out\\server\\src\\server.js:2389:1248)\n    at c:\\Users\\zagum\\.vscode\\extensions\\uqbar.wollok-lsp-ide-0.5.4\\out\\server\\src\\server.js:38:6131\n    at L2 (c:\\Users\\zagum\\.vscode\\extensions\\uqbar.wollok-lsp-ide-0.5.4\\out\\server\\src\\server.js:2389:42)\n    at c:\\Users\\zagum\\.vscode\\extensions\\uqbar.wollok-lsp-ide-0.5.4\\out\\server\\src\\server.js:2389:2988\n    at c:\\Users\\zagum\\.vscode\\extensions\\uqbar.wollok-lsp-ide-0.5.4\\out\\server\\src\\server.js:2398:8440\n    at c:\\Users\\zagum\\.vscode\\extensions\\uqbar.wollok-lsp-ide-0.5.4\\out\\server\\src\\server.js:37:74872\n    at Ke (c:\\Users\\zagum\\.vscode\\extensions\\uqbar.wollok-lsp-ide-0.5.4\\out\\server\\src\\server.js:7:8527)","timestamp":"2026-06-18T18:15:17.800Z"}
{"level":"info","message":"⌛ Building environment","timeElapsed":232,"timestamp":"2026-06-18T18:15:18.126Z"}
{"level":"info","message":"⌛ Building environment","timeElapsed":291,"timestamp":"2026-06-18T18:15:18.417Z"}
{"level":"info","message":"⌛ Validating niveles.wlk","timeElapsed":116,"timestamp":"2026-06-18T18:15:18.538Z"}
{"level":"info","message":"⌛ Validating niveles.wlk","timeElapsed":112,"timestamp":"2026-06-18T18:15:18.681Z"}
{"level":"info","message":"⌛ Validating niveles.wlk","timeElapsed":110,"timestamp":"2026-06-18T18:15:18.791Z"}
{"level":"info","message":"⌛ Validating niveles.wlk","timeElapsed":117,"timestamp":"2026-06-18T18:15:18.921Z"}
{"level":"info","message":"⌛ Building environment","timeElapsed":233,"timestamp":"2026-06-18T18:15:23.245Z"}
{"level":"info","message":"⌛ Building environment","timeElapsed":226,"timestamp":"2026-06-18T18:15:23.492Z"}
{"level":"info","message":"⌛ Validating niveles.wlk","timeElapsed":115,"timestamp":"2026-06-18T18:15:23.731Z"}
{"level":"info","message":"⌛ Building environment","timeElapsed":231,"timestamp":"2026-06-18T18:15:23.961Z"}
{"level":"info","message":"⌛ Building environment","timeElapsed":223,"timestamp":"2026-06-18T18:15:26.055Z"}
{"level":"info","message":"⌛ Building environment","timeElapsed":222,"timestamp":"2026-06-18T18:15:26.282Z"}
{"level":"info","message":"⌛ Building environment","timeElapsed":287,"timestamp":"2026-06-18T18:15:26.783Z"}
{"level":"info","message":"⌛ Building environment","timeElapsed":226,"timestamp":"2026-06-18T18:15:32.849Z"}
{"level":"info","message":"⌛ Building environment","timeElapsed":228,"timestamp":"2026-06-18T18:15:33.077Z"}
{"level":"info","message":"⌛ Validating niveles.wlk","timeElapsed":124,"timestamp":"2026-06-18T18:15:33.201Z"}
{"level":"info","message":"⌛ Building environment","timeElapsed":234,"timestamp":"2026-06-18T18:15:33.729Z"}
{"level":"info","message":"⌛ Building environment","timeElapsed":233,"timestamp":"2026-06-18T18:15:33.963Z"}
{"level":"info","message":"⌛ Building environment","timeElapsed":234,"timestamp":"2026-06-18T18:15:34.296Z"}
{"level":"info","message":"⌛ Validating niveles.wlk","timeElapsed":104,"timestamp":"2026-06-18T18:15:34.405Z"}
{"level":"info","message":"⌛ Building environment","timeElapsed":225,"timestamp":"2026-06-18T18:15:34.631Z"}
{"level":"info","message":"⌛ Validating niveles.wlk","timeElapsed":101,"timestamp":"2026-06-18T18:15:34.732Z"}
{"level":"info","message":"⌛ Validating niveles.wlk","timeElapsed":106,"timestamp":"2026-06-18T18:15:34.904Z"}
{"level":"info","message":"⌛ Building environment","timeElapsed":261,"timestamp":"2026-06-18T18:15:45.429Z"}
{"level":"info","message":"⌛ Building environment","timeElapsed":240,"timestamp":"2026-06-18T18:15:45.668Z"}
{"level":"info","message":"⌛ Building environment","timeElapsed":238,"timestamp":"2026-06-18T18:15:46.390Z"}
{"level":"info","message":"⌛ Building environment","timeElapsed":243,"timestamp":"2026-06-18T18:15:46.634Z"}
{"level":"info","message":"⌛ Validating niveles.wlk","timeElapsed":105,"timestamp":"2026-06-18T18:15:46.740Z"}
{"level":"info","message":"⌛ Building environment","timeElapsed":220,"timestamp":"2026-06-18T18:15:47.066Z"}
{"level":"info","message":"⌛ Building environment","timeElapsed":222,"timestamp":"2026-06-18T18:15:47.288Z"}
{"level":"info","message":"⌛ Building environment","timeElapsed":249,"timestamp":"2026-06-18T18:15:50.530Z"}
{"level":"info","message":"⌛ Building environment","timeElapsed":233,"timestamp":"2026-06-18T18:15:50.762Z"}
{"level":"info","message":"⌛ Validating niveles.wlk","timeElapsed":106,"timestamp":"2026-06-18T18:15:50.868Z"}
{"level":"info","message":"⌛ Building environment","timeElapsed":238,"timestamp":"2026-06-18T18:15:51.128Z"}
{"level":"info","message":"⌛ Building environment","timeElapsed":228,"timestamp":"2026-06-18T18:15:51.457Z"}
{"level":"info","message":"⌛ Building environment","timeElapsed":225,"timestamp":"2026-06-18T18:15:51.683Z"}
{"level":"info","message":"⌛ Building environment","timeElapsed":213,"timestamp":"2026-06-18T18:15:51.901Z"}
{"level":"info","message":"⌛ Building environment","timeElapsed":219,"timestamp":"2026-06-18T18:15:53.010Z"}
{"level":"info","message":"⌛ Building environment","timeElapsed":233,"timestamp":"2026-06-18T18:15:53.242Z"}
{"level":"info","message":"⌛ Building environment","timeElapsed":229,"timestamp":"2026-06-18T18:15:53.575Z"}
{"level":"info","message":"⌛ Building environment","timeElapsed":285,"timestamp":"2026-06-18T18:15:53.959Z"}
{"level":"info","message":"⌛ Building environment","timeElapsed":264,"timestamp":"2026-06-18T18:15:54.223Z"}
{"level":"info","message":"⌛ Building environment","timeElapsed":230,"timestamp":"2026-06-18T18:15:54.547Z"}
{"level":"info","message":"⌛ Validating niveles.wlk","timeElapsed":108,"timestamp":"2026-06-18T18:15:54.661Z"}
{"level":"info","message":"⌛ Building environment","timeElapsed":217,"timestamp":"2026-06-18T18:15:54.894Z"}
{"level":"info","message":"⌛ Validating niveles.wlk","timeElapsed":109,"timestamp":"2026-06-18T18:15:55.003Z"}
{"level":"info","message":"⌛ Building environment","timeElapsed":238,"timestamp":"2026-06-18T18:15:55.241Z"}
{"level":"info","message":"⌛ Building environment","timeElapsed":234,"timestamp":"2026-06-18T18:15:55.593Z"}
{"level":"info","message":"⌛ Building environment","timeElapsed":244,"timestamp":"2026-06-18T18:15:55.838Z"}
{"level":"info","message":"⌛ Building environment","timeElapsed":257,"timestamp":"2026-06-18T18:15:56.194Z"}
{"level":"info","message":"⌛ Building environment","timeElapsed":242,"timestamp":"2026-06-18T18:15:56.437Z"}
{"level":"info","message":"⌛ Validating niveles.wlk","timeElapsed":102,"timestamp":"2026-06-18T18:15:56.645Z"}
{"level":"info","message":"⌛ Validating niveles.wlk","timeElapsed":103,"timestamp":"2026-06-18T18:15:56.764Z"}
{"level":"info","message":"⌛ Validating niveles.wlk","timeElapsed":103,"timestamp":"2026-06-18T18:15:56.867Z"}
{"level":"info","message":"⌛ Validating niveles.wlk","timeElapsed":104,"timestamp":"2026-06-18T18:15:56.984Z"}
{"level":"info","message":"⌛ Building environment","timeElapsed":139,"timestamp":"2026-06-18T18:16:01.877Z"}
{"level":"info","message":"⌛ Building environment","timeElapsed":140,"timestamp":"2026-06-18T18:16:02.018Z"}
{"level":"info","message":"⌛ Validating objetos.wlk","timeElapsed":139,"timestamp":"2026-06-18T18:16:02.158Z"}
{"level":"info","message":"⌛ Building environment","timeElapsed":169,"timestamp":"2026-06-18T18:16:02.947Z"}
{"level":"info","message":"⌛ Building environment","timeElapsed":133,"timestamp":"2026-06-18T18:16:03.113Z"}
{"level":"info","message":"⌛ Validating objetos.wlk","timeElapsed":104,"timestamp":"2026-06-18T18:16:03.217Z"}
{"level":"info","message":"⌛ Building environment","timeElapsed":145,"timestamp":"2026-06-18T18:16:03.362Z"}
{"level":"info","message":"⌛ Validating objetos.wlk","timeElapsed":101,"timestamp":"2026-06-18T18:16:03.468Z"}
{"level":"info","message":"⌛ Validating objetos.wlk","timeElapsed":108,"timestamp":"2026-06-18T18:16:03.582Z"}
{"level":"info","message":"⌛ Building environment","timeElapsed":150,"timestamp":"2026-06-18T18:16:03.733Z"}
{"level":"info","message":"⌛ Building environment","timeElapsed":139,"timestamp":"2026-06-18T18:16:03.872Z"}
{"level":"info","message":"⌛ Building environment","timeElapsed":148,"timestamp":"2026-06-18T18:16:04.026Z"}
{"level":"info","message":"⌛ Validating objetos.wlk","timeElapsed":101,"timestamp":"2026-06-18T18:16:04.161Z"}
{"level":"info","message":"⌛ Building environment","timeElapsed":132,"timestamp":"2026-06-18T18:16:04.294Z"}
{"level":"info","message":"⌛ Building environment","timeElapsed":134,"timestamp":"2026-06-18T18:16:04.429Z"}
{"level":"info","message":"⌛ Validating objetos.wlk","timeElapsed":105,"timestamp":"2026-06-18T18:16:04.538Z"}
{"level":"info","message":"⌛ Validating objetos.wlk","timeElapsed":110,"timestamp":"2026-06-18T18:16:04.649Z"}
{"level":"info","message":"⌛ Building environment","timeElapsed":161,"timestamp":"2026-06-18T18:16:04.831Z"}
{"level":"info","message":"⌛ Building environment","timeElapsed":181,"timestamp":"2026-06-18T18:16:05.013Z"}
{"level":"info","message":"⌛ Building environment","timeElapsed":138,"timestamp":"2026-06-18T18:16:05.253Z"}
{"level":"info","message":"⌛ Building environment","timeElapsed":139,"timestamp":"2026-06-18T18:16:05.510Z"}
{"level":"info","message":"⌛ Building environment","timeElapsed":142,"timestamp":"2026-06-18T18:16:05.652Z"}
{"level":"info","message":"⌛ Building environment","timeElapsed":140,"timestamp":"2026-06-18T18:16:05.793Z"}
{"level":"info","message":"⌛ Building environment","timeElapsed":134,"timestamp":"2026-06-18T18:16:06.033Z"}
{"level":"info","message":"⌛ Validating objetos.wlk","timeElapsed":101,"timestamp":"2026-06-18T18:16:06.135Z"}
{"level":"info","message":"⌛ Building environment","timeElapsed":136,"timestamp":"2026-06-18T18:16:06.274Z"}
{"level":"info","message":"⌛ Building environment","timeElapsed":138,"timestamp":"2026-06-18T18:16:06.619Z"}
{"level":"info","message":"⌛ Validating objetos.wlk","timeElapsed":103,"timestamp":"2026-06-18T18:16:06.748Z"}
{"level":"info","message":"⌛ Building environment","timeElapsed":146,"timestamp":"2026-06-18T18:16:06.895Z"}
{"level":"info","message":"⌛ Validating objetos.wlk","timeElapsed":109,"timestamp":"2026-06-18T18:16:07.005Z"}
{"level":"info","message":"⌛ Building environment","timeElapsed":145,"timestamp":"2026-06-18T18:16:07.150Z"}
{"level":"info","message":"⌛ Validating objetos.wlk","timeElapsed":101,"timestamp":"2026-06-18T18:16:07.252Z"}
{"level":"info","message":"⌛ Building environment","timeElapsed":217,"timestamp":"2026-06-18T18:16:07.469Z"}
{"level":"info","message":"⌛ Building environment","timeElapsed":134,"timestamp":"2026-06-18T18:16:07.608Z"}
{"level":"info","message":"⌛ Building environment","timeElapsed":139,"timestamp":"2026-06-18T18:16:07.842Z"}
{"level":"info","message":"⌛ Building environment","timeElapsed":142,"timestamp":"2026-06-18T18:16:08.082Z"}
{"level":"info","message":"⌛ Building environment","timeElapsed":198,"timestamp":"2026-06-18T18:16:08.280Z"}
{"level":"info","message":"⌛ Building environment","timeElapsed":202,"timestamp":"2026-06-18T18:16:08.514Z"}
{"level":"info","message":"⌛ Building environment","timeElapsed":131,"timestamp":"2026-06-18T18:16:08.749Z"}
{"level":"info","message":"⌛ Building environment","timeElapsed":131,"timestamp":"2026-06-18T18:16:08.880Z"}
{"level":"info","message":"⌛ Building environment","timeElapsed":154,"timestamp":"2026-06-18T18:16:09.136Z"}
{"level":"info","message":"⌛ Building environment","timeElapsed":145,"timestamp":"2026-06-18T18:16:09.282Z"}
{"level":"info","message":"⌛ Building environment","timeElapsed":130,"timestamp":"2026-06-18T18:16:09.417Z"}
{"level":"info","message":"⌛ Building environment","timeElapsed":131,"timestamp":"2026-06-18T18:16:09.643Z"}
{"level":"info","message":"⌛ Validating objetos.wlk","timeElapsed":106,"timestamp":"2026-06-18T18:16:09.926Z"}
{"level":"info","message":"⌛ Validating objetos.wlk","timeElapsed":103,"timestamp":"2026-06-18T18:16:10.031Z"}
{"level":"info","message":"⌛ Validating objetos.wlk","timeElapsed":108,"timestamp":"2026-06-18T18:16:10.155Z"}
{"level":"info","message":"⌛ Validating objetos.wlk","timeElapsed":103,"timestamp":"2026-06-18T18:16:10.355Z"}
{"level":"info","message":"⌛ Building environment","timeElapsed":189,"timestamp":"2026-06-18T18:20:06.369Z"}
{"level":"info","message":"⌛ Validating objetos.wlk","timeElapsed":141,"timestamp":"2026-06-18T18:20:06.512Z"}
{"level":"info","message":"⌛ Building environment","timeElapsed":158,"timestamp":"2026-06-18T18:20:13.696Z"}
{"level":"info","message":"⌛ Building environment","timeElapsed":193,"timestamp":"2026-06-18T18:20:13.892Z"}
{"level":"info","message":"⌛ Validating objetos.wlk","timeElapsed":101,"timestamp":"2026-06-18T18:20:14.020Z"}
{"level":"info","message":"⌛ Building environment","timeElapsed":134,"timestamp":"2026-06-18T18:20:14.154Z"}
{"level":"info","message":"⌛ Building environment","timeElapsed":162,"timestamp":"2026-06-18T18:20:14.317Z"}
{"level":"info","message":"⌛ Building environment","timeElapsed":145,"timestamp":"2026-06-18T18:20:14.557Z"}
{"level":"info","message":"⌛ Building environment","timeElapsed":141,"timestamp":"2026-06-18T18:20:14.698Z"}
{"level":"info","message":"⌛ Validating objetos.wlk","timeElapsed":147,"timestamp":"2026-06-18T18:20:14.846Z"}
{"level":"info","message":"⌛ Building environment","timeElapsed":163,"timestamp":"2026-06-18T18:20:18.616Z"}
{"level":"info","message":"⌛ Building environment","timeElapsed":141,"timestamp":"2026-06-18T18:20:18.757Z"}
{"level":"info","message":"⌛ Building environment","timeElapsed":144,"timestamp":"2026-06-18T18:20:19.022Z"}
{"level":"info","message":"⌛ Building environment","timeElapsed":130,"timestamp":"2026-06-18T18:20:19.251Z"}
{"level":"info","message":"⌛ Building environment","timeElapsed":124,"timestamp":"2026-06-18T18:20:19.380Z"}
{"level":"info","message":"⌛ Building environment","timeElapsed":181,"timestamp":"2026-06-18T18:20:19.562Z"}
{"level":"info","message":"⌛ Building environment","timeElapsed":135,"timestamp":"2026-06-18T18:20:20.328Z"}
{"level":"info","message":"⌛ Building environment","timeElapsed":145,"timestamp":"2026-06-18T18:20:21.242Z"}
{"level":"info","message":"⌛ Validating objetos.wlk","timeElapsed":103,"timestamp":"2026-06-18T18:20:21.347Z"}
{"level":"info","message":"⌛ Building environment","timeElapsed":130,"timestamp":"2026-06-18T18:20:21.479Z"}
{"level":"info","message":"⌛ Building environment","timeElapsed":132,"timestamp":"2026-06-18T18:20:21.611Z"}
{"level":"info","message":"⌛ Building environment","timeElapsed":147,"timestamp":"2026-06-18T18:20:22.464Z"}
{"level":"info","message":"⌛ Validating objetos.wlk","timeElapsed":105,"timestamp":"2026-06-18T18:20:22.602Z"}
{"level":"info","message":"⌛ Building environment","timeElapsed":143,"timestamp":"2026-06-18T18:20:22.759Z"}
{"level":"info","message":"⌛ Validating objetos.wlk","timeElapsed":104,"timestamp":"2026-06-18T18:20:22.865Z"}
{"level":"info","message":"⌛ Building environment","timeElapsed":149,"timestamp":"2026-06-18T18:20:23.116Z"}
{"level":"info","message":"⌛ Building environment","timeElapsed":136,"timestamp":"2026-06-18T18:20:23.258Z"}
{"level":"info","message":"⌛ Validating objetos.wlk","timeElapsed":105,"timestamp":"2026-06-18T18:20:23.464Z"}
{"level":"info","message":"⌛ Building environment","timeElapsed":190,"timestamp":"2026-06-18T18:26:06.690Z"}
{"level":"info","message":"⌛ Building environment","timeElapsed":218,"timestamp":"2026-06-18T18:26:06.909Z"}
{"level":"info","message":"⌛ Validating objetos.wlk","timeElapsed":127,"timestamp":"2026-06-18T18:26:07.036Z"}
{"level":"info","message":"⌛ Validating objetos.wlk","timeElapsed":122,"timestamp":"2026-06-18T18:26:07.158Z"}
{"level":"info","message":"⌛ Building environment","timeElapsed":181,"timestamp":"2026-06-18T18:26:07.732Z"}
{"level":"info","message":"⌛ Building environment","timeElapsed":170,"timestamp":"2026-06-18T18:26:07.935Z"}
{"level":"info","message":"⌛ Validating objetos.wlk","timeElapsed":107,"timestamp":"2026-06-18T18:26:08.049Z"}
{"level":"info","message":"⌛ Building environment","timeElapsed":141,"timestamp":"2026-06-18T18:26:08.190Z"}
{"level":"info","message":"⌛ Building environment","timeElapsed":143,"timestamp":"2026-06-18T18:26:08.334Z"}
{"level":"info","message":"⌛ Validating objetos.wlk","timeElapsed":110,"timestamp":"2026-06-18T18:26:08.445Z"}
{"level":"info","message":"⌛ Building environment","timeElapsed":146,"timestamp":"2026-06-18T18:26:08.806Z"}
{"level":"info","message":"⌛ Building environment","timeElapsed":149,"timestamp":"2026-06-18T18:26:09.337Z"}
{"level":"info","message":"⌛ Building environment","timeElapsed":143,"timestamp":"2026-06-18T18:26:09.625Z"}
{"level":"info","message":"⌛ Building environment","timeElapsed":145,"timestamp":"2026-06-18T18:26:09.771Z"}
{"level":"info","message":"⌛ Building environment","timeElapsed":135,"timestamp":"2026-06-18T18:26:10.002Z"}
{"level":"info","message":"⌛ Building environment","timeElapsed":134,"timestamp":"2026-06-18T18:26:10.167Z"}
{"level":"info","message":"⌛ Building environment","timeElapsed":137,"timestamp":"2026-06-18T18:26:10.960Z"}
{"level":"info","message":"⌛ Building environment","timeElapsed":161,"timestamp":"2026-06-18T18:26:18.452Z"}
{"level":"info","message":"⌛ Validating objetos.wlk","timeElapsed":102,"timestamp":"2026-06-18T18:26:18.555Z"}
{"level":"info","message":"⌛ Building environment","timeElapsed":138,"timestamp":"2026-06-18T18:26:18.693Z"}
{"level":"info","message":"⌛ Building environment","timeElapsed":191,"timestamp":"2026-06-18T18:26:18.916Z"}
{"level":"info","message":"⌛ Building environment","timeElapsed":141,"timestamp":"2026-06-18T18:26:19.057Z"}
{"level":"info","message":"⌛ Building environment","timeElapsed":139,"timestamp":"2026-06-18T18:26:19.501Z"}
{"level":"info","message":"⌛ Building environment","timeElapsed":130,"timestamp":"2026-06-18T18:26:20.608Z"}
{"level":"info","message":"⌛ Validating objetos.wlk","timeElapsed":101,"timestamp":"2026-06-18T18:26:20.711Z"}
{"level":"info","message":"⌛ Building environment","timeElapsed":143,"timestamp":"2026-06-18T18:26:20.855Z"}
{"level":"info","message":"⌛ Building environment","timeElapsed":136,"timestamp":"2026-06-18T18:26:20.991Z"}
{"level":"info","message":"⌛ Building environment","timeElapsed":135,"timestamp":"2026-06-18T18:26:21.341Z"}
{"level":"info","message":"⌛ Building environment","timeElapsed":133,"timestamp":"2026-06-18T18:26:21.478Z"}
{"level":"info","message":"⌛ Validating objetos.wlk","timeElapsed":101,"timestamp":"2026-06-18T18:26:21.583Z"}
{"level":"info","message":"⌛ Validating objetos.wlk","timeElapsed":111,"timestamp":"2026-06-18T18:26:21.695Z"}
{"level":"info","message":"⌛ Building environment","timeElapsed":139,"timestamp":"2026-06-18T18:26:21.834Z"}
{"level":"info","message":"⌛ Building environment","timeElapsed":130,"timestamp":"2026-06-18T18:26:22.749Z"}
{"level":"info","message":"⌛ Building environment","timeElapsed":135,"timestamp":"2026-06-18T18:26:25.156Z"}
{"level":"info","message":"⌛ Building environment","timeElapsed":146,"timestamp":"2026-06-18T18:26:25.333Z"}
{"level":"info","message":"⌛ Building environment","timeElapsed":136,"timestamp":"2026-06-18T18:26:25.574Z"}
{"level":"info","message":"⌛ Building environment","timeElapsed":376,"timestamp":"2026-06-18T18:26:26.049Z"}
{"level":"info","message":"⌛ Building environment","timeElapsed":136,"timestamp":"2026-06-18T18:26:26.191Z"}
{"level":"info","message":"⌛ Building environment","timeElapsed":143,"timestamp":"2026-06-18T18:26:26.335Z"}
{"level":"info","message":"⌛ Validating objetos.wlk","timeElapsed":127,"timestamp":"2026-06-18T18:26:26.463Z"}
{"level":"info","message":"⌛ Building environment","timeElapsed":147,"timestamp":"2026-06-18T18:26:26.611Z"}
{"level":"info","message":"⌛ Building environment","timeElapsed":152,"timestamp":"2026-06-18T18:26:26.768Z"}
{"level":"info","message":"⌛ Building environment","timeElapsed":144,"timestamp":"2026-06-18T18:26:26.912Z"}
{"level":"info","message":"⌛ Validating objetos.wlk","timeElapsed":115,"timestamp":"2026-06-18T18:26:27.055Z"}
{"level":"info","message":"⌛ Building environment","timeElapsed":136,"timestamp":"2026-06-18T18:26:27.191Z"}
{"level":"info","message":"⌛ Building environment","timeElapsed":143,"timestamp":"2026-06-18T18:26:27.341Z"}
{"level":"info","message":"⌛ Validating objetos.wlk","timeElapsed":118,"timestamp":"2026-06-18T18:26:27.460Z"}
{"level":"info","message":"⌛ Validating objetos.wlk","timeElapsed":102,"timestamp":"2026-06-18T18:26:27.561Z"}
{"level":"info","message":"⌛ Building environment","timeElapsed":240,"timestamp":"2026-06-18T18:26:27.822Z"}
{"level":"info","message":"⌛ Building environment","timeElapsed":129,"timestamp":"2026-06-18T18:26:28.053Z"}
{"level":"info","message":"⌛ Building environment","timeElapsed":130,"timestamp":"2026-06-18T18:26:28.280Z"}
{"level":"info","message":"⌛ Building environment","timeElapsed":129,"timestamp":"2026-06-18T18:26:28.509Z"}
{"level":"info","message":"⌛ Building environment","timeElapsed":135,"timestamp":"2026-06-18T18:26:28.672Z"}
{"level":"info","message":"⌛ Validating objetos.wlk","timeElapsed":112,"timestamp":"2026-06-18T18:26:28.785Z"}
{"level":"info","message":"⌛ Building environment","timeElapsed":134,"timestamp":"2026-06-18T18:26:28.918Z"}
{"level":"info","message":"⌛ Building environment","timeElapsed":140,"timestamp":"2026-06-18T18:26:29.155Z"}
{"level":"info","message":"⌛ Building environment","timeElapsed":135,"timestamp":"2026-06-18T18:26:29.291Z"}
{"level":"info","message":"⌛ Validating objetos.wlk","timeElapsed":106,"timestamp":"2026-06-18T18:26:29.912Z"}
{"level":"info","message":"⌛ Building environment","timeElapsed":134,"timestamp":"2026-06-18T18:26:31.175Z"}
{"level":"info","message":"⌛ Building environment","timeElapsed":133,"timestamp":"2026-06-18T18:26:31.445Z"}
{"level":"info","message":"⌛ Building environment","timeElapsed":145,"timestamp":"2026-06-18T18:26:31.591Z"}
{"level":"info","message":"⌛ Building environment","timeElapsed":137,"timestamp":"2026-06-18T18:26:31.824Z"}
{"level":"info","message":"⌛ Building environment","timeElapsed":138,"timestamp":"2026-06-18T18:26:31.963Z"}
{"level":"info","message":"⌛ Validating objetos.wlk","timeElapsed":101,"timestamp":"2026-06-18T18:26:32.064Z"}
{"level":"info","message":"⌛ Validating objetos.wlk","timeElapsed":101,"timestamp":"2026-06-18T18:26:32.166Z"}
{"level":"info","message":"⌛ Building environment","timeElapsed":139,"timestamp":"2026-06-18T18:26:32.332Z"}
{"level":"info","message":"⌛ Building environment","timeElapsed":136,"timestamp":"2026-06-18T18:26:32.564Z"}
{"level":"info","message":"⌛ Building environment","timeElapsed":288,"timestamp":"2026-06-18T18:26:33.057Z"}
{"level":"info","message":"⌛ Building environment","timeElapsed":155,"timestamp":"2026-06-18T18:26:33.213Z"}
{"level":"info","message":"⌛ Building environment","timeElapsed":181,"timestamp":"2026-06-18T18:26:33.395Z"}
{"level":"error","message":"✘ Completions for node Assignment ([469:9, 469:20] - objetos.wlk) failed: Error: [Assignment]{31465b} at objetos.wlk:469 exhausted all cases without a match [Assignment]{31465b} at objetos.wlk:469 exhausted all cases without a match","stack":"Error: [Assignment]{31465b} at objetos.wlk:469 exhausted all cases without a match\n    at c:\\Users\\zagum\\.vscode\\extensions\\uqbar.wollok-lsp-ide-0.5.4\\out\\server\\src\\server.js:38:6142\n    at L2 (c:\\Users\\zagum\\.vscode\\extensions\\uqbar.wollok-lsp-ide-0.5.4\\out\\server\\src\\server.js:2389:42)\n    at Jh (c:\\Users\\zagum\\.vscode\\extensions\\uqbar.wollok-lsp-ide-0.5.4\\out\\server\\src\\server.js:2389:1092)\n    at M5n (c:\\Users\\zagum\\.vscode\\extensions\\uqbar.wollok-lsp-ide-0.5.4\\out\\server\\src\\server.js:2389:1248)\n    at c:\\Users\\zagum\\.vscode\\extensions\\uqbar.wollok-lsp-ide-0.5.4\\out\\server\\src\\server.js:38:6131\n    at L2 (c:\\Users\\zagum\\.vscode\\extensions\\uqbar.wollok-lsp-ide-0.5.4\\out\\server\\src\\server.js:2389:42)\n    at c:\\Users\\zagum\\.vscode\\extensions\\uqbar.wollok-lsp-ide-0.5.4\\out\\server\\src\\server.js:2389:2988\n    at c:\\Users\\zagum\\.vscode\\extensions\\uqbar.wollok-lsp-ide-0.5.4\\out\\server\\src\\server.js:2398:8440\n    at c:\\Users\\zagum\\.vscode\\extensions\\uqbar.wollok-lsp-ide-0.5.4\\out\\server\\src\\server.js:37:74872\n    at Ke (c:\\Users\\zagum\\.vscode\\extensions\\uqbar.wollok-lsp-ide-0.5.4\\out\\server\\src\\server.js:7:8527)","timestamp":"2026-06-18T18:26:33.425Z"}
{"level":"info","message":"⌛ Building environment","timeElapsed":270,"timestamp":"2026-06-18T18:26:33.702Z"}
{"level":"info","message":"⌛ Building environment","timeElapsed":151,"timestamp":"2026-06-18T18:26:34.066Z"}
{"level":"info","message":"⌛ Building environment","timeElapsed":138,"timestamp":"2026-06-18T18:26:34.204Z"}
{"level":"info","message":"⌛ Validating objetos.wlk","timeElapsed":103,"timestamp":"2026-06-18T18:26:34.420Z"}
{"level":"info","message":"⌛ Validating objetos.wlk","timeElapsed":102,"timestamp":"2026-06-18T18:26:34.522Z"}
{"level":"info","message":"⌛ Building environment","timeElapsed":135,"timestamp":"2026-06-18T18:26:37.358Z"}
{"level":"info","message":"⌛ Validating objetos.wlk","timeElapsed":103,"timestamp":"2026-06-18T18:26:37.462Z"}
{"level":"info","message":"⌛ Building environment","timeElapsed":149,"timestamp":"2026-06-18T18:26:38.154Z"}
{"level":"info","message":"⌛ Building environment","timeElapsed":134,"timestamp":"2026-06-18T18:26:38.419Z"}
{"level":"info","message":"⌛ Validating objetos.wlk","timeElapsed":101,"timestamp":"2026-06-18T18:26:38.521Z"}
{"level":"info","message":"⌛ Building environment","timeElapsed":138,"timestamp":"2026-06-18T18:26:38.705Z"}
{"level":"info","message":"⌛ Building environment","timeElapsed":130,"timestamp":"2026-06-18T18:26:39.353Z"}
{"level":"info","message":"⌛ Validating objetos.wlk","timeElapsed":102,"timestamp":"2026-06-18T18:26:39.457Z"}
{"level":"info","message":"⌛ Building environment","timeElapsed":133,"timestamp":"2026-06-18T18:26:39.589Z"}
{"level":"info","message":"⌛ Validating objetos.wlk","timeElapsed":104,"timestamp":"2026-06-18T18:26:39.698Z"}
{"level":"info","message":"⌛ Building environment","timeElapsed":131,"timestamp":"2026-06-18T18:26:40.374Z"}
{"level":"info","message":"⌛ Building environment","timeElapsed":134,"timestamp":"2026-06-18T18:26:40.698Z"}
{"level":"info","message":"⌛ Building environment","timeElapsed":131,"timestamp":"2026-06-18T18:26:40.836Z"}
{"level":"info","message":"⌛ Validating objetos.wlk","timeElapsed":102,"timestamp":"2026-06-18T18:26:40.938Z"}
{"level":"info","message":"⌛ Building environment","timeElapsed":128,"timestamp":"2026-06-18T18:26:42.179Z"}
{"level":"info","message":"⌛ Building environment","timeElapsed":133,"timestamp":"2026-06-18T18:26:43.003Z"}
{"level":"info","message":"⌛ Building environment","timeElapsed":137,"timestamp":"2026-06-18T18:26:43.241Z"}
{"level":"info","message":"⌛ Building environment","timeElapsed":134,"timestamp":"2026-06-18T18:26:43.678Z"}
{"level":"info","message":"⌛ Building environment","timeElapsed":132,"timestamp":"2026-06-18T18:26:43.912Z"}
{"level":"info","message":"⌛ Building environment","timeElapsed":332,"timestamp":"2026-06-18T18:26:44.244Z"}
{"level":"info","message":"⌛ Building environment","timeElapsed":149,"timestamp":"2026-06-18T18:26:44.393Z"}
{"level":"info","message":"⌛ Building environment","timeElapsed":132,"timestamp":"2026-06-18T18:26:45.105Z"}
{"level":"info","message":"⌛ Building environment","timeElapsed":133,"timestamp":"2026-06-18T18:26:45.391Z"}
{"level":"info","message":"⌛ Validating objetos.wlk","timeElapsed":103,"timestamp":"2026-06-18T18:26:45.500Z"}
{"level":"info","message":"⌛ Building environment","timeElapsed":135,"timestamp":"2026-06-18T18:26:45.637Z"}
{"level":"info","message":"⌛ Validating objetos.wlk","timeElapsed":104,"timestamp":"2026-06-18T18:26:45.743Z"}
{"level":"info","message":"⌛ Building environment","timeElapsed":130,"timestamp":"2026-06-18T18:26:45.874Z"}
{"level":"info","message":"⌛ Building environment","timeElapsed":135,"timestamp":"2026-06-18T18:26:46.571Z"}
{"level":"info","message":"⌛ Building environment","timeElapsed":134,"timestamp":"2026-06-18T18:26:50.423Z"}
{"level":"info","message":"⌛ Building environment","timeElapsed":132,"timestamp":"2026-06-18T18:26:52.134Z"}
{"level":"info","message":"⌛ Building environment","timeElapsed":128,"timestamp":"2026-06-18T18:26:52.814Z"}
{"level":"info","message":"⌛ Building environment","timeElapsed":131,"timestamp":"2026-06-18T18:26:53.713Z"}
{"level":"info","message":"⌛ Building environment","timeElapsed":130,"timestamp":"2026-06-18T18:26:54.219Z"}
{"level":"info","message":"⌛ Building environment","timeElapsed":132,"timestamp":"2026-06-18T18:26:55.207Z"}
{"level":"info","message":"⌛ Validating objetos.wlk","timeElapsed":106,"timestamp":"2026-06-18T18:26:55.314Z"}
{"level":"info","message":"⌛ Building environment","timeElapsed":136,"timestamp":"2026-06-18T18:26:55.456Z"}
{"level":"info","message":"⌛ Building environment","timeElapsed":131,"timestamp":"2026-06-18T18:26:58.643Z"}
{"level":"info","message":"⌛ Building environment","timeElapsed":130,"timestamp":"2026-06-18T18:26:58.873Z"}
{"level":"info","message":"⌛ Building environment","timeElapsed":137,"timestamp":"2026-06-18T18:27:00.332Z"}
{"level":"info","message":"⌛ Building environment","timeElapsed":132,"timestamp":"2026-06-18T18:27:01.535Z"}
{"level":"info","message":"⌛ Building environment","timeElapsed":144,"timestamp":"2026-06-18T18:27:02.524Z"}
{"level":"info","message":"⌛ Building environment","timeElapsed":131,"timestamp":"2026-06-18T18:27:02.811Z"}
{"level":"info","message":"⌛ Building environment","timeElapsed":132,"timestamp":"2026-06-18T18:27:03.268Z"}
{"level":"info","message":"⌛ Building environment","timeElapsed":136,"timestamp":"2026-06-18T18:27:04.259Z"}
{"level":"info","message":"⌛ Building environment","timeElapsed":146,"timestamp":"2026-06-18T18:27:04.405Z"}
{"level":"info","message":"⌛ Building environment","timeElapsed":139,"timestamp":"2026-06-18T18:27:04.641Z"}
{"level":"info","message":"⌛ Validating objetos.wlk","timeElapsed":101,"timestamp":"2026-06-18T18:27:04.742Z"}
{"level":"info","message":"⌛ Building environment","timeElapsed":138,"timestamp":"2026-06-18T18:27:04.881Z"}
{"level":"info","message":"⌛ Building environment","timeElapsed":127,"timestamp":"2026-06-18T18:27:05.014Z"}
{"level":"info","message":"⌛ Validating objetos.wlk","timeElapsed":108,"timestamp":"2026-06-18T18:27:05.122Z"}
{"level":"info","message":"⌛ Validating objetos.wlk","timeElapsed":104,"timestamp":"2026-06-18T18:27:05.232Z"}
{"level":"info","message":"⌛ Building environment","timeElapsed":195,"timestamp":"2026-06-18T18:27:07.457Z"}
{"level":"info","message":"⌛ Validating objetos.wlk","timeElapsed":102,"timestamp":"2026-06-18T18:27:07.595Z"}
{"level":"info","message":"⌛ Building environment","timeElapsed":143,"timestamp":"2026-06-18T18:27:07.740Z"}
{"level":"info","message":"⌛ Building environment","timeElapsed":149,"timestamp":"2026-06-18T18:27:07.889Z"}
{"level":"info","message":"⌛ Building environment","timeElapsed":145,"timestamp":"2026-06-18T18:27:08.134Z"}
{"level":"info","message":"⌛ Validating objetos.wlk","timeElapsed":108,"timestamp":"2026-06-18T18:27:08.243Z"}
{"level":"info","message":"⌛ Building environment","timeElapsed":131,"timestamp":"2026-06-18T18:27:12.613Z"}
{"level":"info","message":"⌛ Validating objetos.wlk","timeElapsed":103,"timestamp":"2026-06-18T18:27:12.738Z"}
{"level":"info","message":"⌛ Building environment","timeElapsed":144,"timestamp":"2026-06-18T18:27:13.732Z"}
{"level":"info","message":"⌛ Validating objetos.wlk","timeElapsed":102,"timestamp":"2026-06-18T18:27:13.835Z"}
{"level":"info","message":"⌛ Building environment","timeElapsed":133,"timestamp":"2026-06-18T18:27:14.285Z"}
{"level":"info","message":"⌛ Building environment","timeElapsed":143,"timestamp":"2026-06-18T18:27:14.787Z"}
{"level":"info","message":"⌛ Building environment","timeElapsed":154,"timestamp":"2026-06-18T18:27:14.941Z"}
{"level":"info","message":"⌛ Validating objetos.wlk","timeElapsed":109,"timestamp":"2026-06-18T18:27:15.055Z"}
{"level":"info","message":"⌛ Building environment","timeElapsed":211,"timestamp":"2026-06-18T18:27:15.267Z"}
{"level":"info","message":"⌛ Building environment","timeElapsed":146,"timestamp":"2026-06-18T18:27:15.414Z"}
{"level":"info","message":"⌛ Building environment","timeElapsed":270,"timestamp":"2026-06-18T18:27:15.780Z"}
{"level":"info","message":"⌛ Building environment","timeElapsed":143,"timestamp":"2026-06-18T18:27:15.924Z"}
{"level":"info","message":"⌛ Building environment","timeElapsed":166,"timestamp":"2026-06-18T18:27:16.189Z"}
{"level":"info","message":"⌛ Building environment","timeElapsed":141,"timestamp":"2026-06-18T18:27:16.331Z"}
{"level":"info","message":"⌛ Validating objetos.wlk","timeElapsed":187,"timestamp":"2026-06-18T18:27:16.522Z"}
{"level":"info","message":"⌛ Building environment","timeElapsed":216,"timestamp":"2026-06-18T18:27:16.739Z"}
{"level":"info","message":"⌛ Building environment","timeElapsed":135,"timestamp":"2026-06-18T18:27:16.874Z"}
{"level":"info","message":"⌛ Validating objetos.wlk","timeElapsed":101,"timestamp":"2026-06-18T18:27:17.289Z"}
{"level":"info","message":"⌛ Validating objetos.wlk","timeElapsed":137,"timestamp":"2026-06-18T18:27:17.441Z"}
{"level":"info","message":"⌛ Validating objetos.wlk","timeElapsed":102,"timestamp":"2026-06-18T18:27:17.557Z"}
{"level":"info","message":"⌛ Building environment","timeElapsed":141,"timestamp":"2026-06-18T18:27:17.698Z"}
{"level":"info","message":"⌛ Building environment","timeElapsed":131,"timestamp":"2026-06-18T18:27:18.665Z"}
{"level":"info","message":"⌛ Building environment","timeElapsed":159,"timestamp":"2026-06-18T18:27:19.415Z"}
{"level":"info","message":"⌛ Validating objetos.wlk","timeElapsed":107,"timestamp":"2026-06-18T18:27:19.525Z"}
{"level":"info","message":"⌛ Building environment","timeElapsed":135,"timestamp":"2026-06-18T18:27:19.704Z"}
{"level":"info","message":"⌛ Building environment","timeElapsed":199,"timestamp":"2026-06-18T18:27:20.346Z"}
{"level":"info","message":"⌛ Building environment","timeElapsed":137,"timestamp":"2026-06-18T18:27:22.249Z"}
{"level":"info","message":"⌛ Building environment","timeElapsed":130,"timestamp":"2026-06-18T18:27:22.383Z"}
{"level":"info","message":"⌛ Validating objetos.wlk","timeElapsed":101,"timestamp":"2026-06-18T18:27:22.485Z"}
{"level":"info","message":"⌛ Building environment","timeElapsed":127,"timestamp":"2026-06-18T18:27:23.281Z"}
{"level":"info","message":"⌛ Building environment","timeElapsed":129,"timestamp":"2026-06-18T18:27:23.670Z"}
{"level":"info","message":"⌛ Building environment","timeElapsed":133,"timestamp":"2026-06-18T18:27:23.903Z"}
{"level":"info","message":"⌛ Validating objetos.wlk","timeElapsed":124,"timestamp":"2026-06-18T18:27:24.028Z"}
{"level":"info","message":"⌛ Building environment","timeElapsed":140,"timestamp":"2026-06-18T18:27:24.174Z"}
{"level":"info","message":"⌛ Building environment","timeElapsed":132,"timestamp":"2026-06-18T18:27:25.094Z"}
{"level":"info","message":"⌛ Building environment","timeElapsed":130,"timestamp":"2026-06-18T18:27:25.993Z"}
{"level":"info","message":"⌛ Building environment","timeElapsed":143,"timestamp":"2026-06-18T18:28:17.371Z"}
{"level":"info","message":"⌛ Building environment","timeElapsed":137,"timestamp":"2026-06-18T18:28:17.610Z"}
{"level":"info","message":"⌛ Building environment","timeElapsed":140,"timestamp":"2026-06-18T18:28:18.088Z"}
{"level":"info","message":"⌛ Building environment","timeElapsed":132,"timestamp":"2026-06-18T18:28:18.510Z"}
{"level":"info","message":"⌛ Building environment","timeElapsed":258,"timestamp":"2026-06-18T18:28:20.298Z"}
{"level":"info","message":"⌛ Building environment","timeElapsed":146,"timestamp":"2026-06-18T18:28:21.089Z"}
{"level":"info","message":"⌛ Building environment","timeElapsed":206,"timestamp":"2026-06-18T18:28:21.322Z"}
{"level":"info","message":"⌛ Building environment","timeElapsed":135,"timestamp":"2026-06-18T18:28:21.950Z"}
{"level":"info","message":"⌛ Building environment","timeElapsed":131,"timestamp":"2026-06-18T18:28:22.615Z"}
{"level":"info","message":"⌛ Building environment","timeElapsed":129,"timestamp":"2026-06-18T18:28:22.890Z"}
{"level":"info","message":"⌛ Building environment","timeElapsed":138,"timestamp":"2026-06-18T18:28:23.028Z"}
{"level":"info","message":"⌛ Building environment","timeElapsed":132,"timestamp":"2026-06-18T18:28:23.257Z"}
{"level":"info","message":"⌛ Validating objetos.wlk","timeElapsed":101,"timestamp":"2026-06-18T18:28:23.359Z"}
{"level":"info","message":"⌛ Building environment","timeElapsed":167,"timestamp":"2026-06-18T18:28:23.526Z"}
{"level":"info","message":"⌛ Validating objetos.wlk","timeElapsed":112,"timestamp":"2026-06-18T18:28:23.643Z"}
{"level":"info","message":"⌛ Building environment","timeElapsed":135,"timestamp":"2026-06-18T18:28:23.780Z"}
{"level":"info","message":"⌛ Building environment","timeElapsed":152,"timestamp":"2026-06-18T18:28:23.933Z"}
{"level":"info","message":"⌛ Building environment","timeElapsed":131,"timestamp":"2026-06-18T18:28:24.064Z"}
{"level":"info","message":"⌛ Building environment","timeElapsed":133,"timestamp":"2026-06-18T18:28:24.294Z"}
{"level":"info","message":"⌛ Building environment","timeElapsed":128,"timestamp":"2026-06-18T18:28:27.670Z"}
{"level":"info","message":"⌛ Building environment","timeElapsed":134,"timestamp":"2026-06-18T18:28:28.317Z"}
{"level":"info","message":"⌛ Validating objetos.wlk","timeElapsed":106,"timestamp":"2026-06-18T18:28:28.462Z"}
{"level":"info","message":"⌛ Building environment","timeElapsed":184,"timestamp":"2026-06-18T18:28:29.324Z"}
{"level":"info","message":"⌛ Validating objetos.wlk","timeElapsed":108,"timestamp":"2026-06-18T18:28:29.468Z"}
{"level":"info","message":"⌛ Building environment","timeElapsed":137,"timestamp":"2026-06-18T18:28:30.193Z"}
{"level":"info","message":"⌛ Validating objetos.wlk","timeElapsed":107,"timestamp":"2026-06-18T18:28:30.305Z"}
{"level":"info","message":"⌛ Building environment","timeElapsed":162,"timestamp":"2026-06-18T18:28:30.469Z"}
{"level":"info","message":"⌛ Building environment","timeElapsed":143,"timestamp":"2026-06-18T18:28:30.612Z"}
{"level":"info","message":"⌛ Building environment","timeElapsed":134,"timestamp":"2026-06-18T18:28:30.747Z"}
{"level":"info","message":"⌛ Validating objetos.wlk","timeElapsed":101,"timestamp":"2026-06-18T18:28:30.848Z"}
{"level":"info","message":"⌛ Building environment","timeElapsed":144,"timestamp":"2026-06-18T18:28:30.992Z"}
{"level":"info","message":"⌛ Building environment","timeElapsed":171,"timestamp":"2026-06-18T18:28:31.164Z"}
{"level":"info","message":"⌛ Building environment","timeElapsed":134,"timestamp":"2026-06-18T18:28:31.397Z"}
{"level":"info","message":"⌛ Building environment","timeElapsed":147,"timestamp":"2026-06-18T18:28:31.544Z"}
{"level":"info","message":"⌛ Building environment","timeElapsed":133,"timestamp":"2026-06-18T18:28:31.775Z"}
{"level":"info","message":"⌛ Building environment","timeElapsed":135,"timestamp":"2026-06-18T18:28:32.304Z"}
{"level":"info","message":"⌛ Building environment","timeElapsed":132,"timestamp":"2026-06-18T18:28:35.408Z"}
{"level":"info","message":"⌛ Building environment","timeElapsed":133,"timestamp":"2026-06-18T18:28:35.675Z"}
{"level":"info","message":"⌛ Building environment","timeElapsed":156,"timestamp":"2026-06-18T18:28:35.833Z"}
{"level":"info","message":"⌛ Validating objetos.wlk","timeElapsed":102,"timestamp":"2026-06-18T18:28:35.935Z"}
{"level":"info","message":"⌛ Building environment","timeElapsed":145,"timestamp":"2026-06-18T18:28:36.080Z"}
{"level":"info","message":"⌛ Building environment","timeElapsed":209,"timestamp":"2026-06-18T18:28:36.290Z"}
{"level":"info","message":"⌛ Building environment","timeElapsed":174,"timestamp":"2026-06-18T18:28:36.873Z"}
{"level":"info","message":"⌛ Validating objetos.wlk","timeElapsed":105,"timestamp":"2026-06-18T18:28:36.979Z"}
{"level":"info","message":"⌛ Building environment","timeElapsed":140,"timestamp":"2026-06-18T18:28:37.124Z"}
{"level":"info","message":"⌛ Building environment","timeElapsed":145,"timestamp":"2026-06-18T18:28:37.269Z"}
{"level":"info","message":"⌛ Validating objetos.wlk","timeElapsed":101,"timestamp":"2026-06-18T18:28:37.370Z"}
{"level":"info","message":"⌛ Building environment","timeElapsed":136,"timestamp":"2026-06-18T18:28:38.205Z"}
{"level":"error","message":"✘ Completions for node Assignment ([469:9, 469:18] - objetos.wlk) failed: Error: [Assignment]{030a29} at objetos.wlk:469 exhausted all cases without a match [Assignment]{030a29} at objetos.wlk:469 exhausted all cases without a match","stack":"Error: [Assignment]{030a29} at objetos.wlk:469 exhausted all cases without a match\n    at c:\\Users\\zagum\\.vscode\\extensions\\uqbar.wollok-lsp-ide-0.5.4\\out\\server\\src\\server.js:38:6142\n    at L2 (c:\\Users\\zagum\\.vscode\\extensions\\uqbar.wollok-lsp-ide-0.5.4\\out\\server\\src\\server.js:2389:42)\n    at Jh (c:\\Users\\zagum\\.vscode\\extensions\\uqbar.wollok-lsp-ide-0.5.4\\out\\server\\src\\server.js:2389:1092)\n    at M5n (c:\\Users\\zagum\\.vscode\\extensions\\uqbar.wollok-lsp-ide-0.5.4\\out\\server\\src\\server.js:2389:1248)\n    at c:\\Users\\zagum\\.vscode\\extensions\\uqbar.wollok-lsp-ide-0.5.4\\out\\server\\src\\server.js:38:6131\n    at L2 (c:\\Users\\zagum\\.vscode\\extensions\\uqbar.wollok-lsp-ide-0.5.4\\out\\server\\src\\server.js:2389:42)\n    at c:\\Users\\zagum\\.vscode\\extensions\\uqbar.wollok-lsp-ide-0.5.4\\out\\server\\src\\server.js:2389:2988\n    at c:\\Users\\zagum\\.vscode\\extensions\\uqbar.wollok-lsp-ide-0.5.4\\out\\server\\src\\server.js:2398:8440\n    at c:\\Users\\zagum\\.vscode\\extensions\\uqbar.wollok-lsp-ide-0.5.4\\out\\server\\src\\server.js:37:74872\n    at Ke (c:\\Users\\zagum\\.vscode\\extensions\\uqbar.wollok-lsp-ide-0.5.4\\out\\server\\src\\server.js:7:8527)","timestamp":"2026-06-18T18:28:38.238Z"}
{"level":"info","message":"⌛ Building environment","timeElapsed":158,"timestamp":"2026-06-18T18:28:38.404Z"}
{"level":"info","message":"⌛ Validating objetos.wlk","timeElapsed":103,"timestamp":"2026-06-18T18:28:38.507Z"}
{"level":"info","message":"⌛ Building environment","timeElapsed":133,"timestamp":"2026-06-18T18:28:38.640Z"}
{"level":"info","message":"⌛ Building environment","timeElapsed":137,"timestamp":"2026-06-18T18:28:38.782Z"}
{"level":"info","message":"⌛ Building environment","timeElapsed":131,"timestamp":"2026-06-18T18:28:39.007Z"}
{"level":"info","message":"⌛ Building environment","timeElapsed":134,"timestamp":"2026-06-18T18:28:39.141Z"}
{"level":"info","message":"⌛ Building environment","timeElapsed":132,"timestamp":"2026-06-18T18:28:41.367Z"}
{"level":"info","message":"⌛ Building environment","timeElapsed":135,"timestamp":"2026-06-18T18:28:41.617Z"}
{"level":"info","message":"⌛ Building environment","timeElapsed":139,"timestamp":"2026-06-18T18:28:41.762Z"}
{"level":"info","message":"⌛ Validating objetos.wlk","timeElapsed":148,"timestamp":"2026-06-18T18:28:41.912Z"}
{"level":"info","message":"⌛ Building environment","timeElapsed":171,"timestamp":"2026-06-18T18:28:42.084Z"}
{"level":"info","message":"⌛ Validating objetos.wlk","timeElapsed":105,"timestamp":"2026-06-18T18:28:42.189Z"}
{"level":"info","message":"⌛ Building environment","timeElapsed":135,"timestamp":"2026-06-18T18:28:42.324Z"}
{"level":"info","message":"⌛ Validating objetos.wlk","timeElapsed":104,"timestamp":"2026-06-18T18:28:42.428Z"}
{"level":"info","message":"⌛ Building environment","timeElapsed":136,"timestamp":"2026-06-18T18:28:42.569Z"}
{"level":"info","message":"⌛ Building environment","timeElapsed":173,"timestamp":"2026-06-18T18:28:42.843Z"}
{"level":"info","message":"⌛ Building environment","timeElapsed":129,"timestamp":"2026-06-18T18:28:44.708Z"}
{"level":"info","message":"⌛ Building environment","timeElapsed":139,"timestamp":"2026-06-18T18:28:44.847Z"}
{"level":"info","message":"⌛ Building environment","timeElapsed":147,"timestamp":"2026-06-18T18:28:45.090Z"}
{"level":"info","message":"⌛ Validating objetos.wlk","timeElapsed":102,"timestamp":"2026-06-18T18:28:45.192Z"}
{"level":"info","message":"⌛ Building environment","timeElapsed":129,"timestamp":"2026-06-18T18:28:45.321Z"}
{"level":"info","message":"⌛ Building environment","timeElapsed":134,"timestamp":"2026-06-18T18:28:45.460Z"}
{"level":"info","message":"⌛ Building environment","timeElapsed":189,"timestamp":"2026-06-18T18:28:45.742Z"}
{"level":"info","message":"⌛ Building environment","timeElapsed":148,"timestamp":"2026-06-18T18:28:46.096Z"}
{"level":"info","message":"⌛ Validating objetos.wlk","timeElapsed":102,"timestamp":"2026-06-18T18:28:46.198Z"}
{"level":"info","message":"⌛ Building environment","timeElapsed":144,"timestamp":"2026-06-18T18:28:48.702Z"}
{"level":"info","message":"⌛ Building environment","timeElapsed":135,"timestamp":"2026-06-18T18:28:48.939Z"}
{"level":"info","message":"⌛ Validating objetos.wlk","timeElapsed":103,"timestamp":"2026-06-18T18:28:49.043Z"}
{"level":"info","message":"⌛ Building environment","timeElapsed":136,"timestamp":"2026-06-18T18:28:49.573Z"}
{"level":"info","message":"⌛ Building environment","timeElapsed":139,"timestamp":"2026-06-18T18:28:49.811Z"}
{"level":"error","message":"✘ Completions for node Send ([469:17, 469:30] - objetos.wlk) failed: Error: [Send]{3b4956} at objetos.wlk:469 exhausted all cases without a match [Send]{3b4956} at objetos.wlk:469 exhausted all cases without a match","stack":"Error: [Send]{3b4956} at objetos.wlk:469 exhausted all cases without a match\n    at c:\\Users\\zagum\\.vscode\\extensions\\uqbar.wollok-lsp-ide-0.5.4\\out\\server\\src\\server.js:38:6142\n    at L2 (c:\\Users\\zagum\\.vscode\\extensions\\uqbar.wollok-lsp-ide-0.5.4\\out\\server\\src\\server.js:2389:42)\n    at Jh (c:\\Users\\zagum\\.vscode\\extensions\\uqbar.wollok-lsp-ide-0.5.4\\out\\server\\src\\server.js:2389:1092)\n    at M5n (c:\\Users\\zagum\\.vscode\\extensions\\uqbar.wollok-lsp-ide-0.5.4\\out\\server\\src\\server.js:2389:1248)\n    at c:\\Users\\zagum\\.vscode\\extensions\\uqbar.wollok-lsp-ide-0.5.4\\out\\server\\src\\server.js:38:6131\n    at L2 (c:\\Users\\zagum\\.vscode\\extensions\\uqbar.wollok-lsp-ide-0.5.4\\out\\server\\src\\server.js:2389:42)\n    at c:\\Users\\zagum\\.vscode\\extensions\\uqbar.wollok-lsp-ide-0.5.4\\out\\server\\src\\server.js:2389:2988\n    at c:\\Users\\zagum\\.vscode\\extensions\\uqbar.wollok-lsp-ide-0.5.4\\out\\server\\src\\server.js:2398:8440\n    at c:\\Users\\zagum\\.vscode\\extensions\\uqbar.wollok-lsp-ide-0.5.4\\out\\server\\src\\server.js:37:74872\n    at Ke (c:\\Users\\zagum\\.vscode\\extensions\\uqbar.wollok-lsp-ide-0.5.4\\out\\server\\src\\server.js:7:8527)","timestamp":"2026-06-18T18:28:49.842Z"}
{"level":"error","message":"✘ Completions for node Assignment ([469:9, 469:30] - objetos.wlk) failed: Error: [Assignment]{f49363} at objetos.wlk:469 exhausted all cases without a match [Assignment]{f49363} at objetos.wlk:469 exhausted all cases without a match","stack":"Error: [Assignment]{f49363} at objetos.wlk:469 exhausted all cases without a match\n    at c:\\Users\\zagum\\.vscode\\extensions\\uqbar.wollok-lsp-ide-0.5.4\\out\\server\\src\\server.js:38:6142\n    at L2 (c:\\Users\\zagum\\.vscode\\extensions\\uqbar.wollok-lsp-ide-0.5.4\\out\\server\\src\\server.js:2389:42)\n    at Jh (c:\\Users\\zagum\\.vscode\\extensions\\uqbar.wollok-lsp-ide-0.5.4\\out\\server\\src\\server.js:2389:1092)\n    at L2 (c:\\Users\\zagum\\.vscode\\extensions\\uqbar.wollok-lsp-ide-0.5.4\\out\\server\\src\\server.js:2389:544)\n    at Jh (c:\\Users\\zagum\\.vscode\\extensions\\uqbar.wollok-lsp-ide-0.5.4\\out\\server\\src\\server.js:2389:1092)\n    at M5n (c:\\Users\\zagum\\.vscode\\extensions\\uqbar.wollok-lsp-ide-0.5.4\\out\\server\\src\\server.js:2389:1248)\n    at c:\\Users\\zagum\\.vscode\\extensions\\uqbar.wollok-lsp-ide-0.5.4\\out\\server\\src\\server.js:38:6131\n    at L2 (c:\\Users\\zagum\\.vscode\\extensions\\uqbar.wollok-lsp-ide-0.5.4\\out\\server\\src\\server.js:2389:42)\n    at c:\\Users\\zagum\\.vscode\\extensions\\uqbar.wollok-lsp-ide-0.5.4\\out\\server\\src\\server.js:2389:2988\n    at c:\\Users\\zagum\\.vscode\\extensions\\uqbar.wollok-lsp-ide-0.5.4\\out\\server\\src\\server.js:2398:8440","timestamp":"2026-06-18T18:28:49.842Z"}
{"level":"info","message":"⌛ Building environment","timeElapsed":136,"timestamp":"2026-06-18T18:28:49.981Z"}
{"level":"info","message":"⌛ Building environment","timeElapsed":129,"timestamp":"2026-06-18T18:28:50.215Z"}
{"level":"info","message":"⌛ Building environment","timeElapsed":130,"timestamp":"2026-06-18T18:28:50.446Z"}
{"level":"info","message":"⌛ Validating objetos.wlk","timeElapsed":102,"timestamp":"2026-06-18T18:28:50.656Z"}
{"level":"info","message":"⌛ Building environment","timeElapsed":132,"timestamp":"2026-06-18T18:28:50.789Z"}
{"level":"info","message":"⌛ Building environment","timeElapsed":140,"timestamp":"2026-06-18T18:28:50.930Z"}
{"level":"info","message":"⌛ Building environment","timeElapsed":135,"timestamp":"2026-06-18T18:28:51.162Z"}
{"level":"info","message":"⌛ Building environment","timeElapsed":150,"timestamp":"2026-06-18T18:28:52.101Z"}
{"level":"info","message":"⌛ Building environment","timeElapsed":209,"timestamp":"2026-06-18T18:28:52.310Z"}
{"level":"info","message":"⌛ Validating objetos.wlk","timeElapsed":107,"timestamp":"2026-06-18T18:28:52.418Z"}
{"level":"info","message":"⌛ Building environment","timeElapsed":209,"timestamp":"2026-06-18T18:28:52.627Z"}
{"level":"info","message":"⌛ Building environment","timeElapsed":144,"timestamp":"2026-06-18T18:28:52.963Z"}
{"level":"info","message":"⌛ Building environment","timeElapsed":147,"timestamp":"2026-06-18T18:28:53.760Z"}
{"level":"info","message":"⌛ Building environment","timeElapsed":234,"timestamp":"2026-06-18T18:28:54.121Z"}
{"level":"info","message":"⌛ Building environment","timeElapsed":137,"timestamp":"2026-06-18T18:28:54.262Z"}
{"level":"info","message":"⌛ Validating objetos.wlk","timeElapsed":104,"timestamp":"2026-06-18T18:28:54.366Z"}
{"level":"info","message":"⌛ Building environment","timeElapsed":133,"timestamp":"2026-06-18T18:28:54.500Z"}
{"level":"info","message":"⌛ Building environment","timeElapsed":132,"timestamp":"2026-06-18T18:29:05.064Z"}
{"level":"info","message":"⌛ Validating objetos.wlk","timeElapsed":106,"timestamp":"2026-06-18T18:29:05.172Z"}
{"level":"info","message":"⌛ Building environment","timeElapsed":171,"timestamp":"2026-06-18T18:29:05.922Z"}
{"level":"info","message":"⌛ Building environment","timeElapsed":134,"timestamp":"2026-06-18T18:29:06.093Z"}
{"level":"info","message":"⌛ Validating objetos.wlk","timeElapsed":104,"timestamp":"2026-06-18T18:29:06.197Z"}
{"level":"info","message":"⌛ Validating objetos.wlk","timeElapsed":105,"timestamp":"2026-06-18T18:29:06.324Z"}
{"level":"info","message":"⌛ Building environment","timeElapsed":155,"timestamp":"2026-06-18T18:29:06.501Z"}
{"level":"info","message":"⌛ Building environment","timeElapsed":140,"timestamp":"2026-06-18T18:29:06.901Z"}
{"level":"info","message":"⌛ Validating objetos.wlk","timeElapsed":110,"timestamp":"2026-06-18T18:29:07.012Z"}
{"level":"info","message":"⌛ Building environment","timeElapsed":135,"timestamp":"2026-06-18T18:29:08.949Z"}
{"level":"error","message":"✘ Completions for node If ([478:9, 479:35] - objetos.wlk) failed: Error: [If]{eb7b4d} at objetos.wlk:478 exhausted all cases without a match [If]{eb7b4d} at objetos.wlk:478 exhausted all cases without a match","stack":"Error: [If]{eb7b4d} at objetos.wlk:478 exhausted all cases without a match\n    at c:\\Users\\zagum\\.vscode\\extensions\\uqbar.wollok-lsp-ide-0.5.4\\out\\server\\src\\server.js:38:6142\n    at L2 (c:\\Users\\zagum\\.vscode\\extensions\\uqbar.wollok-lsp-ide-0.5.4\\out\\server\\src\\server.js:2389:42)\n    at Jh (c:\\Users\\zagum\\.vscode\\extensions\\uqbar.wollok-lsp-ide-0.5.4\\out\\server\\src\\server.js:2389:1092)\n    at M5n (c:\\Users\\zagum\\.vscode\\extensions\\uqbar.wollok-lsp-ide-0.5.4\\out\\server\\src\\server.js:2389:1248)\n    at c:\\Users\\zagum\\.vscode\\extensions\\uqbar.wollok-lsp-ide-0.5.4\\out\\server\\src\\server.js:38:6131\n    at L2 (c:\\Users\\zagum\\.vscode\\extensions\\uqbar.wollok-lsp-ide-0.5.4\\out\\server\\src\\server.js:2389:42)\n    at c:\\Users\\zagum\\.vscode\\extensions\\uqbar.wollok-lsp-ide-0.5.4\\out\\server\\src\\server.js:2389:2988\n    at c:\\Users\\zagum\\.vscode\\extensions\\uqbar.wollok-lsp-ide-0.5.4\\out\\server\\src\\server.js:2398:8440\n    at c:\\Users\\zagum\\.vscode\\extensions\\uqbar.wollok-lsp-ide-0.5.4\\out\\server\\src\\server.js:37:74872\n    at Ke (c:\\Users\\zagum\\.vscode\\extensions\\uqbar.wollok-lsp-ide-0.5.4\\out\\server\\src\\server.js:7:8527)","timestamp":"2026-06-18T18:29:08.979Z"}
{"level":"info","message":"⌛ Building environment","timeElapsed":139,"timestamp":"2026-06-18T18:29:09.249Z"}
{"level":"info","message":"⌛ Building environment","timeElapsed":193,"timestamp":"2026-06-18T18:29:09.444Z"}
{"level":"info","message":"⌛ Building environment","timeElapsed":154,"timestamp":"2026-06-18T18:29:09.702Z"}
{"level":"info","message":"⌛ Building environment","timeElapsed":141,"timestamp":"2026-06-18T18:29:09.845Z"}
{"level":"info","message":"⌛ Building environment","timeElapsed":130,"timestamp":"2026-06-18T18:29:10.170Z"}
{"level":"info","message":"⌛ Validating objetos.wlk","timeElapsed":101,"timestamp":"2026-06-18T18:29:10.271Z"}
{"level":"info","message":"⌛ Building environment","timeElapsed":141,"timestamp":"2026-06-18T18:29:10.511Z"}
{"level":"info","message":"⌛ Building environment","timeElapsed":138,"timestamp":"2026-06-18T18:29:10.779Z"}
{"level":"info","message":"⌛ Building environment","timeElapsed":147,"timestamp":"2026-06-18T18:29:10.928Z"}
{"level":"info","message":"⌛ Building environment","timeElapsed":140,"timestamp":"2026-06-18T18:29:11.167Z"}
{"level":"info","message":"⌛ Building environment","timeElapsed":176,"timestamp":"2026-06-18T18:29:11.441Z"}
{"level":"error","message":"✘ Completions for node Send ([478:13, 478:25] - objetos.wlk) failed: Error: [Send]{653b6e} at objetos.wlk:478 exhausted all cases without a match [Send]{653b6e} at objetos.wlk:478 exhausted all cases without a match","stack":"Error: [Send]{653b6e} at objetos.wlk:478 exhausted all cases without a match\n    at c:\\Users\\zagum\\.vscode\\extensions\\uqbar.wollok-lsp-ide-0.5.4\\out\\server\\src\\server.js:38:6142\n    at L2 (c:\\Users\\zagum\\.vscode\\extensions\\uqbar.wollok-lsp-ide-0.5.4\\out\\server\\src\\server.js:2389:42)\n    at Jh (c:\\Users\\zagum\\.vscode\\extensions\\uqbar.wollok-lsp-ide-0.5.4\\out\\server\\src\\server.js:2389:1092)\n    at M5n (c:\\Users\\zagum\\.vscode\\extensions\\uqbar.wollok-lsp-ide-0.5.4\\out\\server\\src\\server.js:2389:1248)\n    at c:\\Users\\zagum\\.vscode\\extensions\\uqbar.wollok-lsp-ide-0.5.4\\out\\server\\src\\server.js:38:6131\n    at L2 (c:\\Users\\zagum\\.vscode\\extensions\\uqbar.wollok-lsp-ide-0.5.4\\out\\server\\src\\server.js:2389:42)\n    at c:\\Users\\zagum\\.vscode\\extensions\\uqbar.wollok-lsp-ide-0.5.4\\out\\server\\src\\server.js:2389:2988\n    at c:\\Users\\zagum\\.vscode\\extensions\\uqbar.wollok-lsp-ide-0.5.4\\out\\server\\src\\server.js:2398:8440\n    at c:\\Users\\zagum\\.vscode\\extensions\\uqbar.wollok-lsp-ide-0.5.4\\out\\server\\src\\server.js:37:74872\n    at Ke (c:\\Users\\zagum\\.vscode\\extensions\\uqbar.wollok-lsp-ide-0.5.4\\out\\server\\src\\server.js:7:8527)","timestamp":"2026-06-18T18:29:11.476Z"}
{"level":"error","message":"✘ Completions for node If ([478:9, 479:35] - objetos.wlk) failed: Error: [If]{93ca34} at objetos.wlk:478 exhausted all cases without a match [If]{93ca34} at objetos.wlk:478 exhausted all cases without a match","stack":"Error: [If]{93ca34} at objetos.wlk:478 exhausted all cases without a match\n    at c:\\Users\\zagum\\.vscode\\extensions\\uqbar.wollok-lsp-ide-0.5.4\\out\\server\\src\\server.js:38:6142\n    at L2 (c:\\Users\\zagum\\.vscode\\extensions\\uqbar.wollok-lsp-ide-0.5.4\\out\\server\\src\\server.js:2389:42)\n    at Jh (c:\\Users\\zagum\\.vscode\\extensions\\uqbar.wollok-lsp-ide-0.5.4\\out\\server\\src\\server.js:2389:1092)\n    at L2 (c:\\Users\\zagum\\.vscode\\extensions\\uqbar.wollok-lsp-ide-0.5.4\\out\\server\\src\\server.js:2389:544)\n    at Jh (c:\\Users\\zagum\\.vscode\\extensions\\uqbar.wollok-lsp-ide-0.5.4\\out\\server\\src\\server.js:2389:1092)\n    at M5n (c:\\Users\\zagum\\.vscode\\extensions\\uqbar.wollok-lsp-ide-0.5.4\\out\\server\\src\\server.js:2389:1248)\n    at c:\\Users\\zagum\\.vscode\\extensions\\uqbar.wollok-lsp-ide-0.5.4\\out\\server\\src\\server.js:38:6131\n    at L2 (c:\\Users\\zagum\\.vscode\\extensions\\uqbar.wollok-lsp-ide-0.5.4\\out\\server\\src\\server.js:2389:42)\n    at c:\\Users\\zagum\\.vscode\\extensions\\uqbar.wollok-lsp-ide-0.5.4\\out\\server\\src\\server.js:2389:2988\n    at c:\\Users\\zagum\\.vscode\\extensions\\uqbar.wollok-lsp-ide-0.5.4\\out\\server\\src\\server.js:2398:8440","timestamp":"2026-06-18T18:29:11.476Z"}
{"level":"info","message":"⌛ Validating objetos.wlk","timeElapsed":103,"timestamp":"2026-06-18T18:29:11.583Z"}
{"level":"info","message":"⌛ Building environment","timeElapsed":179,"timestamp":"2026-06-18T18:29:11.762Z"}
{"level":"info","message":"⌛ Building environment","timeElapsed":176,"timestamp":"2026-06-18T18:29:12.043Z"}
{"level":"info","message":"⌛ Building environment","timeElapsed":138,"timestamp":"2026-06-18T18:29:12.182Z"}
{"level":"error","message":"✘ Completions for node Literal ([478:24, 478:28] - objetos.wlk) failed: Error: true [Literal]{9a9d48} at objetos.wlk:478 exhausted all cases without a match true [Literal]{9a9d48} at objetos.wlk:478 exhausted all cases without a match","stack":"Error: true [Literal]{9a9d48} at objetos.wlk:478 exhausted all cases without a match\n    at c:\\Users\\zagum\\.vscode\\extensions\\uqbar.wollok-lsp-ide-0.5.4\\out\\server\\src\\server.js:38:6142\n    at L2 (c:\\Users\\zagum\\.vscode\\extensions\\uqbar.wollok-lsp-ide-0.5.4\\out\\server\\src\\server.js:2389:42)\n    at c:\\Users\\zagum\\.vscode\\extensions\\uqbar.wollok-lsp-ide-0.5.4\\out\\server\\src\\server.js:2389:2988\n    at c:\\Users\\zagum\\.vscode\\extensions\\uqbar.wollok-lsp-ide-0.5.4\\out\\server\\src\\server.js:2398:8440\n    at c:\\Users\\zagum\\.vscode\\extensions\\uqbar.wollok-lsp-ide-0.5.4\\out\\server\\src\\server.js:37:74872\n    at Ke (c:\\Users\\zagum\\.vscode\\extensions\\uqbar.wollok-lsp-ide-0.5.4\\out\\server\\src\\server.js:7:8527)\n    at Lt (c:\\Users\\zagum\\.vscode\\extensions\\uqbar.wollok-lsp-ide-0.5.4\\out\\server\\src\\server.js:7:6189)\n    at ct (c:\\Users\\zagum\\.vscode\\extensions\\uqbar.wollok-lsp-ide-0.5.4\\out\\server\\src\\server.js:7:6378)\n    at Immediate._onImmediate (c:\\Users\\zagum\\.vscode\\extensions\\uqbar.wollok-lsp-ide-0.5.4\\out\\server\\src\\server.js:7:6142)\n    at process.processImmediate (node:internal/timers:504:21)","timestamp":"2026-06-18T18:29:12.208Z"}
{"level":"error","message":"✘ Completions for node Send ([478:13, 478:28] - objetos.wlk) failed: Error: [Send]{b99b08} at objetos.wlk:478 exhausted all cases without a match [Send]{b99b08} at objetos.wlk:478 exhausted all cases without a match","stack":"Error: [Send]{b99b08} at objetos.wlk:478 exhausted all cases without a match\n    at c:\\Users\\zagum\\.vscode\\extensions\\uqbar.wollok-lsp-ide-0.5.4\\out\\server\\src\\server.js:38:6142\n    at L2 (c:\\Users\\zagum\\.vscode\\extensions\\uqbar.wollok-lsp-ide-0.5.4\\out\\server\\src\\server.js:2389:42)\n    at Jh (c:\\Users\\zagum\\.vscode\\extensions\\uqbar.wollok-lsp-ide-0.5.4\\out\\server\\src\\server.js:2389:1092)\n    at L2 (c:\\Users\\zagum\\.vscode\\extensions\\uqbar.wollok-lsp-ide-0.5.4\\out\\server\\src\\server.js:2389:544)\n    at c:\\Users\\zagum\\.vscode\\extensions\\uqbar.wollok-lsp-ide-0.5.4\\out\\server\\src\\server.js:2389:2988\n    at c:\\Users\\zagum\\.vscode\\extensions\\uqbar.wollok-lsp-ide-0.5.4\\out\\server\\src\\server.js:2398:8440\n    at c:\\Users\\zagum\\.vscode\\extensions\\uqbar.wollok-lsp-ide-0.5.4\\out\\server\\src\\server.js:37:74872\n    at Ke (c:\\Users\\zagum\\.vscode\\extensions\\uqbar.wollok-lsp-ide-0.5.4\\out\\server\\src\\server.js:7:8527)\n    at Lt (c:\\Users\\zagum\\.vscode\\extensions\\uqbar.wollok-lsp-ide-0.5.4\\out\\server\\src\\server.js:7:6189)\n    at ct (c:\\Users\\zagum\\.vscode\\extensions\\uqbar.wollok-lsp-ide-0.5.4\\out\\server\\src\\server.js:7:6378)","timestamp":"2026-06-18T18:29:12.208Z"}
{"level":"error","message":"✘ Completions for node If ([478:9, 479:35] - objetos.wlk) failed: Error: [If]{259ae0} at objetos.wlk:478 exhausted all cases without a match [If]{259ae0} at objetos.wlk:478 exhausted all cases without a match","stack":"Error: [If]{259ae0} at objetos.wlk:478 exhausted all cases without a match\n    at c:\\Users\\zagum\\.vscode\\extensions\\uqbar.wollok-lsp-ide-0.5.4\\out\\server\\src\\server.js:38:6142\n    at L2 (c:\\Users\\zagum\\.vscode\\extensions\\uqbar.wollok-lsp-ide-0.5.4\\out\\server\\src\\server.js:2389:42)\n    at Jh (c:\\Users\\zagum\\.vscode\\extensions\\uqbar.wollok-lsp-ide-0.5.4\\out\\server\\src\\server.js:2389:1092)\n    at L2 (c:\\Users\\zagum\\.vscode\\extensions\\uqbar.wollok-lsp-ide-0.5.4\\out\\server\\src\\server.js:2389:544)\n    at Jh (c:\\Users\\zagum\\.vscode\\extensions\\uqbar.wollok-lsp-ide-0.5.4\\out\\server\\src\\server.js:2389:1092)\n    at L2 (c:\\Users\\zagum\\.vscode\\extensions\\uqbar.wollok-lsp-ide-0.5.4\\out\\server\\src\\server.js:2389:544)\n    at c:\\Users\\zagum\\.vscode\\extensions\\uqbar.wollok-lsp-ide-0.5.4\\out\\server\\src\\server.js:2389:2988\n    at c:\\Users\\zagum\\.vscode\\extensions\\uqbar.wollok-lsp-ide-0.5.4\\out\\server\\src\\server.js:2398:8440\n    at c:\\Users\\zagum\\.vscode\\extensions\\uqbar.wollok-lsp-ide-0.5.4\\out\\server\\src\\server.js:37:74872\n    at Ke (c:\\Users\\zagum\\.vscode\\extensions\\uqbar.wollok-lsp-ide-0.5.4\\out\\server\\src\\server.js:7:8527)","timestamp":"2026-06-18T18:29:12.208Z"}
{"level":"info","message":"⌛ Building environment","timeElapsed":134,"timestamp":"2026-06-18T18:29:12.550Z"}
{"level":"error","message":"✘ Completions for node Send ([478:13, 478:27] - objetos.wlk) failed: Error: [Send]{a8ecfe} at objetos.wlk:478 exhausted all cases without a match [Send]{a8ecfe} at objetos.wlk:478 exhausted all cases without a match","stack":"Error: [Send]{a8ecfe} at objetos.wlk:478 exhausted all cases without a match\n    at c:\\Users\\zagum\\.vscode\\extensions\\uqbar.wollok-lsp-ide-0.5.4\\out\\server\\src\\server.js:38:6142\n    at L2 (c:\\Users\\zagum\\.vscode\\extensions\\uqbar.wollok-lsp-ide-0.5.4\\out\\server\\src\\server.js:2389:42)\n    at Jh (c:\\Users\\zagum\\.vscode\\extensions\\uqbar.wollok-lsp-ide-0.5.4\\out\\server\\src\\server.js:2389:1092)\n    at M5n (c:\\Users\\zagum\\.vscode\\extensions\\uqbar.wollok-lsp-ide-0.5.4\\out\\server\\src\\server.js:2389:1248)\n    at c:\\Users\\zagum\\.vscode\\extensions\\uqbar.wollok-lsp-ide-0.5.4\\out\\server\\src\\server.js:38:6131\n    at L2 (c:\\Users\\zagum\\.vscode\\extensions\\uqbar.wollok-lsp-ide-0.5.4\\out\\server\\src\\server.js:2389:42)\n    at c:\\Users\\zagum\\.vscode\\extensions\\uqbar.wollok-lsp-ide-0.5.4\\out\\server\\src\\server.js:2389:2988\n    at c:\\Users\\zagum\\.vscode\\extensions\\uqbar.wollok-lsp-ide-0.5.4\\out\\server\\src\\server.js:2398:8440\n    at c:\\Users\\zagum\\.vscode\\extensions\\uqbar.wollok-lsp-ide-0.5.4\\out\\server\\src\\server.js:37:74872\n    at Ke (c:\\Users\\zagum\\.vscode\\extensions\\uqbar.wollok-lsp-ide-0.5.4\\out\\server\\src\\server.js:7:8527)","timestamp":"2026-06-18T18:29:12.580Z"}
{"level":"error","message":"✘ Completions for node If ([478:9, 479:35] - objetos.wlk) failed: Error: [If]{d401d6} at objetos.wlk:478 exhausted all cases without a match [If]{d401d6} at objetos.wlk:478 exhausted all cases without a match","stack":"Error: [If]{d401d6} at objetos.wlk:478 exhausted all cases without a match\n    at c:\\Users\\zagum\\.vscode\\extensions\\uqbar.wollok-lsp-ide-0.5.4\\out\\server\\src\\server.js:38:6142\n    at L2 (c:\\Users\\zagum\\.vscode\\extensions\\uqbar.wollok-lsp-ide-0.5.4\\out\\server\\src\\server.js:2389:42)\n    at Jh (c:\\Users\\zagum\\.vscode\\extensions\\uqbar.wollok-lsp-ide-0.5.4\\out\\server\\src\\server.js:2389:1092)\n    at L2 (c:\\Users\\zagum\\.vscode\\extensions\\uqbar.wollok-lsp-ide-0.5.4\\out\\server\\src\\server.js:2389:544)\n    at Jh (c:\\Users\\zagum\\.vscode\\extensions\\uqbar.wollok-lsp-ide-0.5.4\\out\\server\\src\\server.js:2389:1092)\n    at M5n (c:\\Users\\zagum\\.vscode\\extensions\\uqbar.wollok-lsp-ide-0.5.4\\out\\server\\src\\server.js:2389:1248)\n    at c:\\Users\\zagum\\.vscode\\extensions\\uqbar.wollok-lsp-ide-0.5.4\\out\\server\\src\\server.js:38:6131\n    at L2 (c:\\Users\\zagum\\.vscode\\extensions\\uqbar.wollok-lsp-ide-0.5.4\\out\\server\\src\\server.js:2389:42)\n    at c:\\Users\\zagum\\.vscode\\extensions\\uqbar.wollok-lsp-ide-0.5.4\\out\\server\\src\\server.js:2389:2988\n    at c:\\Users\\zagum\\.vscode\\extensions\\uqbar.wollok-lsp-ide-0.5.4\\out\\server\\src\\server.js:2398:8440","timestamp":"2026-06-18T18:29:12.580Z"}
{"level":"info","message":"⌛ Validating objetos.wlk","timeElapsed":120,"timestamp":"2026-06-18T18:29:12.804Z"}
{"level":"info","message":"⌛ Building environment","timeElapsed":134,"timestamp":"2026-06-18T18:29:12.938Z"}
{"level":"info","message":"⌛ Building environment","timeElapsed":148,"timestamp":"2026-06-18T18:29:13.087Z"}
{"level":"info","message":"⌛ Building environment","timeElapsed":137,"timestamp":"2026-06-18T18:29:13.231Z"}
{"level":"info","message":"⌛ Building environment","timeElapsed":139,"timestamp":"2026-06-18T18:29:13.370Z"}
{"level":"info","message":"⌛ Building environment","timeElapsed":130,"timestamp":"2026-06-18T18:29:13.521Z"}
{"level":"info","message":"⌛ Building environment","timeElapsed":140,"timestamp":"2026-06-18T18:29:13.776Z"}
{"level":"info","message":"⌛ Building environment","timeElapsed":136,"timestamp":"2026-06-18T18:29:14.012Z"}
{"level":"info","message":"⌛ Validating objetos.wlk","timeElapsed":102,"timestamp":"2026-06-18T18:29:14.114Z"}
{"level":"info","message":"⌛ Building environment","timeElapsed":143,"timestamp":"2026-06-18T18:29:14.564Z"}
{"level":"info","message":"⌛ Building environment","timeElapsed":166,"timestamp":"2026-06-18T18:29:14.896Z"}
{"level":"info","message":"⌛ Validating objetos.wlk","timeElapsed":113,"timestamp":"2026-06-18T18:29:15.012Z"}
{"level":"info","message":"⌛ Validating objetos.wlk","timeElapsed":101,"timestamp":"2026-06-18T18:29:15.114Z"}
{"level":"info","message":"⌛ Building environment","timeElapsed":157,"timestamp":"2026-06-18T18:29:17.278Z"}
{"level":"info","message":"⌛ Building environment","timeElapsed":135,"timestamp":"2026-06-18T18:29:17.434Z"}
{"level":"info","message":"⌛ Validating objetos.wlk","timeElapsed":106,"timestamp":"2026-06-18T18:29:17.540Z"}
{"level":"info","message":"⌛ Validating objetos.wlk","timeElapsed":105,"timestamp":"2026-06-18T18:29:17.645Z"}
{"level":"info","message":"⌛ Building environment","timeElapsed":131,"timestamp":"2026-06-18T18:29:18.421Z"}
{"level":"info","message":"⌛ Building environment","timeElapsed":148,"timestamp":"2026-06-18T18:29:20.676Z"}
{"level":"info","message":"⌛ Building environment","timeElapsed":294,"timestamp":"2026-06-18T19:06:37.090Z"}
{"level":"info","message":"⌛ Validating niveles.wlk","timeElapsed":104,"timestamp":"2026-06-18T19:06:37.241Z"}
{"level":"info","message":"⌛ Building environment","timeElapsed":248,"timestamp":"2026-06-18T19:06:38.398Z"}
{"level":"info","message":"⌛ Building environment","timeElapsed":248,"timestamp":"2026-06-18T19:06:38.680Z"}
{"level":"info","message":"⌛ Building environment","timeElapsed":283,"timestamp":"2026-06-18T19:06:38.970Z"}
{"level":"info","message":"⌛ Validating niveles.wlk","timeElapsed":114,"timestamp":"2026-06-18T19:06:39.089Z"}
{"level":"info","message":"⌛ Building environment","timeElapsed":241,"timestamp":"2026-06-18T19:06:39.331Z"}
{"level":"info","message":"⌛ Building environment","timeElapsed":255,"timestamp":"2026-06-18T19:06:39.587Z"}
{"level":"info","message":"⌛ Building environment","timeElapsed":228,"timestamp":"2026-06-18T19:06:39.820Z"}
{"level":"info","message":"⌛ Validating niveles.wlk","timeElapsed":110,"timestamp":"2026-06-18T19:06:39.931Z"}
{"level":"info","message":"⌛ Building environment","timeElapsed":219,"timestamp":"2026-06-18T19:06:40.149Z"}
{"level":"info","message":"⌛ Validating niveles.wlk","timeElapsed":112,"timestamp":"2026-06-18T19:06:40.297Z"}
{"level":"info","message":"⌛ Building environment","timeElapsed":269,"timestamp":"2026-06-18T19:06:40.567Z"}
{"level":"info","message":"⌛ Building environment","timeElapsed":255,"timestamp":"2026-06-18T19:06:40.823Z"}
{"level":"info","message":"⌛ Validating niveles.wlk","timeElapsed":111,"timestamp":"2026-06-18T19:06:40.935Z"}
{"level":"info","message":"⌛ Building environment","timeElapsed":255,"timestamp":"2026-06-18T19:06:41.190Z"}
{"level":"info","message":"⌛ Building environment","timeElapsed":272,"timestamp":"2026-06-18T19:06:41.463Z"}
{"level":"info","message":"⌛ Building environment","timeElapsed":225,"timestamp":"2026-06-18T19:06:41.792Z"}
{"level":"info","message":"⌛ Building environment","timeElapsed":222,"timestamp":"2026-06-18T19:06:42.014Z"}
{"level":"info","message":"⌛ Building environment","timeElapsed":229,"timestamp":"2026-06-18T19:06:42.352Z"}
{"level":"info","message":"⌛ Validating niveles.wlk","timeElapsed":126,"timestamp":"2026-06-18T19:06:42.479Z"}
{"level":"info","message":"⌛ Building environment","timeElapsed":239,"timestamp":"2026-06-18T19:06:42.719Z"}
{"level":"info","message":"⌛ Building environment","timeElapsed":221,"timestamp":"2026-06-18T19:06:42.945Z"}
{"level":"info","message":"⌛ Validating niveles.wlk","timeElapsed":102,"timestamp":"2026-06-18T19:06:43.047Z"}
{"level":"info","message":"⌛ Building environment","timeElapsed":230,"timestamp":"2026-06-18T19:06:43.278Z"}
{"level":"info","message":"⌛ Validating niveles.wlk","timeElapsed":105,"timestamp":"2026-06-18T19:06:43.388Z"}
{"level":"info","message":"⌛ Building environment","timeElapsed":224,"timestamp":"2026-06-18T19:06:43.634Z"}
{"level":"info","message":"⌛ Validating niveles.wlk","timeElapsed":106,"timestamp":"2026-06-18T19:06:43.854Z"}
{"level":"info","message":"⌛ Building environment","timeElapsed":224,"timestamp":"2026-06-18T19:06:44.383Z"}
{"level":"error","message":"✘ Completions for node Send ([160:8, 160:29] - niveles.wlk) failed: Error: [Send]{e0c8e3} at niveles.wlk:160 exhausted all cases without a match [Send]{e0c8e3} at niveles.wlk:160 exhausted all cases without a match","stack":"Error: [Send]{e0c8e3} at niveles.wlk:160 exhausted all cases without a match\n    at c:\\Users\\zagum\\.vscode\\extensions\\uqbar.wollok-lsp-ide-0.5.4\\out\\server\\src\\server.js:38:6142\n    at L2 (c:\\Users\\zagum\\.vscode\\extensions\\uqbar.wollok-lsp-ide-0.5.4\\out\\server\\src\\server.js:2389:42)\n    at c:\\Users\\zagum\\.vscode\\extensions\\uqbar.wollok-lsp-ide-0.5.4\\out\\server\\src\\server.js:2389:2988\n    at c:\\Users\\zagum\\.vscode\\extensions\\uqbar.wollok-lsp-ide-0.5.4\\out\\server\\src\\server.js:2398:8440\n    at c:\\Users\\zagum\\.vscode\\extensions\\uqbar.wollok-lsp-ide-0.5.4\\out\\server\\src\\server.js:37:74872\n    at Ke (c:\\Users\\zagum\\.vscode\\extensions\\uqbar.wollok-lsp-ide-0.5.4\\out\\server\\src\\server.js:7:8527)\n    at Lt (c:\\Users\\zagum\\.vscode\\extensions\\uqbar.wollok-lsp-ide-0.5.4\\out\\server\\src\\server.js:7:6189)\n    at ct (c:\\Users\\zagum\\.vscode\\extensions\\uqbar.wollok-lsp-ide-0.5.4\\out\\server\\src\\server.js:7:6378)\n    at Immediate._onImmediate (c:\\Users\\zagum\\.vscode\\extensions\\uqbar.wollok-lsp-ide-0.5.4\\out\\server\\src\\server.js:7:6142)\n    at process.processImmediate (node:internal/timers:504:21)","timestamp":"2026-06-18T19:06:44.415Z"}
{"level":"info","message":"⌛ Validating niveles.wlk","timeElapsed":103,"timestamp":"2026-06-18T19:06:44.520Z"}
{"level":"info","message":"⌛ Building environment","timeElapsed":215,"timestamp":"2026-06-18T19:06:44.736Z"}
{"level":"info","message":"⌛ Building environment","timeElapsed":232,"timestamp":"2026-06-18T19:06:44.968Z"}
{"level":"info","message":"⌛ Building environment","timeElapsed":237,"timestamp":"2026-06-18T19:06:45.206Z"}
{"level":"info","message":"⌛ Validating niveles.wlk","timeElapsed":104,"timestamp":"2026-06-18T19:06:45.309Z"}
{"level":"info","message":"⌛ Building environment","timeElapsed":293,"timestamp":"2026-06-18T19:06:45.602Z"}
{"level":"info","message":"⌛ Building environment","timeElapsed":259,"timestamp":"2026-06-18T19:06:45.867Z"}
{"level":"info","message":"⌛ Building environment","timeElapsed":220,"timestamp":"2026-06-18T19:06:46.184Z"}
{"level":"info","message":"⌛ Building environment","timeElapsed":218,"timestamp":"2026-06-18T19:06:46.407Z"}
{"level":"info","message":"⌛ Building environment","timeElapsed":220,"timestamp":"2026-06-18T19:06:46.628Z"}
{"level":"info","message":"⌛ Building environment","timeElapsed":233,"timestamp":"2026-06-18T19:07:38.683Z"}
{"level":"info","message":"⌛ Building environment","timeElapsed":289,"timestamp":"2026-06-18T19:10:40.468Z"}
{"level":"info","message":"⌛ Building environment","timeElapsed":281,"timestamp":"2026-06-18T19:10:40.750Z"}
{"level":"info","message":"⌛ Validating niveles.wlk","timeElapsed":103,"timestamp":"2026-06-18T19:10:40.853Z"}
{"level":"info","message":"⌛ Building environment","timeElapsed":273,"timestamp":"2026-06-18T19:10:41.127Z"}
{"level":"info","message":"⌛ Building environment","timeElapsed":236,"timestamp":"2026-06-18T19:10:41.365Z"}
{"level":"info","message":"⌛ Building environment","timeElapsed":228,"timestamp":"2026-06-18T19:10:41.694Z"}
{"level":"info","message":"⌛ Building environment","timeElapsed":227,"timestamp":"2026-06-18T19:10:41.941Z"}
{"level":"info","message":"⌛ Building environment","timeElapsed":230,"timestamp":"2026-06-18T19:10:42.378Z"}
{"level":"info","message":"⌛ Building environment","timeElapsed":207,"timestamp":"2026-06-18T19:10:42.685Z"}
{"level":"info","message":"⌛ Building environment","timeElapsed":240,"timestamp":"2026-06-18T19:10:45.515Z"}
{"level":"info","message":"⌛ Building environment","timeElapsed":231,"timestamp":"2026-06-18T19:10:55.438Z"}
{"level":"info","message":"⌛ Building environment","timeElapsed":159,"timestamp":"2026-06-18T19:11:07.001Z"}
{"level":"info","message":"⌛ Validating objetos.wlk","timeElapsed":106,"timestamp":"2026-06-18T19:11:07.108Z"}
{"level":"info","message":"⌛ Building environment","timeElapsed":141,"timestamp":"2026-06-18T19:11:07.498Z"}
{"level":"info","message":"⌛ Validating objetos.wlk","timeElapsed":102,"timestamp":"2026-06-18T19:11:07.601Z"}
{"level":"info","message":"⌛ Building environment","timeElapsed":133,"timestamp":"2026-06-18T19:11:07.734Z"}
{"level":"info","message":"⌛ Validating objetos.wlk","timeElapsed":104,"timestamp":"2026-06-18T19:11:07.840Z"}
{"level":"info","message":"⌛ Building environment","timeElapsed":153,"timestamp":"2026-06-18T19:11:08.215Z"}
{"level":"info","message":"⌛ Validating objetos.wlk","timeElapsed":104,"timestamp":"2026-06-18T19:11:08.321Z"}
{"level":"info","message":"⌛ Building environment","timeElapsed":180,"timestamp":"2026-06-18T19:11:09.152Z"}
{"level":"error","message":"✘ Failed to rebuild document Failed to parse objetos.wlk: \n-- PARSING FAILED --------------------------------------------------\n\nGot the end of the input\n\nExpected one of the following: \n\n' ', '@', 'const', 'method', 'override', 'var', '{', '}', any character/byte, comment, whitespace\n","stack":"Error: Failed to parse objetos.wlk: \n-- PARSING FAILED --------------------------------------------------\n\nGot the end of the input\n\nExpected one of the following: \n\n' ', '@', 'const', 'method', 'override', 'var', '{', '}', any character/byte, comment, whitespace\n\n    at c:\\Users\\zagum\\.vscode\\extensions\\uqbar.wollok-lsp-ide-0.5.4\\out\\server\\src\\server.js:2353:13026\n    at Array.map (<anonymous>)\n    at U1n (c:\\Users\\zagum\\.vscode\\extensions\\uqbar.wollok-lsp-ide-0.5.4\\out\\server\\src\\server.js:2353:12950)\n    at H2.buildEnvironmentFrom (c:\\Users\\zagum\\.vscode\\extensions\\uqbar.wollok-lsp-ide-0.5.4\\out\\server\\src\\server.js:2398:5254)\n    at H2.updateEnvironmentWith (c:\\Users\\zagum\\.vscode\\extensions\\uqbar.wollok-lsp-ide-0.5.4\\out\\server\\src\\server.js:2398:4989)\n    at GF (c:\\Users\\zagum\\.vscode\\extensions\\uqbar.wollok-lsp-ide-0.5.4\\out\\server\\src\\server.js:2398:7383)\n    at V3.invoke (c:\\Users\\zagum\\.vscode\\extensions\\uqbar.wollok-lsp-ide-0.5.4\\out\\server\\src\\server.js:3:157328)\n    at o.fire (c:\\Users\\zagum\\.vscode\\extensions\\uqbar.wollok-lsp-ide-0.5.4\\out\\server\\src\\server.js:3:158098)\n    at c:\\Users\\zagum\\.vscode\\extensions\\uqbar.wollok-lsp-ide-0.5.4\\out\\server\\src\\server.js:37:57871\n    at nd (c:\\Users\\zagum\\.vscode\\extensions\\uqbar.wollok-lsp-ide-0.5.4\\out\\server\\src\\server.js:8:1561)","timestamp":"2026-06-18T19:11:11.785Z"}
{"level":"info","message":"⌛ Building environment","timeElapsed":131,"timestamp":"2026-06-18T19:11:12.497Z"}
{"level":"info","message":"⌛ Validating objetos.wlk","timeElapsed":105,"timestamp":"2026-06-18T19:11:12.627Z"}
{"level":"info","message":"⌛ Building environment","timeElapsed":125,"timestamp":"2026-06-18T19:11:13.302Z"}
{"level":"info","message":"⌛ Building environment","timeElapsed":200,"timestamp":"2026-06-18T19:11:13.668Z"}
{"level":"info","message":"⌛ Validating objetos.wlk","timeElapsed":113,"timestamp":"2026-06-18T19:11:13.788Z"}
{"level":"info","message":"⌛ Building environment","timeElapsed":127,"timestamp":"2026-06-18T19:11:13.920Z"}
{"level":"info","message":"⌛ Building environment","timeElapsed":155,"timestamp":"2026-06-18T19:11:19.514Z"}
{"level":"info","message":"⌛ Building environment","timeElapsed":133,"timestamp":"2026-06-18T19:11:19.689Z"}
{"level":"info","message":"⌛ Building environment","timeElapsed":133,"timestamp":"2026-06-18T19:11:19.912Z"}
{"level":"info","message":"⌛ Building environment","timeElapsed":136,"timestamp":"2026-06-18T19:11:20.142Z"}
{"level":"info","message":"⌛ Building environment","timeElapsed":126,"timestamp":"2026-06-18T19:11:22.464Z"}
{"level":"info","message":"⌛ Building environment","timeElapsed":144,"timestamp":"2026-06-18T19:11:22.704Z"}
{"level":"info","message":"⌛ Validating objetos.wlk","timeElapsed":101,"timestamp":"2026-06-18T19:11:22.829Z"}
{"level":"info","message":"⌛ Building environment","timeElapsed":124,"timestamp":"2026-06-18T19:11:26.389Z"}
{"level":"info","message":"⌛ Building environment","timeElapsed":130,"timestamp":"2026-06-18T19:11:26.617Z"}
{"level":"info","message":"⌛ Building environment","timeElapsed":133,"timestamp":"2026-06-18T19:11:27.026Z"}
{"level":"info","message":"⌛ Validating objetos.wlk","timeElapsed":104,"timestamp":"2026-06-18T19:11:27.132Z"}
{"level":"info","message":"⌛ Building environment","timeElapsed":131,"timestamp":"2026-06-18T19:11:27.982Z"}
{"level":"info","message":"⌛ Building environment","timeElapsed":130,"timestamp":"2026-06-18T19:11:28.112Z"}
{"level":"info","message":"⌛ Validating objetos.wlk","timeElapsed":154,"timestamp":"2026-06-18T19:11:28.268Z"}
{"level":"info","message":"⌛ Validating objetos.wlk","timeElapsed":102,"timestamp":"2026-06-18T19:11:28.371Z"}
{"level":"info","message":"⌛ Building environment","timeElapsed":165,"timestamp":"2026-06-18T19:11:28.536Z"}
{"level":"info","message":"⌛ Building environment","timeElapsed":215,"timestamp":"2026-06-18T19:11:40.857Z"}
{"level":"info","message":"⌛ Building environment","timeElapsed":144,"timestamp":"2026-06-18T19:11:54.104Z"}
{"level":"info","message":"⌛ Building environment","timeElapsed":364,"timestamp":"2026-06-18T19:12:43.732Z"}
{"level":"info","message":"Removing diagnostics from /C:/Users/zagum/OneDrive/Documentos/Santiago/Cosas/Tareas/Programacion Objetos1/pruebaJuego/assets/Salidas9.png","timestamp":"2026-06-18T19:12:43.886Z"}
{"level":"info","message":"⌛ Building environment","timeElapsed":163,"timestamp":"2026-06-18T19:12:44.050Z"}
{"level":"info","message":"⌛ Validating gestorAnimacion.wlk","timeElapsed":109,"timestamp":"2026-06-18T19:12:44.447Z"}
{"level":"info","message":"⌛ Building environment","timeElapsed":446,"timestamp":"2026-06-18T19:12:49.382Z"}
{"level":"info","message":"Removing diagnostics from /C:/Users/zagum/OneDrive/Documentos/Santiago/Cosas/Tareas/Programacion Objetos1/pruebaJuego/assets/Salidas10.png","timestamp":"2026-06-18T19:12:49.496Z"}
{"level":"info","message":"⌛ Building environment","timeElapsed":237,"timestamp":"2026-06-18T19:13:07.431Z"}
{"level":"info","message":"⌛ Validating niveles.wlk","timeElapsed":106,"timestamp":"2026-06-18T19:13:07.538Z"}
{"level":"info","message":"⌛ Building environment","timeElapsed":226,"timestamp":"2026-06-18T19:13:09.798Z"}
{"level":"info","message":"⌛ Building environment","timeElapsed":269,"timestamp":"2026-06-18T19:13:10.072Z"}
{"level":"info","message":"⌛ Validating niveles.wlk","timeElapsed":114,"timestamp":"2026-06-18T19:13:10.186Z"}
{"level":"info","message":"⌛ Building environment","timeElapsed":219,"timestamp":"2026-06-18T19:13:16.646Z"}
{"level":"info","message":"⌛ Building environment","timeElapsed":245,"timestamp":"2026-06-18T19:13:16.891Z"}
{"level":"info","message":"⌛ Building environment","timeElapsed":297,"timestamp":"2026-06-18T19:15:10.402Z"}
{"level":"info","message":"⌛ Validating niveles.wlk","timeElapsed":110,"timestamp":"2026-06-18T19:15:10.558Z"}
{"level":"info","message":"⌛ Building environment","timeElapsed":255,"timestamp":"2026-06-18T19:15:16.119Z"}
{"level":"error","message":"✘ Completions for node If ([454:9, 457:10] - niveles.wlk) failed: Error: [If]{7491fe} at niveles.wlk:454 exhausted all cases without a match [If]{7491fe} at niveles.wlk:454 exhausted all cases without a match","stack":"Error: [If]{7491fe} at niveles.wlk:454 exhausted all cases without a match\n    at c:\\Users\\zagum\\.vscode\\extensions\\uqbar.wollok-lsp-ide-0.5.4\\out\\server\\src\\server.js:38:6142\n    at L2 (c:\\Users\\zagum\\.vscode\\extensions\\uqbar.wollok-lsp-ide-0.5.4\\out\\server\\src\\server.js:2389:42)\n    at Jh (c:\\Users\\zagum\\.vscode\\extensions\\uqbar.wollok-lsp-ide-0.5.4\\out\\server\\src\\server.js:2389:1092)\n    at v5n (c:\\Users\\zagum\\.vscode\\extensions\\uqbar.wollok-lsp-ide-0.5.4\\out\\server\\src\\server.js:2389:818)\n    at c:\\Users\\zagum\\.vscode\\extensions\\uqbar.wollok-lsp-ide-0.5.4\\out\\server\\src\\server.js:38:6131\n    at L2 (c:\\Users\\zagum\\.vscode\\extensions\\uqbar.wollok-lsp-ide-0.5.4\\out\\server\\src\\server.js:2389:42)\n    at Jh (c:\\Users\\zagum\\.vscode\\extensions\\uqbar.wollok-lsp-ide-0.5.4\\out\\server\\src\\server.js:2389:1092)\n    at M5n (c:\\Users\\zagum\\.vscode\\extensions\\uqbar.wollok-lsp-ide-0.5.4\\out\\server\\src\\server.js:2389:1248)\n    at c:\\Users\\zagum\\.vscode\\extensions\\uqbar.wollok-lsp-ide-0.5.4\\out\\server\\src\\server.js:38:6131\n    at L2 (c:\\Users\\zagum\\.vscode\\extensions\\uqbar.wollok-lsp-ide-0.5.4\\out\\server\\src\\server.js:2389:42)","timestamp":"2026-06-18T19:15:16.150Z"}
{"level":"info","message":"⌛ Building environment","timeElapsed":241,"timestamp":"2026-06-18T19:15:16.394Z"}
{"level":"info","message":"⌛ Building environment","timeElapsed":244,"timestamp":"2026-06-18T19:15:16.645Z"}
{"level":"info","message":"⌛ Validating niveles.wlk","timeElapsed":108,"timestamp":"2026-06-18T19:15:16.752Z"}
{"level":"info","message":"⌛ Building environment","timeElapsed":233,"timestamp":"2026-06-18T19:15:16.986Z"}
{"level":"info","message":"⌛ Validating niveles.wlk","timeElapsed":103,"timestamp":"2026-06-18T19:15:17.088Z"}
{"level":"info","message":"⌛ Validating niveles.wlk","timeElapsed":111,"timestamp":"2026-06-18T19:15:17.205Z"}
{"level":"info","message":"⌛ Building environment","timeElapsed":225,"timestamp":"2026-06-18T19:15:17.430Z"}
{"level":"info","message":"⌛ Building environment","timeElapsed":250,"timestamp":"2026-06-18T19:15:17.805Z"}
{"level":"error","message":"✘ Completions for node If ([454:9, 457:10] - niveles.wlk) failed: Error: [If]{c820c5} at niveles.wlk:454 exhausted all cases without a match [If]{c820c5} at niveles.wlk:454 exhausted all cases without a match","stack":"Error: [If]{c820c5} at niveles.wlk:454 exhausted all cases without a match\n    at c:\\Users\\zagum\\.vscode\\extensions\\uqbar.wollok-lsp-ide-0.5.4\\out\\server\\src\\server.js:38:6142\n    at L2 (c:\\Users\\zagum\\.vscode\\extensions\\uqbar.wollok-lsp-ide-0.5.4\\out\\server\\src\\server.js:2389:42)\n    at Jh (c:\\Users\\zagum\\.vscode\\extensions\\uqbar.wollok-lsp-ide-0.5.4\\out\\server\\src\\server.js:2389:1092)\n    at v5n (c:\\Users\\zagum\\.vscode\\extensions\\uqbar.wollok-lsp-ide-0.5.4\\out\\server\\src\\server.js:2389:818)\n    at c:\\Users\\zagum\\.vscode\\extensions\\uqbar.wollok-lsp-ide-0.5.4\\out\\server\\src\\server.js:38:6131\n    at L2 (c:\\Users\\zagum\\.vscode\\extensions\\uqbar.wollok-lsp-ide-0.5.4\\out\\server\\src\\server.js:2389:42)\n    at Jh (c:\\Users\\zagum\\.vscode\\extensions\\uqbar.wollok-lsp-ide-0.5.4\\out\\server\\src\\server.js:2389:1092)\n    at M5n (c:\\Users\\zagum\\.vscode\\extensions\\uqbar.wollok-lsp-ide-0.5.4\\out\\server\\src\\server.js:2389:1248)\n    at c:\\Users\\zagum\\.vscode\\extensions\\uqbar.wollok-lsp-ide-0.5.4\\out\\server\\src\\server.js:38:6131\n    at L2 (c:\\Users\\zagum\\.vscode\\extensions\\uqbar.wollok-lsp-ide-0.5.4\\out\\server\\src\\server.js:2389:42)","timestamp":"2026-06-18T19:15:17.842Z"}
{"level":"info","message":"⌛ Building environment","timeElapsed":226,"timestamp":"2026-06-18T19:15:18.071Z"}
{"level":"info","message":"⌛ Building environment","timeElapsed":223,"timestamp":"2026-06-18T19:15:18.396Z"}
{"level":"info","message":"⌛ Building environment","timeElapsed":221,"timestamp":"2026-06-18T19:15:18.636Z"}
{"level":"info","message":"⌛ Building environment","timeElapsed":257,"timestamp":"2026-06-18T19:15:18.894Z"}
{"level":"info","message":"⌛ Validating niveles.wlk","timeElapsed":107,"timestamp":"2026-06-18T19:15:19.008Z"}
{"level":"info","message":"⌛ Validating niveles.wlk","timeElapsed":106,"timestamp":"2026-06-18T19:15:19.131Z"}
{"level":"info","message":"⌛ Validating niveles.wlk","timeElapsed":106,"timestamp":"2026-06-18T19:15:19.254Z"}
{"level":"info","message":"⌛ Building environment","timeElapsed":224,"timestamp":"2026-06-18T19:15:19.491Z"}
{"level":"info","message":"⌛ Building environment","timeElapsed":232,"timestamp":"2026-06-18T19:15:19.919Z"}
{"level":"info","message":"⌛ Building environment","timeElapsed":246,"timestamp":"2026-06-18T19:15:20.171Z"}
{"level":"info","message":"⌛ Building environment","timeElapsed":228,"timestamp":"2026-06-18T19:15:20.506Z"}
{"level":"error","message":"✘ Completions for node Assignment ([456:13, 456:25] - niveles.wlk) failed: Error: [Assignment]{143b69} at niveles.wlk:456 exhausted all cases without a match [Assignment]{143b69} at niveles.wlk:456 exhausted all cases without a match","stack":"Error: [Assignment]{143b69} at niveles.wlk:456 exhausted all cases without a match\n    at c:\\Users\\zagum\\.vscode\\extensions\\uqbar.wollok-lsp-ide-0.5.4\\out\\server\\src\\server.js:38:6142\n    at L2 (c:\\Users\\zagum\\.vscode\\extensions\\uqbar.wollok-lsp-ide-0.5.4\\out\\server\\src\\server.js:2389:42)\n    at Jh (c:\\Users\\zagum\\.vscode\\extensions\\uqbar.wollok-lsp-ide-0.5.4\\out\\server\\src\\server.js:2389:1092)\n    at M5n (c:\\Users\\zagum\\.vscode\\extensions\\uqbar.wollok-lsp-ide-0.5.4\\out\\server\\src\\server.js:2389:1248)\n    at c:\\Users\\zagum\\.vscode\\extensions\\uqbar.wollok-lsp-ide-0.5.4\\out\\server\\src\\server.js:38:6131\n    at L2 (c:\\Users\\zagum\\.vscode\\extensions\\uqbar.wollok-lsp-ide-0.5.4\\out\\server\\src\\server.js:2389:42)\n    at c:\\Users\\zagum\\.vscode\\extensions\\uqbar.wollok-lsp-ide-0.5.4\\out\\server\\src\\server.js:2389:2988\n    at c:\\Users\\zagum\\.vscode\\extensions\\uqbar.wollok-lsp-ide-0.5.4\\out\\server\\src\\server.js:2398:8440\n    at c:\\Users\\zagum\\.vscode\\extensions\\uqbar.wollok-lsp-ide-0.5.4\\out\\server\\src\\server.js:37:74872\n    at Ke (c:\\Users\\zagum\\.vscode\\extensions\\uqbar.wollok-lsp-ide-0.5.4\\out\\server\\src\\server.js:7:8527)","timestamp":"2026-06-18T19:15:20.568Z"}
{"level":"error","message":"✘ Completions for node If ([454:9, 457:10] - niveles.wlk) failed: Error: [If]{b51b42} at niveles.wlk:454 exhausted all cases without a match [If]{b51b42} at niveles.wlk:454 exhausted all cases without a match","stack":"Error: [If]{b51b42} at niveles.wlk:454 exhausted all cases without a match\n    at c:\\Users\\zagum\\.vscode\\extensions\\uqbar.wollok-lsp-ide-0.5.4\\out\\server\\src\\server.js:38:6142\n    at L2 (c:\\Users\\zagum\\.vscode\\extensions\\uqbar.wollok-lsp-ide-0.5.4\\out\\server\\src\\server.js:2389:42)\n    at Jh (c:\\Users\\zagum\\.vscode\\extensions\\uqbar.wollok-lsp-ide-0.5.4\\out\\server\\src\\server.js:2389:1092)\n    at v5n (c:\\Users\\zagum\\.vscode\\extensions\\uqbar.wollok-lsp-ide-0.5.4\\out\\server\\src\\server.js:2389:818)\n    at c:\\Users\\zagum\\.vscode\\extensions\\uqbar.wollok-lsp-ide-0.5.4\\out\\server\\src\\server.js:38:6131\n    at L2 (c:\\Users\\zagum\\.vscode\\extensions\\uqbar.wollok-lsp-ide-0.5.4\\out\\server\\src\\server.js:2389:42)\n    at Jh (c:\\Users\\zagum\\.vscode\\extensions\\uqbar.wollok-lsp-ide-0.5.4\\out\\server\\src\\server.js:2389:1092)\n    at L2 (c:\\Users\\zagum\\.vscode\\extensions\\uqbar.wollok-lsp-ide-0.5.4\\out\\server\\src\\server.js:2389:544)\n    at Jh (c:\\Users\\zagum\\.vscode\\extensions\\uqbar.wollok-lsp-ide-0.5.4\\out\\server\\src\\server.js:2389:1092)\n    at M5n (c:\\Users\\zagum\\.vscode\\extensions\\uqbar.wollok-lsp-ide-0.5.4\\out\\server\\src\\server.js:2389:1248)","timestamp":"2026-06-18T19:15:20.568Z"}
{"level":"info","message":"⌛ Building environment","timeElapsed":258,"timestamp":"2026-06-18T19:15:20.830Z"}
{"level":"info","message":"⌛ Validating niveles.wlk","timeElapsed":107,"timestamp":"2026-06-18T19:15:20.936Z"}
{"level":"info","message":"⌛ Building environment","timeElapsed":244,"timestamp":"2026-06-18T19:15:21.181Z"}
{"level":"info","message":"⌛ Building environment","timeElapsed":278,"timestamp":"2026-06-18T19:15:21.458Z"}
{"level":"info","message":"⌛ Building environment","timeElapsed":228,"timestamp":"2026-06-18T19:15:21.691Z"}
{"level":"info","message":"⌛ Validating niveles.wlk","timeElapsed":110,"timestamp":"2026-06-18T19:15:21.802Z"}
{"level":"info","message":"⌛ Validating niveles.wlk","timeElapsed":104,"timestamp":"2026-06-18T19:15:22.023Z"}
{"level":"info","message":"⌛ Validating niveles.wlk","timeElapsed":103,"timestamp":"2026-06-18T19:15:22.266Z"}
{"level":"info","message":"⌛ Building environment","timeElapsed":228,"timestamp":"2026-06-18T19:15:24.447Z"}
{"level":"info","message":"⌛ Validating niveles.wlk","timeElapsed":105,"timestamp":"2026-06-18T19:15:24.554Z"}
{"level":"info","message":"⌛ Building environment","timeElapsed":219,"timestamp":"2026-06-18T19:15:25.034Z"}
{"level":"info","message":"⌛ Building environment","timeElapsed":242,"timestamp":"2026-06-18T19:15:25.306Z"}
{"level":"info","message":"⌛ Building environment","timeElapsed":227,"timestamp":"2026-06-18T19:15:25.534Z"}
{"level":"info","message":"⌛ Validating niveles.wlk","timeElapsed":108,"timestamp":"2026-06-18T19:15:25.763Z"}
{"level":"info","message":"⌛ Building environment","timeElapsed":253,"timestamp":"2026-06-18T19:15:26.018Z"}
{"level":"info","message":"⌛ Building environment","timeElapsed":231,"timestamp":"2026-06-18T19:15:26.343Z"}
{"level":"info","message":"⌛ Building environment","timeElapsed":232,"timestamp":"2026-06-18T19:15:26.575Z"}
{"level":"info","message":"⌛ Building environment","timeElapsed":286,"timestamp":"2026-06-18T19:15:26.948Z"}
{"level":"info","message":"⌛ Validating niveles.wlk","timeElapsed":112,"timestamp":"2026-06-18T19:15:27.060Z"}
{"level":"info","message":"⌛ Validating niveles.wlk","timeElapsed":112,"timestamp":"2026-06-18T19:15:27.177Z"}
{"level":"info","message":"⌛ Building environment","timeElapsed":257,"timestamp":"2026-06-18T19:15:27.434Z"}
{"level":"info","message":"⌛ Building environment","timeElapsed":236,"timestamp":"2026-06-18T19:15:27.676Z"}
{"level":"info","message":"⌛ Validating niveles.wlk","timeElapsed":103,"timestamp":"2026-06-18T19:15:27.779Z"}
{"level":"info","message":"⌛ Building environment","timeElapsed":228,"timestamp":"2026-06-18T19:15:28.007Z"}
{"level":"info","message":"⌛ Building environment","timeElapsed":264,"timestamp":"2026-06-18T19:15:28.276Z"}
{"level":"info","message":"⌛ Building environment","timeElapsed":239,"timestamp":"2026-06-18T19:15:28.543Z"}
{"level":"info","message":"⌛ Validating niveles.wlk","timeElapsed":116,"timestamp":"2026-06-18T19:15:28.659Z"}
{"level":"info","message":"⌛ Building environment","timeElapsed":221,"timestamp":"2026-06-18T19:15:28.881Z"}
{"level":"info","message":"⌛ Validating niveles.wlk","timeElapsed":131,"timestamp":"2026-06-18T19:15:29.016Z"}
{"level":"info","message":"⌛ Building environment","timeElapsed":250,"timestamp":"2026-06-18T19:15:29.267Z"}
{"level":"info","message":"⌛ Building environment","timeElapsed":229,"timestamp":"2026-06-18T19:15:29.497Z"}
{"level":"info","message":"⌛ Building environment","timeElapsed":220,"timestamp":"2026-06-18T19:15:29.816Z"}
{"level":"info","message":"⌛ Building environment","timeElapsed":215,"timestamp":"2026-06-18T19:15:30.135Z"}
{"level":"info","message":"⌛ Validating niveles.wlk","timeElapsed":104,"timestamp":"2026-06-18T19:15:30.243Z"}
{"level":"info","message":"⌛ Building environment","timeElapsed":236,"timestamp":"2026-06-18T19:15:30.598Z"}
{"level":"info","message":"⌛ Building environment","timeElapsed":227,"timestamp":"2026-06-18T19:15:30.864Z"}
{"level":"info","message":"⌛ Validating niveles.wlk","timeElapsed":106,"timestamp":"2026-06-18T19:15:31.087Z"}
{"level":"info","message":"⌛ Validating niveles.wlk","timeElapsed":104,"timestamp":"2026-06-18T19:15:31.332Z"}
{"level":"info","message":"⌛ Validating niveles.wlk","timeElapsed":104,"timestamp":"2026-06-18T19:15:31.559Z"}
{"level":"info","message":"⌛ Building environment","timeElapsed":302,"timestamp":"2026-06-18T19:15:37.609Z"}
{"level":"info","message":"⌛ Building environment","timeElapsed":248,"timestamp":"2026-06-18T19:15:38.646Z"}
{"level":"info","message":"⌛ Building environment","timeElapsed":233,"timestamp":"2026-06-18T19:15:38.911Z"}
{"level":"info","message":"⌛ Validating niveles.wlk","timeElapsed":103,"timestamp":"2026-06-18T19:15:39.014Z"}
{"level":"info","message":"⌛ Building environment","timeElapsed":238,"timestamp":"2026-06-18T19:15:39.366Z"}
{"level":"info","message":"⌛ Building environment","timeElapsed":232,"timestamp":"2026-06-18T19:15:39.606Z"}
{"level":"info","message":"⌛ Building environment","timeElapsed":243,"timestamp":"2026-06-18T19:15:40.265Z"}
{"level":"error","message":"✘ Completions for node If ([455:9, 459:10] - niveles.wlk) failed: Error: [If]{d1ab9f} at niveles.wlk:455 exhausted all cases without a match [If]{d1ab9f} at niveles.wlk:455 exhausted all cases without a match","stack":"Error: [If]{d1ab9f} at niveles.wlk:455 exhausted all cases without a match\n    at c:\\Users\\zagum\\.vscode\\extensions\\uqbar.wollok-lsp-ide-0.5.4\\out\\server\\src\\server.js:38:6142\n    at L2 (c:\\Users\\zagum\\.vscode\\extensions\\uqbar.wollok-lsp-ide-0.5.4\\out\\server\\src\\server.js:2389:42)\n    at Jh (c:\\Users\\zagum\\.vscode\\extensions\\uqbar.wollok-lsp-ide-0.5.4\\out\\server\\src\\server.js:2389:1092)\n    at M5n (c:\\Users\\zagum\\.vscode\\extensions\\uqbar.wollok-lsp-ide-0.5.4\\out\\server\\src\\server.js:2389:1248)\n    at c:\\Users\\zagum\\.vscode\\extensions\\uqbar.wollok-lsp-ide-0.5.4\\out\\server\\src\\server.js:38:6131\n    at L2 (c:\\Users\\zagum\\.vscode\\extensions\\uqbar.wollok-lsp-ide-0.5.4\\out\\server\\src\\server.js:2389:42)\n    at c:\\Users\\zagum\\.vscode\\extensions\\uqbar.wollok-lsp-ide-0.5.4\\out\\server\\src\\server.js:2389:2988\n    at c:\\Users\\zagum\\.vscode\\extensions\\uqbar.wollok-lsp-ide-0.5.4\\out\\server\\src\\server.js:2398:8440\n    at c:\\Users\\zagum\\.vscode\\extensions\\uqbar.wollok-lsp-ide-0.5.4\\out\\server\\src\\server.js:37:74872\n    at Ke (c:\\Users\\zagum\\.vscode\\extensions\\uqbar.wollok-lsp-ide-0.5.4\\out\\server\\src\\server.js:7:8527)","timestamp":"2026-06-18T19:15:40.297Z"}
{"level":"info","message":"⌛ Building environment","timeElapsed":263,"timestamp":"2026-06-18T19:15:40.563Z"}
{"level":"info","message":"⌛ Building environment","timeElapsed":276,"timestamp":"2026-06-18T19:15:40.840Z"}
{"level":"info","message":"⌛ Building environment","timeElapsed":232,"timestamp":"2026-06-18T19:15:41.172Z"}
{"level":"info","message":"⌛ Validating niveles.wlk","timeElapsed":101,"timestamp":"2026-06-18T19:15:41.274Z"}
{"level":"info","message":"⌛ Building environment","timeElapsed":224,"timestamp":"2026-06-18T19:15:41.498Z"}
{"level":"info","message":"⌛ Building environment","timeElapsed":250,"timestamp":"2026-06-18T19:15:41.753Z"}
{"level":"info","message":"⌛ Validating niveles.wlk","timeElapsed":113,"timestamp":"2026-06-18T19:15:41.867Z"}
{"level":"info","message":"⌛ Building environment","timeElapsed":220,"timestamp":"2026-06-18T19:15:42.087Z"}
{"level":"info","message":"⌛ Building environment","timeElapsed":222,"timestamp":"2026-06-18T19:15:42.308Z"}
{"level":"info","message":"⌛ Building environment","timeElapsed":224,"timestamp":"2026-06-18T19:15:42.727Z"}
{"level":"info","message":"⌛ Validating niveles.wlk","timeElapsed":102,"timestamp":"2026-06-18T19:15:42.946Z"}
{"level":"info","message":"⌛ Validating niveles.wlk","timeElapsed":103,"timestamp":"2026-06-18T19:15:43.062Z"}
{"level":"info","message":"⌛ Building environment","timeElapsed":236,"timestamp":"2026-06-18T19:15:44.013Z"}
{"level":"info","message":"⌛ Validating niveles.wlk","timeElapsed":109,"timestamp":"2026-06-18T19:15:44.128Z"}
{"level":"info","message":"⌛ Building environment","timeElapsed":247,"timestamp":"2026-06-18T19:15:44.410Z"}
{"level":"info","message":"⌛ Building environment","timeElapsed":270,"timestamp":"2026-06-18T19:15:44.852Z"}
{"level":"info","message":"⌛ Building environment","timeElapsed":249,"timestamp":"2026-06-18T19:15:45.104Z"}
{"level":"error","message":"✘ Completions for node Send ([455:13, 455:26] - niveles.wlk) failed: Error: [Send]{3b3685} at niveles.wlk:455 exhausted all cases without a match [Send]{3b3685} at niveles.wlk:455 exhausted all cases without a match","stack":"Error: [Send]{3b3685} at niveles.wlk:455 exhausted all cases without a match\n    at c:\\Users\\zagum\\.vscode\\extensions\\uqbar.wollok-lsp-ide-0.5.4\\out\\server\\src\\server.js:38:6142\n    at L2 (c:\\Users\\zagum\\.vscode\\extensions\\uqbar.wollok-lsp-ide-0.5.4\\out\\server\\src\\server.js:2389:42)\n    at Jh (c:\\Users\\zagum\\.vscode\\extensions\\uqbar.wollok-lsp-ide-0.5.4\\out\\server\\src\\server.js:2389:1092)\n    at M5n (c:\\Users\\zagum\\.vscode\\extensions\\uqbar.wollok-lsp-ide-0.5.4\\out\\server\\src\\server.js:2389:1248)\n    at c:\\Users\\zagum\\.vscode\\extensions\\uqbar.wollok-lsp-ide-0.5.4\\out\\server\\src\\server.js:38:6131\n    at L2 (c:\\Users\\zagum\\.vscode\\extensions\\uqbar.wollok-lsp-ide-0.5.4\\out\\server\\src\\server.js:2389:42)\n    at c:\\Users\\zagum\\.vscode\\extensions\\uqbar.wollok-lsp-ide-0.5.4\\out\\server\\src\\server.js:2389:2988\n    at c:\\Users\\zagum\\.vscode\\extensions\\uqbar.wollok-lsp-ide-0.5.4\\out\\server\\src\\server.js:2398:8440\n    at c:\\Users\\zagum\\.vscode\\extensions\\uqbar.wollok-lsp-ide-0.5.4\\out\\server\\src\\server.js:37:74872\n    at Ke (c:\\Users\\zagum\\.vscode\\extensions\\uqbar.wollok-lsp-ide-0.5.4\\out\\server\\src\\server.js:7:8527)","timestamp":"2026-06-18T19:15:45.156Z"}
{"level":"error","message":"✘ Completions for node If ([455:9, 459:10] - niveles.wlk) failed: Error: [If]{94a6e2} at niveles.wlk:455 exhausted all cases without a match [If]{94a6e2} at niveles.wlk:455 exhausted all cases without a match","stack":"Error: [If]{94a6e2} at niveles.wlk:455 exhausted all cases without a match\n    at c:\\Users\\zagum\\.vscode\\extensions\\uqbar.wollok-lsp-ide-0.5.4\\out\\server\\src\\server.js:38:6142\n    at L2 (c:\\Users\\zagum\\.vscode\\extensions\\uqbar.wollok-lsp-ide-0.5.4\\out\\server\\src\\server.js:2389:42)\n    at Jh (c:\\Users\\zagum\\.vscode\\extensions\\uqbar.wollok-lsp-ide-0.5.4\\out\\server\\src\\server.js:2389:1092)\n    at L2 (c:\\Users\\zagum\\.vscode\\extensions\\uqbar.wollok-lsp-ide-0.5.4\\out\\server\\src\\server.js:2389:544)\n    at Jh (c:\\Users\\zagum\\.vscode\\extensions\\uqbar.wollok-lsp-ide-0.5.4\\out\\server\\src\\server.js:2389:1092)\n    at M5n (c:\\Users\\zagum\\.vscode\\extensions\\uqbar.wollok-lsp-ide-0.5.4\\out\\server\\src\\server.js:2389:1248)\n    at c:\\Users\\zagum\\.vscode\\extensions\\uqbar.wollok-lsp-ide-0.5.4\\out\\server\\src\\server.js:38:6131\n    at L2 (c:\\Users\\zagum\\.vscode\\extensions\\uqbar.wollok-lsp-ide-0.5.4\\out\\server\\src\\server.js:2389:42)\n    at c:\\Users\\zagum\\.vscode\\extensions\\uqbar.wollok-lsp-ide-0.5.4\\out\\server\\src\\server.js:2389:2988\n    at c:\\Users\\zagum\\.vscode\\extensions\\uqbar.wollok-lsp-ide-0.5.4\\out\\server\\src\\server.js:2398:8440","timestamp":"2026-06-18T19:15:45.156Z"}
{"level":"info","message":"⌛ Validating niveles.wlk","timeElapsed":112,"timestamp":"2026-06-18T19:15:45.271Z"}
{"level":"info","message":"⌛ Building environment","timeElapsed":235,"timestamp":"2026-06-18T19:15:45.506Z"}
{"level":"info","message":"⌛ Building environment","timeElapsed":246,"timestamp":"2026-06-18T19:15:45.753Z"}
{"level":"info","message":"⌛ Validating niveles.wlk","timeElapsed":107,"timestamp":"2026-06-18T19:15:45.860Z"}
{"level":"info","message":"⌛ Building environment","timeElapsed":231,"timestamp":"2026-06-18T19:15:46.091Z"}
{"level":"info","message":"⌛ Validating niveles.wlk","timeElapsed":103,"timestamp":"2026-06-18T19:15:46.199Z"}
{"level":"info","message":"⌛ Building environment","timeElapsed":236,"timestamp":"2026-06-18T19:15:46.450Z"}
{"level":"info","message":"⌛ Building environment","timeElapsed":282,"timestamp":"2026-06-18T19:15:46.732Z"}
{"level":"info","message":"⌛ Validating niveles.wlk","timeElapsed":105,"timestamp":"2026-06-18T19:15:46.841Z"}
{"level":"info","message":"⌛ Building environment","timeElapsed":227,"timestamp":"2026-06-18T19:15:47.069Z"}
{"level":"info","message":"⌛ Building environment","timeElapsed":217,"timestamp":"2026-06-18T19:15:47.287Z"}
{"level":"info","message":"⌛ Building environment","timeElapsed":252,"timestamp":"2026-06-18T19:15:47.633Z"}
{"level":"info","message":"⌛ Building environment","timeElapsed":230,"timestamp":"2026-06-18T19:15:47.864Z"}
{"level":"info","message":"⌛ Building environment","timeElapsed":222,"timestamp":"2026-06-18T19:15:48.090Z"}
{"level":"info","message":"⌛ Building environment","timeElapsed":232,"timestamp":"2026-06-18T19:15:48.423Z"}
{"level":"info","message":"⌛ Validating niveles.wlk","timeElapsed":111,"timestamp":"2026-06-18T19:15:48.651Z"}
{"level":"info","message":"⌛ Validating niveles.wlk","timeElapsed":106,"timestamp":"2026-06-18T19:15:48.776Z"}
{"level":"info","message":"⌛ Building environment","timeElapsed":227,"timestamp":"2026-06-18T19:15:49.015Z"}
{"level":"info","message":"⌛ Building environment","timeElapsed":230,"timestamp":"2026-06-18T19:15:49.351Z"}
{"level":"info","message":"⌛ Validating niveles.wlk","timeElapsed":102,"timestamp":"2026-06-18T19:15:49.557Z"}
{"level":"info","message":"⌛ Validating niveles.wlk","timeElapsed":105,"timestamp":"2026-06-18T19:15:49.849Z"}
{"level":"info","message":"⌛ Building environment","timeElapsed":306,"timestamp":"2026-06-18T19:15:52.517Z"}
{"level":"info","message":"⌛ Building environment","timeElapsed":282,"timestamp":"2026-06-18T19:15:54.013Z"}
{"level":"info","message":"⌛ Validating niveles.wlk","timeElapsed":101,"timestamp":"2026-06-18T19:15:54.143Z"}
{"level":"info","message":"⌛ Building environment","timeElapsed":249,"timestamp":"2026-06-18T19:15:54.393Z"}
{"level":"info","message":"⌛ Building environment","timeElapsed":233,"timestamp":"2026-06-18T19:15:55.026Z"}
{"level":"info","message":"⌛ Validating niveles.wlk","timeElapsed":107,"timestamp":"2026-06-18T19:15:55.163Z"}
{"level":"info","message":"⌛ Building environment","timeElapsed":241,"timestamp":"2026-06-18T19:15:55.421Z"}
{"level":"info","message":"⌛ Validating niveles.wlk","timeElapsed":105,"timestamp":"2026-06-18T19:15:55.532Z"}
{"level":"info","message":"⌛ Building environment","timeElapsed":224,"timestamp":"2026-06-18T19:15:56.462Z"}
{"level":"info","message":"⌛ Validating niveles.wlk","timeElapsed":107,"timestamp":"2026-06-18T19:15:56.597Z"}
{"level":"info","message":"⌛ Building environment","timeElapsed":259,"timestamp":"2026-06-18T19:15:56.878Z"}
{"level":"info","message":"⌛ Building environment","timeElapsed":222,"timestamp":"2026-06-18T19:15:59.607Z"}
{"level":"info","message":"⌛ Building environment","timeElapsed":250,"timestamp":"2026-06-18T19:15:59.858Z"}
{"level":"info","message":"⌛ Validating niveles.wlk","timeElapsed":104,"timestamp":"2026-06-18T19:15:59.968Z"}
{"level":"info","message":"⌛ Building environment","timeElapsed":238,"timestamp":"2026-06-18T19:16:00.207Z"}
{"level":"info","message":"⌛ Building environment","timeElapsed":135,"timestamp":"2026-06-18T19:17:08.657Z"}
{"level":"info","message":"⌛ Validating objetos.wlk","timeElapsed":107,"timestamp":"2026-06-18T19:17:08.766Z"}
{"level":"info","message":"⌛ Building environment","timeElapsed":137,"timestamp":"2026-06-18T19:17:08.908Z"}
{"level":"info","message":"⌛ Validating objetos.wlk","timeElapsed":105,"timestamp":"2026-06-18T19:17:09.048Z"}
{"level":"info","message":"⌛ Building environment","timeElapsed":225,"timestamp":"2026-06-18T19:17:09.276Z"}
{"level":"info","message":"⌛ Validating objetos.wlk","timeElapsed":107,"timestamp":"2026-06-18T19:17:09.388Z"}
{"level":"info","message":"⌛ Building environment","timeElapsed":135,"timestamp":"2026-06-18T19:17:09.925Z"}
{"level":"info","message":"⌛ Building environment","timeElapsed":159,"timestamp":"2026-06-18T19:17:10.210Z"}
{"level":"info","message":"⌛ Building environment","timeElapsed":141,"timestamp":"2026-06-18T19:17:10.458Z"}
{"level":"info","message":"⌛ Building environment","timeElapsed":131,"timestamp":"2026-06-18T19:17:10.626Z"}
{"level":"info","message":"⌛ Validating objetos.wlk","timeElapsed":111,"timestamp":"2026-06-18T19:17:10.737Z"}
{"level":"info","message":"⌛ Building environment","timeElapsed":148,"timestamp":"2026-06-18T19:17:10.886Z"}
{"level":"info","message":"⌛ Building environment","timeElapsed":160,"timestamp":"2026-06-18T19:17:11.264Z"}
{"level":"info","message":"⌛ Building environment","timeElapsed":136,"timestamp":"2026-06-18T19:17:11.808Z"}
{"level":"info","message":"⌛ Validating objetos.wlk","timeElapsed":113,"timestamp":"2026-06-18T19:17:11.958Z"}
{"level":"info","message":"⌛ Building environment","timeElapsed":151,"timestamp":"2026-06-18T19:17:12.109Z"}
{"level":"info","message":"⌛ Building environment","timeElapsed":134,"timestamp":"2026-06-18T19:17:12.270Z"}
{"level":"info","message":"⌛ Validating objetos.wlk","timeElapsed":101,"timestamp":"2026-06-18T19:17:12.371Z"}
{"level":"info","message":"⌛ Building environment","timeElapsed":162,"timestamp":"2026-06-18T19:17:13.234Z"}
{"level":"info","message":"⌛ Building environment","timeElapsed":129,"timestamp":"2026-06-18T19:17:13.369Z"}
{"level":"info","message":"⌛ Validating objetos.wlk","timeElapsed":106,"timestamp":"2026-06-18T19:17:13.475Z"}
{"level":"info","message":"⌛ Building environment","timeElapsed":141,"timestamp":"2026-06-18T19:17:14.434Z"}
{"level":"info","message":"⌛ Building environment","timeElapsed":139,"timestamp":"2026-06-18T19:17:14.573Z"}
{"level":"info","message":"⌛ Building environment","timeElapsed":181,"timestamp":"2026-06-18T19:17:15.015Z"}
{"level":"info","message":"⌛ Building environment","timeElapsed":214,"timestamp":"2026-06-18T19:17:17.330Z"}
{"level":"error","message":"✘ Completions for node Send ([472:9, 472:32] - objetos.wlk) failed: Error: [Send]{1c766a} at objetos.wlk:472 exhausted all cases without a match [Send]{1c766a} at objetos.wlk:472 exhausted all cases without a match","stack":"Error: [Send]{1c766a} at objetos.wlk:472 exhausted all cases without a match\n    at c:\\Users\\zagum\\.vscode\\extensions\\uqbar.wollok-lsp-ide-0.5.4\\out\\server\\src\\server.js:38:6142\n    at L2 (c:\\Users\\zagum\\.vscode\\extensions\\uqbar.wollok-lsp-ide-0.5.4\\out\\server\\src\\server.js:2389:42)\n    at Jh (c:\\Users\\zagum\\.vscode\\extensions\\uqbar.wollok-lsp-ide-0.5.4\\out\\server\\src\\server.js:2389:1092)\n    at M5n (c:\\Users\\zagum\\.vscode\\extensions\\uqbar.wollok-lsp-ide-0.5.4\\out\\server\\src\\server.js:2389:1248)\n    at c:\\Users\\zagum\\.vscode\\extensions\\uqbar.wollok-lsp-ide-0.5.4\\out\\server\\src\\server.js:38:6131\n    at L2 (c:\\Users\\zagum\\.vscode\\extensions\\uqbar.wollok-lsp-ide-0.5.4\\out\\server\\src\\server.js:2389:42)\n    at c:\\Users\\zagum\\.vscode\\extensions\\uqbar.wollok-lsp-ide-0.5.4\\out\\server\\src\\server.js:2389:2988\n    at c:\\Users\\zagum\\.vscode\\extensions\\uqbar.wollok-lsp-ide-0.5.4\\out\\server\\src\\server.js:2398:8440\n    at c:\\Users\\zagum\\.vscode\\extensions\\uqbar.wollok-lsp-ide-0.5.4\\out\\server\\src\\server.js:37:74872\n    at Ke (c:\\Users\\zagum\\.vscode\\extensions\\uqbar.wollok-lsp-ide-0.5.4\\out\\server\\src\\server.js:7:8527)","timestamp":"2026-06-18T19:17:17.368Z"}
{"level":"info","message":"⌛ Building environment","timeElapsed":149,"timestamp":"2026-06-18T19:17:17.520Z"}
{"level":"info","message":"⌛ Building environment","timeElapsed":135,"timestamp":"2026-06-18T19:17:17.662Z"}
{"level":"info","message":"⌛ Building environment","timeElapsed":137,"timestamp":"2026-06-18T19:17:17.900Z"}
{"level":"error","message":"✘ Completions for node Send ([472:9, 472:35] - objetos.wlk) failed: Error: [Send]{58954d} at objetos.wlk:472 exhausted all cases without a match [Send]{58954d} at objetos.wlk:472 exhausted all cases without a match","stack":"Error: [Send]{58954d} at objetos.wlk:472 exhausted all cases without a match\n    at c:\\Users\\zagum\\.vscode\\extensions\\uqbar.wollok-lsp-ide-0.5.4\\out\\server\\src\\server.js:38:6142\n    at L2 (c:\\Users\\zagum\\.vscode\\extensions\\uqbar.wollok-lsp-ide-0.5.4\\out\\server\\src\\server.js:2389:42)\n    at Jh (c:\\Users\\zagum\\.vscode\\extensions\\uqbar.wollok-lsp-ide-0.5.4\\out\\server\\src\\server.js:2389:1092)\n    at M5n (c:\\Users\\zagum\\.vscode\\extensions\\uqbar.wollok-lsp-ide-0.5.4\\out\\server\\src\\server.js:2389:1248)\n    at c:\\Users\\zagum\\.vscode\\extensions\\uqbar.wollok-lsp-ide-0.5.4\\out\\server\\src\\server.js:38:6131\n    at L2 (c:\\Users\\zagum\\.vscode\\extensions\\uqbar.wollok-lsp-ide-0.5.4\\out\\server\\src\\server.js:2389:42)\n    at c:\\Users\\zagum\\.vscode\\extensions\\uqbar.wollok-lsp-ide-0.5.4\\out\\server\\src\\server.js:2389:2988\n    at c:\\Users\\zagum\\.vscode\\extensions\\uqbar.wollok-lsp-ide-0.5.4\\out\\server\\src\\server.js:2398:8440\n    at c:\\Users\\zagum\\.vscode\\extensions\\uqbar.wollok-lsp-ide-0.5.4\\out\\server\\src\\server.js:37:74872\n    at Ke (c:\\Users\\zagum\\.vscode\\extensions\\uqbar.wollok-lsp-ide-0.5.4\\out\\server\\src\\server.js:7:8527)","timestamp":"2026-06-18T19:17:17.929Z"}
{"level":"info","message":"⌛ Building environment","timeElapsed":130,"timestamp":"2026-06-18T19:17:18.157Z"}
{"level":"info","message":"⌛ Building environment","timeElapsed":267,"timestamp":"2026-06-18T19:18:16.181Z"}
{"level":"info","message":"⌛ Building environment","timeElapsed":251,"timestamp":"2026-06-18T19:18:16.433Z"}
{"level":"info","message":"⌛ Validating niveles.wlk","timeElapsed":111,"timestamp":"2026-06-18T19:18:16.548Z"}
{"level":"error","message":"✘ Completions for node If ([298:13, 307:14] - niveles.wlk) failed: Error: [If]{3af5f4} at niveles.wlk:298 exhausted all cases without a match [If]{3af5f4} at niveles.wlk:298 exhausted all cases without a match","stack":"Error: [If]{3af5f4} at niveles.wlk:298 exhausted all cases without a match\n    at c:\\Users\\zagum\\.vscode\\extensions\\uqbar.wollok-lsp-ide-0.5.4\\out\\server\\src\\server.js:38:6142\n    at L2 (c:\\Users\\zagum\\.vscode\\extensions\\uqbar.wollok-lsp-ide-0.5.4\\out\\server\\src\\server.js:2389:42)\n    at Jh (c:\\Users\\zagum\\.vscode\\extensions\\uqbar.wollok-lsp-ide-0.5.4\\out\\server\\src\\server.js:2389:1092)\n    at v5n (c:\\Users\\zagum\\.vscode\\extensions\\uqbar.wollok-lsp-ide-0.5.4\\out\\server\\src\\server.js:2389:818)\n    at c:\\Users\\zagum\\.vscode\\extensions\\uqbar.wollok-lsp-ide-0.5.4\\out\\server\\src\\server.js:38:6131\n    at L2 (c:\\Users\\zagum\\.vscode\\extensions\\uqbar.wollok-lsp-ide-0.5.4\\out\\server\\src\\server.js:2389:42)\n    at Jh (c:\\Users\\zagum\\.vscode\\extensions\\uqbar.wollok-lsp-ide-0.5.4\\out\\server\\src\\server.js:2389:1092)\n    at M5n (c:\\Users\\zagum\\.vscode\\extensions\\uqbar.wollok-lsp-ide-0.5.4\\out\\server\\src\\server.js:2389:1248)\n    at c:\\Users\\zagum\\.vscode\\extensions\\uqbar.wollok-lsp-ide-0.5.4\\out\\server\\src\\server.js:38:6131\n    at L2 (c:\\Users\\zagum\\.vscode\\extensions\\uqbar.wollok-lsp-ide-0.5.4\\out\\server\\src\\server.js:2389:42)","timestamp":"2026-06-18T19:18:16.606Z"}
{"level":"error","message":"✘ Completions for node Return (undefined - niveles.wlk) failed: Error: [Return]{6a77da} at niveles.wlk:-- exhausted all cases without a match [Return]{6a77da} at niveles.wlk:-- exhausted all cases without a match","stack":"Error: [Return]{6a77da} at niveles.wlk:-- exhausted all cases without a match\n    at c:\\Users\\zagum\\.vscode\\extensions\\uqbar.wollok-lsp-ide-0.5.4\\out\\server\\src\\server.js:38:6142\n    at L2 (c:\\Users\\zagum\\.vscode\\extensions\\uqbar.wollok-lsp-ide-0.5.4\\out\\server\\src\\server.js:2389:42)\n    at Jh (c:\\Users\\zagum\\.vscode\\extensions\\uqbar.wollok-lsp-ide-0.5.4\\out\\server\\src\\server.js:2389:1092)\n    at L2 (c:\\Users\\zagum\\.vscode\\extensions\\uqbar.wollok-lsp-ide-0.5.4\\out\\server\\src\\server.js:2389:544)\n    at Jh (c:\\Users\\zagum\\.vscode\\extensions\\uqbar.wollok-lsp-ide-0.5.4\\out\\server\\src\\server.js:2389:1092)\n    at v5n (c:\\Users\\zagum\\.vscode\\extensions\\uqbar.wollok-lsp-ide-0.5.4\\out\\server\\src\\server.js:2389:818)\n    at c:\\Users\\zagum\\.vscode\\extensions\\uqbar.wollok-lsp-ide-0.5.4\\out\\server\\src\\server.js:38:6131\n    at L2 (c:\\Users\\zagum\\.vscode\\extensions\\uqbar.wollok-lsp-ide-0.5.4\\out\\server\\src\\server.js:2389:42)\n    at Jh (c:\\Users\\zagum\\.vscode\\extensions\\uqbar.wollok-lsp-ide-0.5.4\\out\\server\\src\\server.js:2389:1092)\n    at M5n (c:\\Users\\zagum\\.vscode\\extensions\\uqbar.wollok-lsp-ide-0.5.4\\out\\server\\src\\server.js:2389:1248)","timestamp":"2026-06-18T19:18:16.607Z"}
{"level":"info","message":"⌛ Building environment","timeElapsed":245,"timestamp":"2026-06-18T19:18:16.854Z"}
{"level":"info","message":"⌛ Building environment","timeElapsed":236,"timestamp":"2026-06-18T19:18:17.091Z"}
{"level":"info","message":"⌛ Validating niveles.wlk","timeElapsed":109,"timestamp":"2026-06-18T19:18:17.201Z"}
{"level":"info","message":"⌛ Building environment","timeElapsed":242,"timestamp":"2026-06-18T19:18:17.442Z"}
{"level":"info","message":"⌛ Building environment","timeElapsed":245,"timestamp":"2026-06-18T19:18:17.807Z"}
{"level":"info","message":"⌛ Validating niveles.wlk","timeElapsed":103,"timestamp":"2026-06-18T19:18:17.911Z"}
{"level":"info","message":"⌛ Building environment","timeElapsed":231,"timestamp":"2026-06-18T19:18:18.143Z"}
{"level":"info","message":"⌛ Building environment","timeElapsed":249,"timestamp":"2026-06-18T19:18:18.397Z"}
{"level":"info","message":"⌛ Building environment","timeElapsed":254,"timestamp":"2026-06-18T19:18:18.747Z"}
{"level":"info","message":"⌛ Validating niveles.wlk","timeElapsed":105,"timestamp":"2026-06-18T19:18:18.853Z"}
{"level":"info","message":"⌛ Building environment","timeElapsed":228,"timestamp":"2026-06-18T19:18:19.085Z"}
{"level":"info","message":"⌛ Validating niveles.wlk","timeElapsed":107,"timestamp":"2026-06-18T19:18:19.197Z"}
{"level":"info","message":"⌛ Building environment","timeElapsed":230,"timestamp":"2026-06-18T19:18:19.428Z"}
{"level":"info","message":"⌛ Building environment","timeElapsed":216,"timestamp":"2026-06-18T19:18:19.644Z"}
{"level":"info","message":"⌛ Building environment","timeElapsed":220,"timestamp":"2026-06-18T19:18:19.964Z"}
{"level":"info","message":"⌛ Building environment","timeElapsed":222,"timestamp":"2026-06-18T19:18:20.288Z"}
{"level":"info","message":"⌛ Validating niveles.wlk","timeElapsed":112,"timestamp":"2026-06-18T19:18:20.400Z"}
{"level":"info","message":"⌛ Building environment","timeElapsed":142,"timestamp":"2026-06-18T19:18:25.700Z"}
{"level":"error","message":"✘ Completions for node Send ([472:9, 472:30] - objetos.wlk) failed: Error: [Send]{c6709c} at objetos.wlk:472 exhausted all cases without a match [Send]{c6709c} at objetos.wlk:472 exhausted all cases without a match","stack":"Error: [Send]{c6709c} at objetos.wlk:472 exhausted all cases without a match\n    at c:\\Users\\zagum\\.vscode\\extensions\\uqbar.wollok-lsp-ide-0.5.4\\out\\server\\src\\server.js:38:6142\n    at L2 (c:\\Users\\zagum\\.vscode\\extensions\\uqbar.wollok-lsp-ide-0.5.4\\out\\server\\src\\server.js:2389:42)\n    at c:\\Users\\zagum\\.vscode\\extensions\\uqbar.wollok-lsp-ide-0.5.4\\out\\server\\src\\server.js:2389:2988\n    at c:\\Users\\zagum\\.vscode\\extensions\\uqbar.wollok-lsp-ide-0.5.4\\out\\server\\src\\server.js:2398:8440\n    at c:\\Users\\zagum\\.vscode\\extensions\\uqbar.wollok-lsp-ide-0.5.4\\out\\server\\src\\server.js:37:74872\n    at Ke (c:\\Users\\zagum\\.vscode\\extensions\\uqbar.wollok-lsp-ide-0.5.4\\out\\server\\src\\server.js:7:8527)\n    at Lt (c:\\Users\\zagum\\.vscode\\extensions\\uqbar.wollok-lsp-ide-0.5.4\\out\\server\\src\\server.js:7:6189)\n    at ct (c:\\Users\\zagum\\.vscode\\extensions\\uqbar.wollok-lsp-ide-0.5.4\\out\\server\\src\\server.js:7:6378)\n    at Immediate._onImmediate (c:\\Users\\zagum\\.vscode\\extensions\\uqbar.wollok-lsp-ide-0.5.4\\out\\server\\src\\server.js:7:6142)\n    at process.processImmediate (node:internal/timers:504:21)","timestamp":"2026-06-18T19:18:25.727Z"}
{"level":"info","message":"⌛ Building environment","timeElapsed":137,"timestamp":"2026-06-18T19:18:25.867Z"}
{"level":"info","message":"⌛ Building environment","timeElapsed":207,"timestamp":"2026-06-18T19:18:26.199Z"}
{"level":"info","message":"⌛ Building environment","timeElapsed":227,"timestamp":"2026-06-18T19:18:26.427Z"}
{"level":"info","message":"⌛ Validating objetos.wlk","timeElapsed":104,"timestamp":"2026-06-18T19:18:26.531Z"}
{"level":"error","message":"✘ Completions for node Send ([472:9, 472:33] - objetos.wlk) failed: Error: [Send]{206d7d} at objetos.wlk:472 exhausted all cases without a match [Send]{206d7d} at objetos.wlk:472 exhausted all cases without a match","stack":"Error: [Send]{206d7d} at objetos.wlk:472 exhausted all cases without a match\n    at c:\\Users\\zagum\\.vscode\\extensions\\uqbar.wollok-lsp-ide-0.5.4\\out\\server\\src\\server.js:38:6142\n    at L2 (c:\\Users\\zagum\\.vscode\\extensions\\uqbar.wollok-lsp-ide-0.5.4\\out\\server\\src\\server.js:2389:42)\n    at c:\\Users\\zagum\\.vscode\\extensions\\uqbar.wollok-lsp-ide-0.5.4\\out\\server\\src\\server.js:2389:2988\n    at c:\\Users\\zagum\\.vscode\\extensions\\uqbar.wollok-lsp-ide-0.5.4\\out\\server\\src\\server.js:2398:8440\n    at c:\\Users\\zagum\\.vscode\\extensions\\uqbar.wollok-lsp-ide-0.5.4\\out\\server\\src\\server.js:37:74872\n    at Ke (c:\\Users\\zagum\\.vscode\\extensions\\uqbar.wollok-lsp-ide-0.5.4\\out\\server\\src\\server.js:7:8527)\n    at Lt (c:\\Users\\zagum\\.vscode\\extensions\\uqbar.wollok-lsp-ide-0.5.4\\out\\server\\src\\server.js:7:6189)\n    at ct (c:\\Users\\zagum\\.vscode\\extensions\\uqbar.wollok-lsp-ide-0.5.4\\out\\server\\src\\server.js:7:6378)\n    at Immediate._onImmediate (c:\\Users\\zagum\\.vscode\\extensions\\uqbar.wollok-lsp-ide-0.5.4\\out\\server\\src\\server.js:7:6142)\n    at process.processImmediate (node:internal/timers:504:21)","timestamp":"2026-06-18T19:18:26.557Z"}
{"level":"info","message":"⌛ Building environment","timeElapsed":135,"timestamp":"2026-06-18T19:18:26.695Z"}
{"level":"info","message":"⌛ Building environment","timeElapsed":136,"timestamp":"2026-06-18T19:18:26.835Z"}
{"level":"info","message":"⌛ Validating objetos.wlk","timeElapsed":117,"timestamp":"2026-06-18T19:18:26.974Z"}
{"level":"info","message":"⌛ Building environment","timeElapsed":138,"timestamp":"2026-06-18T19:18:27.111Z"}
{"level":"info","message":"⌛ Validating objetos.wlk","timeElapsed":104,"timestamp":"2026-06-18T19:18:27.220Z"}
{"level":"info","message":"⌛ Building environment","timeElapsed":136,"timestamp":"2026-06-18T19:18:27.688Z"}
{"level":"info","message":"⌛ Building environment","timeElapsed":141,"timestamp":"2026-06-18T19:18:27.830Z"}
{"level":"info","message":"⌛ Building environment","timeElapsed":132,"timestamp":"2026-06-18T19:18:28.062Z"}
{"level":"info","message":"⌛ Building environment","timeElapsed":147,"timestamp":"2026-06-18T19:18:28.305Z"}
{"level":"info","message":"⌛ Building environment","timeElapsed":135,"timestamp":"2026-06-18T19:18:28.565Z"}
{"level":"info","message":"⌛ Building environment","timeElapsed":143,"timestamp":"2026-06-18T19:18:28.827Z"}
{"level":"error","message":"✘ Completions for node Send ([472:9, 472:32] - objetos.wlk) failed: Error: [Send]{550e4b} at objetos.wlk:472 exhausted all cases without a match [Send]{550e4b} at objetos.wlk:472 exhausted all cases without a match","stack":"Error: [Send]{550e4b} at objetos.wlk:472 exhausted all cases without a match\n    at c:\\Users\\zagum\\.vscode\\extensions\\uqbar.wollok-lsp-ide-0.5.4\\out\\server\\src\\server.js:38:6142\n    at L2 (c:\\Users\\zagum\\.vscode\\extensions\\uqbar.wollok-lsp-ide-0.5.4\\out\\server\\src\\server.js:2389:42)\n    at Jh (c:\\Users\\zagum\\.vscode\\extensions\\uqbar.wollok-lsp-ide-0.5.4\\out\\server\\src\\server.js:2389:1092)\n    at M5n (c:\\Users\\zagum\\.vscode\\extensions\\uqbar.wollok-lsp-ide-0.5.4\\out\\server\\src\\server.js:2389:1248)\n    at c:\\Users\\zagum\\.vscode\\extensions\\uqbar.wollok-lsp-ide-0.5.4\\out\\server\\src\\server.js:38:6131\n    at L2 (c:\\Users\\zagum\\.vscode\\extensions\\uqbar.wollok-lsp-ide-0.5.4\\out\\server\\src\\server.js:2389:42)\n    at c:\\Users\\zagum\\.vscode\\extensions\\uqbar.wollok-lsp-ide-0.5.4\\out\\server\\src\\server.js:2389:2988\n    at c:\\Users\\zagum\\.vscode\\extensions\\uqbar.wollok-lsp-ide-0.5.4\\out\\server\\src\\server.js:2398:8440\n    at c:\\Users\\zagum\\.vscode\\extensions\\uqbar.wollok-lsp-ide-0.5.4\\out\\server\\src\\server.js:37:74872\n    at Ke (c:\\Users\\zagum\\.vscode\\extensions\\uqbar.wollok-lsp-ide-0.5.4\\out\\server\\src\\server.js:7:8527)","timestamp":"2026-06-18T19:18:28.854Z"}
{"level":"info","message":"⌛ Building environment","timeElapsed":133,"timestamp":"2026-06-18T19:18:29.009Z"}
{"level":"info","message":"⌛ Building environment","timeElapsed":226,"timestamp":"2026-06-18T19:18:29.332Z"}
{"level":"info","message":"⌛ Building environment","timeElapsed":150,"timestamp":"2026-06-18T19:18:29.510Z"}
{"level":"info","message":"⌛ Validating objetos.wlk","timeElapsed":105,"timestamp":"2026-06-18T19:18:29.620Z"}
{"level":"info","message":"⌛ Validating objetos.wlk","timeElapsed":108,"timestamp":"2026-06-18T19:18:29.748Z"}
{"level":"info","message":"⌛ Validating objetos.wlk","timeElapsed":108,"timestamp":"2026-06-18T19:18:29.857Z"}
{"level":"info","message":"⌛ Validating objetos.wlk","timeElapsed":105,"timestamp":"2026-06-18T19:18:29.976Z"}
{"level":"info","message":"⌛ Building environment","timeElapsed":196,"timestamp":"2026-06-18T19:19:09.512Z"}
{"level":"info","message":"⌛ Building environment","timeElapsed":139,"timestamp":"2026-06-18T19:19:09.758Z"}
{"level":"info","message":"⌛ Validating objetos.wlk","timeElapsed":102,"timestamp":"2026-06-18T19:19:09.863Z"}
{"level":"info","message":"⌛ Building environment","timeElapsed":143,"timestamp":"2026-06-18T19:19:10.318Z"}
{"level":"info","message":"⌛ Validating objetos.wlk","timeElapsed":106,"timestamp":"2026-06-18T19:19:10.447Z"}
{"level":"info","message":"⌛ Building environment","timeElapsed":242,"timestamp":"2026-06-18T19:19:14.078Z"}
{"level":"info","message":"⌛ Building environment","timeElapsed":225,"timestamp":"2026-06-18T19:19:14.410Z"}
{"level":"error","message":"✘ Completions for node If ([298:13, 307:14] - niveles.wlk) failed: Error: [If]{56c644} at niveles.wlk:298 exhausted all cases without a match [If]{56c644} at niveles.wlk:298 exhausted all cases without a match","stack":"Error: [If]{56c644} at niveles.wlk:298 exhausted all cases without a match\n    at c:\\Users\\zagum\\.vscode\\extensions\\uqbar.wollok-lsp-ide-0.5.4\\out\\server\\src\\server.js:38:6142\n    at L2 (c:\\Users\\zagum\\.vscode\\extensions\\uqbar.wollok-lsp-ide-0.5.4\\out\\server\\src\\server.js:2389:42)\n    at Jh (c:\\Users\\zagum\\.vscode\\extensions\\uqbar.wollok-lsp-ide-0.5.4\\out\\server\\src\\server.js:2389:1092)\n    at v5n (c:\\Users\\zagum\\.vscode\\extensions\\uqbar.wollok-lsp-ide-0.5.4\\out\\server\\src\\server.js:2389:818)\n    at c:\\Users\\zagum\\.vscode\\extensions\\uqbar.wollok-lsp-ide-0.5.4\\out\\server\\src\\server.js:38:6131\n    at L2 (c:\\Users\\zagum\\.vscode\\extensions\\uqbar.wollok-lsp-ide-0.5.4\\out\\server\\src\\server.js:2389:42)\n    at Jh (c:\\Users\\zagum\\.vscode\\extensions\\uqbar.wollok-lsp-ide-0.5.4\\out\\server\\src\\server.js:2389:1092)\n    at M5n (c:\\Users\\zagum\\.vscode\\extensions\\uqbar.wollok-lsp-ide-0.5.4\\out\\server\\src\\server.js:2389:1248)\n    at c:\\Users\\zagum\\.vscode\\extensions\\uqbar.wollok-lsp-ide-0.5.4\\out\\server\\src\\server.js:38:6131\n    at L2 (c:\\Users\\zagum\\.vscode\\extensions\\uqbar.wollok-lsp-ide-0.5.4\\out\\server\\src\\server.js:2389:42)","timestamp":"2026-06-18T19:19:14.438Z"}
{"level":"error","message":"✘ Completions for node Return (undefined - niveles.wlk) failed: Error: [Return]{1af5d5} at niveles.wlk:-- exhausted all cases without a match [Return]{1af5d5} at niveles.wlk:-- exhausted all cases without a match","stack":"Error: [Return]{1af5d5} at niveles.wlk:-- exhausted all cases without a match\n    at c:\\Users\\zagum\\.vscode\\extensions\\uqbar.wollok-lsp-ide-0.5.4\\out\\server\\src\\server.js:38:6142\n    at L2 (c:\\Users\\zagum\\.vscode\\extensions\\uqbar.wollok-lsp-ide-0.5.4\\out\\server\\src\\server.js:2389:42)\n    at Jh (c:\\Users\\zagum\\.vscode\\extensions\\uqbar.wollok-lsp-ide-0.5.4\\out\\server\\src\\server.js:2389:1092)\n    at L2 (c:\\Users\\zagum\\.vscode\\extensions\\uqbar.wollok-lsp-ide-0.5.4\\out\\server\\src\\server.js:2389:544)\n    at Jh (c:\\Users\\zagum\\.vscode\\extensions\\uqbar.wollok-lsp-ide-0.5.4\\out\\server\\src\\server.js:2389:1092)\n    at v5n (c:\\Users\\zagum\\.vscode\\extensions\\uqbar.wollok-lsp-ide-0.5.4\\out\\server\\src\\server.js:2389:818)\n    at c:\\Users\\zagum\\.vscode\\extensions\\uqbar.wollok-lsp-ide-0.5.4\\out\\server\\src\\server.js:38:6131\n    at L2 (c:\\Users\\zagum\\.vscode\\extensions\\uqbar.wollok-lsp-ide-0.5.4\\out\\server\\src\\server.js:2389:42)\n    at Jh (c:\\Users\\zagum\\.vscode\\extensions\\uqbar.wollok-lsp-ide-0.5.4\\out\\server\\src\\server.js:2389:1092)\n    at M5n (c:\\Users\\zagum\\.vscode\\extensions\\uqbar.wollok-lsp-ide-0.5.4\\out\\server\\src\\server.js:2389:1248)","timestamp":"2026-06-18T19:19:14.439Z"}
{"level":"info","message":"⌛ Building environment","timeElapsed":244,"timestamp":"2026-06-18T19:19:14.685Z"}
{"level":"info","message":"⌛ Building environment","timeElapsed":238,"timestamp":"2026-06-18T19:19:14.924Z"}
{"level":"info","message":"⌛ Building environment","timeElapsed":287,"timestamp":"2026-06-18T19:19:15.311Z"}
{"level":"info","message":"⌛ Building environment","timeElapsed":238,"timestamp":"2026-06-18T19:19:15.549Z"}
{"level":"info","message":"⌛ Validating niveles.wlk","timeElapsed":101,"timestamp":"2026-06-18T19:19:15.651Z"}
{"level":"info","message":"⌛ Building environment","timeElapsed":254,"timestamp":"2026-06-18T19:19:15.905Z"}
{"level":"info","message":"⌛ Validating niveles.wlk","timeElapsed":101,"timestamp":"2026-06-18T19:19:16.007Z"}
{"level":"info","message":"⌛ Building environment","timeElapsed":222,"timestamp":"2026-06-18T19:19:16.235Z"}
{"level":"info","message":"⌛ Building environment","timeElapsed":222,"timestamp":"2026-06-18T19:19:16.669Z"}
{"level":"info","message":"⌛ Validating niveles.wlk","timeElapsed":103,"timestamp":"2026-06-18T19:19:16.805Z"}
{"level":"info","message":"⌛ Building environment","timeElapsed":225,"timestamp":"2026-06-18T19:19:17.160Z"}
{"level":"info","message":"⌛ Validating niveles.wlk","timeElapsed":104,"timestamp":"2026-06-18T19:19:17.271Z"}
{"level":"info","message":"⌛ Building environment","timeElapsed":218,"timestamp":"2026-06-18T19:19:17.491Z"}
{"level":"info","message":"⌛ Building environment","timeElapsed":226,"timestamp":"2026-06-18T19:19:17.717Z"}
{"level":"info","message":"⌛ Building environment","timeElapsed":220,"timestamp":"2026-06-18T19:19:17.942Z"}
{"level":"info","message":"⌛ Validating niveles.wlk","timeElapsed":105,"timestamp":"2026-06-18T19:19:18.047Z"}
{"level":"info","message":"⌛ Validating niveles.wlk","timeElapsed":103,"timestamp":"2026-06-18T19:19:18.169Z"}
{"level":"info","message":"⌛ Building environment","timeElapsed":232,"timestamp":"2026-06-18T19:19:18.416Z"}
{"level":"info","message":"⌛ Validating niveles.wlk","timeElapsed":101,"timestamp":"2026-06-18T19:19:18.521Z"}
{"level":"info","message":"⌛ Building environment","timeElapsed":214,"timestamp":"2026-06-18T19:19:18.737Z"}
{"level":"info","message":"⌛ Building environment","timeElapsed":221,"timestamp":"2026-06-18T19:19:18.959Z"}
{"level":"info","message":"⌛ Building environment","timeElapsed":213,"timestamp":"2026-06-18T19:19:19.269Z"}
{"level":"info","message":"⌛ Validating niveles.wlk","timeElapsed":101,"timestamp":"2026-06-18T19:19:19.488Z"}
{"level":"info","message":"⌛ Building environment","timeElapsed":248,"timestamp":"2026-06-18T19:19:20.286Z"}
{"level":"error","message":"✘ Completions for node Send ([306:16, 306:40] - niveles.wlk) failed: Error: [Send]{0f7576} at niveles.wlk:306 exhausted all cases without a match [Send]{0f7576} at niveles.wlk:306 exhausted all cases without a match","stack":"Error: [Send]{0f7576} at niveles.wlk:306 exhausted all cases without a match\n    at c:\\Users\\zagum\\.vscode\\extensions\\uqbar.wollok-lsp-ide-0.5.4\\out\\server\\src\\server.js:38:6142\n    at L2 (c:\\Users\\zagum\\.vscode\\extensions\\uqbar.wollok-lsp-ide-0.5.4\\out\\server\\src\\server.js:2389:42)\n    at Jh (c:\\Users\\zagum\\.vscode\\extensions\\uqbar.wollok-lsp-ide-0.5.4\\out\\server\\src\\server.js:2389:1092)\n    at M5n (c:\\Users\\zagum\\.vscode\\extensions\\uqbar.wollok-lsp-ide-0.5.4\\out\\server\\src\\server.js:2389:1248)\n    at c:\\Users\\zagum\\.vscode\\extensions\\uqbar.wollok-lsp-ide-0.5.4\\out\\server\\src\\server.js:38:6131\n    at L2 (c:\\Users\\zagum\\.vscode\\extensions\\uqbar.wollok-lsp-ide-0.5.4\\out\\server\\src\\server.js:2389:42)\n    at c:\\Users\\zagum\\.vscode\\extensions\\uqbar.wollok-lsp-ide-0.5.4\\out\\server\\src\\server.js:2389:2988\n    at c:\\Users\\zagum\\.vscode\\extensions\\uqbar.wollok-lsp-ide-0.5.4\\out\\server\\src\\server.js:2398:8440\n    at c:\\Users\\zagum\\.vscode\\extensions\\uqbar.wollok-lsp-ide-0.5.4\\out\\server\\src\\server.js:37:74872\n    at Ke (c:\\Users\\zagum\\.vscode\\extensions\\uqbar.wollok-lsp-ide-0.5.4\\out\\server\\src\\server.js:7:8527)","timestamp":"2026-06-18T19:19:20.402Z"}
{"level":"error","message":"✘ Completions for node If ([298:13, 307:14] - niveles.wlk) failed: Error: [If]{2a71fb} at niveles.wlk:298 exhausted all cases without a match [If]{2a71fb} at niveles.wlk:298 exhausted all cases without a match","stack":"Error: [If]{2a71fb} at niveles.wlk:298 exhausted all cases without a match\n    at c:\\Users\\zagum\\.vscode\\extensions\\uqbar.wollok-lsp-ide-0.5.4\\out\\server\\src\\server.js:38:6142\n    at L2 (c:\\Users\\zagum\\.vscode\\extensions\\uqbar.wollok-lsp-ide-0.5.4\\out\\server\\src\\server.js:2389:42)\n    at Jh (c:\\Users\\zagum\\.vscode\\extensions\\uqbar.wollok-lsp-ide-0.5.4\\out\\server\\src\\server.js:2389:1092)\n    at v5n (c:\\Users\\zagum\\.vscode\\extensions\\uqbar.wollok-lsp-ide-0.5.4\\out\\server\\src\\server.js:2389:818)\n    at c:\\Users\\zagum\\.vscode\\extensions\\uqbar.wollok-lsp-ide-0.5.4\\out\\server\\src\\server.js:38:6131\n    at L2 (c:\\Users\\zagum\\.vscode\\extensions\\uqbar.wollok-lsp-ide-0.5.4\\out\\server\\src\\server.js:2389:42)\n    at Jh (c:\\Users\\zagum\\.vscode\\extensions\\uqbar.wollok-lsp-ide-0.5.4\\out\\server\\src\\server.js:2389:1092)\n    at L2 (c:\\Users\\zagum\\.vscode\\extensions\\uqbar.wollok-lsp-ide-0.5.4\\out\\server\\src\\server.js:2389:544)\n    at Jh (c:\\Users\\zagum\\.vscode\\extensions\\uqbar.wollok-lsp-ide-0.5.4\\out\\server\\src\\server.js:2389:1092)\n    at M5n (c:\\Users\\zagum\\.vscode\\extensions\\uqbar.wollok-lsp-ide-0.5.4\\out\\server\\src\\server.js:2389:1248)","timestamp":"2026-06-18T19:19:20.402Z"}
{"level":"error","message":"✘ Completions for node Return (undefined - niveles.wlk) failed: Error: [Return]{edfb13} at niveles.wlk:-- exhausted all cases without a match [Return]{edfb13} at niveles.wlk:-- exhausted all cases without a match","stack":"Error: [Return]{edfb13} at niveles.wlk:-- exhausted all cases without a match\n    at c:\\Users\\zagum\\.vscode\\extensions\\uqbar.wollok-lsp-ide-0.5.4\\out\\server\\src\\server.js:38:6142\n    at L2 (c:\\Users\\zagum\\.vscode\\extensions\\uqbar.wollok-lsp-ide-0.5.4\\out\\server\\src\\server.js:2389:42)\n    at Jh (c:\\Users\\zagum\\.vscode\\extensions\\uqbar.wollok-lsp-ide-0.5.4\\out\\server\\src\\server.js:2389:1092)\n    at L2 (c:\\Users\\zagum\\.vscode\\extensions\\uqbar.wollok-lsp-ide-0.5.4\\out\\server\\src\\server.js:2389:544)\n    at Jh (c:\\Users\\zagum\\.vscode\\extensions\\uqbar.wollok-lsp-ide-0.5.4\\out\\server\\src\\server.js:2389:1092)\n    at v5n (c:\\Users\\zagum\\.vscode\\extensions\\uqbar.wollok-lsp-ide-0.5.4\\out\\server\\src\\server.js:2389:818)\n    at c:\\Users\\zagum\\.vscode\\extensions\\uqbar.wollok-lsp-ide-0.5.4\\out\\server\\src\\server.js:38:6131\n    at L2 (c:\\Users\\zagum\\.vscode\\extensions\\uqbar.wollok-lsp-ide-0.5.4\\out\\server\\src\\server.js:2389:42)\n    at Jh (c:\\Users\\zagum\\.vscode\\extensions\\uqbar.wollok-lsp-ide-0.5.4\\out\\server\\src\\server.js:2389:1092)\n    at L2 (c:\\Users\\zagum\\.vscode\\extensions\\uqbar.wollok-lsp-ide-0.5.4\\out\\server\\src\\server.js:2389:544)","timestamp":"2026-06-18T19:19:20.402Z"}
{"level":"info","message":"⌛ Building environment","timeElapsed":305,"timestamp":"2026-06-18T19:19:20.714Z"}
{"level":"info","message":"⌛ Building environment","timeElapsed":225,"timestamp":"2026-06-18T19:19:21.034Z"}
{"level":"info","message":"⌛ Building environment","timeElapsed":226,"timestamp":"2026-06-18T19:19:21.261Z"}
{"level":"error","message":"✘ Completions for node Literal ([306:38, 306:42] - niveles.wlk) failed: Error: true [Literal]{f6a2ea} at niveles.wlk:306 exhausted all cases without a match true [Literal]{f6a2ea} at niveles.wlk:306 exhausted all cases without a match","stack":"Error: true [Literal]{f6a2ea} at niveles.wlk:306 exhausted all cases without a match\n    at c:\\Users\\zagum\\.vscode\\extensions\\uqbar.wollok-lsp-ide-0.5.4\\out\\server\\src\\server.js:38:6142\n    at L2 (c:\\Users\\zagum\\.vscode\\extensions\\uqbar.wollok-lsp-ide-0.5.4\\out\\server\\src\\server.js:2389:42)\n    at c:\\Users\\zagum\\.vscode\\extensions\\uqbar.wollok-lsp-ide-0.5.4\\out\\server\\src\\server.js:2389:2988\n    at c:\\Users\\zagum\\.vscode\\extensions\\uqbar.wollok-lsp-ide-0.5.4\\out\\server\\src\\server.js:2398:8440\n    at c:\\Users\\zagum\\.vscode\\extensions\\uqbar.wollok-lsp-ide-0.5.4\\out\\server\\src\\server.js:37:74872\n    at Ke (c:\\Users\\zagum\\.vscode\\extensions\\uqbar.wollok-lsp-ide-0.5.4\\out\\server\\src\\server.js:7:8527)\n    at Lt (c:\\Users\\zagum\\.vscode\\extensions\\uqbar.wollok-lsp-ide-0.5.4\\out\\server\\src\\server.js:7:6189)\n    at ct (c:\\Users\\zagum\\.vscode\\extensions\\uqbar.wollok-lsp-ide-0.5.4\\out\\server\\src\\server.js:7:6378)\n    at Immediate._onImmediate (c:\\Users\\zagum\\.vscode\\extensions\\uqbar.wollok-lsp-ide-0.5.4\\out\\server\\src\\server.js:7:6142)\n    at process.processImmediate (node:internal/timers:504:21)","timestamp":"2026-06-18T19:19:21.301Z"}
{"level":"error","message":"✘ Completions for node Send ([306:16, 306:43] - niveles.wlk) failed: Error: [Send]{a57b9a} at niveles.wlk:306 exhausted all cases without a match [Send]{a57b9a} at niveles.wlk:306 exhausted all cases without a match","stack":"Error: [Send]{a57b9a} at niveles.wlk:306 exhausted all cases without a match\n    at c:\\Users\\zagum\\.vscode\\extensions\\uqbar.wollok-lsp-ide-0.5.4\\out\\server\\src\\server.js:38:6142\n    at L2 (c:\\Users\\zagum\\.vscode\\extensions\\uqbar.wollok-lsp-ide-0.5.4\\out\\server\\src\\server.js:2389:42)\n    at Jh (c:\\Users\\zagum\\.vscode\\extensions\\uqbar.wollok-lsp-ide-0.5.4\\out\\server\\src\\server.js:2389:1092)\n    at L2 (c:\\Users\\zagum\\.vscode\\extensions\\uqbar.wollok-lsp-ide-0.5.4\\out\\server\\src\\server.js:2389:544)\n    at c:\\Users\\zagum\\.vscode\\extensions\\uqbar.wollok-lsp-ide-0.5.4\\out\\server\\src\\server.js:2389:2988\n    at c:\\Users\\zagum\\.vscode\\extensions\\uqbar.wollok-lsp-ide-0.5.4\\out\\server\\src\\server.js:2398:8440\n    at c:\\Users\\zagum\\.vscode\\extensions\\uqbar.wollok-lsp-ide-0.5.4\\out\\server\\src\\server.js:37:74872\n    at Ke (c:\\Users\\zagum\\.vscode\\extensions\\uqbar.wollok-lsp-ide-0.5.4\\out\\server\\src\\server.js:7:8527)\n    at Lt (c:\\Users\\zagum\\.vscode\\extensions\\uqbar.wollok-lsp-ide-0.5.4\\out\\server\\src\\server.js:7:6189)\n    at ct (c:\\Users\\zagum\\.vscode\\extensions\\uqbar.wollok-lsp-ide-0.5.4\\out\\server\\src\\server.js:7:6378)","timestamp":"2026-06-18T19:19:21.301Z"}
{"level":"error","message":"✘ Completions for node If ([298:13, 307:14] - niveles.wlk) failed: Error: [If]{f6d1b1} at niveles.wlk:298 exhausted all cases without a match [If]{f6d1b1} at niveles.wlk:298 exhausted all cases without a match","stack":"Error: [If]{f6d1b1} at niveles.wlk:298 exhausted all cases without a match\n    at c:\\Users\\zagum\\.vscode\\extensions\\uqbar.wollok-lsp-ide-0.5.4\\out\\server\\src\\server.js:38:6142\n    at L2 (c:\\Users\\zagum\\.vscode\\extensions\\uqbar.wollok-lsp-ide-0.5.4\\out\\server\\src\\server.js:2389:42)\n    at Jh (c:\\Users\\zagum\\.vscode\\extensions\\uqbar.wollok-lsp-ide-0.5.4\\out\\server\\src\\server.js:2389:1092)\n    at v5n (c:\\Users\\zagum\\.vscode\\extensions\\uqbar.wollok-lsp-ide-0.5.4\\out\\server\\src\\server.js:2389:818)\n    at c:\\Users\\zagum\\.vscode\\extensions\\uqbar.wollok-lsp-ide-0.5.4\\out\\server\\src\\server.js:38:6131\n    at L2 (c:\\Users\\zagum\\.vscode\\extensions\\uqbar.wollok-lsp-ide-0.5.4\\out\\server\\src\\server.js:2389:42)\n    at Jh (c:\\Users\\zagum\\.vscode\\extensions\\uqbar.wollok-lsp-ide-0.5.4\\out\\server\\src\\server.js:2389:1092)\n    at L2 (c:\\Users\\zagum\\.vscode\\extensions\\uqbar.wollok-lsp-ide-0.5.4\\out\\server\\src\\server.js:2389:544)\n    at Jh (c:\\Users\\zagum\\.vscode\\extensions\\uqbar.wollok-lsp-ide-0.5.4\\out\\server\\src\\server.js:2389:1092)\n    at L2 (c:\\Users\\zagum\\.vscode\\extensions\\uqbar.wollok-lsp-ide-0.5.4\\out\\server\\src\\server.js:2389:544)","timestamp":"2026-06-18T19:19:21.301Z"}
{"level":"error","message":"✘ Completions for node Return (undefined - niveles.wlk) failed: Error: [Return]{7a0759} at niveles.wlk:-- exhausted all cases without a match [Return]{7a0759} at niveles.wlk:-- exhausted all cases without a match","stack":"Error: [Return]{7a0759} at niveles.wlk:-- exhausted all cases without a match\n    at c:\\Users\\zagum\\.vscode\\extensions\\uqbar.wollok-lsp-ide-0.5.4\\out\\server\\src\\server.js:38:6142\n    at L2 (c:\\Users\\zagum\\.vscode\\extensions\\uqbar.wollok-lsp-ide-0.5.4\\out\\server\\src\\server.js:2389:42)\n    at Jh (c:\\Users\\zagum\\.vscode\\extensions\\uqbar.wollok-lsp-ide-0.5.4\\out\\server\\src\\server.js:2389:1092)\n    at L2 (c:\\Users\\zagum\\.vscode\\extensions\\uqbar.wollok-lsp-ide-0.5.4\\out\\server\\src\\server.js:2389:544)\n    at Jh (c:\\Users\\zagum\\.vscode\\extensions\\uqbar.wollok-lsp-ide-0.5.4\\out\\server\\src\\server.js:2389:1092)\n    at v5n (c:\\Users\\zagum\\.vscode\\extensions\\uqbar.wollok-lsp-ide-0.5.4\\out\\server\\src\\server.js:2389:818)\n    at c:\\Users\\zagum\\.vscode\\extensions\\uqbar.wollok-lsp-ide-0.5.4\\out\\server\\src\\server.js:38:6131\n    at L2 (c:\\Users\\zagum\\.vscode\\extensions\\uqbar.wollok-lsp-ide-0.5.4\\out\\server\\src\\server.js:2389:42)\n    at Jh (c:\\Users\\zagum\\.vscode\\extensions\\uqbar.wollok-lsp-ide-0.5.4\\out\\server\\src\\server.js:2389:1092)\n    at L2 (c:\\Users\\zagum\\.vscode\\extensions\\uqbar.wollok-lsp-ide-0.5.4\\out\\server\\src\\server.js:2389:544)","timestamp":"2026-06-18T19:19:21.301Z"}
{"level":"info","message":"⌛ Validating niveles.wlk","timeElapsed":124,"timestamp":"2026-06-18T19:19:21.538Z"}
{"level":"info","message":"⌛ Building environment","timeElapsed":337,"timestamp":"2026-06-18T20:45:01.850Z"}
{"level":"info","message":"⌛ Validating niveles.wlk","timeElapsed":103,"timestamp":"2026-06-18T20:45:02.034Z"}
{"level":"info","message":"⌛ Building environment","timeElapsed":283,"timestamp":"2026-06-18T20:45:02.555Z"}
{"level":"info","message":"⌛ Validating niveles.wlk","timeElapsed":115,"timestamp":"2026-06-18T20:45:02.674Z"}
{"level":"info","message":"⌛ Building environment","timeElapsed":293,"timestamp":"2026-06-18T20:45:02.968Z"}
{"level":"info","message":"⌛ Validating niveles.wlk","timeElapsed":112,"timestamp":"2026-06-18T20:45:03.088Z"}
{"level":"info","message":"⌛ Building environment","timeElapsed":232,"timestamp":"2026-06-18T20:45:03.320Z"}
{"level":"info","message":"⌛ Validating niveles.wlk","timeElapsed":118,"timestamp":"2026-06-18T20:45:03.443Z"}
{"level":"info","message":"⌛ Building environment","timeElapsed":251,"timestamp":"2026-06-18T20:45:03.695Z"}
{"level":"info","message":"⌛ Building environment","timeElapsed":252,"timestamp":"2026-06-18T20:45:03.952Z"}
{"level":"info","message":"⌛ Validating niveles.wlk","timeElapsed":102,"timestamp":"2026-06-18T20:45:04.054Z"}
{"level":"info","message":"⌛ Building environment","timeElapsed":255,"timestamp":"2026-06-18T20:45:04.346Z"}
{"level":"info","message":"⌛ Validating niveles.wlk","timeElapsed":114,"timestamp":"2026-06-18T20:45:04.460Z"}
{"level":"info","message":"⌛ Building environment","timeElapsed":253,"timestamp":"2026-06-18T20:45:04.719Z"}
{"level":"info","message":"⌛ Validating niveles.wlk","timeElapsed":111,"timestamp":"2026-06-18T20:45:04.835Z"}
{"level":"info","message":"⌛ Building environment","timeElapsed":223,"timestamp":"2026-06-18T20:45:05.064Z"}
{"level":"info","message":"⌛ Validating niveles.wlk","timeElapsed":107,"timestamp":"2026-06-18T20:45:05.175Z"}
{"level":"info","message":"⌛ Building environment","timeElapsed":352,"timestamp":"2026-06-18T20:45:05.528Z"}
{"level":"info","message":"⌛ Validating niveles.wlk","timeElapsed":122,"timestamp":"2026-06-18T20:45:05.651Z"}
{"level":"info","message":"⌛ Validating niveles.wlk","timeElapsed":109,"timestamp":"2026-06-18T20:45:05.766Z"}
{"level":"info","message":"⌛ Building environment","timeElapsed":236,"timestamp":"2026-06-18T20:45:06.002Z"}
{"level":"info","message":"⌛ Building environment","timeElapsed":251,"timestamp":"2026-06-18T20:45:06.261Z"}
{"level":"info","message":"⌛ Validating niveles.wlk","timeElapsed":107,"timestamp":"2026-06-18T20:45:06.374Z"}
{"level":"info","message":"⌛ Building environment","timeElapsed":249,"timestamp":"2026-06-18T20:45:06.622Z"}
{"level":"info","message":"⌛ Validating niveles.wlk","timeElapsed":104,"timestamp":"2026-06-18T20:45:06.732Z"}
{"level":"info","message":"⌛ Building environment","timeElapsed":266,"timestamp":"2026-06-18T20:45:07.042Z"}
{"level":"info","message":"⌛ Validating niveles.wlk","timeElapsed":113,"timestamp":"2026-06-18T20:45:07.156Z"}
{"level":"info","message":"⌛ Building environment","timeElapsed":246,"timestamp":"2026-06-18T20:45:07.406Z"}
{"level":"info","message":"⌛ Validating niveles.wlk","timeElapsed":102,"timestamp":"2026-06-18T20:45:07.513Z"}
{"level":"info","message":"⌛ Building environment","timeElapsed":234,"timestamp":"2026-06-18T20:45:07.752Z"}
{"level":"info","message":"⌛ Building environment","timeElapsed":255,"timestamp":"2026-06-18T20:45:08.011Z"}
{"level":"info","message":"⌛ Validating niveles.wlk","timeElapsed":144,"timestamp":"2026-06-18T20:45:08.156Z"}
{"level":"info","message":"⌛ Building environment","timeElapsed":253,"timestamp":"2026-06-18T20:45:08.412Z"}
{"level":"info","message":"⌛ Building environment","timeElapsed":223,"timestamp":"2026-06-18T20:45:08.741Z"}
{"level":"info","message":"⌛ Building environment","timeElapsed":231,"timestamp":"2026-06-18T20:45:09.077Z"}
{"level":"info","message":"⌛ Validating niveles.wlk","timeElapsed":117,"timestamp":"2026-06-18T20:45:09.207Z"}
{"level":"info","message":"⌛ Validating niveles.wlk","timeElapsed":140,"timestamp":"2026-06-18T20:45:09.350Z"}
{"level":"info","message":"⌛ Building environment","timeElapsed":253,"timestamp":"2026-06-18T20:45:09.604Z"}
{"level":"info","message":"⌛ Building environment","timeElapsed":235,"timestamp":"2026-06-18T20:45:09.944Z"}
{"level":"info","message":"⌛ Building environment","timeElapsed":237,"timestamp":"2026-06-18T20:45:10.190Z"}
{"level":"info","message":"⌛ Validating niveles.wlk","timeElapsed":117,"timestamp":"2026-06-18T20:45:10.308Z"}
{"level":"info","message":"⌛ Building environment","timeElapsed":272,"timestamp":"2026-06-18T20:45:10.643Z"}
{"level":"info","message":"⌛ Validating niveles.wlk","timeElapsed":121,"timestamp":"2026-06-18T20:45:10.768Z"}
{"level":"info","message":"⌛ Building environment","timeElapsed":232,"timestamp":"2026-06-18T20:45:11.000Z"}
{"level":"info","message":"⌛ Validating niveles.wlk","timeElapsed":104,"timestamp":"2026-06-18T20:45:11.110Z"}
{"level":"info","message":"⌛ Building environment","timeElapsed":228,"timestamp":"2026-06-18T20:45:11.343Z"}
{"level":"info","message":"⌛ Validating niveles.wlk","timeElapsed":113,"timestamp":"2026-06-18T20:45:11.457Z"}
{"level":"info","message":"⌛ Building environment","timeElapsed":295,"timestamp":"2026-06-18T20:45:11.752Z"}
{"level":"info","message":"⌛ Validating niveles.wlk","timeElapsed":108,"timestamp":"2026-06-18T20:45:11.861Z"}
{"level":"info","message":"⌛ Building environment","timeElapsed":220,"timestamp":"2026-06-18T20:45:12.081Z"}
{"level":"info","message":"⌛ Building environment","timeElapsed":220,"timestamp":"2026-06-18T20:45:12.407Z"}
{"level":"info","message":"⌛ Building environment","timeElapsed":270,"timestamp":"2026-06-18T20:45:12.678Z"}
{"level":"info","message":"⌛ Validating niveles.wlk","timeElapsed":110,"timestamp":"2026-06-18T20:45:12.937Z"}
{"level":"info","message":"⌛ Building environment","timeElapsed":259,"timestamp":"2026-06-18T20:45:13.197Z"}
{"level":"info","message":"⌛ Validating niveles.wlk","timeElapsed":106,"timestamp":"2026-06-18T20:45:13.303Z"}
{"level":"info","message":"⌛ Validating niveles.wlk","timeElapsed":103,"timestamp":"2026-06-18T20:45:13.407Z"}
{"level":"info","message":"⌛ Building environment","timeElapsed":226,"timestamp":"2026-06-18T20:45:13.638Z"}
{"level":"info","message":"⌛ Building environment","timeElapsed":246,"timestamp":"2026-06-18T20:45:13.885Z"}
{"level":"info","message":"⌛ Validating niveles.wlk","timeElapsed":110,"timestamp":"2026-06-18T20:45:13.999Z"}
{"level":"info","message":"⌛ Building environment","timeElapsed":291,"timestamp":"2026-06-18T20:45:14.292Z"}
{"level":"info","message":"⌛ Validating niveles.wlk","timeElapsed":109,"timestamp":"2026-06-18T20:45:14.412Z"}
{"level":"info","message":"⌛ Building environment","timeElapsed":234,"timestamp":"2026-06-18T20:45:14.646Z"}
{"level":"info","message":"⌛ Validating niveles.wlk","timeElapsed":148,"timestamp":"2026-06-18T20:45:14.794Z"}
{"level":"info","message":"⌛ Building environment","timeElapsed":276,"timestamp":"2026-06-18T20:45:15.071Z"}
{"level":"info","message":"⌛ Building environment","timeElapsed":254,"timestamp":"2026-06-18T20:45:15.338Z"}
{"level":"info","message":"⌛ Validating niveles.wlk","timeElapsed":143,"timestamp":"2026-06-18T20:45:15.482Z"}
{"level":"info","message":"⌛ Building environment","timeElapsed":256,"timestamp":"2026-06-18T20:45:15.738Z"}
{"level":"info","message":"⌛ Building environment","timeElapsed":223,"timestamp":"2026-06-18T20:45:16.061Z"}
{"level":"info","message":"⌛ Validating niveles.wlk","timeElapsed":103,"timestamp":"2026-06-18T20:45:16.170Z"}
{"level":"info","message":"⌛ Building environment","timeElapsed":217,"timestamp":"2026-06-18T20:45:16.388Z"}
{"level":"info","message":"⌛ Validating niveles.wlk","timeElapsed":103,"timestamp":"2026-06-18T20:45:16.491Z"}
{"level":"info","message":"⌛ Validating niveles.wlk","timeElapsed":104,"timestamp":"2026-06-18T20:45:16.637Z"}
{"level":"info","message":"⌛ Building environment","timeElapsed":245,"timestamp":"2026-06-18T20:45:16.882Z"}
{"level":"info","message":"⌛ Validating niveles.wlk","timeElapsed":105,"timestamp":"2026-06-18T20:45:16.987Z"}
{"level":"info","message":"⌛ Building environment","timeElapsed":240,"timestamp":"2026-06-18T20:45:17.348Z"}
{"level":"info","message":"⌛ Validating niveles.wlk","timeElapsed":107,"timestamp":"2026-06-18T20:45:17.456Z"}
{"level":"info","message":"⌛ Building environment","timeElapsed":232,"timestamp":"2026-06-18T20:45:17.687Z"}
{"level":"info","message":"⌛ Validating niveles.wlk","timeElapsed":108,"timestamp":"2026-06-18T20:45:17.803Z"}
{"level":"info","message":"⌛ Building environment","timeElapsed":277,"timestamp":"2026-06-18T20:45:18.081Z"}
{"level":"info","message":"⌛ Validating niveles.wlk","timeElapsed":107,"timestamp":"2026-06-18T20:45:18.189Z"}
{"level":"info","message":"⌛ Building environment","timeElapsed":239,"timestamp":"2026-06-18T20:45:18.428Z"}
{"level":"info","message":"⌛ Building environment","timeElapsed":252,"timestamp":"2026-06-18T20:45:18.680Z"}
{"level":"info","message":"⌛ Building environment","timeElapsed":254,"timestamp":"2026-06-18T20:45:19.075Z"}
{"level":"info","message":"⌛ Validating niveles.wlk","timeElapsed":112,"timestamp":"2026-06-18T20:45:19.188Z"}
{"level":"info","message":"⌛ Validating niveles.wlk","timeElapsed":104,"timestamp":"2026-06-18T20:45:19.292Z"}
{"level":"info","message":"⌛ Building environment","timeElapsed":227,"timestamp":"2026-06-18T20:45:19.518Z"}
{"level":"info","message":"⌛ Building environment","timeElapsed":244,"timestamp":"2026-06-18T20:45:19.771Z"}
{"level":"info","message":"⌛ Building environment","timeElapsed":282,"timestamp":"2026-06-18T20:45:20.154Z"}
{"level":"info","message":"⌛ Validating niveles.wlk","timeElapsed":109,"timestamp":"2026-06-18T20:45:20.268Z"}
{"level":"info","message":"⌛ Validating niveles.wlk","timeElapsed":103,"timestamp":"2026-06-18T20:45:20.372Z"}
{"level":"info","message":"⌛ Building environment","timeElapsed":239,"timestamp":"2026-06-18T20:45:20.627Z"}
{"level":"info","message":"⌛ Validating niveles.wlk","timeElapsed":131,"timestamp":"2026-06-18T20:45:20.759Z"}
{"level":"info","message":"⌛ Building environment","timeElapsed":256,"timestamp":"2026-06-18T20:45:21.015Z"}
{"level":"info","message":"⌛ Building environment","timeElapsed":266,"timestamp":"2026-06-18T20:45:21.394Z"}
{"level":"info","message":"⌛ Validating niveles.wlk","timeElapsed":106,"timestamp":"2026-06-18T20:45:21.509Z"}
{"level":"info","message":"⌛ Building environment","timeElapsed":230,"timestamp":"2026-06-18T20:45:21.740Z"}
{"level":"info","message":"⌛ Building environment","timeElapsed":261,"timestamp":"2026-06-18T20:45:22.005Z"}
{"level":"info","message":"⌛ Validating niveles.wlk","timeElapsed":110,"timestamp":"2026-06-18T20:45:22.116Z"}
{"level":"info","message":"⌛ Building environment","timeElapsed":251,"timestamp":"2026-06-18T20:45:22.402Z"}
{"level":"info","message":"⌛ Validating niveles.wlk","timeElapsed":109,"timestamp":"2026-06-18T20:45:22.510Z"}
{"level":"info","message":"⌛ Validating niveles.wlk","timeElapsed":109,"timestamp":"2026-06-18T20:45:22.624Z"}
{"level":"info","message":"⌛ Building environment","timeElapsed":227,"timestamp":"2026-06-18T20:45:22.852Z"}
{"level":"info","message":"⌛ Building environment","timeElapsed":234,"timestamp":"2026-06-18T20:45:23.094Z"}
{"level":"info","message":"⌛ Validating niveles.wlk","timeElapsed":112,"timestamp":"2026-06-18T20:45:23.207Z"}
{"level":"info","message":"⌛ Building environment","timeElapsed":287,"timestamp":"2026-06-18T20:45:23.495Z"}
{"level":"info","message":"⌛ Validating niveles.wlk","timeElapsed":106,"timestamp":"2026-06-18T20:45:23.605Z"}
{"level":"info","message":"⌛ Building environment","timeElapsed":223,"timestamp":"2026-06-18T20:45:23.829Z"}
{"level":"info","message":"⌛ Building environment","timeElapsed":237,"timestamp":"2026-06-18T20:45:24.390Z"}
{"level":"info","message":"⌛ Building environment","timeElapsed":227,"timestamp":"2026-06-18T20:45:24.624Z"}
{"level":"info","message":"⌛ Validating niveles.wlk","timeElapsed":114,"timestamp":"2026-06-18T20:45:24.780Z"}
{"level":"info","message":"⌛ Building environment","timeElapsed":258,"timestamp":"2026-06-18T20:45:25.039Z"}
{"level":"info","message":"⌛ Validating niveles.wlk","timeElapsed":105,"timestamp":"2026-06-18T20:45:25.147Z"}
{"level":"info","message":"⌛ Building environment","timeElapsed":226,"timestamp":"2026-06-18T20:45:25.374Z"}
{"level":"info","message":"⌛ Validating niveles.wlk","timeElapsed":120,"timestamp":"2026-06-18T20:45:25.505Z"}
{"level":"info","message":"⌛ Building environment","timeElapsed":231,"timestamp":"2026-06-18T20:45:25.736Z"}
{"level":"info","message":"⌛ Validating niveles.wlk","timeElapsed":103,"timestamp":"2026-06-18T20:45:25.844Z"}
{"level":"info","message":"⌛ Building environment","timeElapsed":296,"timestamp":"2026-06-18T20:45:26.141Z"}
{"level":"info","message":"⌛ Validating niveles.wlk","timeElapsed":111,"timestamp":"2026-06-18T20:45:26.252Z"}
{"level":"info","message":"⌛ Building environment","timeElapsed":233,"timestamp":"2026-06-18T20:45:26.485Z"}
{"level":"info","message":"⌛ Building environment","timeElapsed":239,"timestamp":"2026-06-18T20:45:26.733Z"}
{"level":"info","message":"⌛ Validating niveles.wlk","timeElapsed":102,"timestamp":"2026-06-18T20:45:26.836Z"}
{"level":"info","message":"⌛ Building environment","timeElapsed":230,"timestamp":"2026-06-18T20:45:27.070Z"}
{"level":"info","message":"⌛ Building environment","timeElapsed":282,"timestamp":"2026-06-18T20:45:27.459Z"}
{"level":"info","message":"⌛ Validating niveles.wlk","timeElapsed":110,"timestamp":"2026-06-18T20:45:27.570Z"}
{"level":"info","message":"⌛ Validating niveles.wlk","timeElapsed":108,"timestamp":"2026-06-18T20:45:27.677Z"}
{"level":"info","message":"⌛ Validating niveles.wlk","timeElapsed":119,"timestamp":"2026-06-18T20:45:27.803Z"}
{"level":"info","message":"⌛ Building environment","timeElapsed":234,"timestamp":"2026-06-18T20:45:28.050Z"}
{"level":"info","message":"⌛ Building environment","timeElapsed":240,"timestamp":"2026-06-18T20:45:28.289Z"}
{"level":"info","message":"⌛ Validating niveles.wlk","timeElapsed":104,"timestamp":"2026-06-18T20:45:28.397Z"}
{"level":"info","message":"⌛ Building environment","timeElapsed":222,"timestamp":"2026-06-18T20:45:28.620Z"}
{"level":"info","message":"⌛ Validating niveles.wlk","timeElapsed":135,"timestamp":"2026-06-18T20:45:28.801Z"}
{"level":"info","message":"⌛ Building environment","timeElapsed":272,"timestamp":"2026-06-18T20:45:29.074Z"}
{"level":"info","message":"⌛ Validating niveles.wlk","timeElapsed":105,"timestamp":"2026-06-18T20:45:29.184Z"}
{"level":"info","message":"⌛ Building environment","timeElapsed":229,"timestamp":"2026-06-18T20:45:29.413Z"}
{"level":"info","message":"⌛ Validating niveles.wlk","timeElapsed":103,"timestamp":"2026-06-18T20:45:29.524Z"}
{"level":"info","message":"⌛ Building environment","timeElapsed":235,"timestamp":"2026-06-18T20:45:29.760Z"}
{"level":"info","message":"⌛ Building environment","timeElapsed":301,"timestamp":"2026-06-18T20:45:30.166Z"}
{"level":"info","message":"⌛ Building environment","timeElapsed":241,"timestamp":"2026-06-18T20:45:30.413Z"}
{"level":"info","message":"⌛ Validating niveles.wlk","timeElapsed":108,"timestamp":"2026-06-18T20:45:30.526Z"}
{"level":"info","message":"⌛ Building environment","timeElapsed":279,"timestamp":"2026-06-18T20:45:30.806Z"}
{"level":"info","message":"⌛ Validating niveles.wlk","timeElapsed":116,"timestamp":"2026-06-18T20:45:30.923Z"}
{"level":"info","message":"⌛ Building environment","timeElapsed":225,"timestamp":"2026-06-18T20:45:31.148Z"}
{"level":"info","message":"⌛ Validating niveles.wlk","timeElapsed":113,"timestamp":"2026-06-18T20:45:31.267Z"}
{"level":"info","message":"⌛ Validating niveles.wlk","timeElapsed":112,"timestamp":"2026-06-18T20:45:31.427Z"}
{"level":"info","message":"⌛ Building environment","timeElapsed":267,"timestamp":"2026-06-18T20:45:31.695Z"}
{"level":"info","message":"⌛ Validating niveles.wlk","timeElapsed":106,"timestamp":"2026-06-18T20:45:31.802Z"}
{"level":"info","message":"⌛ Building environment","timeElapsed":237,"timestamp":"2026-06-18T20:45:32.039Z"}
{"level":"info","message":"⌛ Validating niveles.wlk","timeElapsed":102,"timestamp":"2026-06-18T20:45:32.150Z"}
{"level":"info","message":"⌛ Building environment","timeElapsed":240,"timestamp":"2026-06-18T20:45:32.391Z"}
{"level":"info","message":"⌛ Validating niveles.wlk","timeElapsed":112,"timestamp":"2026-06-18T20:45:32.509Z"}
{"level":"info","message":"⌛ Building environment","timeElapsed":307,"timestamp":"2026-06-18T20:45:32.816Z"}
{"level":"info","message":"⌛ Validating niveles.wlk","timeElapsed":122,"timestamp":"2026-06-18T20:45:32.939Z"}
{"level":"info","message":"⌛ Building environment","timeElapsed":242,"timestamp":"2026-06-18T20:45:33.181Z"}
{"level":"info","message":"⌛ Building environment","timeElapsed":249,"timestamp":"2026-06-18T20:45:33.440Z"}
{"level":"info","message":"⌛ Validating niveles.wlk","timeElapsed":117,"timestamp":"2026-06-18T20:45:33.561Z"}
{"level":"info","message":"⌛ Building environment","timeElapsed":245,"timestamp":"2026-06-18T20:45:33.807Z"}
{"level":"info","message":"⌛ Validating niveles.wlk","timeElapsed":104,"timestamp":"2026-06-18T20:45:33.919Z"}
{"level":"info","message":"⌛ Building environment","timeElapsed":274,"timestamp":"2026-06-18T20:45:34.194Z"}
{"level":"info","message":"⌛ Validating niveles.wlk","timeElapsed":113,"timestamp":"2026-06-18T20:45:34.319Z"}
{"level":"info","message":"⌛ Building environment","timeElapsed":225,"timestamp":"2026-06-18T20:45:34.544Z"}
{"level":"info","message":"⌛ Validating niveles.wlk","timeElapsed":118,"timestamp":"2026-06-18T20:45:34.662Z"}
{"level":"info","message":"⌛ Building environment","timeElapsed":263,"timestamp":"2026-06-18T20:45:34.925Z"}
{"level":"info","message":"⌛ Validating niveles.wlk","timeElapsed":103,"timestamp":"2026-06-18T20:45:35.035Z"}
{"level":"info","message":"⌛ Validating niveles.wlk","timeElapsed":112,"timestamp":"2026-06-18T20:45:35.184Z"}
{"level":"info","message":"⌛ Building environment","timeElapsed":253,"timestamp":"2026-06-18T20:45:35.439Z"}
{"level":"info","message":"⌛ Validating niveles.wlk","timeElapsed":112,"timestamp":"2026-06-18T20:45:35.552Z"}
{"level":"info","message":"⌛ Building environment","timeElapsed":227,"timestamp":"2026-06-18T20:45:35.780Z"}
{"level":"info","message":"⌛ Building environment","timeElapsed":240,"timestamp":"2026-06-18T20:45:36.032Z"}
{"level":"info","message":"⌛ Validating niveles.wlk","timeElapsed":110,"timestamp":"2026-06-18T20:45:36.147Z"}
{"level":"info","message":"⌛ Building environment","timeElapsed":254,"timestamp":"2026-06-18T20:45:36.533Z"}
{"level":"info","message":"⌛ Validating niveles.wlk","timeElapsed":109,"timestamp":"2026-06-18T20:45:36.642Z"}
{"level":"info","message":"⌛ Building environment","timeElapsed":228,"timestamp":"2026-06-18T20:45:36.874Z"}
{"level":"info","message":"⌛ Validating niveles.wlk","timeElapsed":106,"timestamp":"2026-06-18T20:45:36.985Z"}
{"level":"info","message":"⌛ Building environment","timeElapsed":236,"timestamp":"2026-06-18T20:45:37.222Z"}
{"level":"info","message":"⌛ Building environment","timeElapsed":287,"timestamp":"2026-06-18T20:45:37.614Z"}
{"level":"info","message":"⌛ Validating niveles.wlk","timeElapsed":109,"timestamp":"2026-06-18T20:45:37.727Z"}
{"level":"info","message":"⌛ Building environment","timeElapsed":241,"timestamp":"2026-06-18T20:45:37.969Z"}
{"level":"info","message":"⌛ Building environment","timeElapsed":245,"timestamp":"2026-06-18T20:45:38.222Z"}
{"level":"info","message":"⌛ Validating niveles.wlk","timeElapsed":109,"timestamp":"2026-06-18T20:45:38.332Z"}
{"level":"info","message":"⌛ Building environment","timeElapsed":227,"timestamp":"2026-06-18T20:45:38.560Z"}
{"level":"info","message":"⌛ Validating niveles.wlk","timeElapsed":102,"timestamp":"2026-06-18T20:45:38.672Z"}
{"level":"info","message":"⌛ Validating niveles.wlk","timeElapsed":136,"timestamp":"2026-06-18T20:45:38.809Z"}
{"level":"info","message":"⌛ Building environment","timeElapsed":257,"timestamp":"2026-06-18T20:45:39.067Z"}
{"level":"info","message":"⌛ Validating niveles.wlk","timeElapsed":105,"timestamp":"2026-06-18T20:45:39.176Z"}
{"level":"info","message":"⌛ Building environment","timeElapsed":243,"timestamp":"2026-06-18T20:45:39.421Z"}
{"level":"info","message":"⌛ Validating niveles.wlk","timeElapsed":102,"timestamp":"2026-06-18T20:45:39.527Z"}
{"level":"info","message":"⌛ Building environment","timeElapsed":256,"timestamp":"2026-06-18T20:45:39.784Z"}
{"level":"info","message":"⌛ Validating niveles.wlk","timeElapsed":119,"timestamp":"2026-06-18T20:45:39.922Z"}
{"level":"info","message":"⌛ Building environment","timeElapsed":284,"timestamp":"2026-06-18T20:45:40.207Z"}
{"level":"info","message":"⌛ Building environment","timeElapsed":242,"timestamp":"2026-06-18T20:45:40.454Z"}
{"level":"info","message":"⌛ Validating niveles.wlk","timeElapsed":122,"timestamp":"2026-06-18T20:45:40.577Z"}
{"level":"info","message":"⌛ Building environment","timeElapsed":247,"timestamp":"2026-06-18T20:45:40.829Z"}
{"level":"info","message":"⌛ Validating niveles.wlk","timeElapsed":115,"timestamp":"2026-06-18T20:45:40.950Z"}
{"level":"info","message":"⌛ Building environment","timeElapsed":304,"timestamp":"2026-06-18T20:45:41.255Z"}
{"level":"info","message":"⌛ Validating niveles.wlk","timeElapsed":111,"timestamp":"2026-06-18T20:45:41.366Z"}
{"level":"info","message":"⌛ Building environment","timeElapsed":230,"timestamp":"2026-06-18T20:45:41.596Z"}
{"level":"info","message":"⌛ Validating niveles.wlk","timeElapsed":113,"timestamp":"2026-06-18T20:45:41.710Z"}
{"level":"info","message":"⌛ Building environment","timeElapsed":227,"timestamp":"2026-06-18T20:45:41.937Z"}
{"level":"info","message":"⌛ Building environment","timeElapsed":236,"timestamp":"2026-06-18T20:45:42.273Z"}
{"level":"info","message":"⌛ Validating niveles.wlk","timeElapsed":108,"timestamp":"2026-06-18T20:45:42.424Z"}
{"level":"info","message":"⌛ Validating niveles.wlk","timeElapsed":113,"timestamp":"2026-06-18T20:45:42.538Z"}
{"level":"info","message":"⌛ Building environment","timeElapsed":279,"timestamp":"2026-06-18T20:45:42.817Z"}
{"level":"info","message":"⌛ Building environment","timeElapsed":246,"timestamp":"2026-06-18T20:45:43.064Z"}
{"level":"info","message":"⌛ Validating niveles.wlk","timeElapsed":120,"timestamp":"2026-06-18T20:45:43.190Z"}
{"level":"info","message":"⌛ Building environment","timeElapsed":234,"timestamp":"2026-06-18T20:45:43.429Z"}
{"level":"info","message":"⌛ Validating niveles.wlk","timeElapsed":107,"timestamp":"2026-06-18T20:45:43.541Z"}
{"level":"info","message":"⌛ Building environment","timeElapsed":274,"timestamp":"2026-06-18T20:45:43.815Z"}
{"level":"info","message":"⌛ Validating niveles.wlk","timeElapsed":117,"timestamp":"2026-06-18T20:45:43.941Z"}
{"level":"info","message":"⌛ Building environment","timeElapsed":235,"timestamp":"2026-06-18T20:45:44.177Z"}
{"level":"info","message":"⌛ Building environment","timeElapsed":241,"timestamp":"2026-06-18T20:45:44.522Z"}
{"level":"info","message":"⌛ Validating niveles.wlk","timeElapsed":104,"timestamp":"2026-06-18T20:45:44.631Z"}
{"level":"info","message":"⌛ Building environment","timeElapsed":285,"timestamp":"2026-06-18T20:45:44.918Z"}
{"level":"info","message":"⌛ Building environment","timeElapsed":236,"timestamp":"2026-06-18T20:45:45.168Z"}
{"level":"info","message":"⌛ Validating niveles.wlk","timeElapsed":107,"timestamp":"2026-06-18T20:45:45.276Z"}
{"level":"info","message":"⌛ Building environment","timeElapsed":228,"timestamp":"2026-06-18T20:45:45.504Z"}
{"level":"info","message":"⌛ Building environment","timeElapsed":219,"timestamp":"2026-06-18T20:45:45.821Z"}
{"level":"info","message":"⌛ Validating niveles.wlk","timeElapsed":117,"timestamp":"2026-06-18T20:45:46.040Z"}
{"level":"info","message":"⌛ Building environment","timeElapsed":260,"timestamp":"2026-06-18T20:45:46.528Z"}
{"level":"info","message":"⌛ Building environment","timeElapsed":229,"timestamp":"2026-06-18T20:45:46.761Z"}
{"level":"info","message":"⌛ Validating niveles.wlk","timeElapsed":104,"timestamp":"2026-06-18T20:45:46.866Z"}
{"level":"info","message":"⌛ Building environment","timeElapsed":235,"timestamp":"2026-06-18T20:45:47.197Z"}
{"level":"info","message":"⌛ Validating niveles.wlk","timeElapsed":119,"timestamp":"2026-06-18T20:45:47.378Z"}
{"level":"info","message":"⌛ Building environment","timeElapsed":264,"timestamp":"2026-06-18T20:45:47.643Z"}
{"level":"info","message":"⌛ Building environment","timeElapsed":241,"timestamp":"2026-06-18T20:45:47.885Z"}
{"level":"info","message":"⌛ Validating niveles.wlk","timeElapsed":102,"timestamp":"2026-06-18T20:45:47.995Z"}
{"level":"info","message":"⌛ Building environment","timeElapsed":234,"timestamp":"2026-06-18T20:45:48.327Z"}
{"level":"info","message":"⌛ Building environment","timeElapsed":266,"timestamp":"2026-06-18T20:45:48.597Z"}
{"level":"info","message":"⌛ Validating niveles.wlk","timeElapsed":103,"timestamp":"2026-06-18T20:45:48.740Z"}
{"level":"info","message":"⌛ Building environment","timeElapsed":253,"timestamp":"2026-06-18T20:45:48.994Z"}
{"level":"info","message":"⌛ Validating niveles.wlk","timeElapsed":104,"timestamp":"2026-06-18T20:45:49.103Z"}
{"level":"info","message":"⌛ Building environment","timeElapsed":231,"timestamp":"2026-06-18T20:45:49.334Z"}
{"level":"info","message":"⌛ Validating niveles.wlk","timeElapsed":103,"timestamp":"2026-06-18T20:45:49.446Z"}
{"level":"info","message":"⌛ Building environment","timeElapsed":231,"timestamp":"2026-06-18T20:45:49.678Z"}
{"level":"info","message":"⌛ Validating niveles.wlk","timeElapsed":105,"timestamp":"2026-06-18T20:45:49.919Z"}
{"level":"info","message":"⌛ Building environment","timeElapsed":252,"timestamp":"2026-06-18T20:45:50.173Z"}
{"level":"info","message":"⌛ Building environment","timeElapsed":253,"timestamp":"2026-06-18T20:45:50.425Z"}
{"level":"info","message":"⌛ Validating niveles.wlk","timeElapsed":104,"timestamp":"2026-06-18T20:45:50.533Z"}
{"level":"info","message":"⌛ Building environment","timeElapsed":236,"timestamp":"2026-06-18T20:45:50.868Z"}
{"level":"info","message":"⌛ Building environment","timeElapsed":281,"timestamp":"2026-06-18T20:45:51.155Z"}
{"level":"info","message":"⌛ Validating niveles.wlk","timeElapsed":108,"timestamp":"2026-06-18T20:45:51.306Z"}
{"level":"info","message":"⌛ Validating niveles.wlk","timeElapsed":107,"timestamp":"2026-06-18T20:45:51.414Z"}
{"level":"info","message":"⌛ Building environment","timeElapsed":253,"timestamp":"2026-06-18T20:45:51.667Z"}
{"level":"info","message":"⌛ Building environment","timeElapsed":242,"timestamp":"2026-06-18T20:45:51.913Z"}
{"level":"info","message":"⌛ Validating niveles.wlk","timeElapsed":109,"timestamp":"2026-06-18T20:45:52.026Z"}
{"level":"info","message":"⌛ Building environment","timeElapsed":224,"timestamp":"2026-06-18T20:45:52.250Z"}
{"level":"info","message":"⌛ Validating niveles.wlk","timeElapsed":106,"timestamp":"2026-06-18T20:45:52.357Z"}
{"level":"info","message":"⌛ Building environment","timeElapsed":287,"timestamp":"2026-06-18T20:45:52.645Z"}
{"level":"info","message":"⌛ Validating niveles.wlk","timeElapsed":106,"timestamp":"2026-06-18T20:45:52.752Z"}
{"level":"info","message":"⌛ Building environment","timeElapsed":232,"timestamp":"2026-06-18T20:45:52.984Z"}
{"level":"info","message":"⌛ Building environment","timeElapsed":246,"timestamp":"2026-06-18T20:45:53.236Z"}
{"level":"info","message":"⌛ Validating niveles.wlk","timeElapsed":109,"timestamp":"2026-06-18T20:45:53.346Z"}
{"level":"info","message":"⌛ Validating niveles.wlk","timeElapsed":101,"timestamp":"2026-06-18T20:45:53.451Z"}
{"level":"info","message":"⌛ Validating niveles.wlk","timeElapsed":106,"timestamp":"2026-06-18T20:45:53.558Z"}
{"level":"info","message":"⌛ Building environment","timeElapsed":233,"timestamp":"2026-06-18T20:45:53.790Z"}
{"level":"info","message":"⌛ Building environment","timeElapsed":286,"timestamp":"2026-06-18T20:45:54.077Z"}
{"level":"info","message":"⌛ Validating niveles.wlk","timeElapsed":122,"timestamp":"2026-06-18T20:45:54.200Z"}
{"level":"info","message":"⌛ Building environment","timeElapsed":237,"timestamp":"2026-06-18T20:45:54.437Z"}
{"level":"info","message":"⌛ Validating niveles.wlk","timeElapsed":115,"timestamp":"2026-06-18T20:45:54.557Z"}
{"level":"info","message":"⌛ Building environment","timeElapsed":248,"timestamp":"2026-06-18T20:45:54.805Z"}
{"level":"info","message":"⌛ Building environment","timeElapsed":290,"timestamp":"2026-06-18T20:45:55.202Z"}
{"level":"info","message":"⌛ Validating niveles.wlk","timeElapsed":114,"timestamp":"2026-06-18T20:45:55.320Z"}
{"level":"info","message":"⌛ Building environment","timeElapsed":243,"timestamp":"2026-06-18T20:45:55.564Z"}
{"level":"info","message":"⌛ Building environment","timeElapsed":231,"timestamp":"2026-06-18T20:45:55.802Z"}
{"level":"info","message":"⌛ Validating niveles.wlk","timeElapsed":106,"timestamp":"2026-06-18T20:45:55.908Z"}
{"level":"info","message":"⌛ Building environment","timeElapsed":252,"timestamp":"2026-06-18T20:45:56.161Z"}
{"level":"info","message":"⌛ Building environment","timeElapsed":302,"timestamp":"2026-06-18T20:45:56.567Z"}
{"level":"info","message":"⌛ Validating niveles.wlk","timeElapsed":110,"timestamp":"2026-06-18T20:45:56.686Z"}
{"level":"info","message":"⌛ Building environment","timeElapsed":218,"timestamp":"2026-06-18T20:45:56.905Z"}
{"level":"info","message":"⌛ Validating niveles.wlk","timeElapsed":108,"timestamp":"2026-06-18T20:45:57.017Z"}
{"level":"info","message":"⌛ Validating niveles.wlk","timeElapsed":104,"timestamp":"2026-06-18T20:45:57.122Z"}
{"level":"info","message":"⌛ Building environment","timeElapsed":225,"timestamp":"2026-06-18T20:45:57.348Z"}
{"level":"info","message":"⌛ Validating niveles.wlk","timeElapsed":102,"timestamp":"2026-06-18T20:45:57.458Z"}
{"level":"info","message":"⌛ Building environment","timeElapsed":231,"timestamp":"2026-06-18T20:45:57.690Z"}
{"level":"info","message":"⌛ Validating niveles.wlk","timeElapsed":135,"timestamp":"2026-06-18T20:45:57.826Z"}
{"level":"info","message":"⌛ Building environment","timeElapsed":261,"timestamp":"2026-06-18T20:45:58.088Z"}
{"level":"info","message":"⌛ Validating niveles.wlk","timeElapsed":107,"timestamp":"2026-06-18T20:45:58.205Z"}
{"level":"info","message":"⌛ Building environment","timeElapsed":238,"timestamp":"2026-06-18T20:45:58.444Z"}
{"level":"info","message":"⌛ Building environment","timeElapsed":244,"timestamp":"2026-06-18T20:45:58.691Z"}
{"level":"info","message":"⌛ Validating niveles.wlk","timeElapsed":108,"timestamp":"2026-06-18T20:45:58.800Z"}
{"level":"info","message":"⌛ Building environment","timeElapsed":294,"timestamp":"2026-06-18T20:45:59.095Z"}
{"level":"info","message":"⌛ Validating niveles.wlk","timeElapsed":114,"timestamp":"2026-06-18T20:45:59.213Z"}
{"level":"info","message":"⌛ Building environment","timeElapsed":244,"timestamp":"2026-06-18T20:45:59.458Z"}
{"level":"info","message":"⌛ Validating niveles.wlk","timeElapsed":102,"timestamp":"2026-06-18T20:45:59.565Z"}
{"level":"info","message":"⌛ Building environment","timeElapsed":224,"timestamp":"2026-06-18T20:45:59.790Z"}
{"level":"info","message":"⌛ Validating niveles.wlk","timeElapsed":105,"timestamp":"2026-06-18T20:45:59.896Z"}
{"level":"info","message":"⌛ Building environment","timeElapsed":231,"timestamp":"2026-06-18T20:46:00.128Z"}
{"level":"info","message":"⌛ Building environment","timeElapsed":284,"timestamp":"2026-06-18T20:46:00.515Z"}
{"level":"info","message":"⌛ Validating niveles.wlk","timeElapsed":112,"timestamp":"2026-06-18T20:46:00.632Z"}
{"level":"info","message":"⌛ Validating niveles.wlk","timeElapsed":102,"timestamp":"2026-06-18T20:46:00.739Z"}
{"level":"info","message":"⌛ Building environment","timeElapsed":223,"timestamp":"2026-06-18T20:46:00.963Z"}
{"level":"info","message":"⌛ Validating niveles.wlk","timeElapsed":105,"timestamp":"2026-06-18T20:46:01.068Z"}
{"level":"info","message":"⌛ Building environment","timeElapsed":266,"timestamp":"2026-06-18T20:46:01.335Z"}
{"level":"info","message":"⌛ Building environment","timeElapsed":236,"timestamp":"2026-06-18T20:46:01.577Z"}
{"level":"info","message":"⌛ Validating niveles.wlk","timeElapsed":113,"timestamp":"2026-06-18T20:46:01.737Z"}
{"level":"info","message":"⌛ Building environment","timeElapsed":273,"timestamp":"2026-06-18T20:46:02.012Z"}
{"level":"info","message":"⌛ Validating niveles.wlk","timeElapsed":107,"timestamp":"2026-06-18T20:46:02.123Z"}
{"level":"info","message":"⌛ Building environment","timeElapsed":255,"timestamp":"2026-06-18T20:46:02.379Z"}
{"level":"info","message":"⌛ Validating niveles.wlk","timeElapsed":120,"timestamp":"2026-06-18T20:46:02.511Z"}
{"level":"info","message":"⌛ Building environment","timeElapsed":235,"timestamp":"2026-06-18T20:46:02.747Z"}
{"level":"info","message":"⌛ Validating niveles.wlk","timeElapsed":101,"timestamp":"2026-06-18T20:46:02.851Z"}
{"level":"info","message":"⌛ Building environment","timeElapsed":287,"timestamp":"2026-06-18T20:46:03.139Z"}
{"level":"info","message":"⌛ Validating niveles.wlk","timeElapsed":130,"timestamp":"2026-06-18T20:46:03.276Z"}
{"level":"info","message":"⌛ Building environment","timeElapsed":227,"timestamp":"2026-06-18T20:46:03.503Z"}
{"level":"info","message":"⌛ Building environment","timeElapsed":232,"timestamp":"2026-06-18T20:46:03.736Z"}
{"level":"info","message":"⌛ Validating niveles.wlk","timeElapsed":103,"timestamp":"2026-06-18T20:46:03.839Z"}
{"level":"info","message":"⌛ Building environment","timeElapsed":254,"timestamp":"2026-06-18T20:46:04.094Z"}
{"level":"info","message":"⌛ Validating niveles.wlk","timeElapsed":129,"timestamp":"2026-06-18T20:46:04.223Z"}
{"level":"info","message":"⌛ Validating niveles.wlk","timeElapsed":104,"timestamp":"2026-06-18T20:46:04.331Z"}
{"level":"info","message":"⌛ Building environment","timeElapsed":282,"timestamp":"2026-06-18T20:46:04.711Z"}
{"level":"info","message":"⌛ Building environment","timeElapsed":235,"timestamp":"2026-06-18T20:46:04.947Z"}
{"level":"info","message":"⌛ Validating niveles.wlk","timeElapsed":104,"timestamp":"2026-06-18T20:46:05.051Z"}
{"level":"info","message":"⌛ Building environment","timeElapsed":250,"timestamp":"2026-06-18T20:46:05.302Z"}
{"level":"info","message":"⌛ Building environment","timeElapsed":241,"timestamp":"2026-06-18T20:46:05.549Z"}
{"level":"info","message":"⌛ Validating niveles.wlk","timeElapsed":131,"timestamp":"2026-06-18T20:46:05.681Z"}
{"level":"info","message":"⌛ Validating niveles.wlk","timeElapsed":118,"timestamp":"2026-06-18T20:46:05.799Z"}
{"level":"info","message":"⌛ Building environment","timeElapsed":283,"timestamp":"2026-06-18T20:46:06.082Z"}
{"level":"info","message":"⌛ Building environment","timeElapsed":237,"timestamp":"2026-06-18T20:46:06.323Z"}
{"level":"info","message":"⌛ Validating niveles.wlk","timeElapsed":105,"timestamp":"2026-06-18T20:46:06.427Z"}
{"level":"info","message":"⌛ Building environment","timeElapsed":224,"timestamp":"2026-06-18T20:46:06.747Z"}
{"level":"info","message":"⌛ Building environment","timeElapsed":253,"timestamp":"2026-06-18T20:46:07.000Z"}
{"level":"info","message":"⌛ Validating niveles.wlk","timeElapsed":127,"timestamp":"2026-06-18T20:46:07.127Z"}
{"level":"info","message":"⌛ Building environment","timeElapsed":267,"timestamp":"2026-06-18T20:46:07.395Z"}
{"level":"info","message":"⌛ Validating niveles.wlk","timeElapsed":103,"timestamp":"2026-06-18T20:46:07.498Z"}
{"level":"info","message":"⌛ Building environment","timeElapsed":231,"timestamp":"2026-06-18T20:46:07.729Z"}
{"level":"info","message":"⌛ Building environment","timeElapsed":243,"timestamp":"2026-06-18T20:46:08.177Z"}
{"level":"info","message":"⌛ Building environment","timeElapsed":232,"timestamp":"2026-06-18T20:46:08.411Z"}
{"level":"info","message":"⌛ Validating niveles.wlk","timeElapsed":134,"timestamp":"2026-06-18T20:46:08.546Z"}
{"level":"info","message":"⌛ Building environment","timeElapsed":273,"timestamp":"2026-06-18T20:46:08.818Z"}
{"level":"info","message":"⌛ Validating niveles.wlk","timeElapsed":104,"timestamp":"2026-06-18T20:46:08.922Z"}
{"level":"info","message":"⌛ Building environment","timeElapsed":238,"timestamp":"2026-06-18T20:46:09.161Z"}
{"level":"info","message":"⌛ Validating niveles.wlk","timeElapsed":110,"timestamp":"2026-06-18T20:46:09.271Z"}
{"level":"info","message":"⌛ Building environment","timeElapsed":232,"timestamp":"2026-06-18T20:46:09.504Z"}
{"level":"info","message":"⌛ Validating niveles.wlk","timeElapsed":101,"timestamp":"2026-06-18T20:46:09.610Z"}
{"level":"info","message":"⌛ Building environment","timeElapsed":280,"timestamp":"2026-06-18T20:46:09.891Z"}
{"level":"info","message":"⌛ Validating niveles.wlk","timeElapsed":112,"timestamp":"2026-06-18T20:46:10.008Z"}
{"level":"info","message":"⌛ Building environment","timeElapsed":221,"timestamp":"2026-06-18T20:46:10.229Z"}
{"level":"info","message":"⌛ Building environment","timeElapsed":236,"timestamp":"2026-06-18T20:46:10.466Z"}
{"level":"info","message":"⌛ Building environment","timeElapsed":215,"timestamp":"2026-06-18T20:46:10.783Z"}
{"level":"info","message":"⌛ Building environment","timeElapsed":297,"timestamp":"2026-06-18T20:46:11.181Z"}
{"level":"info","message":"⌛ Validating niveles.wlk","timeElapsed":118,"timestamp":"2026-06-18T20:46:11.300Z"}
{"level":"info","message":"⌛ Validating niveles.wlk","timeElapsed":107,"timestamp":"2026-06-18T20:46:11.411Z"}
{"level":"info","message":"⌛ Validating niveles.wlk","timeElapsed":123,"timestamp":"2026-06-18T20:46:11.551Z"}
{"level":"info","message":"⌛ Building environment","timeElapsed":240,"timestamp":"2026-06-18T20:46:11.908Z"}
{"level":"info","message":"⌛ Validating niveles.wlk","timeElapsed":101,"timestamp":"2026-06-18T20:46:12.016Z"}
{"level":"info","message":"⌛ Building environment","timeElapsed":241,"timestamp":"2026-06-18T20:46:12.258Z"}
{"level":"info","message":"⌛ Building environment","timeElapsed":236,"timestamp":"2026-06-18T20:46:12.500Z"}
{"level":"info","message":"⌛ Building environment","timeElapsed":299,"timestamp":"2026-06-18T20:46:12.844Z"}
{"level":"info","message":"⌛ Validating niveles.wlk","timeElapsed":113,"timestamp":"2026-06-18T20:46:12.957Z"}
{"level":"info","message":"⌛ Building environment","timeElapsed":232,"timestamp":"2026-06-18T20:46:13.189Z"}
{"level":"info","message":"⌛ Validating niveles.wlk","timeElapsed":109,"timestamp":"2026-06-18T20:46:13.307Z"}
{"level":"info","message":"⌛ Building environment","timeElapsed":231,"timestamp":"2026-06-18T20:46:13.538Z"}
{"level":"info","message":"⌛ Validating niveles.wlk","timeElapsed":107,"timestamp":"2026-06-18T20:46:13.645Z"}
{"level":"info","message":"⌛ Building environment","timeElapsed":287,"timestamp":"2026-06-18T20:46:13.933Z"}
{"level":"info","message":"⌛ Validating niveles.wlk","timeElapsed":114,"timestamp":"2026-06-18T20:46:14.051Z"}
{"level":"info","message":"⌛ Building environment","timeElapsed":215,"timestamp":"2026-06-18T20:46:14.266Z"}
{"level":"info","message":"⌛ Building environment","timeElapsed":216,"timestamp":"2026-06-18T20:46:14.583Z"}
{"level":"info","message":"⌛ Building environment","timeElapsed":228,"timestamp":"2026-06-18T20:46:14.916Z"}
{"level":"info","message":"⌛ Validating niveles.wlk","timeElapsed":103,"timestamp":"2026-06-18T20:46:15.092Z"}
{"level":"info","message":"⌛ Building environment","timeElapsed":257,"timestamp":"2026-06-18T20:46:15.921Z"}
{"level":"info","message":"⌛ Building environment","timeElapsed":209,"timestamp":"2026-06-18T20:46:16.958Z"}
{"level":"info","message":"⌛ Validating niveles.wlk","timeElapsed":104,"timestamp":"2026-06-18T20:46:17.064Z"}
{"level":"info","message":"⌛ Building environment","timeElapsed":209,"timestamp":"2026-06-18T20:46:17.890Z"}
{"level":"info","message":"⌛ Validating niveles.wlk","timeElapsed":133,"timestamp":"2026-06-18T20:46:18.029Z"}
{"level":"info","message":"⌛ Building environment","timeElapsed":249,"timestamp":"2026-06-18T20:46:18.306Z"}
{"level":"info","message":"⌛ Validating niveles.wlk","timeElapsed":110,"timestamp":"2026-06-18T20:46:18.418Z"}
{"level":"info","message":"⌛ Building environment","timeElapsed":219,"timestamp":"2026-06-18T20:46:18.716Z"}
{"level":"info","message":"⌛ Validating niveles.wlk","timeElapsed":101,"timestamp":"2026-06-18T20:46:18.819Z"}
{"level":"info","message":"⌛ Building environment","timeElapsed":240,"timestamp":"2026-06-18T20:46:19.100Z"}
{"level":"info","message":"⌛ Building environment","timeElapsed":266,"timestamp":"2026-06-18T20:46:19.477Z"}
{"level":"info","message":"⌛ Validating niveles.wlk","timeElapsed":125,"timestamp":"2026-06-18T20:46:19.607Z"}
{"level":"info","message":"⌛ Building environment","timeElapsed":221,"timestamp":"2026-06-18T20:46:19.828Z"}
{"level":"info","message":"⌛ Validating niveles.wlk","timeElapsed":107,"timestamp":"2026-06-18T20:46:19.939Z"}
{"level":"info","message":"⌛ Building environment","timeElapsed":237,"timestamp":"2026-06-18T20:46:20.175Z"}
{"level":"info","message":"⌛ Building environment","timeElapsed":227,"timestamp":"2026-06-18T20:46:20.408Z"}
{"level":"info","message":"⌛ Validating niveles.wlk","timeElapsed":129,"timestamp":"2026-06-18T20:46:20.540Z"}
{"level":"info","message":"⌛ Validating niveles.wlk","timeElapsed":104,"timestamp":"2026-06-18T20:46:20.649Z"}
{"level":"info","message":"⌛ Building environment","timeElapsed":281,"timestamp":"2026-06-18T20:46:20.930Z"}
{"level":"info","message":"⌛ Building environment","timeElapsed":214,"timestamp":"2026-06-18T20:46:21.175Z"}
{"level":"info","message":"⌛ Building environment","timeElapsed":207,"timestamp":"2026-06-18T20:46:22.441Z"}
{"level":"info","message":"⌛ Building environment","timeElapsed":237,"timestamp":"2026-06-18T20:46:22.679Z"}
{"level":"info","message":"⌛ Validating niveles.wlk","timeElapsed":115,"timestamp":"2026-06-18T20:46:22.795Z"}
{"level":"info","message":"⌛ Validating niveles.wlk","timeElapsed":109,"timestamp":"2026-06-18T20:46:22.923Z"}
{"level":"info","message":"⌛ Building environment","timeElapsed":240,"timestamp":"2026-06-18T20:46:23.766Z"}
{"level":"info","message":"⌛ Validating niveles.wlk","timeElapsed":101,"timestamp":"2026-06-18T20:46:23.869Z"}
{"level":"info","message":"⌛ Building environment","timeElapsed":224,"timestamp":"2026-06-18T20:46:24.266Z"}
{"level":"info","message":"⌛ Validating niveles.wlk","timeElapsed":104,"timestamp":"2026-06-18T20:46:24.376Z"}
{"level":"info","message":"⌛ Building environment","timeElapsed":219,"timestamp":"2026-06-18T20:46:24.965Z"}
{"level":"info","message":"⌛ Building environment","timeElapsed":254,"timestamp":"2026-06-18T20:46:25.218Z"}
{"level":"info","message":"⌛ Validating niveles.wlk","timeElapsed":132,"timestamp":"2026-06-18T20:46:25.352Z"}
{"level":"info","message":"⌛ Validating niveles.wlk","timeElapsed":101,"timestamp":"2026-06-18T20:46:25.470Z"}
{"level":"info","message":"⌛ Building environment","timeElapsed":242,"timestamp":"2026-06-18T20:46:25.797Z"}
{"level":"info","message":"⌛ Building environment","timeElapsed":227,"timestamp":"2026-06-18T20:46:26.024Z"}
{"level":"info","message":"⌛ Building environment","timeElapsed":225,"timestamp":"2026-06-18T20:46:26.497Z"}
{"level":"info","message":"⌛ Building environment","timeElapsed":242,"timestamp":"2026-06-18T20:46:26.739Z"}
{"level":"info","message":"⌛ Validating niveles.wlk","timeElapsed":117,"timestamp":"2026-06-18T20:46:26.858Z"}
{"level":"info","message":"⌛ Validating niveles.wlk","timeElapsed":116,"timestamp":"2026-06-18T20:46:27.003Z"}
{"level":"info","message":"⌛ Building environment","timeElapsed":243,"timestamp":"2026-06-18T20:46:27.786Z"}
{"level":"info","message":"⌛ Building environment","timeElapsed":216,"timestamp":"2026-06-18T20:46:28.002Z"}
{"level":"info","message":"⌛ Building environment","timeElapsed":216,"timestamp":"2026-06-18T20:46:28.318Z"}
{"level":"info","message":"⌛ Validating niveles.wlk","timeElapsed":107,"timestamp":"2026-06-18T20:46:28.426Z"}
{"level":"info","message":"⌛ Building environment","timeElapsed":245,"timestamp":"2026-06-18T20:46:28.724Z"}
{"level":"info","message":"⌛ Validating niveles.wlk","timeElapsed":114,"timestamp":"2026-06-18T20:46:28.864Z"}
{"level":"info","message":"⌛ Validating niveles.wlk","timeElapsed":101,"timestamp":"2026-06-18T20:46:28.980Z"}
{"level":"info","message":"⌛ Building environment","timeElapsed":207,"timestamp":"2026-06-18T20:46:29.186Z"}
{"level":"info","message":"⌛ Building environment","timeElapsed":239,"timestamp":"2026-06-18T20:46:29.430Z"}
{"level":"info","message":"⌛ Building environment","timeElapsed":228,"timestamp":"2026-06-18T20:46:30.366Z"}
{"level":"info","message":"⌛ Validating niveles.wlk","timeElapsed":107,"timestamp":"2026-06-18T20:46:30.474Z"}
{"level":"info","message":"⌛ Building environment","timeElapsed":210,"timestamp":"2026-06-18T20:46:30.712Z"}
{"level":"info","message":"⌛ Validating niveles.wlk","timeElapsed":108,"timestamp":"2026-06-18T20:46:30.822Z"}
{"level":"info","message":"⌛ Building environment","timeElapsed":229,"timestamp":"2026-06-18T20:46:31.494Z"}
{"level":"info","message":"⌛ Validating niveles.wlk","timeElapsed":105,"timestamp":"2026-06-18T20:46:31.602Z"}
{"level":"info","message":"⌛ Building environment","timeElapsed":259,"timestamp":"2026-06-18T20:46:31.861Z"}
{"level":"info","message":"⌛ Building environment","timeElapsed":212,"timestamp":"2026-06-18T20:46:32.590Z"}
{"level":"info","message":"⌛ Validating niveles.wlk","timeElapsed":103,"timestamp":"2026-06-18T20:46:32.697Z"}
{"level":"info","message":"⌛ Building environment","timeElapsed":232,"timestamp":"2026-06-18T20:46:33.136Z"}
{"level":"info","message":"⌛ Validating niveles.wlk","timeElapsed":109,"timestamp":"2026-06-18T20:46:33.248Z"}
{"level":"info","message":"⌛ Building environment","timeElapsed":254,"timestamp":"2026-06-18T20:46:34.009Z"}
{"level":"info","message":"⌛ Building environment","timeElapsed":233,"timestamp":"2026-06-18T20:46:34.246Z"}
{"level":"info","message":"⌛ Validating niveles.wlk","timeElapsed":101,"timestamp":"2026-06-18T20:46:34.348Z"}
{"level":"info","message":"⌛ Validating niveles.wlk","timeElapsed":111,"timestamp":"2026-06-18T20:46:34.491Z"}
{"level":"info","message":"⌛ Building environment","timeElapsed":246,"timestamp":"2026-06-18T20:46:44.156Z"}
{"level":"info","message":"⌛ Building environment","timeElapsed":252,"timestamp":"2026-06-18T20:46:45.008Z"}
{"level":"info","message":"⌛ Validating niveles.wlk","timeElapsed":108,"timestamp":"2026-06-18T20:46:45.119Z"}
{"level":"info","message":"⌛ Building environment","timeElapsed":223,"timestamp":"2026-06-18T20:46:45.583Z"}
{"level":"info","message":"⌛ Validating niveles.wlk","timeElapsed":106,"timestamp":"2026-06-18T20:46:45.691Z"}
{"level":"info","message":"⌛ Building environment","timeElapsed":239,"timestamp":"2026-06-18T20:46:46.176Z"}
{"level":"info","message":"⌛ Building environment","timeElapsed":282,"timestamp":"2026-06-18T20:46:47.124Z"}
{"level":"info","message":"⌛ Validating niveles.wlk","timeElapsed":110,"timestamp":"2026-06-18T20:46:47.239Z"}
{"level":"info","message":"⌛ Building environment","timeElapsed":239,"timestamp":"2026-06-18T20:46:47.660Z"}
{"level":"info","message":"⌛ Validating niveles.wlk","timeElapsed":105,"timestamp":"2026-06-18T20:46:47.770Z"}
{"level":"info","message":"⌛ Building environment","timeElapsed":230,"timestamp":"2026-06-18T20:46:50.023Z"}
{"level":"info","message":"⌛ Validating niveles.wlk","timeElapsed":106,"timestamp":"2026-06-18T20:46:50.137Z"}
{"level":"info","message":"⌛ Building environment","timeElapsed":265,"timestamp":"2026-06-18T20:46:50.512Z"}
{"level":"info","message":"⌛ Validating niveles.wlk","timeElapsed":116,"timestamp":"2026-06-18T20:46:50.632Z"}
{"level":"info","message":"⌛ Building environment","timeElapsed":236,"timestamp":"2026-06-18T20:46:50.881Z"}
{"level":"info","message":"⌛ Validating niveles.wlk","timeElapsed":103,"timestamp":"2026-06-18T20:46:50.986Z"}
{"level":"info","message":"⌛ Building environment","timeElapsed":251,"timestamp":"2026-06-18T20:46:51.281Z"}
{"level":"info","message":"⌛ Validating niveles.wlk","timeElapsed":105,"timestamp":"2026-06-18T20:46:51.393Z"}
{"level":"info","message":"⌛ Building environment","timeElapsed":264,"timestamp":"2026-06-18T20:46:52.376Z"}
{"level":"info","message":"⌛ Validating niveles.wlk","timeElapsed":106,"timestamp":"2026-06-18T20:46:52.486Z"}
{"level":"info","message":"⌛ Building environment","timeElapsed":223,"timestamp":"2026-06-18T20:46:53.004Z"}
{"level":"info","message":"⌛ Validating niveles.wlk","timeElapsed":107,"timestamp":"2026-06-18T20:46:53.112Z"}
{"level":"info","message":"⌛ Building environment","timeElapsed":242,"timestamp":"2026-06-18T20:46:53.434Z"}
{"level":"info","message":"⌛ Building environment","timeElapsed":265,"timestamp":"2026-06-18T20:46:53.839Z"}
{"level":"info","message":"⌛ Validating niveles.wlk","timeElapsed":117,"timestamp":"2026-06-18T20:46:53.961Z"}
{"level":"info","message":"⌛ Building environment","timeElapsed":235,"timestamp":"2026-06-18T20:46:54.215Z"}
{"level":"info","message":"⌛ Validating niveles.wlk","timeElapsed":104,"timestamp":"2026-06-18T20:46:54.321Z"}
{"level":"info","message":"⌛ Building environment","timeElapsed":247,"timestamp":"2026-06-18T20:46:54.648Z"}
{"level":"info","message":"⌛ Building environment","timeElapsed":270,"timestamp":"2026-06-18T20:46:55.054Z"}
{"level":"info","message":"⌛ Validating niveles.wlk","timeElapsed":112,"timestamp":"2026-06-18T20:46:55.171Z"}
{"level":"info","message":"⌛ Building environment","timeElapsed":236,"timestamp":"2026-06-18T20:46:55.407Z"}
{"level":"info","message":"⌛ Validating niveles.wlk","timeElapsed":101,"timestamp":"2026-06-18T20:46:55.512Z"}
{"level":"info","message":"⌛ Building environment","timeElapsed":236,"timestamp":"2026-06-18T20:46:55.761Z"}
{"level":"info","message":"⌛ Building environment","timeElapsed":253,"timestamp":"2026-06-18T20:46:56.160Z"}
{"level":"info","message":"⌛ Validating niveles.wlk","timeElapsed":110,"timestamp":"2026-06-18T20:46:56.275Z"}
{"level":"info","message":"⌛ Building environment","timeElapsed":228,"timestamp":"2026-06-18T20:46:56.853Z"}
{"level":"info","message":"⌛ Validating niveles.wlk","timeElapsed":105,"timestamp":"2026-06-18T20:46:56.959Z"}
{"level":"info","message":"⌛ Building environment","timeElapsed":243,"timestamp":"2026-06-18T20:46:57.208Z"}
{"level":"info","message":"⌛ Validating niveles.wlk","timeElapsed":122,"timestamp":"2026-06-18T20:46:57.363Z"}
{"level":"info","message":"⌛ Building environment","timeElapsed":249,"timestamp":"2026-06-18T20:46:58.213Z"}
{"level":"info","message":"⌛ Validating niveles.wlk","timeElapsed":102,"timestamp":"2026-06-18T20:46:58.320Z"}
{"level":"info","message":"⌛ Building environment","timeElapsed":221,"timestamp":"2026-06-18T20:46:58.815Z"}
{"level":"info","message":"⌛ Validating niveles.wlk","timeElapsed":102,"timestamp":"2026-06-18T20:46:58.918Z"}
{"level":"info","message":"⌛ Building environment","timeElapsed":248,"timestamp":"2026-06-18T20:46:59.357Z"}
{"level":"info","message":"⌛ Validating niveles.wlk","timeElapsed":106,"timestamp":"2026-06-18T20:46:59.465Z"}
{"level":"info","message":"⌛ Building environment","timeElapsed":249,"timestamp":"2026-06-18T20:46:59.820Z"}
{"level":"info","message":"⌛ Validating niveles.wlk","timeElapsed":118,"timestamp":"2026-06-18T20:46:59.939Z"}
{"level":"info","message":"⌛ Building environment","timeElapsed":232,"timestamp":"2026-06-18T20:47:00.214Z"}
{"level":"info","message":"⌛ Validating niveles.wlk","timeElapsed":104,"timestamp":"2026-06-18T20:47:00.321Z"}
{"level":"info","message":"⌛ Building environment","timeElapsed":261,"timestamp":"2026-06-18T20:47:00.640Z"}
{"level":"info","message":"⌛ Validating niveles.wlk","timeElapsed":116,"timestamp":"2026-06-18T20:47:00.769Z"}
{"level":"info","message":"⌛ Building environment","timeElapsed":272,"timestamp":"2026-06-18T20:47:01.042Z"}
{"level":"info","message":"⌛ Validating niveles.wlk","timeElapsed":109,"timestamp":"2026-06-18T20:47:01.158Z"}
{"level":"info","message":"⌛ Building environment","timeElapsed":240,"timestamp":"2026-06-18T20:47:01.399Z"}
{"level":"info","message":"⌛ Validating niveles.wlk","timeElapsed":102,"timestamp":"2026-06-18T20:47:01.509Z"}
{"level":"info","message":"⌛ Building environment","timeElapsed":268,"timestamp":"2026-06-18T20:47:01.777Z"}
{"level":"info","message":"⌛ Building environment","timeElapsed":263,"timestamp":"2026-06-18T20:47:02.046Z"}
{"level":"info","message":"⌛ Validating niveles.wlk","timeElapsed":121,"timestamp":"2026-06-18T20:47:02.168Z"}
{"level":"info","message":"⌛ Building environment","timeElapsed":246,"timestamp":"2026-06-18T20:47:03.163Z"}
{"level":"info","message":"⌛ Building environment","timeElapsed":214,"timestamp":"2026-06-18T20:47:03.510Z"}
{"level":"info","message":"⌛ Validating niveles.wlk","timeElapsed":102,"timestamp":"2026-06-18T20:47:03.617Z"}
{"level":"info","message":"⌛ Building environment","timeElapsed":244,"timestamp":"2026-06-18T20:47:04.985Z"}
{"level":"info","message":"⌛ Building environment","timeElapsed":235,"timestamp":"2026-06-18T20:47:05.230Z"}
{"level":"info","message":"⌛ Validating niveles.wlk","timeElapsed":121,"timestamp":"2026-06-18T20:47:05.351Z"}
{"level":"info","message":"⌛ Building environment","timeElapsed":259,"timestamp":"2026-06-18T20:47:06.293Z"}
{"level":"info","message":"⌛ Validating niveles.wlk","timeElapsed":104,"timestamp":"2026-06-18T20:47:06.401Z"}
{"level":"info","message":"⌛ Building environment","timeElapsed":223,"timestamp":"2026-06-18T20:47:06.815Z"}
{"level":"info","message":"⌛ Validating niveles.wlk","timeElapsed":103,"timestamp":"2026-06-18T20:47:06.921Z"}
{"level":"info","message":"⌛ Building environment","timeElapsed":237,"timestamp":"2026-06-18T20:47:07.302Z"}
{"level":"info","message":"⌛ Validating niveles.wlk","timeElapsed":110,"timestamp":"2026-06-18T20:47:07.414Z"}
{"level":"info","message":"⌛ Building environment","timeElapsed":254,"timestamp":"2026-06-18T20:47:07.741Z"}
{"level":"info","message":"⌛ Validating niveles.wlk","timeElapsed":112,"timestamp":"2026-06-18T20:47:07.855Z"}
{"level":"info","message":"⌛ Building environment","timeElapsed":227,"timestamp":"2026-06-18T20:47:08.095Z"}
{"level":"info","message":"⌛ Validating niveles.wlk","timeElapsed":103,"timestamp":"2026-06-18T20:47:08.200Z"}
{"level":"info","message":"⌛ Building environment","timeElapsed":254,"timestamp":"2026-06-18T20:47:08.511Z"}
{"level":"info","message":"⌛ Validating niveles.wlk","timeElapsed":117,"timestamp":"2026-06-18T20:47:08.639Z"}
{"level":"info","message":"⌛ Building environment","timeElapsed":287,"timestamp":"2026-06-18T20:47:08.964Z"}
{"level":"info","message":"⌛ Validating niveles.wlk","timeElapsed":113,"timestamp":"2026-06-18T20:47:09.081Z"}
{"level":"info","message":"⌛ Building environment","timeElapsed":238,"timestamp":"2026-06-18T20:47:09.320Z"}
{"level":"info","message":"⌛ Validating niveles.wlk","timeElapsed":106,"timestamp":"2026-06-18T20:47:09.431Z"}
{"level":"info","message":"⌛ Building environment","timeElapsed":239,"timestamp":"2026-06-18T20:47:09.671Z"}
{"level":"info","message":"⌛ Validating niveles.wlk","timeElapsed":109,"timestamp":"2026-06-18T20:47:09.796Z"}
{"level":"info","message":"⌛ Building environment","timeElapsed":286,"timestamp":"2026-06-18T20:47:10.083Z"}
{"level":"info","message":"⌛ Validating niveles.wlk","timeElapsed":127,"timestamp":"2026-06-18T20:47:10.247Z"}
{"level":"info","message":"⌛ Building environment","timeElapsed":236,"timestamp":"2026-06-18T20:47:12.101Z"}
{"level":"info","message":"⌛ Validating niveles.wlk","timeElapsed":105,"timestamp":"2026-06-18T20:47:12.208Z"}
{"level":"info","message":"⌛ Building environment","timeElapsed":226,"timestamp":"2026-06-18T20:47:12.771Z"}
{"level":"info","message":"⌛ Validating niveles.wlk","timeElapsed":109,"timestamp":"2026-06-18T20:47:12.882Z"}
{"level":"info","message":"⌛ Building environment","timeElapsed":284,"timestamp":"2026-06-18T20:47:13.270Z"}
{"level":"info","message":"⌛ Validating niveles.wlk","timeElapsed":109,"timestamp":"2026-06-18T20:47:13.384Z"}
{"level":"info","message":"⌛ Building environment","timeElapsed":230,"timestamp":"2026-06-18T20:47:13.649Z"}
{"level":"info","message":"⌛ Validating niveles.wlk","timeElapsed":104,"timestamp":"2026-06-18T20:47:13.755Z"}
{"level":"info","message":"⌛ Building environment","timeElapsed":256,"timestamp":"2026-06-18T20:47:14.155Z"}
{"level":"info","message":"⌛ Validating niveles.wlk","timeElapsed":114,"timestamp":"2026-06-18T20:47:14.281Z"}
{"level":"info","message":"⌛ Building environment","timeElapsed":243,"timestamp":"2026-06-18T20:47:14.671Z"}
{"level":"info","message":"⌛ Validating niveles.wlk","timeElapsed":130,"timestamp":"2026-06-18T20:47:14.803Z"}
{"level":"info","message":"⌛ Building environment","timeElapsed":234,"timestamp":"2026-06-18T20:47:15.190Z"}
{"level":"info","message":"⌛ Validating niveles.wlk","timeElapsed":104,"timestamp":"2026-06-18T20:47:15.296Z"}
{"level":"info","message":"⌛ Building environment","timeElapsed":245,"timestamp":"2026-06-18T20:47:16.106Z"}
{"level":"info","message":"⌛ Validating niveles.wlk","timeElapsed":104,"timestamp":"2026-06-18T20:47:16.213Z"}
{"level":"info","message":"⌛ Building environment","timeElapsed":253,"timestamp":"2026-06-18T20:47:16.755Z"}
{"level":"info","message":"⌛ Validating niveles.wlk","timeElapsed":106,"timestamp":"2026-06-18T20:47:16.863Z"}
{"level":"info","message":"⌛ Building environment","timeElapsed":238,"timestamp":"2026-06-18T20:47:17.767Z"}
{"level":"info","message":"⌛ Building environment","timeElapsed":281,"timestamp":"2026-06-18T20:47:21.055Z"}
{"level":"info","message":"⌛ Validating niveles.wlk","timeElapsed":103,"timestamp":"2026-06-18T20:47:21.178Z"}
{"level":"info","message":"⌛ Building environment","timeElapsed":247,"timestamp":"2026-06-18T20:47:21.489Z"}
{"level":"info","message":"⌛ Validating niveles.wlk","timeElapsed":120,"timestamp":"2026-06-18T20:47:21.611Z"}
{"level":"info","message":"⌛ Building environment","timeElapsed":231,"timestamp":"2026-06-18T20:47:21.939Z"}
{"level":"info","message":"⌛ Validating niveles.wlk","timeElapsed":104,"timestamp":"2026-06-18T20:47:22.045Z"}
{"level":"info","message":"⌛ Building environment","timeElapsed":257,"timestamp":"2026-06-18T20:47:22.430Z"}
{"level":"info","message":"⌛ Building environment","timeElapsed":248,"timestamp":"2026-06-18T20:47:22.855Z"}
{"level":"info","message":"⌛ Validating niveles.wlk","timeElapsed":112,"timestamp":"2026-06-18T20:47:22.969Z"}
{"level":"info","message":"⌛ Building environment","timeElapsed":228,"timestamp":"2026-06-18T20:47:23.259Z"}
{"level":"info","message":"⌛ Validating niveles.wlk","timeElapsed":108,"timestamp":"2026-06-18T20:47:23.369Z"}
{"level":"info","message":"⌛ Building environment","timeElapsed":237,"timestamp":"2026-06-18T20:47:23.723Z"}
{"level":"info","message":"⌛ Validating niveles.wlk","timeElapsed":104,"timestamp":"2026-06-18T20:47:23.834Z"}
{"level":"info","message":"⌛ Building environment","timeElapsed":248,"timestamp":"2026-06-18T20:47:24.156Z"}
{"level":"info","message":"⌛ Validating niveles.wlk","timeElapsed":110,"timestamp":"2026-06-18T20:47:24.268Z"}
{"level":"info","message":"⌛ Building environment","timeElapsed":246,"timestamp":"2026-06-18T20:47:24.573Z"}
{"level":"info","message":"⌛ Validating niveles.wlk","timeElapsed":109,"timestamp":"2026-06-18T20:47:24.684Z"}
{"level":"info","message":"⌛ Building environment","timeElapsed":240,"timestamp":"2026-06-18T20:47:24.985Z"}
{"level":"info","message":"⌛ Validating niveles.wlk","timeElapsed":103,"timestamp":"2026-06-18T20:47:25.095Z"}
{"level":"info","message":"⌛ Building environment","timeElapsed":258,"timestamp":"2026-06-18T20:47:25.912Z"}
{"level":"info","message":"⌛ Validating niveles.wlk","timeElapsed":112,"timestamp":"2026-06-18T20:47:26.028Z"}
{"level":"info","message":"⌛ Building environment","timeElapsed":224,"timestamp":"2026-06-18T20:47:26.317Z"}
{"level":"info","message":"⌛ Validating niveles.wlk","timeElapsed":105,"timestamp":"2026-06-18T20:47:26.423Z"}
{"level":"info","message":"⌛ Building environment","timeElapsed":264,"timestamp":"2026-06-18T20:47:26.823Z"}
{"level":"info","message":"⌛ Validating niveles.wlk","timeElapsed":105,"timestamp":"2026-06-18T20:47:26.942Z"}
{"level":"info","message":"⌛ Building environment","timeElapsed":249,"timestamp":"2026-06-18T20:47:27.294Z"}
{"level":"info","message":"⌛ Validating niveles.wlk","timeElapsed":113,"timestamp":"2026-06-18T20:47:27.410Z"}
{"level":"info","message":"⌛ Building environment","timeElapsed":230,"timestamp":"2026-06-18T20:47:27.760Z"}
{"level":"info","message":"⌛ Validating niveles.wlk","timeElapsed":107,"timestamp":"2026-06-18T20:47:27.868Z"}
{"level":"info","message":"⌛ Building environment","timeElapsed":243,"timestamp":"2026-06-18T20:47:28.242Z"}
{"level":"info","message":"⌛ Building environment","timeElapsed":257,"timestamp":"2026-06-18T20:47:28.718Z"}
{"level":"info","message":"⌛ Validating niveles.wlk","timeElapsed":136,"timestamp":"2026-06-18T20:47:28.861Z"}
{"level":"info","message":"⌛ Building environment","timeElapsed":226,"timestamp":"2026-06-18T20:47:29.915Z"}
{"level":"info","message":"⌛ Validating niveles.wlk","timeElapsed":107,"timestamp":"2026-06-18T20:47:30.024Z"}
{"level":"info","message":"⌛ Building environment","timeElapsed":252,"timestamp":"2026-06-18T20:47:30.400Z"}
{"level":"info","message":"⌛ Validating niveles.wlk","timeElapsed":102,"timestamp":"2026-06-18T20:47:30.503Z"}
{"level":"info","message":"⌛ Building environment","timeElapsed":242,"timestamp":"2026-06-18T20:47:30.847Z"}
{"level":"info","message":"⌛ Validating niveles.wlk","timeElapsed":114,"timestamp":"2026-06-18T20:47:30.962Z"}
{"level":"info","message":"⌛ Building environment","timeElapsed":237,"timestamp":"2026-06-18T20:47:46.132Z"}
{"level":"info","message":"⌛ Building environment","timeElapsed":244,"timestamp":"2026-06-18T20:47:47.324Z"}
{"level":"info","message":"⌛ Validating niveles.wlk","timeElapsed":101,"timestamp":"2026-06-18T20:47:47.427Z"}
{"level":"info","message":"⌛ Building environment","timeElapsed":265,"timestamp":"2026-06-18T20:47:48.331Z"}
{"level":"info","message":"⌛ Validating niveles.wlk","timeElapsed":112,"timestamp":"2026-06-18T20:47:48.449Z"}
{"level":"info","message":"⌛ Building environment","timeElapsed":249,"timestamp":"2026-06-18T20:47:49.042Z"}
{"level":"info","message":"⌛ Validating niveles.wlk","timeElapsed":107,"timestamp":"2026-06-18T20:47:49.153Z"}
{"level":"info","message":"⌛ Building environment","timeElapsed":232,"timestamp":"2026-06-18T20:47:49.682Z"}
{"level":"info","message":"⌛ Validating niveles.wlk","timeElapsed":102,"timestamp":"2026-06-18T20:47:49.787Z"}
{"level":"info","message":"⌛ Building environment","timeElapsed":243,"timestamp":"2026-06-18T20:47:50.416Z"}
{"level":"info","message":"⌛ Validating niveles.wlk","timeElapsed":116,"timestamp":"2026-06-18T20:47:50.534Z"}
{"level":"info","message":"⌛ Building environment","timeElapsed":237,"timestamp":"2026-06-18T20:47:51.104Z"}
{"level":"info","message":"⌛ Validating niveles.wlk","timeElapsed":105,"timestamp":"2026-06-18T20:47:51.211Z"}
{"level":"info","message":"⌛ Building environment","timeElapsed":269,"timestamp":"2026-06-18T20:47:51.798Z"}
{"level":"info","message":"⌛ Validating niveles.wlk","timeElapsed":101,"timestamp":"2026-06-18T20:47:51.912Z"}
{"level":"info","message":"⌛ Building environment","timeElapsed":249,"timestamp":"2026-06-18T20:47:52.527Z"}
{"level":"info","message":"⌛ Validating niveles.wlk","timeElapsed":122,"timestamp":"2026-06-18T20:47:52.650Z"}
{"level":"info","message":"⌛ Building environment","timeElapsed":227,"timestamp":"2026-06-18T20:47:53.174Z"}
{"level":"info","message":"⌛ Validating niveles.wlk","timeElapsed":108,"timestamp":"2026-06-18T20:47:53.283Z"}
{"level":"info","message":"⌛ Building environment","timeElapsed":246,"timestamp":"2026-06-18T20:47:53.964Z"}
{"level":"info","message":"⌛ Validating niveles.wlk","timeElapsed":113,"timestamp":"2026-06-18T20:47:54.084Z"}
{"level":"info","message":"⌛ Building environment","timeElapsed":248,"timestamp":"2026-06-18T20:47:54.681Z"}
{"level":"info","message":"⌛ Validating niveles.wlk","timeElapsed":109,"timestamp":"2026-06-18T20:47:54.792Z"}
{"level":"info","message":"⌛ Building environment","timeElapsed":233,"timestamp":"2026-06-18T20:47:58.683Z"}
{"level":"info","message":"⌛ Validating niveles.wlk","timeElapsed":104,"timestamp":"2026-06-18T20:47:58.789Z"}
{"level":"info","message":"⌛ Building environment","timeElapsed":256,"timestamp":"2026-06-18T20:48:01.820Z"}
{"level":"info","message":"⌛ Validating niveles.wlk","timeElapsed":101,"timestamp":"2026-06-18T20:48:01.927Z"}
{"level":"info","message":"⌛ Building environment","timeElapsed":240,"timestamp":"2026-06-18T20:48:02.785Z"}
{"level":"info","message":"⌛ Validating niveles.wlk","timeElapsed":107,"timestamp":"2026-06-18T20:48:02.899Z"}
{"level":"info","message":"⌛ Building environment","timeElapsed":261,"timestamp":"2026-06-18T20:48:04.275Z"}
{"level":"info","message":"⌛ Validating niveles.wlk","timeElapsed":119,"timestamp":"2026-06-18T20:48:04.399Z"}
{"level":"info","message":"⌛ Building environment","timeElapsed":237,"timestamp":"2026-06-18T20:48:05.907Z"}
{"level":"info","message":"⌛ Building environment","timeElapsed":225,"timestamp":"2026-06-18T20:48:06.140Z"}
{"level":"info","message":"⌛ Validating niveles.wlk","timeElapsed":123,"timestamp":"2026-06-18T20:48:06.264Z"}
{"level":"info","message":"⌛ Building environment","timeElapsed":238,"timestamp":"2026-06-18T20:48:06.502Z"}
{"level":"info","message":"⌛ Building environment","timeElapsed":257,"timestamp":"2026-06-18T20:48:06.860Z"}
{"level":"info","message":"⌛ Building environment","timeElapsed":217,"timestamp":"2026-06-18T20:48:07.077Z"}
{"level":"info","message":"⌛ Building environment","timeElapsed":235,"timestamp":"2026-06-18T20:48:07.449Z"}
{"level":"info","message":"⌛ Validating niveles.wlk","timeElapsed":105,"timestamp":"2026-06-18T20:48:07.559Z"}
{"level":"info","message":"⌛ Building environment","timeElapsed":242,"timestamp":"2026-06-18T20:48:07.801Z"}
{"level":"info","message":"⌛ Building environment","timeElapsed":209,"timestamp":"2026-06-18T20:48:08.110Z"}
{"level":"info","message":"⌛ Building environment","timeElapsed":239,"timestamp":"2026-06-18T20:48:08.350Z"}
{"level":"info","message":"⌛ Validating niveles.wlk","timeElapsed":121,"timestamp":"2026-06-18T20:48:08.477Z"}
{"level":"info","message":"⌛ Validating niveles.wlk","timeElapsed":113,"timestamp":"2026-06-18T20:48:08.812Z"}
{"level":"info","message":"⌛ Building environment","timeElapsed":286,"timestamp":"2026-06-18T20:48:09.098Z"}
{"level":"info","message":"⌛ Building environment","timeElapsed":225,"timestamp":"2026-06-18T20:48:09.358Z"}
{"level":"info","message":"⌛ Building environment","timeElapsed":237,"timestamp":"2026-06-18T20:48:09.714Z"}
{"level":"info","message":"⌛ Building environment","timeElapsed":262,"timestamp":"2026-06-18T20:48:10.080Z"}
{"level":"info","message":"⌛ Building environment","timeElapsed":217,"timestamp":"2026-06-18T20:48:10.297Z"}
{"level":"info","message":"⌛ Validating niveles.wlk","timeElapsed":105,"timestamp":"2026-06-18T20:48:10.403Z"}
{"level":"info","message":"⌛ Building environment","timeElapsed":257,"timestamp":"2026-06-18T20:48:10.661Z"}
{"level":"info","message":"⌛ Building environment","timeElapsed":209,"timestamp":"2026-06-18T20:48:10.876Z"}
{"level":"info","message":"⌛ Validating niveles.wlk","timeElapsed":102,"timestamp":"2026-06-18T20:48:10.983Z"}
{"level":"info","message":"⌛ Building environment","timeElapsed":306,"timestamp":"2026-06-18T20:48:11.289Z"}
{"level":"info","message":"⌛ Building environment","timeElapsed":233,"timestamp":"2026-06-18T20:48:11.522Z"}
{"level":"info","message":"⌛ Validating niveles.wlk","timeElapsed":101,"timestamp":"2026-06-18T20:48:11.628Z"}
{"level":"info","message":"⌛ Building environment","timeElapsed":212,"timestamp":"2026-06-18T20:48:11.840Z"}
{"level":"info","message":"⌛ Building environment","timeElapsed":230,"timestamp":"2026-06-18T20:48:12.076Z"}
{"level":"info","message":"⌛ Building environment","timeElapsed":320,"timestamp":"2026-06-18T20:48:12.501Z"}
{"level":"info","message":"⌛ Building environment","timeElapsed":207,"timestamp":"2026-06-18T20:48:12.713Z"}
{"level":"info","message":"⌛ Validating niveles.wlk","timeElapsed":108,"timestamp":"2026-06-18T20:48:12.825Z"}
{"level":"info","message":"⌛ Building environment","timeElapsed":220,"timestamp":"2026-06-18T20:48:13.045Z"}
{"level":"info","message":"⌛ Building environment","timeElapsed":226,"timestamp":"2026-06-18T20:48:13.277Z"}
{"level":"info","message":"⌛ Building environment","timeElapsed":223,"timestamp":"2026-06-18T20:48:13.502Z"}
{"level":"info","message":"⌛ Validating niveles.wlk","timeElapsed":102,"timestamp":"2026-06-18T20:48:13.604Z"}
{"level":"info","message":"⌛ Building environment","timeElapsed":298,"timestamp":"2026-06-18T20:48:13.904Z"}
{"level":"info","message":"⌛ Building environment","timeElapsed":241,"timestamp":"2026-06-18T20:48:14.149Z"}
{"level":"info","message":"⌛ Validating niveles.wlk","timeElapsed":112,"timestamp":"2026-06-18T20:48:14.261Z"}
{"level":"info","message":"⌛ Building environment","timeElapsed":220,"timestamp":"2026-06-18T20:48:14.481Z"}
{"level":"info","message":"⌛ Building environment","timeElapsed":231,"timestamp":"2026-06-18T20:48:14.713Z"}
{"level":"info","message":"⌛ Validating niveles.wlk","timeElapsed":113,"timestamp":"2026-06-18T20:48:14.826Z"}
{"level":"info","message":"⌛ Building environment","timeElapsed":241,"timestamp":"2026-06-18T20:48:15.067Z"}
{"level":"info","message":"⌛ Building environment","timeElapsed":217,"timestamp":"2026-06-18T20:48:15.284Z"}
{"level":"info","message":"⌛ Validating niveles.wlk","timeElapsed":138,"timestamp":"2026-06-18T20:48:15.428Z"}
{"level":"info","message":"⌛ Building environment","timeElapsed":331,"timestamp":"2026-06-18T20:48:15.760Z"}
{"level":"info","message":"⌛ Building environment","timeElapsed":236,"timestamp":"2026-06-18T20:48:15.996Z"}
{"level":"info","message":"⌛ Building environment","timeElapsed":220,"timestamp":"2026-06-18T20:48:16.216Z"}
{"level":"info","message":"⌛ Building environment","timeElapsed":213,"timestamp":"2026-06-18T20:48:16.527Z"}
{"level":"info","message":"⌛ Building environment","timeElapsed":240,"timestamp":"2026-06-18T20:48:16.866Z"}
{"level":"info","message":"⌛ Building environment","timeElapsed":211,"timestamp":"2026-06-18T20:48:17.077Z"}
{"level":"info","message":"⌛ Building environment","timeElapsed":203,"timestamp":"2026-06-18T20:48:17.377Z"}
{"level":"info","message":"⌛ Building environment","timeElapsed":227,"timestamp":"2026-06-18T20:48:17.604Z"}
{"level":"info","message":"⌛ Validating niveles.wlk","timeElapsed":101,"timestamp":"2026-06-18T20:48:17.710Z"}
{"level":"info","message":"⌛ Building environment","timeElapsed":237,"timestamp":"2026-06-18T20:48:17.949Z"}
{"level":"info","message":"⌛ Building environment","timeElapsed":235,"timestamp":"2026-06-18T20:48:18.190Z"}
{"level":"info","message":"⌛ Validating niveles.wlk","timeElapsed":103,"timestamp":"2026-06-18T20:48:18.299Z"}
{"level":"info","message":"⌛ Building environment","timeElapsed":242,"timestamp":"2026-06-18T20:48:18.542Z"}
{"level":"info","message":"⌛ Building environment","timeElapsed":221,"timestamp":"2026-06-18T20:48:18.765Z"}
{"level":"info","message":"⌛ Building environment","timeElapsed":211,"timestamp":"2026-06-18T20:48:18.976Z"}
{"level":"info","message":"⌛ Validating niveles.wlk","timeElapsed":109,"timestamp":"2026-06-18T20:48:19.085Z"}
{"level":"info","message":"⌛ Building environment","timeElapsed":325,"timestamp":"2026-06-18T20:48:19.410Z"}
{"level":"info","message":"⌛ Building environment","timeElapsed":274,"timestamp":"2026-06-18T20:48:19.690Z"}
{"level":"info","message":"⌛ Building environment","timeElapsed":217,"timestamp":"2026-06-18T20:48:20.014Z"}
{"level":"info","message":"⌛ Building environment","timeElapsed":239,"timestamp":"2026-06-18T20:48:20.258Z"}
{"level":"info","message":"⌛ Building environment","timeElapsed":212,"timestamp":"2026-06-18T20:48:20.569Z"}
{"level":"info","message":"⌛ Building environment","timeElapsed":222,"timestamp":"2026-06-18T20:48:20.791Z"}
{"level":"info","message":"⌛ Building environment","timeElapsed":222,"timestamp":"2026-06-18T20:48:21.109Z"}
{"level":"info","message":"⌛ Building environment","timeElapsed":235,"timestamp":"2026-06-18T20:48:21.351Z"}
{"level":"info","message":"⌛ Building environment","timeElapsed":219,"timestamp":"2026-06-18T20:48:21.575Z"}
{"level":"info","message":"⌛ Building environment","timeElapsed":226,"timestamp":"2026-06-18T20:48:21.907Z"}
{"level":"info","message":"⌛ Building environment","timeElapsed":208,"timestamp":"2026-06-18T20:48:22.115Z"}
{"level":"info","message":"⌛ Building environment","timeElapsed":210,"timestamp":"2026-06-18T20:48:22.421Z"}
{"level":"info","message":"⌛ Building environment","timeElapsed":344,"timestamp":"2026-06-18T20:48:22.765Z"}
{"level":"info","message":"⌛ Building environment","timeElapsed":220,"timestamp":"2026-06-18T20:48:23.011Z"}
{"level":"info","message":"⌛ Building environment","timeElapsed":210,"timestamp":"2026-06-18T20:48:23.328Z"}
{"level":"info","message":"⌛ Building environment","timeElapsed":229,"timestamp":"2026-06-18T20:48:23.561Z"}
{"level":"info","message":"⌛ Validating niveles.wlk","timeElapsed":111,"timestamp":"2026-06-18T20:48:23.672Z"}
{"level":"info","message":"⌛ Building environment","timeElapsed":206,"timestamp":"2026-06-18T20:48:23.878Z"}
{"level":"info","message":"⌛ Building environment","timeElapsed":205,"timestamp":"2026-06-18T20:48:24.083Z"}
{"level":"info","message":"⌛ Validating niveles.wlk","timeElapsed":105,"timestamp":"2026-06-18T20:48:24.189Z"}
{"level":"info","message":"⌛ Building environment","timeElapsed":272,"timestamp":"2026-06-18T20:48:24.461Z"}
{"level":"info","message":"⌛ Building environment","timeElapsed":228,"timestamp":"2026-06-18T20:48:24.690Z"}
{"level":"info","message":"⌛ Building environment","timeElapsed":230,"timestamp":"2026-06-18T20:48:24.948Z"}
{"level":"info","message":"⌛ Validating niveles.wlk","timeElapsed":101,"timestamp":"2026-06-18T20:48:25.054Z"}
{"level":"info","message":"⌛ Validating niveles.wlk","timeElapsed":106,"timestamp":"2026-06-18T20:48:25.181Z"}
{"level":"info","message":"⌛ Validating niveles.wlk","timeElapsed":105,"timestamp":"2026-06-18T20:48:25.299Z"}
{"level":"info","message":"⌛ Validating niveles.wlk","timeElapsed":101,"timestamp":"2026-06-18T20:48:25.511Z"}
{"level":"error","message":"✘ Failed to get type description: Error: Failed to print, found malformed node Failed to print, found malformed node","node":{"id":"cde0069f-bc81-49dc-901c-ef384b83a72f","members":[{"id":"34c9f944-0cc1-421e-a687-e964d474d3df","isConstant":false,"isProperty":true,"metadata":[],"name":"background","scope":{"containerScope":{"containerScope":{"containerScope":{"contributions":{},"includedScopes":[]},"contributions":{},"includedScopes":[{"contributions":{},"includedScopes":[]},{"contributions":{},"includedScopes":[]},{"contributions":{},"includedScopes":[]},{"contributions":{},"includedScopes":[]},{"contributions":{},"includedScopes":[]},{"contributions":{},"includedScopes":[]}]},"contributions":{},"includedScopes":[{"containerScope":{"containerScope":{"containerScope":{"contributions":{},"includedScopes":[]},"contributions":{},"includedScopes":[]},"contributions":{},"includedScopes":[]},"contributions":{},"includedScopes":[]}]},"contributions":{},"includedScopes":[]},"sourceMap":{"end":{"column":74,"line":319,"offset":10280},"start":{"column":5,"line":319,"offset":10211}},"value":{"args":[{"id":"631509c3-f4cc-418c-bb3c-2a9bfc321ead","metadata":[],"name":"image","scope":{"containerScope":{"containerScope":{"containerScope":{"containerScope":{"containerScope":{"contributions":{},"includedScopes":[]},"contributions":{},"includedScopes":[{"contributions":{},"includedScopes":[]},{"contributions":{},"includedScopes":[]},{"contributions":{},"includedScopes":[]},{"contributions":{},"includedScopes":[]},{"contributions":{},"includedScopes":[]},{"contributions":{},"includedScopes":[]}]},"contributions":{},"includedScopes":[{"containerScope":{"containerScope":{"containerScope":{"contributions":{},"includedScopes":[]},"contributions":{},"includedScopes":[]},"contributions":{},"includedScopes":[]},"contributions":{},"includedScopes":[]}]},"contributions":{},"includedScopes":[]},"contributions":{},"includedScopes":[]},"contributions":{},"includedScopes":[]},"sourceMap":{"end":{"column":73,"line":319,"offset":10279},"start":{"column":41,"line":319,"offset":10247}},"value":{"args":[{"id":"660ebb4c-0a4c-47ee-ba23-57d53dbb6030","metadata":[],"scope":{"containerScope":{"containerScope":{"containerScope":{"containerScope":{"containerScope":{"containerScope":{"containerScope":{"contributions":{},"includedScopes":[]},"contributions":{},"includedScopes":[{"contributions":{},"includedScopes":[]},{"contributions":{},"includedScopes":[]},{"contributions":{},"includedScopes":[]},{"contributions":{},"includedScopes":[]},{"contributions":{},"includedScopes":[]},{"contributions":{},"includedScopes":[]}]},"contributions":{},"includedScopes":[{"containerScope":{"containerScope":{"containerScope":{"contributions":{},"includedScopes":[]},"contributions":{},"includedScopes":[]},"contributions":{},"includedScopes":[]},"contributions":{},"includedScopes":[]}]},"contributions":{},"includedScopes":[]},"contributions":{},"includedScopes":[]},"contributions":{},"includedScopes":[]},"contributions":{},"includedScopes":[]},"contributions":{},"includedScopes":[]},"sourceMap":{"end":{"column":73,"line":319,"offset":10279},"start":{"column":67,"line":319,"offset":10273}},"value":".png"}],"id":"b2e98a8d-526e-4bdd-ae84-6b7982278711","message":"+","metadata":[],"receiver":{"args":[],"id":"3d38c39f-1319-4d11-b1ef-2ca7ee10dc68","message":"toString","metadata":[],"receiver":{"id":"133617e8-c835-4884-baa7-df2193f20717","metadata":[],"scope":{"containerScope":{"containerScope":{"containerScope":{"containerScope":{"containerScope":{"containerScope":{"containerScope":{"containerScope":{"contributions":{},"includedScopes":[]},"contributions":{},"includedScopes":[{"contributions":{},"includedScopes":[]},{"contributions":{},"includedScopes":[]},{"contributions":{},"includedScopes":[]},{"contributions":{},"includedScopes":[]},{"contributions":{},"includedScopes":[]},{"contributions":{},"includedScopes":[]}]},"contributions":{},"includedScopes":[{"containerScope":{"containerScope":{"containerScope":{"contributions":{},"includedScopes":[]},"contributions":{},"includedScopes":[]},"contributions":{},"includedScopes":[]},"contributions":{},"includedScopes":[]}]},"contributions":{},"includedScopes":[]},"contributions":{},"includedScopes":[]},"contributions":{},"includedScopes":[]},"contributions":{},"includedScopes":[]},"contributions":{},"includedScopes":[]},"contributions":{},"includedScopes":[]},"sourceMap":{"end":{"column":53,"line":319,"offset":10259},"start":{"column":49,"line":319,"offset":10255}}},"scope":{"containerScope":{"containerScope":{"containerScope":{"containerScope":{"containerScope":{"containerScope":{"containerScope":{"contributions":{},"includedScopes":[]},"contributions":{},"includedScopes":[{"contributions":{},"includedScopes":[]},{"contributions":{},"includedScopes":[]},{"contributions":{},"includedScopes":[]},{"contributions":{},"includedScopes":[]},{"contributions":{},"includedScopes":[]},{"contributions":{},"includedScopes":[]}]},"contributions":{},"includedScopes":[{"containerScope":{"containerScope":{"containerScope":{"contributions":{},"includedScopes":[]},"contributions":{},"includedScopes":[]},"contributions":{},"includedScopes":[]},"contributions":{},"includedScopes":[]}]},"contributions":{},"includedScopes":[]},"contributions":{},"includedScopes":[]},"contributions":{},"includedScopes":[]},"contributions":{},"includedScopes":[]},"contributions":{},"includedScopes":[]},"sourceMap":{"end":{"column":64,"line":319,"offset":10270},"start":{"column":49,"line":319,"offset":10255}}},"scope":{"containerScope":{"containerScope":{"containerScope":{"containerScope":{"containerScope":{"containerScope":{"contributions":{},"includedScopes":[]},"contributions":{},"includedScopes":[{"contributions":{},"includedScopes":[]},{"contributions":{},"includedScopes":[]},{"contributions":{},"includedScopes":[]},{"contributions":{},"includedScopes":[]},{"contributions":{},"includedScopes":[]},{"contributions":{},"includedScopes":[]}]},"contributions":{},"includedScopes":[{"containerScope":{"containerScope":{"containerScope":{"contributions":{},"includedScopes":[]},"contributions":{},"includedScopes":[]},"contributions":{},"includedScopes":[]},"contributions":{},"includedScopes":[]}]},"contributions":{},"includedScopes":[]},"contributions":{},"includedScopes":[]},"contributions":{},"includedScopes":[]},"contributions":{},"includedScopes":[]},"sourceMap":{"end":{"column":73,"line":319,"offset":10279},"start":{"column":49,"line":319,"offset":10255}}}}],"id":"20850795-6421-41a3-a15e-85221d25968c","instantiated":{"id":"1f64dbb7-ee44-4b2b-983d-d98377d214db","metadata":[],"name":"Fondo","scope":{"containerScope":{"containerScope":{"containerScope":{"containerScope":{"containerScope":{"contributions":{},"includedScopes":[]},"contributions":{},"includedScopes":[{"contributions":{},"includedScopes":[]},{"contributions":{},"includedScopes":[]},{"contributions":{},"includedScopes":[]},{"contributions":{},"includedScopes":[]},{"contributions":{},"includedScopes":[]},{"contributions":{},"includedScopes":[]}]},"contributions":{},"includedScopes":[{"containerScope":{"containerScope":{"containerScope":{"contributions":{},"includedScopes":[]},"contributions":{},"includedScopes":[]},"contributions":{},"includedScopes":[]},"contributions":{},"includedScopes":[]}]},"contributions":{},"includedScopes":[]},"contributions":{},"includedScopes":[]},"contributions":{},"includedScopes":[]},"sourceMap":{"end":{"column":40,"line":319,"offset":10246},"start":{"column":35,"line":319,"offset":10241}}},"metadata":[],"scope":{"containerScope":{"containerScope":{"containerScope":{"containerScope":{"contributions":{},"includedScopes":[]},"contributions":{},"includedScopes":[{"contributions":{},"includedScopes":[]},{"contributions":{},"includedScopes":[]},{"contributions":{},"includedScopes":[]},{"contributions":{},"includedScopes":[]},{"contributions":{},"includedScopes":[]},{"contributions":{},"includedScopes":[]}]},"contributions":{},"includedScopes":[{"containerScope":{"containerScope":{"containerScope":{"contributions":{},"includedScopes":[]},"contributions":{},"includedScopes":[]},"contributions":{},"includedScopes":[]},"contributions":{},"includedScopes":[]}]},"contributions":{},"includedScopes":[]},"contributions":{},"includedScopes":[]},"sourceMap":{"end":{"column":74,"line":319,"offset":10280},"start":{"column":31,"line":319,"offset":10237}}}},{"body":{"id":"396a1fb3-8f67-40f1-baed-47218f22c5a4","metadata":[],"problems":[{"code":"malformedSentence","sourceMap":{"end":{"column":26,"line":320,"offset":10307},"start":{"column":25,"line":320,"offset":10306}}}],"scope":{"containerScope":{"containerScope":{"containerScope":{"containerScope":{"contributions":{},"includedScopes":[]},"contributions":{},"includedScopes":[{"contributions":{},"includedScopes":[]},{"contributions":{},"includedScopes":[]},{"contributions":{},"includedScopes":[]},{"contributions":{},"includedScopes":[]},{"contributions":{},"includedScopes":[]},{"contributions":{},"includedScopes":[]}]},"contributions":{},"includedScopes":[{"containerScope":{"containerScope":{"containerScope":{"contributions":{},"includedScopes":[]},"contributions":{},"includedScopes":[]},"contributions":{},"includedScopes":[]},"contributions":{},"includedScopes":[]}]},"contributions":{},"includedScopes":[]},"contributions":{},"includedScopes":[]},"sentences":[],"sourceMap":{"end":{"column":26,"line":320,"offset":10307},"start":{"column":25,"line":320,"offset":10306}}},"compiled":false,"id":"4d1c8c68-36f6-4dad-b7c2-09e5b2d4eaa0","isOverride":false,"metadata":[],"name":"mapaData","parameters":[],"problems":[],"scope":{"containerScope":{"containerScope":{"containerScope":{"contributions":{},"includedScopes":[]},"contributions":{},"includedScopes":[{"contributions":{},"includedScopes":[]},{"contributions":{},"includedScopes":[]},{"contributions":{},"includedScopes":[]},{"contributions":{},"includedScopes":[]},{"contributions":{},"includedScopes":[]},{"contributions":{},"includedScopes":[]}]},"contributions":{},"includedScopes":[{"containerScope":{"containerScope":{"containerScope":{"contributions":{},"includedScopes":[]},"contributions":{},"includedScopes":[]},"contributions":{},"includedScopes":[]},"contributions":{},"includedScopes":[]}]},"contributions":{},"includedScopes":[]},"sourceMap":{"end":{"column":26,"line":320,"offset":10307},"start":{"column":5,"line":320,"offset":10286}}},{"body":{"id":"0efe9b10-0e16-4144-8ef9-6ebba4de22fe","metadata":[],"problems":[],"scope":{"containerScope":{"containerScope":{"containerScope":{"containerScope":{"contributions":{},"includedScopes":[]},"contributions":{},"includedScopes":[{"contributions":{},"includedScopes":[]},{"contributions":{},"includedScopes":[]},{"contributions":{},"includedScopes":[]},{"contributions":{},"includedScopes":[]},{"contributions":{},"includedScopes":[]},{"contributions":{},"includedScopes":[]}]},"contributions":{},"includedScopes":[{"containerScope":{"containerScope":{"containerScope":{"contributions":{},"includedScopes":[]},"contributions":{},"includedScopes":[]},"contributions":{},"includedScopes":[]},"contributions":{},"includedScopes":[]}]},"contributions":{},"includedScopes":[]},"contributions":{},"includedScopes":[]},"sentences":[{"id":"66039781-42be-465a-b14d-0e43d0269114","metadata":[],"scope":{"containerScope":{"containerScope":{"containerScope":{"containerScope":{"containerScope":{"contributions":{},"includedScopes":[]},"contributions":{},"includedScopes":[{"contributions":{},"includedScopes":[]},{"contributions":{},"includedScopes":[]},{"contributions":{},"includedScopes":[]},{"contributions":{},"includedScopes":[]},{"contributions":{},"includedScopes":[]},{"contributions":{},"includedScopes":[]}]},"contributions":{},"includedScopes":[{"containerScope":{"containerScope":{"containerScope":{"contributions":{},"includedScopes":[]},"contributions":{},"includedScopes":[]},"contributions":{},"includedScopes":[]},"contributions":{},"includedScopes":[]}]},"contributions":{},"includedScopes":[]},"contributions":{},"includedScopes":[]},"contributions":{},"includedScopes":[]},"value":{"id":"1f1d3e28-a0e8-4e68-b361-fcc490d99fbe","metadata":[],"scope":{"containerScope":{"containerScope":{"containerScope":{"containerScope":{"containerScope":{"containerScope":{"contributions":{},"includedScopes":[]},"contributions":{},"includedScopes":[{"contributions":{},"includedScopes":[]},{"contributions":{},"includedScopes":[]},{"contributions":{},"includedScopes":[]},{"contributions":{},"includedScopes":[]},{"contributions":{},"includedScopes":[]},{"contributions":{},"includedScopes":[]}]},"contributions":{},"includedScopes":[{"containerScope":{"containerScope":{"containerScope":{"contributions":{},"includedScopes":[]},"contributions":{},"includedScopes":[]},"contributions":{},"includedScopes":[]},"contributions":{},"includedScopes":[]}]},"contributions":{},"includedScopes":[]},"contributions":{},"includedScopes":[]},"contributions":{},"includedScopes":[]},"contributions":{},"includedScopes":[]},"sourceMap":{"end":{"column":57,"line":332,"offset":11201},"start":{"column":29,"line":332,"offset":11173}},"value":[{"id":"e2bc949f-e27c-48d5-91d6-2a62e8d7b1bc","metadata":[],"name":"wollok.lang.List","scope":{"containerScope":{"containerScope":{"containerScope":{"containerScope":{"containerScope":{"containerScope":{"containerScope":{"contributions":{},"includedScopes":[]},"contributions":{},"includedScopes":[{"contributions":{},"includedScopes":[]},{"contributions":{},"includedScopes":[]},{"contributions":{},"includedScopes":[]},{"contributions":{},"includedScopes":[]},{"contributions":{},"includedScopes":[]},{"contributions":{},"includedScopes":[]}]},"contributions":{},"includedScopes":[{"containerScope":{"containerScope":{"containerScope":{"contributions":{},"includedScopes":[]},"contributions":{},"includedScopes":[]},"contributions":{},"includedScopes":[]},"contributions":{},"includedScopes":[]}]},"contributions":{},"includedScopes":[]},"contributions":{},"includedScopes":[]},"contributions":{},"includedScopes":[]},"contributions":{},"includedScopes":[]},"contributions":{},"includedScopes":[]}},[{"id":"f8def910-7ad3-48cb-b388-fa161ffdbe5d","metadata":[],"scope":{"containerScope":{"containerScope":{"containerScope":{"containerScope":{"containerScope":{"containerScope":{"containerScope":{"contributions":{},"includedScopes":[]},"contributions":{},"includedScopes":[{"contributions":{},"includedScopes":[]},{"contributions":{},"includedScopes":[]},{"contributions":{},"includedScopes":[]},{"contributions":{},"includedScopes":[]},{"contributions":{},"includedScopes":[]},{"contributions":{},"includedScopes":[]}]},"contributions":{},"includedScopes":[{"containerScope":{"containerScope":{"containerScope":{"contributions":{},"includedScopes":[]},"contributions":{},"includedScopes":[]},"contributions":{},"includedScopes":[]},"contributions":{},"includedScopes":[]}]},"contributions":{},"includedScopes":[]},"contributions":{},"includedScopes":[]},"contributions":{},"includedScopes":[]},"contributions":{},"includedScopes":[]},"contributions":{},"includedScopes":[]},"sourceMap":{"end":{"column":42,"line":332,"offset":11186},"start":{"column":30,"line":332,"offset":11174}},"value":"fondo1.mp3"},{"id":"cfe45d6b-2232-484f-9a05-dc15b4e9afa5","metadata":[],"scope":{"containerScope":{"containerScope":{"containerScope":{"containerScope":{"containerScope":{"containerScope":{"containerScope":{"contributions":{},"includedScopes":[]},"contributions":{},"includedScopes":[{"contributions":{},"includedScopes":[]},{"contributions":{},"includedScopes":[]},{"contributions":{},"includedScopes":[]},{"contributions":{},"includedScopes":[]},{"contributions":{},"includedScopes":[]},{"contributions":{},"includedScopes":[]}]},"contributions":{},"includedScopes":[{"containerScope":{"containerScope":{"containerScope":{"contributions":{},"includedScopes":[]},"contributions":{},"includedScopes":[]},"contributions":{},"includedScopes":[]},"contributions":{},"includedScopes":[]}]},"contributions":{},"includedScopes":[]},"contributions":{},"includedScopes":[]},"contributions":{},"includedScopes":[]},"contributions":{},"includedScopes":[]},"contributions":{},"includedScopes":[]},"sourceMap":{"end":{"column":56,"line":332,"offset":11200},"start":{"column":44,"line":332,"offset":11188}},"value":"fondo2.mp3"}]]}}],"sourceMap":{"end":{"column":57,"line":332,"offset":11201},"start":{"column":29,"line":332,"offset":11173}}},"compiled":false,"id":"b8e8b8a1-d0ee-4a6a-95ef-d6905d9c644f","isOverride":false,"metadata":[],"name":"musicasFondo","parameters":[],"problems":[],"scope":{"containerScope":{"containerScope":{"containerScope":{"contributions":{},"includedScopes":[]},"contributions":{},"includedScopes":[{"contributions":{},"includedScopes":[]},{"contributions":{},"includedScopes":[]},{"contributions":{},"includedScopes":[]},{"contributions":{},"includedScopes":[]},{"contributions":{},"includedScopes":[]},{"contributions":{},"includedScopes":[]}]},"contributions":{},"includedScopes":[{"containerScope":{"containerScope":{"containerScope":{"contributions":{},"includedScopes":[]},"contributions":{},"includedScopes":[]},"contributions":{},"includedScopes":[]},"contributions":{},"includedScopes":[]}]},"contributions":{},"includedScopes":[]},"sourceMap":{"end":{"column":57,"line":332,"offset":11201},"start":{"column":5,"line":332,"offset":11149}}},{"body":{"id":"5426a5cc-9619-4be8-8001-9ff2224d7289","metadata":[],"problems":[],"scope":{"containerScope":{"containerScope":{"containerScope":{"containerScope":{"contributions":{},"includedScopes":[]},"contributions":{},"includedScopes":[{"contributions":{},"includedScopes":[]},{"contributions":{},"includedScopes":[]},{"contributions":{},"includedScopes":[]},{"contributions":{},"includedScopes":[]},{"contributions":{},"includedScopes":[]},{"contributions":{},"includedScopes":[]}]},"contributions":{},"includedScopes":[{"containerScope":{"containerScope":{"containerScope":{"contributions":{},"includedScopes":[]},"contributions":{},"includedScopes":[]},"contributions":{},"includedScopes":[]},"contributions":{},"includedScopes":[]}]},"contributions":{},"includedScopes":[]},"contributions":{},"includedScopes":[]},"sentences":[{"id":"717b4968-fcd7-4839-acd2-472e6d6f84e3","metadata":[],"scope":{"containerScope":{"containerScope":{"containerScope":{"containerScope":{"containerScope":{"contributions":{},"includedScopes":[]},"contributions":{},"includedScopes":[{"contributions":{},"includedScopes":[]},{"contributions":{},"includedScopes":[]},{"contributions":{},"includedScopes":[]},{"contributions":{},"includedScopes":[]},{"contributions":{},"includedScopes":[]},{"contributions":{},"includedScopes":[]}]},"contributions":{},"includedScopes":[{"containerScope":{"containerScope":{"containerScope":{"contributions":{},"includedScopes":[]},"contributions":{},"includedScopes":[]},"contributions":{},"includedScopes":[]},"contributions":{},"includedScopes":[]}]},"contributions":{},"includedScopes":[]},"contributions":{},"includedScopes":[]},"contributions":{},"includedScopes":[]},"value":{"id":"d0351abd-acfe-4d87-b6de-99b4946c8be2","metadata":[],"scope":{"containerScope":{"containerScope":{"containerScope":{"containerScope":{"containerScope":{"containerScope":{"contributions":{},"includedScopes":[]},"contributions":{},"includedScopes":[{"contributions":{},"includedScopes":[]},{"contributions":{},"includedScopes":[]},{"contributions":{},"includedScopes":[]},{"contributions":{},"includedScopes":[]},{"contributions":{},"includedScopes":[]},{"contributions":{},"includedScopes":[]}]},"contributions":{},"includedScopes":[{"containerScope":{"containerScope":{"containerScope":{"contributions":{},"includedScopes":[]},"contributions":{},"includedScopes":[]},"contributions":{},"includedScopes":[]},"contributions":{},"includedScopes":[]}]},"contributions":{},"includedScopes":[]},"contributions":{},"includedScopes":[]},"contributions":{},"includedScopes":[]},"contributions":{},"includedScopes":[]},"sourceMap":{"end":{"column":48,"line":334,"offset":11252},"start":{"column":31,"line":334,"offset":11235}},"value":[{"id":"8d761f04-dee0-44c9-b2d6-1e7863f98d8c","metadata":[],"name":"wollok.lang.List","scope":{"containerScope":{"containerScope":{"containerScope":{"containerScope":{"containerScope":{"containerScope":{"containerScope":{"contributions":{},"includedScopes":[]},"contributions":{},"includedScopes":[{"contributions":{},"includedScopes":[]},{"contributions":{},"includedScopes":[]},{"contributions":{},"includedScopes":[]},{"contributions":{},"includedScopes":[]},{"contributions":{},"includedScopes":[]},{"contributions":{},"includedScopes":[]}]},"contributions":{},"includedScopes":[{"containerScope":{"containerScope":{"containerScope":{"contributions":{},"includedScopes":[]},"contributions":{},"includedScopes":[]},"contributions":{},"includedScopes":[]},"contributions":{},"includedScopes":[]}]},"contributions":{},"includedScopes":[]},"contributions":{},"includedScopes":[]},"contributions":{},"includedScopes":[]},"contributions":{},"includedScopes":[]},"contributions":{},"includedScopes":[]}},[{"args":[],"id":"01d0aab6-548e-43e5-b034-e0904e9c2bed","message":"palancas","metadata":[],"receiver":{"id":"602143fb-c43c-46a8-b2bb-7a1209e9403d","metadata":[],"scope":{"containerScope":{"containerScope":{"containerScope":{"containerScope":{"containerScope":{"containerScope":{"containerScope":{"containerScope":{"contributions":{},"includedScopes":[]},"contributions":{},"includedScopes":[{"contributions":{},"includedScopes":[]},{"contributions":{},"includedScopes":[]},{"contributions":{},"includedScopes":[]},{"contributions":{},"includedScopes":[]},{"contributions":{},"includedScopes":[]},{"contributions":{},"includedScopes":[]}]},"contributions":{},"includedScopes":[{"containerScope":{"containerScope":{"containerScope":{"contributions":{},"includedScopes":[]},"contributions":{},"includedScopes":[]},"contributions":{},"includedScopes":[]},"contributions":{},"includedScopes":[]}]},"contributions":{},"includedScopes":[]},"contributions":{},"includedScopes":[]},"contributions":{},"includedScopes":[]},"contributions":{},"includedScopes":[]},"contributions":{},"includedScopes":[]},"contributions":{},"includedScopes":[]},"sourceMap":{"end":{"column":36,"line":334,"offset":11240},"start":{"column":32,"line":334,"offset":11236}}},"scope":{"containerScope":{"containerScope":{"containerScope":{"containerScope":{"containerScope":{"containerScope":{"containerScope":{"contributions":{},"includedScopes":[]},"contributions":{},"includedScopes":[{"contributions":{},"includedScopes":[]},{"contributions":{},"includedScopes":[]},{"contributions":{},"includedScopes":[]},{"contributions":{},"includedScopes":[]},{"contributions":{},"includedScopes":[]},{"contributions":{},"includedScopes":[]}]},"contributions":{},"includedScopes":[{"containerScope":{"containerScope":{"containerScope":{"contributions":{},"includedScopes":[]},"contributions":{},"includedScopes":[]},"contributions":{},"includedScopes":[]},"contributions":{},"includedScopes":[]}]},"contributions":{},"includedScopes":[]},"contributions":{},"includedScopes":[]},"contributions":{},"includedScopes":[]},"contributions":{},"includedScopes":[]},"contributions":{},"includedScopes":[]},"sourceMap":{"end":{"column":47,"line":334,"offset":11251},"start":{"column":32,"line":334,"offset":11236}}}]]}}],"sourceMap":{"end":{"column":48,"line":334,"offset":11252},"start":{"column":31,"line":334,"offset":11235}}},"compiled":false,"id":"b59331da-8451-44b6-9956-825bd6c937f9","isOverride":false,"metadata":[],"name":"interactuables","parameters":[],"problems":[],"scope":{"containerScope":{"containerScope":{"containerScope":{"contributions":{},"includedScopes":[]},"contributions":{},"includedScopes":[{"contributions":{},"includedScopes":[]},{"contributions":{},"includedScopes":[]},{"contributions":{},"includedScopes":[]},{"contributions":{},"includedScopes":[]},{"contributions":{},"includedScopes":[]},{"contributions":{},"includedScopes":[]}]},"contributions":{},"includedScopes":[{"containerScope":{"containerScope":{"containerScope":{"contributions":{},"includedScopes":[]},"contributions":{},"includedScopes":[]},"contributions":{},"includedScopes":[]},"contributions":{},"includedScopes":[]}]},"contributions":{},"includedScopes":[]},"sourceMap":{"end":{"column":48,"line":334,"offset":11252},"start":{"column":5,"line":334,"offset":11209}}},{"body":{"id":"12a50449-3431-4b24-9eff-e7dc4ac46350","metadata":[],"problems":[],"scope":{"containerScope":{"containerScope":{"containerScope":{"containerScope":{"contributions":{},"includedScopes":[]},"contributions":{},"includedScopes":[{"contributions":{},"includedScopes":[]},{"contributions":{},"includedScopes":[]},{"contributions":{},"includedScopes":[]},{"contributions":{},"includedScopes":[]},{"contributions":{},"includedScopes":[]},{"contributions":{},"includedScopes":[]}]},"contributions":{},"includedScopes":[{"containerScope":{"containerScope":{"containerScope":{"contributions":{},"includedScopes":[]},"contributions":{},"includedScopes":[]},"contributions":{},"includedScopes":[]},"contributions":{},"includedScopes":[]}]},"contributions":{},"includedScopes":[]},"contributions":{},"includedScopes":[]},"sentences":[{"id":"ed450529-7606-43a6-8424-88ad5d671010","metadata":[],"scope":{"containerScope":{"containerScope":{"containerScope":{"containerScope":{"containerScope":{"contributions":{},"includedScopes":[]},"contributions":{},"includedScopes":[{"contributions":{},"includedScopes":[]},{"contributions":{},"includedScopes":[]},{"contributions":{},"includedScopes":[]},{"contributions":{},"includedScopes":[]},{"contributions":{},"includedScopes":[]},{"contributions":{},"includedScopes":[]}]},"contributions":{},"includedScopes":[{"containerScope":{"containerScope":{"containerScope":{"contributions":{},"includedScopes":[]},"contributions":{},"includedScopes":[]},"contributions":{},"includedScopes":[]},"contributions":{},"includedScopes":[]}]},"contributions":{},"includedScopes":[]},"contributions":{},"includedScopes":[]},"contributions":{},"includedScopes":[]},"value":{"id":"46643896-f804-4976-928b-e49201d83acc","metadata":[],"scope":{"containerScope":{"containerScope":{"containerScope":{"containerScope":{"containerScope":{"containerScope":{"contributions":{},"includedScopes":[]},"contributions":{},"includedScopes":[{"contributions":{},"includedScopes":[]},{"contributions":{},"includedScopes":[]},{"contributions":{},"includedScopes":[]},{"contributions":{},"includedScopes":[]},{"contributions":{},"includedScopes":[]},{"contributions":{},"includedScopes":[]}]},"contributions":{},"includedScopes":[{"containerScope":{"containerScope":{"containerScope":{"contributions":{},"includedScopes":[]},"contributions":{},"includedScopes":[]},"contributions":{},"includedScopes":[]},"contributions":{},"includedScopes":[]}]},"contributions":{},"includedScopes":[]},"contributions":{},"includedScopes":[]},"contributions":{},"includedScopes":[]},"contributions":{},"includedScopes":[]},"sourceMap":{"end":{"column":65,"line":335,"offset":11318},"start":{"column":25,"line":335,"offset":11278}},"value":[{"id":"b39e150e-1d0c-4696-b696-6377cf751857","metadata":[],"name":"wollok.lang.List","scope":{"containerScope":{"containerScope":{"containerScope":{"containerScope":{"containerScope":{"containerScope":{"containerScope":{"contributions":{},"includedScopes":[]},"contributions":{},"includedScopes":[{"contributions":{},"includedScopes":[]},{"contributions":{},"includedScopes":[]},{"contributions":{},"includedScopes":[]},{"contributions":{},"includedScopes":[]},{"contributions":{},"includedScopes":[]},{"contributions":{},"includedScopes":[]}]},"contributions":{},"includedScopes":[{"containerScope":{"containerScope":{"containerScope":{"contributions":{},"includedScopes":[]},"contributions":{},"includedScopes":[]},"contributions":{},"includedScopes":[]},"contributions":{},"includedScopes":[]}]},"contributions":{},"includedScopes":[]},"contributions":{},"includedScopes":[]},"contributions":{},"includedScopes":[]},"contributions":{},"includedScopes":[]},"contributions":{},"includedScopes":[]}},[{"args":[],"id":"d89f558b-0103-4ee4-a659-3f47fc6e66c9","message":"teletransportes","metadata":[],"receiver":{"id":"5bf863c8-c815-4596-bfde-9815990c06fe","metadata":[],"scope":{"containerScope":{"containerScope":{"containerScope":{"containerScope":{"containerScope":{"containerScope":{"containerScope":{"containerScope":{"contributions":{},"includedScopes":[]},"contributions":{},"includedScopes":[{"contributions":{},"includedScopes":[]},{"contributions":{},"includedScopes":[]},{"contributions":{},"includedScopes":[]},{"contributions":{},"includedScopes":[]},{"contributions":{},"includedScopes":[]},{"contributions":{},"includedScopes":[]}]},"contributions":{},"includedScopes":[{"containerScope":{"containerScope":{"containerScope":{"contributions":{},"includedScopes":[]},"contributions":{},"includedScopes":[]},"contributions":{},"includedScopes":[]},"contributions":{},"includedScopes":[]}]},"contributions":{},"includedScopes":[]},"contributions":{},"includedScopes":[]},"contributions":{},"includedScopes":[]},"contributions":{},"includedScopes":[]},"contributions":{},"includedScopes":[]},"contributions":{},"includedScopes":[]},"sourceMap":{"end":{"column":30,"line":335,"offset":11283},"start":{"column":26,"line":335,"offset":11279}}},"scope":{"containerScope":{"containerScope":{"containerScope":{"containerScope":{"containerScope":{"containerScope":{"containerScope":{"contributions":{},"includedScopes":[]},"contributions":{},"includedScopes":[{"contributions":{},"includedScopes":[]},{"contributions":{},"includedScopes":[]},{"contributions":{},"includedScopes":[]},{"contributions":{},"includedScopes":[]},{"contributions":{},"includedScopes":[]},{"contributions":{},"includedScopes":[]}]},"contributions":{},"includedScopes":[{"containerScope":{"containerScope":{"containerScope":{"contributions":{},"includedScopes":[]},"contributions":{},"includedScopes":[]},"contributions":{},"includedScopes":[]},"contributions":{},"includedScopes":[]}]},"contributions":{},"includedScopes":[]},"contributions":{},"includedScopes":[]},"contributions":{},"includedScopes":[]},"contributions":{},"includedScopes":[]},"contributions":{},"includedScopes":[]},"sourceMap":{"end":{"column":48,"line":335,"offset":11301},"start":{"column":26,"line":335,"offset":11279}}},{"args":[],"id":"dc47e82e-89cc-4f58-9834-5973d542adcf","message":"botones","metadata":[],"receiver":{"id":"7dd5aa12-48a5-4c13-9f92-a841a3c43d72","metadata":[],"scope":{"containerScope":{"containerScope":{"containerScope":{"containerScope":{"containerScope":{"containerScope":{"containerScope":{"containerScope":{"contributions":{},"includedScopes":[]},"contributions":{},"includedScopes":[{"contributions":{},"includedScopes":[]},{"contributions":{},"includedScopes":[]},{"contributions":{},"includedScopes":[]},{"contributions":{},"includedScopes":[]},{"contributions":{},"includedScopes":[]},{"contributions":{},"includedScopes":[]}]},"contributions":{},"includedScopes":[{"containerScope":{"containerScope":{"containerScope":{"contributions":{},"includedScopes":[]},"contributions":{},"includedScopes":[]},"contributions":{},"includedScopes":[]},"contributions":{},"includedScopes":[]}]},"contributions":{},"includedScopes":[]},"contributions":{},"includedScopes":[]},"contributions":{},"includedScopes":[]},"contributions":{},"includedScopes":[]},"contributions":{},"includedScopes":[]},"contributions":{},"includedScopes":[]},"sourceMap":{"end":{"column":54,"line":335,"offset":11307},"start":{"column":50,"line":335,"offset":11303}}},"scope":{"containerScope":{"containerScope":{"containerScope":{"containerScope":{"containerScope":{"containerScope":{"containerScope":{"contributions":{},"includedScopes":[]},"contributions":{},"includedScopes":[{"contributions":{},"includedScopes":[]},{"contributions":{},"includedScopes":[]},{"contributions":{},"includedScopes":[]},{"contributions":{},"includedScopes":[]},{"contributions":{},"includedScopes":[]},{"contributions":{},"includedScopes":[]}]},"contributions":{},"includedScopes":[{"containerScope":{"containerScope":{"containerScope":{"contributions":{},"includedScopes":[]},"contributions":{},"includedScopes":[]},"contributions":{},"includedScopes":[]},"contributions":{},"includedScopes":[]}]},"contributions":{},"includedScopes":[]},"contributions":{},"includedScopes":[]},"contributions":{},"includedScopes":[]},"contributions":{},"includedScopes":[]},"contributions":{},"includedScopes":[]},"sourceMap":{"end":{"column":64,"line":335,"offset":11317},"start":{"column":50,"line":335,"offset":11303}}}]]}}],"sourceMap":{"end":{"column":65,"line":335,"offset":11318},"start":{"column":25,"line":335,"offset":11278}}},"compiled":false,"id":"fe0f2a92-af32-4b43-8a43-14916b751366","isOverride":false,"metadata":[],"name":"pisables","parameters":[],"problems":[],"scope":{"containerScope":{"containerScope":{"containerScope":{"contributions":{},"includedScopes":[]},"contributions":{},"includedScopes":[{"contributions":{},"includedScopes":[]},{"contributions":{},"includedScopes":[]},{"contributions":{},"includedScopes":[]},{"contributions":{},"includedScopes":[]},{"contributions":{},"includedScopes":[]},{"contributions":{},"includedScopes":[]}]},"contributions":{},"includedScopes":[{"containerScope":{"containerScope":{"containerScope":{"contributions":{},"includedScopes":[]},"contributions":{},"includedScopes":[]},"contributions":{},"includedScopes":[]},"contributions":{},"includedScopes":[]}]},"contributions":{},"includedScopes":[]},"sourceMap":{"end":{"column":65,"line":335,"offset":11318},"start":{"column":5,"line":335,"offset":11258}}},{"body":{"id":"329489fa-e368-4a39-94a7-20e552853fe2","metadata":[],"problems":[],"scope":{"containerScope":{"containerScope":{"containerScope":{"containerScope":{"contributions":{},"includedScopes":[]},"contributions":{},"includedScopes":[{"contributions":{},"includedScopes":[]},{"contributions":{},"includedScopes":[]},{"contributions":{},"includedScopes":[]},{"contributions":{},"includedScopes":[]},{"contributions":{},"includedScopes":[]},{"contributions":{},"includedScopes":[]}]},"contributions":{},"includedScopes":[{"containerScope":{"containerScope":{"containerScope":{"contributions":{},"includedScopes":[]},"contributions":{},"includedScopes":[]},"contributions":{},"includedScopes":[]},"contributions":{},"includedScopes":[]}]},"contributions":{},"includedScopes":[]},"contributions":{},"includedScopes":[]},"sentences":[{"id":"9e7a703b-10f7-4a51-9fe1-a9d8f878b521","metadata":[],"scope":{"containerScope":{"containerScope":{"containerScope":{"containerScope":{"containerScope":{"contributions":{},"includedScopes":[]},"contributions":{},"includedScopes":[{"contributions":{},"includedScopes":[]},{"contributions":{},"includedScopes":[]},{"contributions":{},"includedScopes":[]},{"contributions":{},"includedScopes":[]},{"contributions":{},"includedScopes":[]},{"contributions":{},"includedScopes":[]}]},"contributions":{},"includedScopes":[{"containerScope":{"containerScope":{"containerScope":{"contributions":{},"includedScopes":[]},"contributions":{},"includedScopes":[]},"contributions":{},"includedScopes":[]},"contributions":{},"includedScopes":[]}]},"contributions":{},"includedScopes":[]},"contributions":{},"includedScopes":[]},"contributions":{},"includedScopes":[]},"value":{"id":"34c6e05d-9048-4fe8-9538-2e070df07285","metadata":[],"scope":{"containerScope":{"containerScope":{"containerScope":{"containerScope":{"containerScope":{"containerScope":{"contributions":{},"includedScopes":[]},"contributions":{},"includedScopes":[{"contributions":{},"includedScopes":[]},{"contributions":{},"includedScopes":[]},{"contributions":{},"includedScopes":[]},{"contributions":{},"includedScopes":[]},{"contributions":{},"includedScopes":[]},{"contributions":{},"includedScopes":[]}]},"contributions":{},"includedScopes":[{"containerScope":{"containerScope":{"containerScope":{"contributions":{},"includedScopes":[]},"contributions":{},"includedScopes":[]},"contributions":{},"includedScopes":[]},"contributions":{},"includedScopes":[]}]},"contributions":{},"includedScopes":[]},"contributions":{},"includedScopes":[]},"contributions":{},"includedScopes":[]},"contributions":{},"includedScopes":[]},"sourceMap":{"end":{"column":27,"line":337,"offset":11349},"start":{"column":25,"line":337,"offset":11347}},"value":[{"id":"444150fe-5257-486c-82c7-b774bcb9e903","metadata":[],"name":"wollok.lang.List","scope":{"containerScope":{"containerScope":{"containerScope":{"containerScope":{"containerScope":{"containerScope":{"containerScope":{"contributions":{},"includedScopes":[]},"contributions":{},"includedScopes":[{"contributions":{},"includedScopes":[]},{"contributions":{},"includedScopes":[]},{"contributions":{},"includedScopes":[]},{"contributions":{},"includedScopes":[]},{"contributions":{},"includedScopes":[]},{"contributions":{},"includedScopes":[]}]},"contributions":{},"includedScopes":[{"containerScope":{"containerScope":{"containerScope":{"contributions":{},"includedScopes":[]},"contributions":{},"includedScopes":[]},"contributions":{},"includedScopes":[]},"contributions":{},"includedScopes":[]}]},"contributions":{},"includedScopes":[]},"contributions":{},"includedScopes":[]},"contributions":{},"includedScopes":[]},"contributions":{},"includedScopes":[]},"contributions":{},"includedScopes":[]}},[]]}}],"sourceMap":{"end":{"column":27,"line":337,"offset":11349},"start":{"column":25,"line":337,"offset":11347}}},"compiled":false,"id":"6e845031-f175-4056-97b1-e01e238eb40f","isOverride":false,"metadata":[],"name":"palancas","parameters":[],"problems":[],"scope":{"containerScope":{"containerScope":{"containerScope":{"contributions":{},"includedScopes":[]},"contributions":{},"includedScopes":[{"contributions":{},"includedScopes":[]},{"contributions":{},"includedScopes":[]},{"contributions":{},"includedScopes":[]},{"contributions":{},"includedScopes":[]},{"contributions":{},"includedScopes":[]},{"contributions":{},"includedScopes":[]}]},"contributions":{},"includedScopes":[{"containerScope":{"containerScope":{"containerScope":{"contributions":{},"includedScopes":[]},"contributions":{},"includedScopes":[]},"contributions":{},"includedScopes":[]},"contributions":{},"includedScopes":[]}]},"contributions":{},"includedScopes":[]},"sourceMap":{"end":{"column":27,"line":337,"offset":11349},"start":{"column":5,"line":337,"offset":11327}}},{"body":{"id":"f4951f9e-a9eb-4c71-83dc-1b58a9448aa8","metadata":[],"problems":[],"scope":{"containerScope":{"containerScope":{"containerScope":{"containerScope":{"contributions":{},"includedScopes":[]},"contributions":{},"includedScopes":[{"contributions":{},"includedScopes":[]},{"contributions":{},"includedScopes":[]},{"contributions":{},"includedScopes":[]},{"contributions":{},"includedScopes":[]},{"contributions":{},"includedScopes":[]},{"contributions":{},"includedScopes":[]}]},"contributions":{},"includedScopes":[{"containerScope":{"containerScope":{"containerScope":{"contributions":{},"includedScopes":[]},"contributions":{},"includedScopes":[]},"contributions":{},"includedScopes":[]},"contributions":{},"includedScopes":[]}]},"contributions":{},"includedScopes":[]},"contributions":{},"includedScopes":[]},"sentences":[{"id":"3e6057b8-99cd-40ad-85e0-909f4d25b7e0","metadata":[],"scope":{"containerScope":{"containerScope":{"containerScope":{"containerScope":{"containerScope":{"contributions":{},"includedScopes":[]},"contributions":{},"includedScopes":[{"contributions":{},"includedScopes":[]},{"contributions":{},"includedScopes":[]},{"contributions":{},"includedScopes":[]},{"contributions":{},"includedScopes":[]},{"contributions":{},"includedScopes":[]},{"contributions":{},"includedScopes":[]}]},"contributions":{},"includedScopes":[{"containerScope":{"containerScope":{"containerScope":{"contributions":{},"includedScopes":[]},"contributions":{},"includedScopes":[]},"contributions":{},"includedScopes":[]},"contributions":{},"includedScopes":[]}]},"contributions":{},"includedScopes":[]},"contributions":{},"includedScopes":[]},"contributions":{},"includedScopes":[]},"value":{"id":"0eca0642-ce1c-4aeb-9147-afb2746dae90","metadata":[],"scope":{"containerScope":{"containerScope":{"containerScope":{"containerScope":{"containerScope":{"containerScope":{"contributions":{},"includedScopes":[]},"contributions":{},"includedScopes":[{"contributions":{},"includedScopes":[]},{"contributions":{},"includedScopes":[]},{"contributions":{},"includedScopes":[]},{"contributions":{},"includedScopes":[]},{"contributions":{},"includedScopes":[]},{"contributions":{},"includedScopes":[]}]},"contributions":{},"includedScopes":[{"containerScope":{"containerScope":{"containerScope":{"contributions":{},"includedScopes":[]},"contributions":{},"includedScopes":[]},"contributions":{},"includedScopes":[]},"contributions":{},"includedScopes":[]}]},"contributions":{},"includedScopes":[]},"contributions":{},"includedScopes":[]},"contributions":{},"includedScopes":[]},"contributions":{},"includedScopes":[]},"sourceMap":{"end":{"column":34,"line":338,"offset":11384},"start":{"column":32,"line":338,"offset":11382}},"value":[{"id":"6965eaac-8d2c-45a2-b0ab-eced76992d95","metadata":[],"name":"wollok.lang.List","scope":{"containerScope":{"containerScope":{"containerScope":{"containerScope":{"containerScope":{"containerScope":{"containerScope":{"contributions":{},"includedScopes":[]},"contributions":{},"includedScopes":[{"contributions":{},"includedScopes":[]},{"contributions":{},"includedScopes":[]},{"contributions":{},"includedScopes":[]},{"contributions":{},"includedScopes":[]},{"contributions":{},"includedScopes":[]},{"contributions":{},"includedScopes":[]}]},"contributions":{},"includedScopes":[{"containerScope":{"containerScope":{"containerScope":{"contributions":{},"includedScopes":[]},"contributions":{},"includedScopes":[]},"contributions":{},"includedScopes":[]},"contributions":{},"includedScopes":[]}]},"contributions":{},"includedScopes":[]},"contributions":{},"includedScopes":[]},"contributions":{},"includedScopes":[]},"contributions":{},"includedScopes":[]},"contributions":{},"includedScopes":[]}},[]]}}],"sourceMap":{"end":{"column":34,"line":338,"offset":11384},"start":{"column":32,"line":338,"offset":11382}}},"compiled":false,"id":"079fc3e7-a824-423b-ab16-afb80e5a02af","isOverride":false,"metadata":[],"name":"teletransportes","parameters":[],"problems":[],"scope":{"containerScope":{"containerScope":{"containerScope":{"contributions":{},"includedScopes":[]},"contributions":{},"includedScopes":[{"contributions":{},"includedScopes":[]},{"contributions":{},"includedScopes":[]},{"contributions":{},"includedScopes":[]},{"contributions":{},"includedScopes":[]},{"contributions":{},"includedScopes":[]},{"contributions":{},"includedScopes":[]}]},"contributions":{},"includedScopes":[{"containerScope":{"containerScope":{"containerScope":{"contributions":{},"includedScopes":[]},"contributions":{},"includedScopes":[]},"contributions":{},"includedScopes":[]},"contributions":{},"includedScopes":[]}]},"contributions":{},"includedScopes":[]},"sourceMap":{"end":{"column":34,"line":338,"offset":11384},"start":{"column":5,"line":338,"offset":11355}}},{"body":{"id":"71f8a650-f6d5-455e-9983-8ca82be7336f","metadata":[],"problems":[],"scope":{"containerScope":{"containerScope":{"containerScope":{"containerScope":{"contributions":{},"includedScopes":[]},"contributions":{},"includedScopes":[{"contributions":{},"includedScopes":[]},{"contributions":{},"includedScopes":[]},{"contributions":{},"includedScopes":[]},{"contributions":{},"includedScopes":[]},{"contributions":{},"includedScopes":[]},{"contributions":{},"includedScopes":[]}]},"contributions":{},"includedScopes":[{"containerScope":{"containerScope":{"containerScope":{"contributions":{},"includedScopes":[]},"contributions":{},"includedScopes":[]},"contributions":{},"includedScopes":[]},"contributions":{},"includedScopes":[]}]},"contributions":{},"includedScopes":[]},"contributions":{},"includedScopes":[]},"sentences":[{"id":"7e05bc7e-45d5-4704-a6f4-d3b47d9e3dc1","metadata":[],"scope":{"containerScope":{"containerScope":{"containerScope":{"containerScope":{"containerScope":{"contributions":{},"includedScopes":[]},"contributions":{},"includedScopes":[{"contributions":{},"includedScopes":[]},{"contributions":{},"includedScopes":[]},{"contributions":{},"includedScopes":[]},{"contributions":{},"includedScopes":[]},{"contributions":{},"includedScopes":[]},{"contributions":{},"includedScopes":[]}]},"contributions":{},"includedScopes":[{"containerScope":{"containerScope":{"containerScope":{"contributions":{},"includedScopes":[]},"contributions":{},"includedScopes":[]},"contributions":{},"includedScopes":[]},"contributions":{},"includedScopes":[]}]},"contributions":{},"includedScopes":[]},"contributions":{},"includedScopes":[]},"contributions":{},"includedScopes":[]},"value":{"id":"0c45cbf3-13c1-4150-882b-bc1e4d114974","metadata":[],"scope":{"containerScope":{"containerScope":{"containerScope":{"containerScope":{"containerScope":{"containerScope":{"contributions":{},"includedScopes":[]},"contributions":{},"includedScopes":[{"contributions":{},"includedScopes":[]},{"contributions":{},"includedScopes":[]},{"contributions":{},"includedScopes":[]},{"contributions":{},"includedScopes":[]},{"contributions":{},"includedScopes":[]},{"contributions":{},"includedScopes":[]}]},"contributions":{},"includedScopes":[{"containerScope":{"containerScope":{"containerScope":{"contributions":{},"includedScopes":[]},"contributions":{},"includedScopes":[]},"contributions":{},"includedScopes":[]},"contributions":{},"includedScopes":[]}]},"contributions":{},"includedScopes":[]},"contributions":{},"includedScopes":[]},"contributions":{},"includedScopes":[]},"contributions":{},"includedScopes":[]},"sourceMap":{"end":{"column":26,"line":339,"offset":11411},"start":{"column":24,"line":339,"offset":11409}},"value":[{"id":"a33a85af-7caf-4279-9394-631eec914ba4","metadata":[],"name":"wollok.lang.List","scope":{"containerScope":{"containerScope":{"containerScope":{"containerScope":{"containerScope":{"containerScope":{"containerScope":{"contributions":{},"includedScopes":[]},"contributions":{},"includedScopes":[{"contributions":{},"includedScopes":[]},{"contributions":{},"includedScopes":[]},{"contributions":{},"includedScopes":[]},{"contributions":{},"includedScopes":[]},{"contributions":{},"includedScopes":[]},{"contributions":{},"includedScopes":[]}]},"contributions":{},"includedScopes":[{"containerScope":{"containerScope":{"containerScope":{"contributions":{},"includedScopes":[]},"contributions":{},"includedScopes":[]},"contributions":{},"includedScopes":[]},"contributions":{},"includedScopes":[]}]},"contributions":{},"includedScopes":[]},"contributions":{},"includedScopes":[]},"contributions":{},"includedScopes":[]},"contributions":{},"includedScopes":[]},"contributions":{},"includedScopes":[]}},[]]}}],"sourceMap":{"end":{"column":26,"line":339,"offset":11411},"start":{"column":24,"line":339,"offset":11409}}},"compiled":false,"id":"4b5e42b2-e421-4445-b2bf-32da71c54f35","isOverride":false,"metadata":[],"name":"botones","parameters":[],"problems":[],"scope":{"containerScope":{"containerScope":{"containerScope":{"contributions":{},"includedScopes":[]},"contributions":{},"includedScopes":[{"contributions":{},"includedScopes":[]},{"contributions":{},"includedScopes":[]},{"contributions":{},"includedScopes":[]},{"contributions":{},"includedScopes":[]},{"contributions":{},"includedScopes":[]},{"contributions":{},"includedScopes":[]}]},"contributions":{},"includedScopes":[{"containerScope":{"containerScope":{"containerScope":{"contributions":{},"includedScopes":[]},"contributions":{},"includedScopes":[]},"contributions":{},"includedScopes":[]},"contributions":{},"includedScopes":[]}]},"contributions":{},"includedScopes":[]},"sourceMap":{"end":{"column":26,"line":339,"offset":11411},"start":{"column":5,"line":339,"offset":11390}}},{"body":{"id":"cbee4040-c9f6-4027-884f-faf88304ba15","metadata":[],"problems":[],"scope":{"containerScope":{"containerScope":{"containerScope":{"containerScope":{"contributions":{},"includedScopes":[]},"contributions":{},"includedScopes":[{"contributions":{},"includedScopes":[]},{"contributions":{},"includedScopes":[]},{"contributions":{},"includedScopes":[]},{"contributions":{},"includedScopes":[]},{"contributions":{},"includedScopes":[]},{"contributions":{},"includedScopes":[]}]},"contributions":{},"includedScopes":[{"containerScope":{"containerScope":{"containerScope":{"contributions":{},"includedScopes":[]},"contributions":{},"includedScopes":[]},"contributions":{},"includedScopes":[]},"contributions":{},"includedScopes":[]}]},"contributions":{},"includedScopes":[]},"contributions":{},"includedScopes":[]},"sentences":[{"id":"daa13134-40c9-4bc6-b665-74cff27d4e29","metadata":[],"scope":{"containerScope":{"containerScope":{"containerScope":{"containerScope":{"containerScope":{"contributions":{},"includedScopes":[]},"contributions":{},"includedScopes":[{"contributions":{},"includedScopes":[]},{"contributions":{},"includedScopes":[]},{"contributions":{},"includedScopes":[]},{"contributions":{},"includedScopes":[]},{"contributions":{},"includedScopes":[]},{"contributions":{},"includedScopes":[]}]},"contributions":{},"includedScopes":[{"containerScope":{"containerScope":{"containerScope":{"contributions":{},"includedScopes":[]},"contributions":{},"includedScopes":[]},"contributions":{},"includedScopes":[]},"contributions":{},"includedScopes":[]}]},"contributions":{},"includedScopes":[]},"contributions":{},"includedScopes":[]},"contributions":{},"includedScopes":[]},"value":{"args":[{"args":[],"id":"abf310ae-1969-41af-b3b1-6a1f82fdd35f","message":"anyOne","metadata":[],"receiver":{"args":[{"args":[{"id":"9a83a6bd-ad6a-41c8-bbed-83956f576efa","metadata":[],"scope":{"containerScope":{"containerScope":{"containerScope":{"containerScope":{"containerScope":{"containerScope":{"containerScope":{"containerScope":{"containerScope":{"containerScope":{"contributions":{},"includedScopes":[]},"contributions":{},"includedScopes":[{"contributions":{},"includedScopes":[]},{"contributions":{},"includedScopes":[]},{"contributions":{},"includedScopes":[]},{"contributions":{},"includedScopes":[]},{"contributions":{},"includedScopes":[]},{"contributions":{},"includedScopes":[]}]},"contributions":{},"includedScopes":[{"containerScope":{"containerScope":{"containerScope":{"contributions":{},"includedScopes":[]},"contributions":{},"includedScopes":[]},"contributions":{},"includedScopes":[]},"contributions":{},"includedScopes":[]}]},"contributions":{},"includedScopes":[]},"contributions":{},"includedScopes":[]},"contributions":{},"includedScopes":[]},"contributions":{},"includedScopes":[]},"contributions":{},"includedScopes":[]},"contributions":{},"includedScopes":[]},"contributions":{},"includedScopes":[]},"contributions":{},"includedScopes":[]},"sourceMap":{"end":{"column":85,"line":341,"offset":11499},"start":{"column":84,"line":341,"offset":11498}},"value":1}],"id":"089330a9-cbe0-4fed-8350-64da7dc2ef43","message":"-","metadata":[],"receiver":{"args":[],"id":"57fb7fec-6946-4b8c-befa-12be82b59425","message":"size","metadata":[],"receiver":{"args":[],"id":"0724f1a0-e2ad-4d9b-8054-1047575f0025","message":"musicasFondo","metadata":[],"receiver":{"id":"03565634-a686-4c4f-a91b-c7cfe04ccdef","metadata":[],"scope":{"containerScope":{"containerScope":{"containerScope":{"containerScope":{"containerScope":{"containerScope":{"containerScope":{"containerScope":{"containerScope":{"containerScope":{"containerScope":{"containerScope":{"contributions":{},"includedScopes":[]},"contributions":{},"includedScopes":[{"contributions":{},"includedScopes":[]},{"contributions":{},"includedScopes":[]},{"contributions":{},"includedScopes":[]},{"contributions":{},"includedScopes":[]},{"contributions":{},"includedScopes":[]},{"contributions":{},"includedScopes":[]}]},"contributions":{},"includedScopes":[{"containerScope":{"containerScope":{"containerScope":{"contributions":{},"includedScopes":[]},"contributions":{},"includedScopes":[]},"contributions":{},"includedScopes":[]},"contributions":{},"includedScopes":[]}]},"contributions":{},"includedScopes":[]},"contributions":{},"includedScopes":[]},"contributions":{},"includedScopes":[]},"contributions":{},"includedScopes":[]},"contributions":{},"includedScopes":[]},"contributions":{},"includedScopes":[]},"contributions":{},"includedScopes":[]},"contributions":{},"includedScopes":[]},"contributions":{},"includedScopes":[]},"contributions":{},"includedScopes":[]},"sourceMap":{"end":{"column":61,"line":341,"offset":11475},"start":{"column":57,"line":341,"offset":11471}}},"scope":{"containerScope":{"containerScope":{"containerScope":{"containerScope":{"containerScope":{"containerScope":{"containerScope":{"containerScope":{"containerScope":{"containerScope":{"containerScope":{"contributions":{},"includedScopes":[]},"contributions":{},"includedScopes":[{"contributions":{},"includedScopes":[]},{"contributions":{},"includedScopes":[]},{"contributions":{},"includedScopes":[]},{"contributions":{},"includedScopes":[]},{"contributions":{},"includedScopes":[]},{"contributions":{},"includedScopes":[]}]},"contributions":{},"includedScopes":[{"containerScope":{"containerScope":{"containerScope":{"contributions":{},"includedScopes":[]},"contributions":{},"includedScopes":[]},"contributions":{},"includedScopes":[]},"contributions":{},"includedScopes":[]}]},"contributions":{},"includedScopes":[]},"contributions":{},"includedScopes":[]},"contributions":{},"includedScopes":[]},"contributions":{},"includedScopes":[]},"contributions":{},"includedScopes":[]},"contributions":{},"includedScopes":[]},"contributions":{},"includedScopes":[]},"contributions":{},"includedScopes":[]},"contributions":{},"includedScopes":[]},"sourceMap":{"end":{"column":76,"line":341,"offset":11490},"start":{"column":57,"line":341,"offset":11471}}},"scope":{"containerScope":{"containerScope":{"containerScope":{"containerScope":{"containerScope":{"containerScope":{"containerScope":{"containerScope":{"containerScope":{"containerScope":{"contributions":{},"includedScopes":[]},"contributions":{},"includedScopes":[{"contributions":{},"includedScopes":[]},{"contributions":{},"includedScopes":[]},{"contributions":{},"includedScopes":[]},{"contributions":{},"includedScopes":[]},{"contributions":{},"includedScopes":[]},{"contributions":{},"includedScopes":[]}]},"contributions":{},"includedScopes":[{"containerScope":{"containerScope":{"containerScope":{"contributions":{},"includedScopes":[]},"contributions":{},"includedScopes":[]},"contributions":{},"includedScopes":[]},"contributions":{},"includedScopes":[]}]},"contributions":{},"includedScopes":[]},"contributions":{},"includedScopes":[]},"contributions":{},"includedScopes":[]},"contributions":{},"includedScopes":[]},"contributions":{},"includedScopes":[]},"contributions":{},"includedScopes":[]},"contributions":{},"includedScopes":[]},"contributions":{},"includedScopes":[]},"sourceMap":{"end":{"column":83,"line":341,"offset":11497},"start":{"column":57,"line":341,"offset":11471}}},"scope":{"containerScope":{"containerScope":{"containerScope":{"containerScope":{"containerScope":{"containerScope":{"containerScope":{"containerScope":{"containerScope":{"contributions":{},"includedScopes":[]},"contributions":{},"includedScopes":[{"contributions":{},"includedScopes":[]},{"contributions":{},"includedScopes":[]},{"contributions":{},"includedScopes":[]},{"contributions":{},"includedScopes":[]},{"contributions":{},"includedScopes":[]},{"contributions":{},"includedScopes":[]}]},"contributions":{},"includedScopes":[{"containerScope":{"containerScope":{"containerScope":{"contributions":{},"includedScopes":[]},"contributions":{},"includedScopes":[]},"contributions":{},"includedScopes":[]},"contributions":{},"includedScopes":[]}]},"contributions":{},"includedScopes":[]},"contributions":{},"includedScopes":[]},"contributions":{},"includedScopes":[]},"contributions":{},"includedScopes":[]},"contributions":{},"includedScopes":[]},"contributions":{},"includedScopes":[]},"contributions":{},"includedScopes":[]},"sourceMap":{"end":{"column":85,"line":341,"offset":11499},"start":{"column":57,"line":341,"offset":11471}}}],"id":"7969fcc2-394f-4c09-89f2-ab4e30d5908f","message":"..","metadata":[],"receiver":{"id":"4413b7f3-738a-441f-9863-211cff821b6e","metadata":[],"scope":{"containerScope":{"containerScope":{"containerScope":{"containerScope":{"containerScope":{"containerScope":{"containerScope":{"containerScope":{"containerScope":{"contributions":{},"includedScopes":[]},"contributions":{},"includedScopes":[{"contributions":{},"includedScopes":[]},{"contributions":{},"includedScopes":[]},{"contributions":{},"includedScopes":[]},{"contributions":{},"includedScopes":[]},{"contributions":{},"includedScopes":[]},{"contributions":{},"includedScopes":[]}]},"contributions":{},"includedScopes":[{"containerScope":{"containerScope":{"containerScope":{"contributions":{},"includedScopes":[]},"contributions":{},"includedScopes":[]},"contributions":{},"includedScopes":[]},"contributions":{},"includedScopes":[]}]},"contributions":{},"includedScopes":[]},"contributions":{},"includedScopes":[]},"contributions":{},"includedScopes":[]},"contributions":{},"includedScopes":[]},"contributions":{},"includedScopes":[]},"contributions":{},"includedScopes":[]},"contributions":{},"includedScopes":[]},"sourceMap":{"end":{"column":55,"line":341,"offset":11469},"start":{"column":54,"line":341,"offset":11468}},"value":0},"scope":{"containerScope":{"containerScope":{"containerScope":{"containerScope":{"containerScope":{"containerScope":{"containerScope":{"containerScope":{"contributions":{},"includedScopes":[]},"contributions":{},"includedScopes":[{"contributions":{},"includedScopes":[]},{"contributions":{},"includedScopes":[]},{"contributions":{},"includedScopes":[]},{"contributions":{},"includedScopes":[]},{"contributions":{},"includedScopes":[]},{"contributions":{},"includedScopes":[]}]},"contributions":{},"includedScopes":[{"containerScope":{"containerScope":{"containerScope":{"contributions":{},"includedScopes":[]},"contributions":{},"includedScopes":[]},"contributions":{},"includedScopes":[]},"contributions":{},"includedScopes":[]}]},"contributions":{},"includedScopes":[]},"contributions":{},"includedScopes":[]},"contributions":{},"includedScopes":[]},"contributions":{},"includedScopes":[]},"contributions":{},"includedScopes":[]},"contributions":{},"includedScopes":[]},"sourceMap":{"end":{"column":85,"line":341,"offset":11499},"start":{"column":54,"line":341,"offset":11468}}},"scope":{"containerScope":{"containerScope":{"containerScope":{"containerScope":{"containerScope":{"containerScope":{"containerScope":{"contributions":{},"includedScopes":[]},"contributions":{},"includedScopes":[{"contributions":{},"includedScopes":[]},{"contributions":{},"includedScopes":[]},{"contributions":{},"includedScopes":[]},{"contributions":{},"includedScopes":[]},{"contributions":{},"includedScopes":[]},{"contributions":{},"includedScopes":[]}]},"contributions":{},"includedScopes":[{"containerScope":{"containerScope":{"containerScope":{"contributions":{},"includedScopes":[]},"contributions":{},"includedScopes":[]},"contributions":{},"includedScopes":[]},"contributions":{},"includedScopes":[]}]},"contributions":{},"includedScopes":[]},"contributions":{},"includedScopes":[]},"contributions":{},"includedScopes":[]},"contributions":{},"includedScopes":[]},"contributions":{},"includedScopes":[]},"sourceMap":{"end":{"column":95,"line":341,"offset":11509},"start":{"column":53,"line":341,"offset":11467}}}],"id":"349749e7-1e38-4680-8804-614731e24888","message":"get","metadata":[],"receiver":{"args":[],"id":"7c9dd657-843e-4f70-a61e-e949b789d777","message":"musicasFondo","metadata":[],"receiver":{"id":"8b367f5c-ccdd-49e5-8031-84e6bbfec7ed","metadata":[],"scope":{"containerScope":{"containerScope":{"containerScope":{"containerScope":{"containerScope":{"containerScope":{"containerScope":{"containerScope":{"contributions":{},"includedScopes":[]},"contributions":{},"includedScopes":[{"contributions":{},"includedScopes":[]},{"contributions":{},"includedScopes":[]},{"contributions":{},"includedScopes":[]},{"contributions":{},"includedScopes":[]},{"contributions":{},"includedScopes":[]},{"contributions":{},"includedScopes":[]}]},"contributions":{},"includedScopes":[{"containerScope":{"containerScope":{"containerScope":{"contributions":{},"includedScopes":[]},"contributions":{},"includedScopes":[]},"contributions":{},"includedScopes":[]},"contributions":{},"includedScopes":[]}]},"contributions":{},"includedScopes":[]},"contributions":{},"includedScopes":[]},"contributions":{},"includedScopes":[]},"contributions":{},"includedScopes":[]},"contributions":{},"includedScopes":[]},"contributions":{},"includedScopes":[]},"sourceMap":{"end":{"column":32,"line":341,"offset":11446},"start":{"column":28,"line":341,"offset":11442}}},"scope":{"containerScope":{"containerScope":{"containerScope":{"containerScope":{"containerScope":{"containerScope":{"containerScope":{"contributions":{},"includedScopes":[]},"contributions":{},"includedScopes":[{"contributions":{},"includedScopes":[]},{"contributions":{},"includedScopes":[]},{"contributions":{},"includedScopes":[]},{"contributions":{},"includedScopes":[]},{"contributions":{},"includedScopes":[]},{"contributions":{},"includedScopes":[]}]},"contributions":{},"includedScopes":[{"containerScope":{"containerScope":{"containerScope":{"contributions":{},"includedScopes":[]},"contributions":{},"includedScopes":[]},"contributions":{},"includedScopes":[]},"contributions":{},"includedScopes":[]}]},"contributions":{},"includedScopes":[]},"contributions":{},"includedScopes":[]},"contributions":{},"includedScopes":[]},"contributions":{},"includedScopes":[]},"contributions":{},"includedScopes":[]},"sourceMap":{"end":{"column":47,"line":341,"offset":11461},"start":{"column":28,"line":341,"offset":11442}}},"scope":{"containerScope":{"containerScope":{"containerScope":{"containerScope":{"containerScope":{"containerScope":{"contributions":{},"includedScopes":[]},"contributions":{},"includedScopes":[{"contributions":{},"includedScopes":[]},{"contributions":{},"includedScopes":[]},{"contributions":{},"includedScopes":[]},{"contributions":{},"includedScopes":[]},{"contributions":{},"includedScopes":[]},{"contributions":{},"includedScopes":[]}]},"contributions":{},"includedScopes":[{"containerScope":{"containerScope":{"containerScope":{"contributions":{},"includedScopes":[]},"contributions":{},"includedScopes":[]},"contributions":{},"includedScopes":[]},"contributions":{},"includedScopes":[]}]},"contributions":{},"includedScopes":[]},"contributions":{},"includedScopes":[]},"contributions":{},"includedScopes":[]},"contributions":{},"includedScopes":[]},"sourceMap":{"end":{"column":97,"line":341,"offset":11511},"start":{"column":28,"line":341,"offset":11442}}}}],"sourceMap":{"end":{"column":97,"line":341,"offset":11511},"start":{"column":28,"line":341,"offset":11442}}},"compiled":false,"id":"2069139d-997a-4ec8-bc5c-24bbf2acf91d","isOverride":false,"metadata":[],"name":"musicaNivel","parameters":[],"problems":[],"scope":{"containerScope":{"containerScope":{"containerScope":{"contributions":{},"includedScopes":[]},"contributions":{},"includedScopes":[{"contributions":{},"includedScopes":[]},{"contributions":{},"includedScopes":[]},{"contributions":{},"includedScopes":[]},{"contributions":{},"includedScopes":[]},{"contributions":{},"includedScopes":[]},{"contributions":{},"includedScopes":[]}]},"contributions":{},"includedScopes":[{"containerScope":{"containerScope":{"containerScope":{"contributions":{},"includedScopes":[]},"contributions":{},"includedScopes":[]},"contributions":{},"includedScopes":[]},"contributions":{},"includedScopes":[]}]},"contributions":{},"includedScopes":[]},"sourceMap":{"end":{"column":97,"line":341,"offset":11511},"start":{"column":5,"line":341,"offset":11419}}},{"body":{"id":"d18b6fc6-7c04-4619-a411-5afba8792308","metadata":[],"scope":{"containerScope":{"containerScope":{"containerScope":{"containerScope":{"contributions":{},"includedScopes":[]},"contributions":{},"includedScopes":[{"contributions":{},"includedScopes":[]},{"contributions":{},"includedScopes":[]},{"contributions":{},"includedScopes":[]},{"contributions":{},"includedScopes":[]},{"contributions":{},"includedScopes":[]},{"contributions":{},"includedScopes":[]}]},"contributions":{},"includedScopes":[{"containerScope":{"containerScope":{"containerScope":{"contributions":{},"includedScopes":[]},"contributions":{},"includedScopes":[]},"contributions":{},"includedScopes":[]},"contributions":{},"includedScopes":[]}]},"contributions":{},"includedScopes":[]},"contributions":{},"includedScopes":[]},"sentences":[{"id":"6f7760f2-d8e7-400b-8a04-862646959f5f","metadata":[],"scope":{"containerScope":{"containerScope":{"containerScope":{"containerScope":{"containerScope":{"contributions":{},"includedScopes":[]},"contributions":{},"includedScopes":[{"contributions":{},"includedScopes":[]},{"contributions":{},"includedScopes":[]},{"contributions":{},"includedScopes":[]},{"contributions":{},"includedScopes":[]},{"contributions":{},"includedScopes":[]},{"contributions":{},"includedScopes":[]}]},"contributions":{},"includedScopes":[{"containerScope":{"containerScope":{"containerScope":{"contributions":{},"includedScopes":[]},"contributions":{},"includedScopes":[]},"contributions":{},"includedScopes":[]},"contributions":{},"includedScopes":[]}]},"contributions":{},"includedScopes":[]},"contributions":{},"includedScopes":[]},"contributions":{},"includedScopes":[]},"value":{"id":"5b13419e-5fcc-4b84-b194-84122625216d","metadata":[],"name":"background","scope":{"containerScope":{"containerScope":{"containerScope":{"containerScope":{"containerScope":{"containerScope":{"contributions":{},"includedScopes":[]},"contributions":{},"includedScopes":[{"contributions":{},"includedScopes":[]},{"contributions":{},"includedScopes":[]},{"contributions":{},"includedScopes":[]},{"contributions":{},"includedScopes":[]},{"contributions":{},"includedScopes":[]},{"contributions":{},"includedScopes":[]}]},"contributions":{},"includedScopes":[{"containerScope":{"containerScope":{"containerScope":{"contributions":{},"includedScopes":[]},"contributions":{},"includedScopes":[]},"contributions":{},"includedScopes":[]},"contributions":{},"includedScopes":[]}]},"contributions":{},"includedScopes":[]},"contributions":{},"includedScopes":[]},"contributions":{},"includedScopes":[]},"contributions":{},"includedScopes":[]}}}]},"compiled":false,"id":"2e77a1dc-c2b6-4df6-8f7c-fa1687447882","isOverride":false,"metadata":[],"name":"background","parameters":[],"scope":{"containerScope":{"containerScope":{"containerScope":{"contributions":{},"includedScopes":[]},"contributions":{},"includedScopes":[{"contributions":{},"includedScopes":[]},{"contributions":{},"includedScopes":[]},{"contributions":{},"includedScopes":[]},{"contributions":{},"includedScopes":[]},{"contributions":{},"includedScopes":[]},{"contributions":{},"includedScopes":[]}]},"contributions":{},"includedScopes":[{"containerScope":{"containerScope":{"containerScope":{"contributions":{},"includedScopes":[]},"contributions":{},"includedScopes":[]},"contributions":{},"includedScopes":[]},"contributions":{},"includedScopes":[]}]},"contributions":{},"includedScopes":[]}},{"body":{"id":"aeda1a14-f236-4c1b-8abb-08677871c44e","metadata":[],"scope":{"containerScope":{"containerScope":{"containerScope":{"containerScope":{"contributions":{},"includedScopes":[]},"contributions":{},"includedScopes":[{"contributions":{},"includedScopes":[]},{"contributions":{},"includedScopes":[]},{"contributions":{},"includedScopes":[]},{"contributions":{},"includedScopes":[]},{"contributions":{},"includedScopes":[]},{"contributions":{},"includedScopes":[]}]},"contributions":{},"includedScopes":[{"containerScope":{"containerScope":{"containerScope":{"contributions":{},"includedScopes":[]},"contributions":{},"includedScopes":[]},"contributions":{},"includedScopes":[]},"contributions":{},"includedScopes":[]}]},"contributions":{},"includedScopes":[]},"contributions":{},"includedScopes":[]},"sentences":[{"id":"9393859f-d0f1-4707-8d15-dedf3b925e14","metadata":[],"scope":{"containerScope":{"containerScope":{"containerScope":{"containerScope":{"containerScope":{"contributions":{},"includedScopes":[]},"contributions":{},"includedScopes":[{"contributions":{},"includedScopes":[]},{"contributions":{},"includedScopes":[]},{"contributions":{},"includedScopes":[]},{"contributions":{},"includedScopes":[]},{"contributions":{},"includedScopes":[]},{"contributions":{},"includedScopes":[]}]},"contributions":{},"includedScopes":[{"containerScope":{"containerScope":{"containerScope":{"contributions":{},"includedScopes":[]},"contributions":{},"includedScopes":[]},"contributions":{},"includedScopes":[]},"contributions":{},"includedScopes":[]}]},"contributions":{},"includedScopes":[]},"contributions":{},"includedScopes":[]},"contributions":{},"includedScopes":[]},"value":{"id":"e46f3f6a-6a94-4c2f-afc0-ce8cad6c90ca","metadata":[],"name":"<value>","scope":{"containerScope":{"containerScope":{"containerScope":{"containerScope":{"containerScope":{"containerScope":{"contributions":{},"includedScopes":[]},"contributions":{},"includedScopes":[{"contributions":{},"includedScopes":[]},{"contributions":{},"includedScopes":[]},{"contributions":{},"includedScopes":[]},{"contributions":{},"includedScopes":[]},{"contributions":{},"includedScopes":[]},{"contributions":{},"includedScopes":[]}]},"contributions":{},"includedScopes":[{"containerScope":{"containerScope":{"containerScope":{"contributions":{},"includedScopes":[]},"contributions":{},"includedScopes":[]},"contributions":{},"includedScopes":[]},"contributions":{},"includedScopes":[]}]},"contributions":{},"includedScopes":[]},"contributions":{},"includedScopes":[]},"contributions":{},"includedScopes":[]},"contributions":{},"includedScopes":[]}},"variable":{"id":"0f623415-dc16-43d8-b022-0e8d0c1d1d86","metadata":[],"name":"background","scope":{"containerScope":{"containerScope":{"containerScope":{"containerScope":{"containerScope":{"containerScope":{"contributions":{},"includedScopes":[]},"contributions":{},"includedScopes":[{"contributions":{},"includedScopes":[]},{"contributions":{},"includedScopes":[]},{"contributions":{},"includedScopes":[]},{"contributions":{},"includedScopes":[]},{"contributions":{},"includedScopes":[]},{"contributions":{},"includedScopes":[]}]},"contributions":{},"includedScopes":[{"containerScope":{"containerScope":{"containerScope":{"contributions":{},"includedScopes":[]},"contributions":{},"includedScopes":[]},"contributions":{},"includedScopes":[]},"contributions":{},"includedScopes":[]}]},"contributions":{},"includedScopes":[]},"contributions":{},"includedScopes":[]},"contributions":{},"includedScopes":[]},"contributions":{},"includedScopes":[]}}}]},"compiled":false,"id":"82c7ec1a-015e-4799-ab06-be3a0d4430d1","isOverride":false,"metadata":[],"name":"background","parameters":[{"id":"bd630d44-8072-433a-ae12-9b2ebad0a44c","isVarArg":false,"metadata":[],"name":"<value>","scope":{"containerScope":{"containerScope":{"containerScope":{"containerScope":{"contributions":{},"includedScopes":[]},"contributions":{},"includedScopes":[{"contributions":{},"includedScopes":[]},{"contributions":{},"includedScopes":[]},{"contributions":{},"includedScopes":[]},{"contributions":{},"includedScopes":[]},{"contributions":{},"includedScopes":[]},{"contributions":{},"includedScopes":[]}]},"contributions":{},"includedScopes":[{"containerScope":{"containerScope":{"containerScope":{"contributions":{},"includedScopes":[]},"contributions":{},"includedScopes":[]},"contributions":{},"includedScopes":[]},"contributions":{},"includedScopes":[]}]},"contributions":{},"includedScopes":[]},"contributions":{},"includedScopes":[]}}],"scope":{"containerScope":{"containerScope":{"containerScope":{"contributions":{},"includedScopes":[]},"contributions":{},"includedScopes":[{"contributions":{},"includedScopes":[]},{"contributions":{},"includedScopes":[]},{"contributions":{},"includedScopes":[]},{"contributions":{},"includedScopes":[]},{"contributions":{},"includedScopes":[]},{"contributions":{},"includedScopes":[]}]},"contributions":{},"includedScopes":[{"containerScope":{"containerScope":{"containerScope":{"contributions":{},"includedScopes":[]},"contributions":{},"includedScopes":[]},"contributions":{},"includedScopes":[]},"contributions":{},"includedScopes":[]}]},"contributions":{},"includedScopes":[]}}],"metadata":[],"name":"Nivel","problems":[{"code":"malformedMember","sourceMap":{"end":{"column":75,"line":321,"offset":10383},"start":{"column":9,"line":321,"offset":10317}}},{"code":"malformedMember","sourceMap":{"end":{"column":75,"line":322,"offset":10459},"start":{"column":9,"line":322,"offset":10393}}},{"code":"malformedMember","sourceMap":{"end":{"column":75,"line":323,"offset":10535},"start":{"column":9,"line":323,"offset":10469}}},{"code":"malformedMember","sourceMap":{"end":{"column":75,"line":324,"offset":10611},"start":{"column":9,"line":324,"offset":10545}}},{"code":"malformedMember","sourceMap":{"end":{"column":75,"line":325,"offset":10687},"start":{"column":9,"line":325,"offset":10621}}},{"code":"malformedMember","sourceMap":{"end":{"column":75,"line":326,"offset":10763},"start":{"column":9,"line":326,"offset":10697}}},{"code":"malformedMember","sourceMap":{"end":{"column":75,"line":327,"offset":10839},"start":{"column":9,"line":327,"offset":10773}}},{"code":"malformedMember","sourceMap":{"end":{"column":75,"line":328,"offset":10915},"start":{"column":9,"line":328,"offset":10849}}},{"code":"malformedMember","sourceMap":{"end":{"column":75,"line":329,"offset":10991},"start":{"column":9,"line":329,"offset":10925}}},{"code":"malformedMember","sourceMap":{"end":{"column":75,"line":330,"offset":11067},"start":{"column":9,"line":330,"offset":11001}}},{"code":"malformedMember","sourceMap":{"end":{"column":75,"line":331,"offset":11143},"start":{"column":9,"line":331,"offset":11077}}}],"scope":{"containerScope":{"containerScope":{"contributions":{},"includedScopes":[]},"contributions":{},"includedScopes":[{"contributions":{},"includedScopes":[]},{"contributions":{},"includedScopes":[]},{"contributions":{},"includedScopes":[]},{"contributions":{},"includedScopes":[]},{"contributions":{},"includedScopes":[]},{"contributions":{},"includedScopes":[]}]},"contributions":{},"includedScopes":[{"containerScope":{"containerScope":{"containerScope":{"contributions":{},"includedScopes":[]},"contributions":{},"includedScopes":[]},"contributions":{},"includedScopes":[]},"contributions":{},"includedScopes":[]}]},"sourceMap":{"end":{"column":2,"line":342,"offset":11514},"start":{"column":1,"line":317,"offset":10191}},"supertypes":[]},"stack":"Error: Failed to print, found malformed node\n    at c:\\Users\\zagum\\.vscode\\extensions\\uqbar.wollok-lsp-ide-0.5.4\\out\\server\\src\\server.js:68:3585\n    at Kbn (c:\\Users\\zagum\\.vscode\\extensions\\uqbar.wollok-lsp-ide-0.5.4\\out\\server\\src\\server.js:68:3396)\n    at c:\\Users\\zagum\\.vscode\\extensions\\uqbar.wollok-lsp-ide-0.5.4\\out\\server\\src\\server.js:2398:847\n    at c:\\Users\\zagum\\.vscode\\extensions\\uqbar.wollok-lsp-ide-0.5.4\\out\\server\\src\\server.js:2398:8440\n    at c:\\Users\\zagum\\.vscode\\extensions\\uqbar.wollok-lsp-ide-0.5.4\\out\\server\\src\\server.js:37:74770\n    at Ke (c:\\Users\\zagum\\.vscode\\extensions\\uqbar.wollok-lsp-ide-0.5.4\\out\\server\\src\\server.js:7:8527)\n    at Lt (c:\\Users\\zagum\\.vscode\\extensions\\uqbar.wollok-lsp-ide-0.5.4\\out\\server\\src\\server.js:7:6189)\n    at ct (c:\\Users\\zagum\\.vscode\\extensions\\uqbar.wollok-lsp-ide-0.5.4\\out\\server\\src\\server.js:7:6378)\n    at Immediate._onImmediate (c:\\Users\\zagum\\.vscode\\extensions\\uqbar.wollok-lsp-ide-0.5.4\\out\\server\\src\\server.js:7:6142)\n    at process.processImmediate (node:internal/timers:504:21)","timestamp":"2026-06-18T20:48:25.880Z"}
{"level":"info","message":"⌛ Validating niveles.wlk","timeElapsed":107,"timestamp":"2026-06-18T20:48:26.003Z"}
{"level":"error","message":"✘ Failed to get type description: Error: Failed to print, found malformed node Failed to print, found malformed node","node":{"id":"cde0069f-bc81-49dc-901c-ef384b83a72f","members":[{"id":"34c9f944-0cc1-421e-a687-e964d474d3df","isConstant":false,"isProperty":true,"metadata":[],"name":"background","scope":{"containerScope":{"containerScope":{"containerScope":{"contributions":{},"includedScopes":[]},"contributions":{},"includedScopes":[{"contributions":{},"includedScopes":[]},{"contributions":{},"includedScopes":[]},{"contributions":{},"includedScopes":[]},{"contributions":{},"includedScopes":[]},{"contributions":{},"includedScopes":[]},{"contributions":{},"includedScopes":[]}]},"contributions":{},"includedScopes":[{"containerScope":{"containerScope":{"containerScope":{"contributions":{},"includedScopes":[]},"contributions":{},"includedScopes":[]},"contributions":{},"includedScopes":[]},"contributions":{},"includedScopes":[]}]},"contributions":{},"includedScopes":[]},"sourceMap":{"end":{"column":74,"line":319,"offset":10280},"start":{"column":5,"line":319,"offset":10211}},"value":{"args":[{"id":"631509c3-f4cc-418c-bb3c-2a9bfc321ead","metadata":[],"name":"image","scope":{"containerScope":{"containerScope":{"containerScope":{"containerScope":{"containerScope":{"contributions":{},"includedScopes":[]},"contributions":{},"includedScopes":[{"contributions":{},"includedScopes":[]},{"contributions":{},"includedScopes":[]},{"contributions":{},"includedScopes":[]},{"contributions":{},"includedScopes":[]},{"contributions":{},"includedScopes":[]},{"contributions":{},"includedScopes":[]}]},"contributions":{},"includedScopes":[{"containerScope":{"containerScope":{"containerScope":{"contributions":{},"includedScopes":[]},"contributions":{},"includedScopes":[]},"contributions":{},"includedScopes":[]},"contributions":{},"includedScopes":[]}]},"contributions":{},"includedScopes":[]},"contributions":{},"includedScopes":[]},"contributions":{},"includedScopes":[]},"sourceMap":{"end":{"column":73,"line":319,"offset":10279},"start":{"column":41,"line":319,"offset":10247}},"value":{"args":[{"id":"660ebb4c-0a4c-47ee-ba23-57d53dbb6030","metadata":[],"scope":{"containerScope":{"containerScope":{"containerScope":{"containerScope":{"containerScope":{"containerScope":{"containerScope":{"contributions":{},"includedScopes":[]},"contributions":{},"includedScopes":[{"contributions":{},"includedScopes":[]},{"contributions":{},"includedScopes":[]},{"contributions":{},"includedScopes":[]},{"contributions":{},"includedScopes":[]},{"contributions":{},"includedScopes":[]},{"contributions":{},"includedScopes":[]}]},"contributions":{},"includedScopes":[{"containerScope":{"containerScope":{"containerScope":{"contributions":{},"includedScopes":[]},"contributions":{},"includedScopes":[]},"contributions":{},"includedScopes":[]},"contributions":{},"includedScopes":[]}]},"contributions":{},"includedScopes":[]},"contributions":{},"includedScopes":[]},"contributions":{},"includedScopes":[]},"contributions":{},"includedScopes":[]},"contributions":{},"includedScopes":[]},"sourceMap":{"end":{"column":73,"line":319,"offset":10279},"start":{"column":67,"line":319,"offset":10273}},"value":".png"}],"id":"b2e98a8d-526e-4bdd-ae84-6b7982278711","message":"+","metadata":[],"receiver":{"args":[],"id":"3d38c39f-1319-4d11-b1ef-2ca7ee10dc68","message":"toString","metadata":[],"receiver":{"id":"133617e8-c835-4884-baa7-df2193f20717","metadata":[],"scope":{"containerScope":{"containerScope":{"containerScope":{"containerScope":{"containerScope":{"containerScope":{"containerScope":{"containerScope":{"contributions":{},"includedScopes":[]},"contributions":{},"includedScopes":[{"contributions":{},"includedScopes":[]},{"contributions":{},"includedScopes":[]},{"contributions":{},"includedScopes":[]},{"contributions":{},"includedScopes":[]},{"contributions":{},"includedScopes":[]},{"contributions":{},"includedScopes":[]}]},"contributions":{},"includedScopes":[{"containerScope":{"containerScope":{"containerScope":{"contributions":{},"includedScopes":[]},"contributions":{},"includedScopes":[]},"contributions":{},"includedScopes":[]},"contributions":{},"includedScopes":[]}]},"contributions":{},"includedScopes":[]},"contributions":{},"includedScopes":[]},"contributions":{},"includedScopes":[]},"contributions":{},"includedScopes":[]},"contributions":{},"includedScopes":[]},"contributions":{},"includedScopes":[]},"sourceMap":{"end":{"column":53,"line":319,"offset":10259},"start":{"column":49,"line":319,"offset":10255}}},"scope":{"containerScope":{"containerScope":{"containerScope":{"containerScope":{"containerScope":{"containerScope":{"containerScope":{"contributions":{},"includedScopes":[]},"contributions":{},"includedScopes":[{"contributions":{},"includedScopes":[]},{"contributions":{},"includedScopes":[]},{"contributions":{},"includedScopes":[]},{"contributions":{},"includedScopes":[]},{"contributions":{},"includedScopes":[]},{"contributions":{},"includedScopes":[]}]},"contributions":{},"includedScopes":[{"containerScope":{"containerScope":{"containerScope":{"contributions":{},"includedScopes":[]},"contributions":{},"includedScopes":[]},"contributions":{},"includedScopes":[]},"contributions":{},"includedScopes":[]}]},"contributions":{},"includedScopes":[]},"contributions":{},"includedScopes":[]},"contributions":{},"includedScopes":[]},"contributions":{},"includedScopes":[]},"contributions":{},"includedScopes":[]},"sourceMap":{"end":{"column":64,"line":319,"offset":10270},"start":{"column":49,"line":319,"offset":10255}}},"scope":{"containerScope":{"containerScope":{"containerScope":{"containerScope":{"containerScope":{"containerScope":{"contributions":{},"includedScopes":[]},"contributions":{},"includedScopes":[{"contributions":{},"includedScopes":[]},{"contributions":{},"includedScopes":[]},{"contributions":{},"includedScopes":[]},{"contributions":{},"includedScopes":[]},{"contributions":{},"includedScopes":[]},{"contributions":{},"includedScopes":[]}]},"contributions":{},"includedScopes":[{"containerScope":{"containerScope":{"containerScope":{"contributions":{},"includedScopes":[]},"contributions":{},"includedScopes":[]},"contributions":{},"includedScopes":[]},"contributions":{},"includedScopes":[]}]},"contributions":{},"includedScopes":[]},"contributions":{},"includedScopes":[]},"contributions":{},"includedScopes":[]},"contributions":{},"includedScopes":[]},"sourceMap":{"end":{"column":73,"line":319,"offset":10279},"start":{"column":49,"line":319,"offset":10255}}}}],"id":"20850795-6421-41a3-a15e-85221d25968c","instantiated":{"id":"1f64dbb7-ee44-4b2b-983d-d98377d214db","metadata":[],"name":"Fondo","scope":{"containerScope":{"containerScope":{"containerScope":{"containerScope":{"containerScope":{"contributions":{},"includedScopes":[]},"contributions":{},"includedScopes":[{"contributions":{},"includedScopes":[]},{"contributions":{},"includedScopes":[]},{"contributions":{},"includedScopes":[]},{"contributions":{},"includedScopes":[]},{"contributions":{},"includedScopes":[]},{"contributions":{},"includedScopes":[]}]},"contributions":{},"includedScopes":[{"containerScope":{"containerScope":{"containerScope":{"contributions":{},"includedScopes":[]},"contributions":{},"includedScopes":[]},"contributions":{},"includedScopes":[]},"contributions":{},"includedScopes":[]}]},"contributions":{},"includedScopes":[]},"contributions":{},"includedScopes":[]},"contributions":{},"includedScopes":[]},"sourceMap":{"end":{"column":40,"line":319,"offset":10246},"start":{"column":35,"line":319,"offset":10241}}},"metadata":[],"scope":{"containerScope":{"containerScope":{"containerScope":{"containerScope":{"contributions":{},"includedScopes":[]},"contributions":{},"includedScopes":[{"contributions":{},"includedScopes":[]},{"contributions":{},"includedScopes":[]},{"contributions":{},"includedScopes":[]},{"contributions":{},"includedScopes":[]},{"contributions":{},"includedScopes":[]},{"contributions":{},"includedScopes":[]}]},"contributions":{},"includedScopes":[{"containerScope":{"containerScope":{"containerScope":{"contributions":{},"includedScopes":[]},"contributions":{},"includedScopes":[]},"contributions":{},"includedScopes":[]},"contributions":{},"includedScopes":[]}]},"contributions":{},"includedScopes":[]},"contributions":{},"includedScopes":[]},"sourceMap":{"end":{"column":74,"line":319,"offset":10280},"start":{"column":31,"line":319,"offset":10237}}}},{"body":{"id":"396a1fb3-8f67-40f1-baed-47218f22c5a4","metadata":[],"problems":[{"code":"malformedSentence","sourceMap":{"end":{"column":26,"line":320,"offset":10307},"start":{"column":25,"line":320,"offset":10306}}}],"scope":{"containerScope":{"containerScope":{"containerScope":{"containerScope":{"contributions":{},"includedScopes":[]},"contributions":{},"includedScopes":[{"contributions":{},"includedScopes":[]},{"contributions":{},"includedScopes":[]},{"contributions":{},"includedScopes":[]},{"contributions":{},"includedScopes":[]},{"contributions":{},"includedScopes":[]},{"contributions":{},"includedScopes":[]}]},"contributions":{},"includedScopes":[{"containerScope":{"containerScope":{"containerScope":{"contributions":{},"includedScopes":[]},"contributions":{},"includedScopes":[]},"contributions":{},"includedScopes":[]},"contributions":{},"includedScopes":[]}]},"contributions":{},"includedScopes":[]},"contributions":{},"includedScopes":[]},"sentences":[],"sourceMap":{"end":{"column":26,"line":320,"offset":10307},"start":{"column":25,"line":320,"offset":10306}}},"compiled":false,"id":"4d1c8c68-36f6-4dad-b7c2-09e5b2d4eaa0","isOverride":false,"metadata":[],"name":"mapaData","parameters":[],"problems":[],"scope":{"containerScope":{"containerScope":{"containerScope":{"contributions":{},"includedScopes":[]},"contributions":{},"includedScopes":[{"contributions":{},"includedScopes":[]},{"contributions":{},"includedScopes":[]},{"contributions":{},"includedScopes":[]},{"contributions":{},"includedScopes":[]},{"contributions":{},"includedScopes":[]},{"contributions":{},"includedScopes":[]}]},"contributions":{},"includedScopes":[{"containerScope":{"containerScope":{"containerScope":{"contributions":{},"includedScopes":[]},"contributions":{},"includedScopes":[]},"contributions":{},"includedScopes":[]},"contributions":{},"includedScopes":[]}]},"contributions":{},"includedScopes":[]},"sourceMap":{"end":{"column":26,"line":320,"offset":10307},"start":{"column":5,"line":320,"offset":10286}}},{"body":{"id":"0efe9b10-0e16-4144-8ef9-6ebba4de22fe","metadata":[],"problems":[],"scope":{"containerScope":{"containerScope":{"containerScope":{"containerScope":{"contributions":{},"includedScopes":[]},"contributions":{},"includedScopes":[{"contributions":{},"includedScopes":[]},{"contributions":{},"includedScopes":[]},{"contributions":{},"includedScopes":[]},{"contributions":{},"includedScopes":[]},{"contributions":{},"includedScopes":[]},{"contributions":{},"includedScopes":[]}]},"contributions":{},"includedScopes":[{"containerScope":{"containerScope":{"containerScope":{"contributions":{},"includedScopes":[]},"contributions":{},"includedScopes":[]},"contributions":{},"includedScopes":[]},"contributions":{},"includedScopes":[]}]},"contributions":{},"includedScopes":[]},"contributions":{},"includedScopes":[]},"sentences":[{"id":"66039781-42be-465a-b14d-0e43d0269114","metadata":[],"scope":{"containerScope":{"containerScope":{"containerScope":{"containerScope":{"containerScope":{"contributions":{},"includedScopes":[]},"contributions":{},"includedScopes":[{"contributions":{},"includedScopes":[]},{"contributions":{},"includedScopes":[]},{"contributions":{},"includedScopes":[]},{"contributions":{},"includedScopes":[]},{"contributions":{},"includedScopes":[]},{"contributions":{},"includedScopes":[]}]},"contributions":{},"includedScopes":[{"containerScope":{"containerScope":{"containerScope":{"contributions":{},"includedScopes":[]},"contributions":{},"includedScopes":[]},"contributions":{},"includedScopes":[]},"contributions":{},"includedScopes":[]}]},"contributions":{},"includedScopes":[]},"contributions":{},"includedScopes":[]},"contributions":{},"includedScopes":[]},"value":{"id":"1f1d3e28-a0e8-4e68-b361-fcc490d99fbe","metadata":[],"scope":{"containerScope":{"containerScope":{"containerScope":{"containerScope":{"containerScope":{"containerScope":{"contributions":{},"includedScopes":[]},"contributions":{},"includedScopes":[{"contributions":{},"includedScopes":[]},{"contributions":{},"includedScopes":[]},{"contributions":{},"includedScopes":[]},{"contributions":{},"includedScopes":[]},{"contributions":{},"includedScopes":[]},{"contributions":{},"includedScopes":[]}]},"contributions":{},"includedScopes":[{"containerScope":{"containerScope":{"containerScope":{"contributions":{},"includedScopes":[]},"contributions":{},"includedScopes":[]},"contributions":{},"includedScopes":[]},"contributions":{},"includedScopes":[]}]},"contributions":{},"includedScopes":[]},"contributions":{},"includedScopes":[]},"contributions":{},"includedScopes":[]},"contributions":{},"includedScopes":[]},"sourceMap":{"end":{"column":57,"line":332,"offset":11201},"start":{"column":29,"line":332,"offset":11173}},"value":[{"id":"e2bc949f-e27c-48d5-91d6-2a62e8d7b1bc","metadata":[],"name":"wollok.lang.List","scope":{"containerScope":{"containerScope":{"containerScope":{"containerScope":{"containerScope":{"containerScope":{"containerScope":{"contributions":{},"includedScopes":[]},"contributions":{},"includedScopes":[{"contributions":{},"includedScopes":[]},{"contributions":{},"includedScopes":[]},{"contributions":{},"includedScopes":[]},{"contributions":{},"includedScopes":[]},{"contributions":{},"includedScopes":[]},{"contributions":{},"includedScopes":[]}]},"contributions":{},"includedScopes":[{"containerScope":{"containerScope":{"containerScope":{"contributions":{},"includedScopes":[]},"contributions":{},"includedScopes":[]},"contributions":{},"includedScopes":[]},"contributions":{},"includedScopes":[]}]},"contributions":{},"includedScopes":[]},"contributions":{},"includedScopes":[]},"contributions":{},"includedScopes":[]},"contributions":{},"includedScopes":[]},"contributions":{},"includedScopes":[]}},[{"id":"f8def910-7ad3-48cb-b388-fa161ffdbe5d","metadata":[],"scope":{"containerScope":{"containerScope":{"containerScope":{"containerScope":{"containerScope":{"containerScope":{"containerScope":{"contributions":{},"includedScopes":[]},"contributions":{},"includedScopes":[{"contributions":{},"includedScopes":[]},{"contributions":{},"includedScopes":[]},{"contributions":{},"includedScopes":[]},{"contributions":{},"includedScopes":[]},{"contributions":{},"includedScopes":[]},{"contributions":{},"includedScopes":[]}]},"contributions":{},"includedScopes":[{"containerScope":{"containerScope":{"containerScope":{"contributions":{},"includedScopes":[]},"contributions":{},"includedScopes":[]},"contributions":{},"includedScopes":[]},"contributions":{},"includedScopes":[]}]},"contributions":{},"includedScopes":[]},"contributions":{},"includedScopes":[]},"contributions":{},"includedScopes":[]},"contributions":{},"includedScopes":[]},"contributions":{},"includedScopes":[]},"sourceMap":{"end":{"column":42,"line":332,"offset":11186},"start":{"column":30,"line":332,"offset":11174}},"value":"fondo1.mp3"},{"id":"cfe45d6b-2232-484f-9a05-dc15b4e9afa5","metadata":[],"scope":{"containerScope":{"containerScope":{"containerScope":{"containerScope":{"containerScope":{"containerScope":{"containerScope":{"contributions":{},"includedScopes":[]},"contributions":{},"includedScopes":[{"contributions":{},"includedScopes":[]},{"contributions":{},"includedScopes":[]},{"contributions":{},"includedScopes":[]},{"contributions":{},"includedScopes":[]},{"contributions":{},"includedScopes":[]},{"contributions":{},"includedScopes":[]}]},"contributions":{},"includedScopes":[{"containerScope":{"containerScope":{"containerScope":{"contributions":{},"includedScopes":[]},"contributions":{},"includedScopes":[]},"contributions":{},"includedScopes":[]},"contributions":{},"includedScopes":[]}]},"contributions":{},"includedScopes":[]},"contributions":{},"includedScopes":[]},"contributions":{},"includedScopes":[]},"contributions":{},"includedScopes":[]},"contributions":{},"includedScopes":[]},"sourceMap":{"end":{"column":56,"line":332,"offset":11200},"start":{"column":44,"line":332,"offset":11188}},"value":"fondo2.mp3"}]]}}],"sourceMap":{"end":{"column":57,"line":332,"offset":11201},"start":{"column":29,"line":332,"offset":11173}}},"compiled":false,"id":"b8e8b8a1-d0ee-4a6a-95ef-d6905d9c644f","isOverride":false,"metadata":[],"name":"musicasFondo","parameters":[],"problems":[],"scope":{"containerScope":{"containerScope":{"containerScope":{"contributions":{},"includedScopes":[]},"contributions":{},"includedScopes":[{"contributions":{},"includedScopes":[]},{"contributions":{},"includedScopes":[]},{"contributions":{},"includedScopes":[]},{"contributions":{},"includedScopes":[]},{"contributions":{},"includedScopes":[]},{"contributions":{},"includedScopes":[]}]},"contributions":{},"includedScopes":[{"containerScope":{"containerScope":{"containerScope":{"contributions":{},"includedScopes":[]},"contributions":{},"includedScopes":[]},"contributions":{},"includedScopes":[]},"contributions":{},"includedScopes":[]}]},"contributions":{},"includedScopes":[]},"sourceMap":{"end":{"column":57,"line":332,"offset":11201},"start":{"column":5,"line":332,"offset":11149}}},{"body":{"id":"5426a5cc-9619-4be8-8001-9ff2224d7289","metadata":[],"problems":[],"scope":{"containerScope":{"containerScope":{"containerScope":{"containerScope":{"contributions":{},"includedScopes":[]},"contributions":{},"includedScopes":[{"contributions":{},"includedScopes":[]},{"contributions":{},"includedScopes":[]},{"contributions":{},"includedScopes":[]},{"contributions":{},"includedScopes":[]},{"contributions":{},"includedScopes":[]},{"contributions":{},"includedScopes":[]}]},"contributions":{},"includedScopes":[{"containerScope":{"containerScope":{"containerScope":{"contributions":{},"includedScopes":[]},"contributions":{},"includedScopes":[]},"contributions":{},"includedScopes":[]},"contributions":{},"includedScopes":[]}]},"contributions":{},"includedScopes":[]},"contributions":{},"includedScopes":[]},"sentences":[{"id":"717b4968-fcd7-4839-acd2-472e6d6f84e3","metadata":[],"scope":{"containerScope":{"containerScope":{"containerScope":{"containerScope":{"containerScope":{"contributions":{},"includedScopes":[]},"contributions":{},"includedScopes":[{"contributions":{},"includedScopes":[]},{"contributions":{},"includedScopes":[]},{"contributions":{},"includedScopes":[]},{"contributions":{},"includedScopes":[]},{"contributions":{},"includedScopes":[]},{"contributions":{},"includedScopes":[]}]},"contributions":{},"includedScopes":[{"containerScope":{"containerScope":{"containerScope":{"contributions":{},"includedScopes":[]},"contributions":{},"includedScopes":[]},"contributions":{},"includedScopes":[]},"contributions":{},"includedScopes":[]}]},"contributions":{},"includedScopes":[]},"contributions":{},"includedScopes":[]},"contributions":{},"includedScopes":[]},"value":{"id":"d0351abd-acfe-4d87-b6de-99b4946c8be2","metadata":[],"scope":{"containerScope":{"containerScope":{"containerScope":{"containerScope":{"containerScope":{"containerScope":{"contributions":{},"includedScopes":[]},"contributions":{},"includedScopes":[{"contributions":{},"includedScopes":[]},{"contributions":{},"includedScopes":[]},{"contributions":{},"includedScopes":[]},{"contributions":{},"includedScopes":[]},{"contributions":{},"includedScopes":[]},{"contributions":{},"includedScopes":[]}]},"contributions":{},"includedScopes":[{"containerScope":{"containerScope":{"containerScope":{"contributions":{},"includedScopes":[]},"contributions":{},"includedScopes":[]},"contributions":{},"includedScopes":[]},"contributions":{},"includedScopes":[]}]},"contributions":{},"includedScopes":[]},"contributions":{},"includedScopes":[]},"contributions":{},"includedScopes":[]},"contributions":{},"includedScopes":[]},"sourceMap":{"end":{"column":48,"line":334,"offset":11252},"start":{"column":31,"line":334,"offset":11235}},"value":[{"id":"8d761f04-dee0-44c9-b2d6-1e7863f98d8c","metadata":[],"name":"wollok.lang.List","scope":{"containerScope":{"containerScope":{"containerScope":{"containerScope":{"containerScope":{"containerScope":{"containerScope":{"contributions":{},"includedScopes":[]},"contributions":{},"includedScopes":[{"contributions":{},"includedScopes":[]},{"contributions":{},"includedScopes":[]},{"contributions":{},"includedScopes":[]},{"contributions":{},"includedScopes":[]},{"contributions":{},"includedScopes":[]},{"contributions":{},"includedScopes":[]}]},"contributions":{},"includedScopes":[{"containerScope":{"containerScope":{"containerScope":{"contributions":{},"includedScopes":[]},"contributions":{},"includedScopes":[]},"contributions":{},"includedScopes":[]},"contributions":{},"includedScopes":[]}]},"contributions":{},"includedScopes":[]},"contributions":{},"includedScopes":[]},"contributions":{},"includedScopes":[]},"contributions":{},"includedScopes":[]},"contributions":{},"includedScopes":[]}},[{"args":[],"id":"01d0aab6-548e-43e5-b034-e0904e9c2bed","message":"palancas","metadata":[],"receiver":{"id":"602143fb-c43c-46a8-b2bb-7a1209e9403d","metadata":[],"scope":{"containerScope":{"containerScope":{"containerScope":{"containerScope":{"containerScope":{"containerScope":{"containerScope":{"containerScope":{"contributions":{},"includedScopes":[]},"contributions":{},"includedScopes":[{"contributions":{},"includedScopes":[]},{"contributions":{},"includedScopes":[]},{"contributions":{},"includedScopes":[]},{"contributions":{},"includedScopes":[]},{"contributions":{},"includedScopes":[]},{"contributions":{},"includedScopes":[]}]},"contributions":{},"includedScopes":[{"containerScope":{"containerScope":{"containerScope":{"contributions":{},"includedScopes":[]},"contributions":{},"includedScopes":[]},"contributions":{},"includedScopes":[]},"contributions":{},"includedScopes":[]}]},"contributions":{},"includedScopes":[]},"contributions":{},"includedScopes":[]},"contributions":{},"includedScopes":[]},"contributions":{},"includedScopes":[]},"contributions":{},"includedScopes":[]},"contributions":{},"includedScopes":[]},"sourceMap":{"end":{"column":36,"line":334,"offset":11240},"start":{"column":32,"line":334,"offset":11236}}},"scope":{"containerScope":{"containerScope":{"containerScope":{"containerScope":{"containerScope":{"containerScope":{"containerScope":{"contributions":{},"includedScopes":[]},"contributions":{},"includedScopes":[{"contributions":{},"includedScopes":[]},{"contributions":{},"includedScopes":[]},{"contributions":{},"includedScopes":[]},{"contributions":{},"includedScopes":[]},{"contributions":{},"includedScopes":[]},{"contributions":{},"includedScopes":[]}]},"contributions":{},"includedScopes":[{"containerScope":{"containerScope":{"containerScope":{"contributions":{},"includedScopes":[]},"contributions":{},"includedScopes":[]},"contributions":{},"includedScopes":[]},"contributions":{},"includedScopes":[]}]},"contributions":{},"includedScopes":[]},"contributions":{},"includedScopes":[]},"contributions":{},"includedScopes":[]},"contributions":{},"includedScopes":[]},"contributions":{},"includedScopes":[]},"sourceMap":{"end":{"column":47,"line":334,"offset":11251},"start":{"column":32,"line":334,"offset":11236}}}]]}}],"sourceMap":{"end":{"column":48,"line":334,"offset":11252},"start":{"column":31,"line":334,"offset":11235}}},"compiled":false,"id":"b59331da-8451-44b6-9956-825bd6c937f9","isOverride":false,"metadata":[],"name":"interactuables","parameters":[],"problems":[],"scope":{"containerScope":{"containerScope":{"containerScope":{"contributions":{},"includedScopes":[]},"contributions":{},"includedScopes":[{"contributions":{},"includedScopes":[]},{"contributions":{},"includedScopes":[]},{"contributions":{},"includedScopes":[]},{"contributions":{},"includedScopes":[]},{"contributions":{},"includedScopes":[]},{"contributions":{},"includedScopes":[]}]},"contributions":{},"includedScopes":[{"containerScope":{"containerScope":{"containerScope":{"contributions":{},"includedScopes":[]},"contributions":{},"includedScopes":[]},"contributions":{},"includedScopes":[]},"contributions":{},"includedScopes":[]}]},"contributions":{},"includedScopes":[]},"sourceMap":{"end":{"column":48,"line":334,"offset":11252},"start":{"column":5,"line":334,"offset":11209}}},{"body":{"id":"12a50449-3431-4b24-9eff-e7dc4ac46350","metadata":[],"problems":[],"scope":{"containerScope":{"containerScope":{"containerScope":{"containerScope":{"contributions":{},"includedScopes":[]},"contributions":{},"includedScopes":[{"contributions":{},"includedScopes":[]},{"contributions":{},"includedScopes":[]},{"contributions":{},"includedScopes":[]},{"contributions":{},"includedScopes":[]},{"contributions":{},"includedScopes":[]},{"contributions":{},"includedScopes":[]}]},"contributions":{},"includedScopes":[{"containerScope":{"containerScope":{"containerScope":{"contributions":{},"includedScopes":[]},"contributions":{},"includedScopes":[]},"contributions":{},"includedScopes":[]},"contributions":{},"includedScopes":[]}]},"contributions":{},"includedScopes":[]},"contributions":{},"includedScopes":[]},"sentences":[{"id":"ed450529-7606-43a6-8424-88ad5d671010","metadata":[],"scope":{"containerScope":{"containerScope":{"containerScope":{"containerScope":{"containerScope":{"contributions":{},"includedScopes":[]},"contributions":{},"includedScopes":[{"contributions":{},"includedScopes":[]},{"contributions":{},"includedScopes":[]},{"contributions":{},"includedScopes":[]},{"contributions":{},"includedScopes":[]},{"contributions":{},"includedScopes":[]},{"contributions":{},"includedScopes":[]}]},"contributions":{},"includedScopes":[{"containerScope":{"containerScope":{"containerScope":{"contributions":{},"includedScopes":[]},"contributions":{},"includedScopes":[]},"contributions":{},"includedScopes":[]},"contributions":{},"includedScopes":[]}]},"contributions":{},"includedScopes":[]},"contributions":{},"includedScopes":[]},"contributions":{},"includedScopes":[]},"value":{"id":"46643896-f804-4976-928b-e49201d83acc","metadata":[],"scope":{"containerScope":{"containerScope":{"containerScope":{"containerScope":{"containerScope":{"containerScope":{"contributions":{},"includedScopes":[]},"contributions":{},"includedScopes":[{"contributions":{},"includedScopes":[]},{"contributions":{},"includedScopes":[]},{"contributions":{},"includedScopes":[]},{"contributions":{},"includedScopes":[]},{"contributions":{},"includedScopes":[]},{"contributions":{},"includedScopes":[]}]},"contributions":{},"includedScopes":[{"containerScope":{"containerScope":{"containerScope":{"contributions":{},"includedScopes":[]},"contributions":{},"includedScopes":[]},"contributions":{},"includedScopes":[]},"contributions":{},"includedScopes":[]}]},"contributions":{},"includedScopes":[]},"contributions":{},"includedScopes":[]},"contributions":{},"includedScopes":[]},"contributions":{},"includedScopes":[]},"sourceMap":{"end":{"column":65,"line":335,"offset":11318},"start":{"column":25,"line":335,"offset":11278}},"value":[{"id":"b39e150e-1d0c-4696-b696-6377cf751857","metadata":[],"name":"wollok.lang.List","scope":{"containerScope":{"containerScope":{"containerScope":{"containerScope":{"containerScope":{"containerScope":{"containerScope":{"contributions":{},"includedScopes":[]},"contributions":{},"includedScopes":[{"contributions":{},"includedScopes":[]},{"contributions":{},"includedScopes":[]},{"contributions":{},"includedScopes":[]},{"contributions":{},"includedScopes":[]},{"contributions":{},"includedScopes":[]},{"contributions":{},"includedScopes":[]}]},"contributions":{},"includedScopes":[{"containerScope":{"containerScope":{"containerScope":{"contributions":{},"includedScopes":[]},"contributions":{},"includedScopes":[]},"contributions":{},"includedScopes":[]},"contributions":{},"includedScopes":[]}]},"contributions":{},"includedScopes":[]},"contributions":{},"includedScopes":[]},"contributions":{},"includedScopes":[]},"contributions":{},"includedScopes":[]},"contributions":{},"includedScopes":[]}},[{"args":[],"id":"d89f558b-0103-4ee4-a659-3f47fc6e66c9","message":"teletransportes","metadata":[],"receiver":{"id":"5bf863c8-c815-4596-bfde-9815990c06fe","metadata":[],"scope":{"containerScope":{"containerScope":{"containerScope":{"containerScope":{"containerScope":{"containerScope":{"containerScope":{"containerScope":{"contributions":{},"includedScopes":[]},"contributions":{},"includedScopes":[{"contributions":{},"includedScopes":[]},{"contributions":{},"includedScopes":[]},{"contributions":{},"includedScopes":[]},{"contributions":{},"includedScopes":[]},{"contributions":{},"includedScopes":[]},{"contributions":{},"includedScopes":[]}]},"contributions":{},"includedScopes":[{"containerScope":{"containerScope":{"containerScope":{"contributions":{},"includedScopes":[]},"contributions":{},"includedScopes":[]},"contributions":{},"includedScopes":[]},"contributions":{},"includedScopes":[]}]},"contributions":{},"includedScopes":[]},"contributions":{},"includedScopes":[]},"contributions":{},"includedScopes":[]},"contributions":{},"includedScopes":[]},"contributions":{},"includedScopes":[]},"contributions":{},"includedScopes":[]},"sourceMap":{"end":{"column":30,"line":335,"offset":11283},"start":{"column":26,"line":335,"offset":11279}}},"scope":{"containerScope":{"containerScope":{"containerScope":{"containerScope":{"containerScope":{"containerScope":{"containerScope":{"contributions":{},"includedScopes":[]},"contributions":{},"includedScopes":[{"contributions":{},"includedScopes":[]},{"contributions":{},"includedScopes":[]},{"contributions":{},"includedScopes":[]},{"contributions":{},"includedScopes":[]},{"contributions":{},"includedScopes":[]},{"contributions":{},"includedScopes":[]}]},"contributions":{},"includedScopes":[{"containerScope":{"containerScope":{"containerScope":{"contributions":{},"includedScopes":[]},"contributions":{},"includedScopes":[]},"contributions":{},"includedScopes":[]},"contributions":{},"includedScopes":[]}]},"contributions":{},"includedScopes":[]},"contributions":{},"includedScopes":[]},"contributions":{},"includedScopes":[]},"contributions":{},"includedScopes":[]},"contributions":{},"includedScopes":[]},"sourceMap":{"end":{"column":48,"line":335,"offset":11301},"start":{"column":26,"line":335,"offset":11279}}},{"args":[],"id":"dc47e82e-89cc-4f58-9834-5973d542adcf","message":"botones","metadata":[],"receiver":{"id":"7dd5aa12-48a5-4c13-9f92-a841a3c43d72","metadata":[],"scope":{"containerScope":{"containerScope":{"containerScope":{"containerScope":{"containerScope":{"containerScope":{"containerScope":{"containerScope":{"contributions":{},"includedScopes":[]},"contributions":{},"includedScopes":[{"contributions":{},"includedScopes":[]},{"contributions":{},"includedScopes":[]},{"contributions":{},"includedScopes":[]},{"contributions":{},"includedScopes":[]},{"contributions":{},"includedScopes":[]},{"contributions":{},"includedScopes":[]}]},"contributions":{},"includedScopes":[{"containerScope":{"containerScope":{"containerScope":{"contributions":{},"includedScopes":[]},"contributions":{},"includedScopes":[]},"contributions":{},"includedScopes":[]},"contributions":{},"includedScopes":[]}]},"contributions":{},"includedScopes":[]},"contributions":{},"includedScopes":[]},"contributions":{},"includedScopes":[]},"contributions":{},"includedScopes":[]},"contributions":{},"includedScopes":[]},"contributions":{},"includedScopes":[]},"sourceMap":{"end":{"column":54,"line":335,"offset":11307},"start":{"column":50,"line":335,"offset":11303}}},"scope":{"containerScope":{"containerScope":{"containerScope":{"containerScope":{"containerScope":{"containerScope":{"containerScope":{"contributions":{},"includedScopes":[]},"contributions":{},"includedScopes":[{"contributions":{},"includedScopes":[]},{"contributions":{},"includedScopes":[]},{"contributions":{},"includedScopes":[]},{"contributions":{},"includedScopes":[]},{"contributions":{},"includedScopes":[]},{"contributions":{},"includedScopes":[]}]},"contributions":{},"includedScopes":[{"containerScope":{"containerScope":{"containerScope":{"contributions":{},"includedScopes":[]},"contributions":{},"includedScopes":[]},"contributions":{},"includedScopes":[]},"contributions":{},"includedScopes":[]}]},"contributions":{},"includedScopes":[]},"contributions":{},"includedScopes":[]},"contributions":{},"includedScopes":[]},"contributions":{},"includedScopes":[]},"contributions":{},"includedScopes":[]},"sourceMap":{"end":{"column":64,"line":335,"offset":11317},"start":{"column":50,"line":335,"offset":11303}}}]]}}],"sourceMap":{"end":{"column":65,"line":335,"offset":11318},"start":{"column":25,"line":335,"offset":11278}}},"compiled":false,"id":"fe0f2a92-af32-4b43-8a43-14916b751366","isOverride":false,"metadata":[],"name":"pisables","parameters":[],"problems":[],"scope":{"containerScope":{"containerScope":{"containerScope":{"contributions":{},"includedScopes":[]},"contributions":{},"includedScopes":[{"contributions":{},"includedScopes":[]},{"contributions":{},"includedScopes":[]},{"contributions":{},"includedScopes":[]},{"contributions":{},"includedScopes":[]},{"contributions":{},"includedScopes":[]},{"contributions":{},"includedScopes":[]}]},"contributions":{},"includedScopes":[{"containerScope":{"containerScope":{"containerScope":{"contributions":{},"includedScopes":[]},"contributions":{},"includedScopes":[]},"contributions":{},"includedScopes":[]},"contributions":{},"includedScopes":[]}]},"contributions":{},"includedScopes":[]},"sourceMap":{"end":{"column":65,"line":335,"offset":11318},"start":{"column":5,"line":335,"offset":11258}}},{"body":{"id":"329489fa-e368-4a39-94a7-20e552853fe2","metadata":[],"problems":[],"scope":{"containerScope":{"containerScope":{"containerScope":{"containerScope":{"contributions":{},"includedScopes":[]},"contributions":{},"includedScopes":[{"contributions":{},"includedScopes":[]},{"contributions":{},"includedScopes":[]},{"contributions":{},"includedScopes":[]},{"contributions":{},"includedScopes":[]},{"contributions":{},"includedScopes":[]},{"contributions":{},"includedScopes":[]}]},"contributions":{},"includedScopes":[{"containerScope":{"containerScope":{"containerScope":{"contributions":{},"includedScopes":[]},"contributions":{},"includedScopes":[]},"contributions":{},"includedScopes":[]},"contributions":{},"includedScopes":[]}]},"contributions":{},"includedScopes":[]},"contributions":{},"includedScopes":[]},"sentences":[{"id":"9e7a703b-10f7-4a51-9fe1-a9d8f878b521","metadata":[],"scope":{"containerScope":{"containerScope":{"containerScope":{"containerScope":{"containerScope":{"contributions":{},"includedScopes":[]},"contributions":{},"includedScopes":[{"contributions":{},"includedScopes":[]},{"contributions":{},"includedScopes":[]},{"contributions":{},"includedScopes":[]},{"contributions":{},"includedScopes":[]},{"contributions":{},"includedScopes":[]},{"contributions":{},"includedScopes":[]}]},"contributions":{},"includedScopes":[{"containerScope":{"containerScope":{"containerScope":{"contributions":{},"includedScopes":[]},"contributions":{},"includedScopes":[]},"contributions":{},"includedScopes":[]},"contributions":{},"includedScopes":[]}]},"contributions":{},"includedScopes":[]},"contributions":{},"includedScopes":[]},"contributions":{},"includedScopes":[]},"value":{"id":"34c6e05d-9048-4fe8-9538-2e070df07285","metadata":[],"scope":{"containerScope":{"containerScope":{"containerScope":{"containerScope":{"containerScope":{"containerScope":{"contributions":{},"includedScopes":[]},"contributions":{},"includedScopes":[{"contributions":{},"includedScopes":[]},{"contributions":{},"includedScopes":[]},{"contributions":{},"includedScopes":[]},{"contributions":{},"includedScopes":[]},{"contributions":{},"includedScopes":[]},{"contributions":{},"includedScopes":[]}]},"contributions":{},"includedScopes":[{"containerScope":{"containerScope":{"containerScope":{"contributions":{},"includedScopes":[]},"contributions":{},"includedScopes":[]},"contributions":{},"includedScopes":[]},"contributions":{},"includedScopes":[]}]},"contributions":{},"includedScopes":[]},"contributions":{},"includedScopes":[]},"contributions":{},"includedScopes":[]},"contributions":{},"includedScopes":[]},"sourceMap":{"end":{"column":27,"line":337,"offset":11349},"start":{"column":25,"line":337,"offset":11347}},"value":[{"id":"444150fe-5257-486c-82c7-b774bcb9e903","metadata":[],"name":"wollok.lang.List","scope":{"containerScope":{"containerScope":{"containerScope":{"containerScope":{"containerScope":{"containerScope":{"containerScope":{"contributions":{},"includedScopes":[]},"contributions":{},"includedScopes":[{"contributions":{},"includedScopes":[]},{"contributions":{},"includedScopes":[]},{"contributions":{},"includedScopes":[]},{"contributions":{},"includedScopes":[]},{"contributions":{},"includedScopes":[]},{"contributions":{},"includedScopes":[]}]},"contributions":{},"includedScopes":[{"containerScope":{"containerScope":{"containerScope":{"contributions":{},"includedScopes":[]},"contributions":{},"includedScopes":[]},"contributions":{},"includedScopes":[]},"contributions":{},"includedScopes":[]}]},"contributions":{},"includedScopes":[]},"contributions":{},"includedScopes":[]},"contributions":{},"includedScopes":[]},"contributions":{},"includedScopes":[]},"contributions":{},"includedScopes":[]}},[]]}}],"sourceMap":{"end":{"column":27,"line":337,"offset":11349},"start":{"column":25,"line":337,"offset":11347}}},"compiled":false,"id":"6e845031-f175-4056-97b1-e01e238eb40f","isOverride":false,"metadata":[],"name":"palancas","parameters":[],"problems":[],"scope":{"containerScope":{"containerScope":{"containerScope":{"contributions":{},"includedScopes":[]},"contributions":{},"includedScopes":[{"contributions":{},"includedScopes":[]},{"contributions":{},"includedScopes":[]},{"contributions":{},"includedScopes":[]},{"contributions":{},"includedScopes":[]},{"contributions":{},"includedScopes":[]},{"contributions":{},"includedScopes":[]}]},"contributions":{},"includedScopes":[{"containerScope":{"containerScope":{"containerScope":{"contributions":{},"includedScopes":[]},"contributions":{},"includedScopes":[]},"contributions":{},"includedScopes":[]},"contributions":{},"includedScopes":[]}]},"contributions":{},"includedScopes":[]},"sourceMap":{"end":{"column":27,"line":337,"offset":11349},"start":{"column":5,"line":337,"offset":11327}}},{"body":{"id":"f4951f9e-a9eb-4c71-83dc-1b58a9448aa8","metadata":[],"problems":[],"scope":{"containerScope":{"containerScope":{"containerScope":{"containerScope":{"contributions":{},"includedScopes":[]},"contributions":{},"includedScopes":[{"contributions":{},"includedScopes":[]},{"contributions":{},"includedScopes":[]},{"contributions":{},"includedScopes":[]},{"contributions":{},"includedScopes":[]},{"contributions":{},"includedScopes":[]},{"contributions":{},"includedScopes":[]}]},"contributions":{},"includedScopes":[{"containerScope":{"containerScope":{"containerScope":{"contributions":{},"includedScopes":[]},"contributions":{},"includedScopes":[]},"contributions":{},"includedScopes":[]},"contributions":{},"includedScopes":[]}]},"contributions":{},"includedScopes":[]},"contributions":{},"includedScopes":[]},"sentences":[{"id":"3e6057b8-99cd-40ad-85e0-909f4d25b7e0","metadata":[],"scope":{"containerScope":{"containerScope":{"containerScope":{"containerScope":{"containerScope":{"contributions":{},"includedScopes":[]},"contributions":{},"includedScopes":[{"contributions":{},"includedScopes":[]},{"contributions":{},"includedScopes":[]},{"contributions":{},"includedScopes":[]},{"contributions":{},"includedScopes":[]},{"contributions":{},"includedScopes":[]},{"contributions":{},"includedScopes":[]}]},"contributions":{},"includedScopes":[{"containerScope":{"containerScope":{"containerScope":{"contributions":{},"includedScopes":[]},"contributions":{},"includedScopes":[]},"contributions":{},"includedScopes":[]},"contributions":{},"includedScopes":[]}]},"contributions":{},"includedScopes":[]},"contributions":{},"includedScopes":[]},"contributions":{},"includedScopes":[]},"value":{"id":"0eca0642-ce1c-4aeb-9147-afb2746dae90","metadata":[],"scope":{"containerScope":{"containerScope":{"containerScope":{"containerScope":{"containerScope":{"containerScope":{"contributions":{},"includedScopes":[]},"contributions":{},"includedScopes":[{"contributions":{},"includedScopes":[]},{"contributions":{},"includedScopes":[]},{"contributions":{},"includedScopes":[]},{"contributions":{},"includedScopes":[]},{"contributions":{},"includedScopes":[]},{"contributions":{},"includedScopes":[]}]},"contributions":{},"includedScopes":[{"containerScope":{"containerScope":{"containerScope":{"contributions":{},"includedScopes":[]},"contributions":{},"includedScopes":[]},"contributions":{},"includedScopes":[]},"contributions":{},"includedScopes":[]}]},"contributions":{},"includedScopes":[]},"contributions":{},"includedScopes":[]},"contributions":{},"includedScopes":[]},"contributions":{},"includedScopes":[]},"sourceMap":{"end":{"column":34,"line":338,"offset":11384},"start":{"column":32,"line":338,"offset":11382}},"value":[{"id":"6965eaac-8d2c-45a2-b0ab-eced76992d95","metadata":[],"name":"wollok.lang.List","scope":{"containerScope":{"containerScope":{"containerScope":{"containerScope":{"containerScope":{"containerScope":{"containerScope":{"contributions":{},"includedScopes":[]},"contributions":{},"includedScopes":[{"contributions":{},"includedScopes":[]},{"contributions":{},"includedScopes":[]},{"contributions":{},"includedScopes":[]},{"contributions":{},"includedScopes":[]},{"contributions":{},"includedScopes":[]},{"contributions":{},"includedScopes":[]}]},"contributions":{},"includedScopes":[{"containerScope":{"containerScope":{"containerScope":{"contributions":{},"includedScopes":[]},"contributions":{},"includedScopes":[]},"contributions":{},"includedScopes":[]},"contributions":{},"includedScopes":[]}]},"contributions":{},"includedScopes":[]},"contributions":{},"includedScopes":[]},"contributions":{},"includedScopes":[]},"contributions":{},"includedScopes":[]},"contributions":{},"includedScopes":[]}},[]]}}],"sourceMap":{"end":{"column":34,"line":338,"offset":11384},"start":{"column":32,"line":338,"offset":11382}}},"compiled":false,"id":"079fc3e7-a824-423b-ab16-afb80e5a02af","isOverride":false,"metadata":[],"name":"teletransportes","parameters":[],"problems":[],"scope":{"containerScope":{"containerScope":{"containerScope":{"contributions":{},"includedScopes":[]},"contributions":{},"includedScopes":[{"contributions":{},"includedScopes":[]},{"contributions":{},"includedScopes":[]},{"contributions":{},"includedScopes":[]},{"contributions":{},"includedScopes":[]},{"contributions":{},"includedScopes":[]},{"contributions":{},"includedScopes":[]}]},"contributions":{},"includedScopes":[{"containerScope":{"containerScope":{"containerScope":{"contributions":{},"includedScopes":[]},"contributions":{},"includedScopes":[]},"contributions":{},"includedScopes":[]},"contributions":{},"includedScopes":[]}]},"contributions":{},"includedScopes":[]},"sourceMap":{"end":{"column":34,"line":338,"offset":11384},"start":{"column":5,"line":338,"offset":11355}}},{"body":{"id":"71f8a650-f6d5-455e-9983-8ca82be7336f","metadata":[],"problems":[],"scope":{"containerScope":{"containerScope":{"containerScope":{"containerScope":{"contributions":{},"includedScopes":[]},"contributions":{},"includedScopes":[{"contributions":{},"includedScopes":[]},{"contributions":{},"includedScopes":[]},{"contributions":{},"includedScopes":[]},{"contributions":{},"includedScopes":[]},{"contributions":{},"includedScopes":[]},{"contributions":{},"includedScopes":[]}]},"contributions":{},"includedScopes":[{"containerScope":{"containerScope":{"containerScope":{"contributions":{},"includedScopes":[]},"contributions":{},"includedScopes":[]},"contributions":{},"includedScopes":[]},"contributions":{},"includedScopes":[]}]},"contributions":{},"includedScopes":[]},"contributions":{},"includedScopes":[]},"sentences":[{"id":"7e05bc7e-45d5-4704-a6f4-d3b47d9e3dc1","metadata":[],"scope":{"containerScope":{"containerScope":{"containerScope":{"containerScope":{"containerScope":{"contributions":{},"includedScopes":[]},"contributions":{},"includedScopes":[{"contributions":{},"includedScopes":[]},{"contributions":{},"includedScopes":[]},{"contributions":{},"includedScopes":[]},{"contributions":{},"includedScopes":[]},{"contributions":{},"includedScopes":[]},{"contributions":{},"includedScopes":[]}]},"contributions":{},"includedScopes":[{"containerScope":{"containerScope":{"containerScope":{"contributions":{},"includedScopes":[]},"contributions":{},"includedScopes":[]},"contributions":{},"includedScopes":[]},"contributions":{},"includedScopes":[]}]},"contributions":{},"includedScopes":[]},"contributions":{},"includedScopes":[]},"contributions":{},"includedScopes":[]},"value":{"id":"0c45cbf3-13c1-4150-882b-bc1e4d114974","metadata":[],"scope":{"containerScope":{"containerScope":{"containerScope":{"containerScope":{"containerScope":{"containerScope":{"contributions":{},"includedScopes":[]},"contributions":{},"includedScopes":[{"contributions":{},"includedScopes":[]},{"contributions":{},"includedScopes":[]},{"contributions":{},"includedScopes":[]},{"contributions":{},"includedScopes":[]},{"contributions":{},"includedScopes":[]},{"contributions":{},"includedScopes":[]}]},"contributions":{},"includedScopes":[{"containerScope":{"containerScope":{"containerScope":{"contributions":{},"includedScopes":[]},"contributions":{},"includedScopes":[]},"contributions":{},"includedScopes":[]},"contributions":{},"includedScopes":[]}]},"contributions":{},"includedScopes":[]},"contributions":{},"includedScopes":[]},"contributions":{},"includedScopes":[]},"contributions":{},"includedScopes":[]},"sourceMap":{"end":{"column":26,"line":339,"offset":11411},"start":{"column":24,"line":339,"offset":11409}},"value":[{"id":"a33a85af-7caf-4279-9394-631eec914ba4","metadata":[],"name":"wollok.lang.List","scope":{"containerScope":{"containerScope":{"containerScope":{"containerScope":{"containerScope":{"containerScope":{"containerScope":{"contributions":{},"includedScopes":[]},"contributions":{},"includedScopes":[{"contributions":{},"includedScopes":[]},{"contributions":{},"includedScopes":[]},{"contributions":{},"includedScopes":[]},{"contributions":{},"includedScopes":[]},{"contributions":{},"includedScopes":[]},{"contributions":{},"includedScopes":[]}]},"contributions":{},"includedScopes":[{"containerScope":{"containerScope":{"containerScope":{"contributions":{},"includedScopes":[]},"contributions":{},"includedScopes":[]},"contributions":{},"includedScopes":[]},"contributions":{},"includedScopes":[]}]},"contributions":{},"includedScopes":[]},"contributions":{},"includedScopes":[]},"contributions":{},"includedScopes":[]},"contributions":{},"includedScopes":[]},"contributions":{},"includedScopes":[]}},[]]}}],"sourceMap":{"end":{"column":26,"line":339,"offset":11411},"start":{"column":24,"line":339,"offset":11409}}},"compiled":false,"id":"4b5e42b2-e421-4445-b2bf-32da71c54f35","isOverride":false,"metadata":[],"name":"botones","parameters":[],"problems":[],"scope":{"containerScope":{"containerScope":{"containerScope":{"contributions":{},"includedScopes":[]},"contributions":{},"includedScopes":[{"contributions":{},"includedScopes":[]},{"contributions":{},"includedScopes":[]},{"contributions":{},"includedScopes":[]},{"contributions":{},"includedScopes":[]},{"contributions":{},"includedScopes":[]},{"contributions":{},"includedScopes":[]}]},"contributions":{},"includedScopes":[{"containerScope":{"containerScope":{"containerScope":{"contributions":{},"includedScopes":[]},"contributions":{},"includedScopes":[]},"contributions":{},"includedScopes":[]},"contributions":{},"includedScopes":[]}]},"contributions":{},"includedScopes":[]},"sourceMap":{"end":{"column":26,"line":339,"offset":11411},"start":{"column":5,"line":339,"offset":11390}}},{"body":{"id":"cbee4040-c9f6-4027-884f-faf88304ba15","metadata":[],"problems":[],"scope":{"containerScope":{"containerScope":{"containerScope":{"containerScope":{"contributions":{},"includedScopes":[]},"contributions":{},"includedScopes":[{"contributions":{},"includedScopes":[]},{"contributions":{},"includedScopes":[]},{"contributions":{},"includedScopes":[]},{"contributions":{},"includedScopes":[]},{"contributions":{},"includedScopes":[]},{"contributions":{},"includedScopes":[]}]},"contributions":{},"includedScopes":[{"containerScope":{"containerScope":{"containerScope":{"contributions":{},"includedScopes":[]},"contributions":{},"includedScopes":[]},"contributions":{},"includedScopes":[]},"contributions":{},"includedScopes":[]}]},"contributions":{},"includedScopes":[]},"contributions":{},"includedScopes":[]},"sentences":[{"id":"daa13134-40c9-4bc6-b665-74cff27d4e29","metadata":[],"scope":{"containerScope":{"containerScope":{"containerScope":{"containerScope":{"containerScope":{"contributions":{},"includedScopes":[]},"contributions":{},"includedScopes":[{"contributions":{},"includedScopes":[]},{"contributions":{},"includedScopes":[]},{"contributions":{},"includedScopes":[]},{"contributions":{},"includedScopes":[]},{"contributions":{},"includedScopes":[]},{"contributions":{},"includedScopes":[]}]},"contributions":{},"includedScopes":[{"containerScope":{"containerScope":{"containerScope":{"contributions":{},"includedScopes":[]},"contributions":{},"includedScopes":[]},"contributions":{},"includedScopes":[]},"contributions":{},"includedScopes":[]}]},"contributions":{},"includedScopes":[]},"contributions":{},"includedScopes":[]},"contributions":{},"includedScopes":[]},"value":{"args":[{"args":[],"id":"abf310ae-1969-41af-b3b1-6a1f82fdd35f","message":"anyOne","metadata":[],"receiver":{"args":[{"args":[{"id":"9a83a6bd-ad6a-41c8-bbed-83956f576efa","metadata":[],"scope":{"containerScope":{"containerScope":{"containerScope":{"containerScope":{"containerScope":{"containerScope":{"containerScope":{"containerScope":{"containerScope":{"containerScope":{"contributions":{},"includedScopes":[]},"contributions":{},"includedScopes":[{"contributions":{},"includedScopes":[]},{"contributions":{},"includedScopes":[]},{"contributions":{},"includedScopes":[]},{"contributions":{},"includedScopes":[]},{"contributions":{},"includedScopes":[]},{"contributions":{},"includedScopes":[]}]},"contributions":{},"includedScopes":[{"containerScope":{"containerScope":{"containerScope":{"contributions":{},"includedScopes":[]},"contributions":{},"includedScopes":[]},"contributions":{},"includedScopes":[]},"contributions":{},"includedScopes":[]}]},"contributions":{},"includedScopes":[]},"contributions":{},"includedScopes":[]},"contributions":{},"includedScopes":[]},"contributions":{},"includedScopes":[]},"contributions":{},"includedScopes":[]},"contributions":{},"includedScopes":[]},"contributions":{},"includedScopes":[]},"contributions":{},"includedScopes":[]},"sourceMap":{"end":{"column":85,"line":341,"offset":11499},"start":{"column":84,"line":341,"offset":11498}},"value":1}],"id":"089330a9-cbe0-4fed-8350-64da7dc2ef43","message":"-","metadata":[],"receiver":{"args":[],"id":"57fb7fec-6946-4b8c-befa-12be82b59425","message":"size","metadata":[],"receiver":{"args":[],"id":"0724f1a0-e2ad-4d9b-8054-1047575f0025","message":"musicasFondo","metadata":[],"receiver":{"id":"03565634-a686-4c4f-a91b-c7cfe04ccdef","metadata":[],"scope":{"containerScope":{"containerScope":{"containerScope":{"containerScope":{"containerScope":{"containerScope":{"containerScope":{"containerScope":{"containerScope":{"containerScope":{"containerScope":{"containerScope":{"contributions":{},"includedScopes":[]},"contributions":{},"includedScopes":[{"contributions":{},"includedScopes":[]},{"contributions":{},"includedScopes":[]},{"contributions":{},"includedScopes":[]},{"contributions":{},"includedScopes":[]},{"contributions":{},"includedScopes":[]},{"contributions":{},"includedScopes":[]}]},"contributions":{},"includedScopes":[{"containerScope":{"containerScope":{"containerScope":{"contributions":{},"includedScopes":[]},"contributions":{},"includedScopes":[]},"contributions":{},"includedScopes":[]},"contributions":{},"includedScopes":[]}]},"contributions":{},"includedScopes":[]},"contributions":{},"includedScopes":[]},"contributions":{},"includedScopes":[]},"contributions":{},"includedScopes":[]},"contributions":{},"includedScopes":[]},"contributions":{},"includedScopes":[]},"contributions":{},"includedScopes":[]},"contributions":{},"includedScopes":[]},"contributions":{},"includedScopes":[]},"contributions":{},"includedScopes":[]},"sourceMap":{"end":{"column":61,"line":341,"offset":11475},"start":{"column":57,"line":341,"offset":11471}}},"scope":{"containerScope":{"containerScope":{"containerScope":{"containerScope":{"containerScope":{"containerScope":{"containerScope":{"containerScope":{"containerScope":{"containerScope":{"containerScope":{"contributions":{},"includedScopes":[]},"contributions":{},"includedScopes":[{"contributions":{},"includedScopes":[]},{"contributions":{},"includedScopes":[]},{"contributions":{},"includedScopes":[]},{"contributions":{},"includedScopes":[]},{"contributions":{},"includedScopes":[]},{"contributions":{},"includedScopes":[]}]},"contributions":{},"includedScopes":[{"containerScope":{"containerScope":{"containerScope":{"contributions":{},"includedScopes":[]},"contributions":{},"includedScopes":[]},"contributions":{},"includedScopes":[]},"contributions":{},"includedScopes":[]}]},"contributions":{},"includedScopes":[]},"contributions":{},"includedScopes":[]},"contributions":{},"includedScopes":[]},"contributions":{},"includedScopes":[]},"contributions":{},"includedScopes":[]},"contributions":{},"includedScopes":[]},"contributions":{},"includedScopes":[]},"contributions":{},"includedScopes":[]},"contributions":{},"includedScopes":[]},"sourceMap":{"end":{"column":76,"line":341,"offset":11490},"start":{"column":57,"line":341,"offset":11471}}},"scope":{"containerScope":{"containerScope":{"containerScope":{"containerScope":{"containerScope":{"containerScope":{"containerScope":{"containerScope":{"containerScope":{"containerScope":{"contributions":{},"includedScopes":[]},"contributions":{},"includedScopes":[{"contributions":{},"includedScopes":[]},{"contributions":{},"includedScopes":[]},{"contributions":{},"includedScopes":[]},{"contributions":{},"includedScopes":[]},{"contributions":{},"includedScopes":[]},{"contributions":{},"includedScopes":[]}]},"contributions":{},"includedScopes":[{"containerScope":{"containerScope":{"containerScope":{"contributions":{},"includedScopes":[]},"contributions":{},"includedScopes":[]},"contributions":{},"includedScopes":[]},"contributions":{},"includedScopes":[]}]},"contributions":{},"includedScopes":[]},"contributions":{},"includedScopes":[]},"contributions":{},"includedScopes":[]},"contributions":{},"includedScopes":[]},"contributions":{},"includedScopes":[]},"contributions":{},"includedScopes":[]},"contributions":{},"includedScopes":[]},"contributions":{},"includedScopes":[]},"sourceMap":{"end":{"column":83,"line":341,"offset":11497},"start":{"column":57,"line":341,"offset":11471}}},"scope":{"containerScope":{"containerScope":{"containerScope":{"containerScope":{"containerScope":{"containerScope":{"containerScope":{"containerScope":{"containerScope":{"contributions":{},"includedScopes":[]},"contributions":{},"includedScopes":[{"contributions":{},"includedScopes":[]},{"contributions":{},"includedScopes":[]},{"contributions":{},"includedScopes":[]},{"contributions":{},"includedScopes":[]},{"contributions":{},"includedScopes":[]},{"contributions":{},"includedScopes":[]}]},"contributions":{},"includedScopes":[{"containerScope":{"containerScope":{"containerScope":{"contributions":{},"includedScopes":[]},"contributions":{},"includedScopes":[]},"contributions":{},"includedScopes":[]},"contributions":{},"includedScopes":[]}]},"contributions":{},"includedScopes":[]},"contributions":{},"includedScopes":[]},"contributions":{},"includedScopes":[]},"contributions":{},"includedScopes":[]},"contributions":{},"includedScopes":[]},"contributions":{},"includedScopes":[]},"contributions":{},"includedScopes":[]},"sourceMap":{"end":{"column":85,"line":341,"offset":11499},"start":{"column":57,"line":341,"offset":11471}}}],"id":"7969fcc2-394f-4c09-89f2-ab4e30d5908f","message":"..","metadata":[],"receiver":{"id":"4413b7f3-738a-441f-9863-211cff821b6e","metadata":[],"scope":{"containerScope":{"containerScope":{"containerScope":{"containerScope":{"containerScope":{"containerScope":{"containerScope":{"containerScope":{"containerScope":{"contributions":{},"includedScopes":[]},"contributions":{},"includedScopes":[{"contributions":{},"includedScopes":[]},{"contributions":{},"includedScopes":[]},{"contributions":{},"includedScopes":[]},{"contributions":{},"includedScopes":[]},{"contributions":{},"includedScopes":[]},{"contributions":{},"includedScopes":[]}]},"contributions":{},"includedScopes":[{"containerScope":{"containerScope":{"containerScope":{"contributions":{},"includedScopes":[]},"contributions":{},"includedScopes":[]},"contributions":{},"includedScopes":[]},"contributions":{},"includedScopes":[]}]},"contributions":{},"includedScopes":[]},"contributions":{},"includedScopes":[]},"contributions":{},"includedScopes":[]},"contributions":{},"includedScopes":[]},"contributions":{},"includedScopes":[]},"contributions":{},"includedScopes":[]},"contributions":{},"includedScopes":[]},"sourceMap":{"end":{"column":55,"line":341,"offset":11469},"start":{"column":54,"line":341,"offset":11468}},"value":0},"scope":{"containerScope":{"containerScope":{"containerScope":{"containerScope":{"containerScope":{"containerScope":{"containerScope":{"containerScope":{"contributions":{},"includedScopes":[]},"contributions":{},"includedScopes":[{"contributions":{},"includedScopes":[]},{"contributions":{},"includedScopes":[]},{"contributions":{},"includedScopes":[]},{"contributions":{},"includedScopes":[]},{"contributions":{},"includedScopes":[]},{"contributions":{},"includedScopes":[]}]},"contributions":{},"includedScopes":[{"containerScope":{"containerScope":{"containerScope":{"contributions":{},"includedScopes":[]},"contributions":{},"includedScopes":[]},"contributions":{},"includedScopes":[]},"contributions":{},"includedScopes":[]}]},"contributions":{},"includedScopes":[]},"contributions":{},"includedScopes":[]},"contributions":{},"includedScopes":[]},"contributions":{},"includedScopes":[]},"contributions":{},"includedScopes":[]},"contributions":{},"includedScopes":[]},"sourceMap":{"end":{"column":85,"line":341,"offset":11499},"start":{"column":54,"line":341,"offset":11468}}},"scope":{"containerScope":{"containerScope":{"containerScope":{"containerScope":{"containerScope":{"containerScope":{"containerScope":{"contributions":{},"includedScopes":[]},"contributions":{},"includedScopes":[{"contributions":{},"includedScopes":[]},{"contributions":{},"includedScopes":[]},{"contributions":{},"includedScopes":[]},{"contributions":{},"includedScopes":[]},{"contributions":{},"includedScopes":[]},{"contributions":{},"includedScopes":[]}]},"contributions":{},"includedScopes":[{"containerScope":{"containerScope":{"containerScope":{"contributions":{},"includedScopes":[]},"contributions":{},"includedScopes":[]},"contributions":{},"includedScopes":[]},"contributions":{},"includedScopes":[]}]},"contributions":{},"includedScopes":[]},"contributions":{},"includedScopes":[]},"contributions":{},"includedScopes":[]},"contributions":{},"includedScopes":[]},"contributions":{},"includedScopes":[]},"sourceMap":{"end":{"column":95,"line":341,"offset":11509},"start":{"column":53,"line":341,"offset":11467}}}],"id":"349749e7-1e38-4680-8804-614731e24888","message":"get","metadata":[],"receiver":{"args":[],"id":"7c9dd657-843e-4f70-a61e-e949b789d777","message":"musicasFondo","metadata":[],"receiver":{"id":"8b367f5c-ccdd-49e5-8031-84e6bbfec7ed","metadata":[],"scope":{"containerScope":{"containerScope":{"containerScope":{"containerScope":{"containerScope":{"containerScope":{"containerScope":{"containerScope":{"contributions":{},"includedScopes":[]},"contributions":{},"includedScopes":[{"contributions":{},"includedScopes":[]},{"contributions":{},"includedScopes":[]},{"contributions":{},"includedScopes":[]},{"contributions":{},"includedScopes":[]},{"contributions":{},"includedScopes":[]},{"contributions":{},"includedScopes":[]}]},"contributions":{},"includedScopes":[{"containerScope":{"containerScope":{"containerScope":{"contributions":{},"includedScopes":[]},"contributions":{},"includedScopes":[]},"contributions":{},"includedScopes":[]},"contributions":{},"includedScopes":[]}]},"contributions":{},"includedScopes":[]},"contributions":{},"includedScopes":[]},"contributions":{},"includedScopes":[]},"contributions":{},"includedScopes":[]},"contributions":{},"includedScopes":[]},"contributions":{},"includedScopes":[]},"sourceMap":{"end":{"column":32,"line":341,"offset":11446},"start":{"column":28,"line":341,"offset":11442}}},"scope":{"containerScope":{"containerScope":{"containerScope":{"containerScope":{"containerScope":{"containerScope":{"containerScope":{"contributions":{},"includedScopes":[]},"contributions":{},"includedScopes":[{"contributions":{},"includedScopes":[]},{"contributions":{},"includedScopes":[]},{"contributions":{},"includedScopes":[]},{"contributions":{},"includedScopes":[]},{"contributions":{},"includedScopes":[]},{"contributions":{},"includedScopes":[]}]},"contributions":{},"includedScopes":[{"containerScope":{"containerScope":{"containerScope":{"contributions":{},"includedScopes":[]},"contributions":{},"includedScopes":[]},"contributions":{},"includedScopes":[]},"contributions":{},"includedScopes":[]}]},"contributions":{},"includedScopes":[]},"contributions":{},"includedScopes":[]},"contributions":{},"includedScopes":[]},"contributions":{},"includedScopes":[]},"contributions":{},"includedScopes":[]},"sourceMap":{"end":{"column":47,"line":341,"offset":11461},"start":{"column":28,"line":341,"offset":11442}}},"scope":{"containerScope":{"containerScope":{"containerScope":{"containerScope":{"containerScope":{"containerScope":{"contributions":{},"includedScopes":[]},"contributions":{},"includedScopes":[{"contributions":{},"includedScopes":[]},{"contributions":{},"includedScopes":[]},{"contributions":{},"includedScopes":[]},{"contributions":{},"includedScopes":[]},{"contributions":{},"includedScopes":[]},{"contributions":{},"includedScopes":[]}]},"contributions":{},"includedScopes":[{"containerScope":{"containerScope":{"containerScope":{"contributions":{},"includedScopes":[]},"contributions":{},"includedScopes":[]},"contributions":{},"includedScopes":[]},"contributions":{},"includedScopes":[]}]},"contributions":{},"includedScopes":[]},"contributions":{},"includedScopes":[]},"contributions":{},"includedScopes":[]},"contributions":{},"includedScopes":[]},"sourceMap":{"end":{"column":97,"line":341,"offset":11511},"start":{"column":28,"line":341,"offset":11442}}}}],"sourceMap":{"end":{"column":97,"line":341,"offset":11511},"start":{"column":28,"line":341,"offset":11442}}},"compiled":false,"id":"2069139d-997a-4ec8-bc5c-24bbf2acf91d","isOverride":false,"metadata":[],"name":"musicaNivel","parameters":[],"problems":[],"scope":{"containerScope":{"containerScope":{"containerScope":{"contributions":{},"includedScopes":[]},"contributions":{},"includedScopes":[{"contributions":{},"includedScopes":[]},{"contributions":{},"includedScopes":[]},{"contributions":{},"includedScopes":[]},{"contributions":{},"includedScopes":[]},{"contributions":{},"includedScopes":[]},{"contributions":{},"includedScopes":[]}]},"contributions":{},"includedScopes":[{"containerScope":{"containerScope":{"containerScope":{"contributions":{},"includedScopes":[]},"contributions":{},"includedScopes":[]},"contributions":{},"includedScopes":[]},"contributions":{},"includedScopes":[]}]},"contributions":{},"includedScopes":[]},"sourceMap":{"end":{"column":97,"line":341,"offset":11511},"start":{"column":5,"line":341,"offset":11419}}},{"body":{"id":"d18b6fc6-7c04-4619-a411-5afba8792308","metadata":[],"scope":{"containerScope":{"containerScope":{"containerScope":{"containerScope":{"contributions":{},"includedScopes":[]},"contributions":{},"includedScopes":[{"contributions":{},"includedScopes":[]},{"contributions":{},"includedScopes":[]},{"contributions":{},"includedScopes":[]},{"contributions":{},"includedScopes":[]},{"contributions":{},"includedScopes":[]},{"contributions":{},"includedScopes":[]}]},"contributions":{},"includedScopes":[{"containerScope":{"containerScope":{"containerScope":{"contributions":{},"includedScopes":[]},"contributions":{},"includedScopes":[]},"contributions":{},"includedScopes":[]},"contributions":{},"includedScopes":[]}]},"contributions":{},"includedScopes":[]},"contributions":{},"includedScopes":[]},"sentences":[{"id":"6f7760f2-d8e7-400b-8a04-862646959f5f","metadata":[],"scope":{"containerScope":{"containerScope":{"containerScope":{"containerScope":{"containerScope":{"contributions":{},"includedScopes":[]},"contributions":{},"includedScopes":[{"contributions":{},"includedScopes":[]},{"contributions":{},"includedScopes":[]},{"contributions":{},"includedScopes":[]},{"contributions":{},"includedScopes":[]},{"contributions":{},"includedScopes":[]},{"contributions":{},"includedScopes":[]}]},"contributions":{},"includedScopes":[{"containerScope":{"containerScope":{"containerScope":{"contributions":{},"includedScopes":[]},"contributions":{},"includedScopes":[]},"contributions":{},"includedScopes":[]},"contributions":{},"includedScopes":[]}]},"contributions":{},"includedScopes":[]},"contributions":{},"includedScopes":[]},"contributions":{},"includedScopes":[]},"value":{"id":"5b13419e-5fcc-4b84-b194-84122625216d","metadata":[],"name":"background","scope":{"containerScope":{"containerScope":{"containerScope":{"containerScope":{"containerScope":{"containerScope":{"contributions":{},"includedScopes":[]},"contributions":{},"includedScopes":[{"contributions":{},"includedScopes":[]},{"contributions":{},"includedScopes":[]},{"contributions":{},"includedScopes":[]},{"contributions":{},"includedScopes":[]},{"contributions":{},"includedScopes":[]},{"contributions":{},"includedScopes":[]}]},"contributions":{},"includedScopes":[{"containerScope":{"containerScope":{"containerScope":{"contributions":{},"includedScopes":[]},"contributions":{},"includedScopes":[]},"contributions":{},"includedScopes":[]},"contributions":{},"includedScopes":[]}]},"contributions":{},"includedScopes":[]},"contributions":{},"includedScopes":[]},"contributions":{},"includedScopes":[]},"contributions":{},"includedScopes":[]}}}]},"compiled":false,"id":"2e77a1dc-c2b6-4df6-8f7c-fa1687447882","isOverride":false,"metadata":[],"name":"background","parameters":[],"scope":{"containerScope":{"containerScope":{"containerScope":{"contributions":{},"includedScopes":[]},"contributions":{},"includedScopes":[{"contributions":{},"includedScopes":[]},{"contributions":{},"includedScopes":[]},{"contributions":{},"includedScopes":[]},{"contributions":{},"includedScopes":[]},{"contributions":{},"includedScopes":[]},{"contributions":{},"includedScopes":[]}]},"contributions":{},"includedScopes":[{"containerScope":{"containerScope":{"containerScope":{"contributions":{},"includedScopes":[]},"contributions":{},"includedScopes":[]},"contributions":{},"includedScopes":[]},"contributions":{},"includedScopes":[]}]},"contributions":{},"includedScopes":[]}},{"body":{"id":"aeda1a14-f236-4c1b-8abb-08677871c44e","metadata":[],"scope":{"containerScope":{"containerScope":{"containerScope":{"containerScope":{"contributions":{},"includedScopes":[]},"contributions":{},"includedScopes":[{"contributions":{},"includedScopes":[]},{"contributions":{},"includedScopes":[]},{"contributions":{},"includedScopes":[]},{"contributions":{},"includedScopes":[]},{"contributions":{},"includedScopes":[]},{"contributions":{},"includedScopes":[]}]},"contributions":{},"includedScopes":[{"containerScope":{"containerScope":{"containerScope":{"contributions":{},"includedScopes":[]},"contributions":{},"includedScopes":[]},"contributions":{},"includedScopes":[]},"contributions":{},"includedScopes":[]}]},"contributions":{},"includedScopes":[]},"contributions":{},"includedScopes":[]},"sentences":[{"id":"9393859f-d0f1-4707-8d15-dedf3b925e14","metadata":[],"scope":{"containerScope":{"containerScope":{"containerScope":{"containerScope":{"containerScope":{"contributions":{},"includedScopes":[]},"contributions":{},"includedScopes":[{"contributions":{},"includedScopes":[]},{"contributions":{},"includedScopes":[]},{"contributions":{},"includedScopes":[]},{"contributions":{},"includedScopes":[]},{"contributions":{},"includedScopes":[]},{"contributions":{},"includedScopes":[]}]},"contributions":{},"includedScopes":[{"containerScope":{"containerScope":{"containerScope":{"contributions":{},"includedScopes":[]},"contributions":{},"includedScopes":[]},"contributions":{},"includedScopes":[]},"contributions":{},"includedScopes":[]}]},"contributions":{},"includedScopes":[]},"contributions":{},"includedScopes":[]},"contributions":{},"includedScopes":[]},"value":{"id":"e46f3f6a-6a94-4c2f-afc0-ce8cad6c90ca","metadata":[],"name":"<value>","scope":{"containerScope":{"containerScope":{"containerScope":{"containerScope":{"containerScope":{"containerScope":{"contributions":{},"includedScopes":[]},"contributions":{},"includedScopes":[{"contributions":{},"includedScopes":[]},{"contributions":{},"includedScopes":[]},{"contributions":{},"includedScopes":[]},{"contributions":{},"includedScopes":[]},{"contributions":{},"includedScopes":[]},{"contributions":{},"includedScopes":[]}]},"contributions":{},"includedScopes":[{"containerScope":{"containerScope":{"containerScope":{"contributions":{},"includedScopes":[]},"contributions":{},"includedScopes":[]},"contributions":{},"includedScopes":[]},"contributions":{},"includedScopes":[]}]},"contributions":{},"includedScopes":[]},"contributions":{},"includedScopes":[]},"contributions":{},"includedScopes":[]},"contributions":{},"includedScopes":[]}},"variable":{"id":"0f623415-dc16-43d8-b022-0e8d0c1d1d86","metadata":[],"name":"background","scope":{"containerScope":{"containerScope":{"containerScope":{"containerScope":{"containerScope":{"containerScope":{"contributions":{},"includedScopes":[]},"contributions":{},"includedScopes":[{"contributions":{},"includedScopes":[]},{"contributions":{},"includedScopes":[]},{"contributions":{},"includedScopes":[]},{"contributions":{},"includedScopes":[]},{"contributions":{},"includedScopes":[]},{"contributions":{},"includedScopes":[]}]},"contributions":{},"includedScopes":[{"containerScope":{"containerScope":{"containerScope":{"contributions":{},"includedScopes":[]},"contributions":{},"includedScopes":[]},"contributions":{},"includedScopes":[]},"contributions":{},"includedScopes":[]}]},"contributions":{},"includedScopes":[]},"contributions":{},"includedScopes":[]},"contributions":{},"includedScopes":[]},"contributions":{},"includedScopes":[]}}}]},"compiled":false,"id":"82c7ec1a-015e-4799-ab06-be3a0d4430d1","isOverride":false,"metadata":[],"name":"background","parameters":[{"id":"bd630d44-8072-433a-ae12-9b2ebad0a44c","isVarArg":false,"metadata":[],"name":"<value>","scope":{"containerScope":{"containerScope":{"containerScope":{"containerScope":{"contributions":{},"includedScopes":[]},"contributions":{},"includedScopes":[{"contributions":{},"includedScopes":[]},{"contributions":{},"includedScopes":[]},{"contributions":{},"includedScopes":[]},{"contributions":{},"includedScopes":[]},{"contributions":{},"includedScopes":[]},{"contributions":{},"includedScopes":[]}]},"contributions":{},"includedScopes":[{"containerScope":{"containerScope":{"containerScope":{"contributions":{},"includedScopes":[]},"contributions":{},"includedScopes":[]},"contributions":{},"includedScopes":[]},"contributions":{},"includedScopes":[]}]},"contributions":{},"includedScopes":[]},"contributions":{},"includedScopes":[]}}],"scope":{"containerScope":{"containerScope":{"containerScope":{"contributions":{},"includedScopes":[]},"contributions":{},"includedScopes":[{"contributions":{},"includedScopes":[]},{"contributions":{},"includedScopes":[]},{"contributions":{},"includedScopes":[]},{"contributions":{},"includedScopes":[]},{"contributions":{},"includedScopes":[]},{"contributions":{},"includedScopes":[]}]},"contributions":{},"includedScopes":[{"containerScope":{"containerScope":{"containerScope":{"contributions":{},"includedScopes":[]},"contributions":{},"includedScopes":[]},"contributions":{},"includedScopes":[]},"contributions":{},"includedScopes":[]}]},"contributions":{},"includedScopes":[]}}],"metadata":[],"name":"Nivel","problems":[{"code":"malformedMember","sourceMap":{"end":{"column":75,"line":321,"offset":10383},"start":{"column":9,"line":321,"offset":10317}}},{"code":"malformedMember","sourceMap":{"end":{"column":75,"line":322,"offset":10459},"start":{"column":9,"line":322,"offset":10393}}},{"code":"malformedMember","sourceMap":{"end":{"column":75,"line":323,"offset":10535},"start":{"column":9,"line":323,"offset":10469}}},{"code":"malformedMember","sourceMap":{"end":{"column":75,"line":324,"offset":10611},"start":{"column":9,"line":324,"offset":10545}}},{"code":"malformedMember","sourceMap":{"end":{"column":75,"line":325,"offset":10687},"start":{"column":9,"line":325,"offset":10621}}},{"code":"malformedMember","sourceMap":{"end":{"column":75,"line":326,"offset":10763},"start":{"column":9,"line":326,"offset":10697}}},{"code":"malformedMember","sourceMap":{"end":{"column":75,"line":327,"offset":10839},"start":{"column":9,"line":327,"offset":10773}}},{"code":"malformedMember","sourceMap":{"end":{"column":75,"line":328,"offset":10915},"start":{"column":9,"line":328,"offset":10849}}},{"code":"malformedMember","sourceMap":{"end":{"column":75,"line":329,"offset":10991},"start":{"column":9,"line":329,"offset":10925}}},{"code":"malformedMember","sourceMap":{"end":{"column":75,"line":330,"offset":11067},"start":{"column":9,"line":330,"offset":11001}}},{"code":"malformedMember","sourceMap":{"end":{"column":75,"line":331,"offset":11143},"start":{"column":9,"line":331,"offset":11077}}}],"scope":{"containerScope":{"containerScope":{"contributions":{},"includedScopes":[]},"contributions":{},"includedScopes":[{"contributions":{},"includedScopes":[]},{"contributions":{},"includedScopes":[]},{"contributions":{},"includedScopes":[]},{"contributions":{},"includedScopes":[]},{"contributions":{},"includedScopes":[]},{"contributions":{},"includedScopes":[]}]},"contributions":{},"includedScopes":[{"containerScope":{"containerScope":{"containerScope":{"contributions":{},"includedScopes":[]},"contributions":{},"includedScopes":[]},"contributions":{},"includedScopes":[]},"contributions":{},"includedScopes":[]}]},"sourceMap":{"end":{"column":2,"line":342,"offset":11514},"start":{"column":1,"line":317,"offset":10191}},"supertypes":[]},"stack":"Error: Failed to print, found malformed node\n    at c:\\Users\\zagum\\.vscode\\extensions\\uqbar.wollok-lsp-ide-0.5.4\\out\\server\\src\\server.js:68:3585\n    at Kbn (c:\\Users\\zagum\\.vscode\\extensions\\uqbar.wollok-lsp-ide-0.5.4\\out\\server\\src\\server.js:68:3396)\n    at c:\\Users\\zagum\\.vscode\\extensions\\uqbar.wollok-lsp-ide-0.5.4\\out\\server\\src\\server.js:2398:847\n    at c:\\Users\\zagum\\.vscode\\extensions\\uqbar.wollok-lsp-ide-0.5.4\\out\\server\\src\\server.js:2398:8440\n    at c:\\Users\\zagum\\.vscode\\extensions\\uqbar.wollok-lsp-ide-0.5.4\\out\\server\\src\\server.js:37:74770\n    at Ke (c:\\Users\\zagum\\.vscode\\extensions\\uqbar.wollok-lsp-ide-0.5.4\\out\\server\\src\\server.js:7:8527)\n    at Lt (c:\\Users\\zagum\\.vscode\\extensions\\uqbar.wollok-lsp-ide-0.5.4\\out\\server\\src\\server.js:7:6189)\n    at ct (c:\\Users\\zagum\\.vscode\\extensions\\uqbar.wollok-lsp-ide-0.5.4\\out\\server\\src\\server.js:7:6378)\n    at Immediate._onImmediate (c:\\Users\\zagum\\.vscode\\extensions\\uqbar.wollok-lsp-ide-0.5.4\\out\\server\\src\\server.js:7:6142)\n    at process.processImmediate (node:internal/timers:504:21)","timestamp":"2026-06-18T20:48:26.124Z"}
{"level":"error","message":"✘ Failed to get type description: Error: Failed to print, found malformed node Failed to print, found malformed node","node":{"id":"cde0069f-bc81-49dc-901c-ef384b83a72f","members":[{"id":"34c9f944-0cc1-421e-a687-e964d474d3df","isConstant":false,"isProperty":true,"metadata":[],"name":"background","scope":{"containerScope":{"containerScope":{"containerScope":{"contributions":{},"includedScopes":[]},"contributions":{},"includedScopes":[{"contributions":{},"includedScopes":[]},{"contributions":{},"includedScopes":[]},{"contributions":{},"includedScopes":[]},{"contributions":{},"includedScopes":[]},{"contributions":{},"includedScopes":[]},{"contributions":{},"includedScopes":[]}]},"contributions":{},"includedScopes":[{"containerScope":{"containerScope":{"containerScope":{"contributions":{},"includedScopes":[]},"contributions":{},"includedScopes":[]},"contributions":{},"includedScopes":[]},"contributions":{},"includedScopes":[]}]},"contributions":{},"includedScopes":[]},"sourceMap":{"end":{"column":74,"line":319,"offset":10280},"start":{"column":5,"line":319,"offset":10211}},"value":{"args":[{"id":"631509c3-f4cc-418c-bb3c-2a9bfc321ead","metadata":[],"name":"image","scope":{"containerScope":{"containerScope":{"containerScope":{"containerScope":{"containerScope":{"contributions":{},"includedScopes":[]},"contributions":{},"includedScopes":[{"contributions":{},"includedScopes":[]},{"contributions":{},"includedScopes":[]},{"contributions":{},"includedScopes":[]},{"contributions":{},"includedScopes":[]},{"contributions":{},"includedScopes":[]},{"contributions":{},"includedScopes":[]}]},"contributions":{},"includedScopes":[{"containerScope":{"containerScope":{"containerScope":{"contributions":{},"includedScopes":[]},"contributions":{},"includedScopes":[]},"contributions":{},"includedScopes":[]},"contributions":{},"includedScopes":[]}]},"contributions":{},"includedScopes":[]},"contributions":{},"includedScopes":[]},"contributions":{},"includedScopes":[]},"sourceMap":{"end":{"column":73,"line":319,"offset":10279},"start":{"column":41,"line":319,"offset":10247}},"value":{"args":[{"id":"660ebb4c-0a4c-47ee-ba23-57d53dbb6030","metadata":[],"scope":{"containerScope":{"containerScope":{"containerScope":{"containerScope":{"containerScope":{"containerScope":{"containerScope":{"contributions":{},"includedScopes":[]},"contributions":{},"includedScopes":[{"contributions":{},"includedScopes":[]},{"contributions":{},"includedScopes":[]},{"contributions":{},"includedScopes":[]},{"contributions":{},"includedScopes":[]},{"contributions":{},"includedScopes":[]},{"contributions":{},"includedScopes":[]}]},"contributions":{},"includedScopes":[{"containerScope":{"containerScope":{"containerScope":{"contributions":{},"includedScopes":[]},"contributions":{},"includedScopes":[]},"contributions":{},"includedScopes":[]},"contributions":{},"includedScopes":[]}]},"contributions":{},"includedScopes":[]},"contributions":{},"includedScopes":[]},"contributions":{},"includedScopes":[]},"contributions":{},"includedScopes":[]},"contributions":{},"includedScopes":[]},"sourceMap":{"end":{"column":73,"line":319,"offset":10279},"start":{"column":67,"line":319,"offset":10273}},"value":".png"}],"id":"b2e98a8d-526e-4bdd-ae84-6b7982278711","message":"+","metadata":[],"receiver":{"args":[],"id":"3d38c39f-1319-4d11-b1ef-2ca7ee10dc68","message":"toString","metadata":[],"receiver":{"id":"133617e8-c835-4884-baa7-df2193f20717","metadata":[],"scope":{"containerScope":{"containerScope":{"containerScope":{"containerScope":{"containerScope":{"containerScope":{"containerScope":{"containerScope":{"contributions":{},"includedScopes":[]},"contributions":{},"includedScopes":[{"contributions":{},"includedScopes":[]},{"contributions":{},"includedScopes":[]},{"contributions":{},"includedScopes":[]},{"contributions":{},"includedScopes":[]},{"contributions":{},"includedScopes":[]},{"contributions":{},"includedScopes":[]}]},"contributions":{},"includedScopes":[{"containerScope":{"containerScope":{"containerScope":{"contributions":{},"includedScopes":[]},"contributions":{},"includedScopes":[]},"contributions":{},"includedScopes":[]},"contributions":{},"includedScopes":[]}]},"contributions":{},"includedScopes":[]},"contributions":{},"includedScopes":[]},"contributions":{},"includedScopes":[]},"contributions":{},"includedScopes":[]},"contributions":{},"includedScopes":[]},"contributions":{},"includedScopes":[]},"sourceMap":{"end":{"column":53,"line":319,"offset":10259},"start":{"column":49,"line":319,"offset":10255}}},"scope":{"containerScope":{"containerScope":{"containerScope":{"containerScope":{"containerScope":{"containerScope":{"containerScope":{"contributions":{},"includedScopes":[]},"contributions":{},"includedScopes":[{"contributions":{},"includedScopes":[]},{"contributions":{},"includedScopes":[]},{"contributions":{},"includedScopes":[]},{"contributions":{},"includedScopes":[]},{"contributions":{},"includedScopes":[]},{"contributions":{},"includedScopes":[]}]},"contributions":{},"includedScopes":[{"containerScope":{"containerScope":{"containerScope":{"contributions":{},"includedScopes":[]},"contributions":{},"includedScopes":[]},"contributions":{},"includedScopes":[]},"contributions":{},"includedScopes":[]}]},"contributions":{},"includedScopes":[]},"contributions":{},"includedScopes":[]},"contributions":{},"includedScopes":[]},"contributions":{},"includedScopes":[]},"contributions":{},"includedScopes":[]},"sourceMap":{"end":{"column":64,"line":319,"offset":10270},"start":{"column":49,"line":319,"offset":10255}}},"scope":{"containerScope":{"containerScope":{"containerScope":{"containerScope":{"containerScope":{"containerScope":{"contributions":{},"includedScopes":[]},"contributions":{},"includedScopes":[{"contributions":{},"includedScopes":[]},{"contributions":{},"includedScopes":[]},{"contributions":{},"includedScopes":[]},{"contributions":{},"includedScopes":[]},{"contributions":{},"includedScopes":[]},{"contributions":{},"includedScopes":[]}]},"contributions":{},"includedScopes":[{"containerScope":{"containerScope":{"containerScope":{"contributions":{},"includedScopes":[]},"contributions":{},"includedScopes":[]},"contributions":{},"includedScopes":[]},"contributions":{},"includedScopes":[]}]},"contributions":{},"includedScopes":[]},"contributions":{},"includedScopes":[]},"contributions":{},"includedScopes":[]},"contributions":{},"includedScopes":[]},"sourceMap":{"end":{"column":73,"line":319,"offset":10279},"start":{"column":49,"line":319,"offset":10255}}}}],"id":"20850795-6421-41a3-a15e-85221d25968c","instantiated":{"id":"1f64dbb7-ee44-4b2b-983d-d98377d214db","metadata":[],"name":"Fondo","scope":{"containerScope":{"containerScope":{"containerScope":{"containerScope":{"containerScope":{"contributions":{},"includedScopes":[]},"contributions":{},"includedScopes":[{"contributions":{},"includedScopes":[]},{"contributions":{},"includedScopes":[]},{"contributions":{},"includedScopes":[]},{"contributions":{},"includedScopes":[]},{"contributions":{},"includedScopes":[]},{"contributions":{},"includedScopes":[]}]},"contributions":{},"includedScopes":[{"containerScope":{"containerScope":{"containerScope":{"contributions":{},"includedScopes":[]},"contributions":{},"includedScopes":[]},"contributions":{},"includedScopes":[]},"contributions":{},"includedScopes":[]}]},"contributions":{},"includedScopes":[]},"contributions":{},"includedScopes":[]},"contributions":{},"includedScopes":[]},"sourceMap":{"end":{"column":40,"line":319,"offset":10246},"start":{"column":35,"line":319,"offset":10241}}},"metadata":[],"scope":{"containerScope":{"containerScope":{"containerScope":{"containerScope":{"contributions":{},"includedScopes":[]},"contributions":{},"includedScopes":[{"contributions":{},"includedScopes":[]},{"contributions":{},"includedScopes":[]},{"contributions":{},"includedScopes":[]},{"contributions":{},"includedScopes":[]},{"contributions":{},"includedScopes":[]},{"contributions":{},"includedScopes":[]}]},"contributions":{},"includedScopes":[{"containerScope":{"containerScope":{"containerScope":{"contributions":{},"includedScopes":[]},"contributions":{},"includedScopes":[]},"contributions":{},"includedScopes":[]},"contributions":{},"includedScopes":[]}]},"contributions":{},"includedScopes":[]},"contributions":{},"includedScopes":[]},"sourceMap":{"end":{"column":74,"line":319,"offset":10280},"start":{"column":31,"line":319,"offset":10237}}}},{"body":{"id":"396a1fb3-8f67-40f1-baed-47218f22c5a4","metadata":[],"problems":[{"code":"malformedSentence","sourceMap":{"end":{"column":26,"line":320,"offset":10307},"start":{"column":25,"line":320,"offset":10306}}}],"scope":{"containerScope":{"containerScope":{"containerScope":{"containerScope":{"contributions":{},"includedScopes":[]},"contributions":{},"includedScopes":[{"contributions":{},"includedScopes":[]},{"contributions":{},"includedScopes":[]},{"contributions":{},"includedScopes":[]},{"contributions":{},"includedScopes":[]},{"contributions":{},"includedScopes":[]},{"contributions":{},"includedScopes":[]}]},"contributions":{},"includedScopes":[{"containerScope":{"containerScope":{"containerScope":{"contributions":{},"includedScopes":[]},"contributions":{},"includedScopes":[]},"contributions":{},"includedScopes":[]},"contributions":{},"includedScopes":[]}]},"contributions":{},"includedScopes":[]},"contributions":{},"includedScopes":[]},"sentences":[],"sourceMap":{"end":{"column":26,"line":320,"offset":10307},"start":{"column":25,"line":320,"offset":10306}}},"compiled":false,"id":"4d1c8c68-36f6-4dad-b7c2-09e5b2d4eaa0","isOverride":false,"metadata":[],"name":"mapaData","parameters":[],"problems":[],"scope":{"containerScope":{"containerScope":{"containerScope":{"contributions":{},"includedScopes":[]},"contributions":{},"includedScopes":[{"contributions":{},"includedScopes":[]},{"contributions":{},"includedScopes":[]},{"contributions":{},"includedScopes":[]},{"contributions":{},"includedScopes":[]},{"contributions":{},"includedScopes":[]},{"contributions":{},"includedScopes":[]}]},"contributions":{},"includedScopes":[{"containerScope":{"containerScope":{"containerScope":{"contributions":{},"includedScopes":[]},"contributions":{},"includedScopes":[]},"contributions":{},"includedScopes":[]},"contributions":{},"includedScopes":[]}]},"contributions":{},"includedScopes":[]},"sourceMap":{"end":{"column":26,"line":320,"offset":10307},"start":{"column":5,"line":320,"offset":10286}}},{"body":{"id":"0efe9b10-0e16-4144-8ef9-6ebba4de22fe","metadata":[],"problems":[],"scope":{"containerScope":{"containerScope":{"containerScope":{"containerScope":{"contributions":{},"includedScopes":[]},"contributions":{},"includedScopes":[{"contributions":{},"includedScopes":[]},{"contributions":{},"includedScopes":[]},{"contributions":{},"includedScopes":[]},{"contributions":{},"includedScopes":[]},{"contributions":{},"includedScopes":[]},{"contributions":{},"includedScopes":[]}]},"contributions":{},"includedScopes":[{"containerScope":{"containerScope":{"containerScope":{"contributions":{},"includedScopes":[]},"contributions":{},"includedScopes":[]},"contributions":{},"includedScopes":[]},"contributions":{},"includedScopes":[]}]},"contributions":{},"includedScopes":[]},"contributions":{},"includedScopes":[]},"sentences":[{"id":"66039781-42be-465a-b14d-0e43d0269114","metadata":[],"scope":{"containerScope":{"containerScope":{"containerScope":{"containerScope":{"containerScope":{"contributions":{},"includedScopes":[]},"contributions":{},"includedScopes":[{"contributions":{},"includedScopes":[]},{"contributions":{},"includedScopes":[]},{"contributions":{},"includedScopes":[]},{"contributions":{},"includedScopes":[]},{"contributions":{},"includedScopes":[]},{"contributions":{},"includedScopes":[]}]},"contributions":{},"includedScopes":[{"containerScope":{"containerScope":{"containerScope":{"contributions":{},"includedScopes":[]},"contributions":{},"includedScopes":[]},"contributions":{},"includedScopes":[]},"contributions":{},"includedScopes":[]}]},"contributions":{},"includedScopes":[]},"contributions":{},"includedScopes":[]},"contributions":{},"includedScopes":[]},"value":{"id":"1f1d3e28-a0e8-4e68-b361-fcc490d99fbe","metadata":[],"scope":{"containerScope":{"containerScope":{"containerScope":{"containerScope":{"containerScope":{"containerScope":{"contributions":{},"includedScopes":[]},"contributions":{},"includedScopes":[{"contributions":{},"includedScopes":[]},{"contributions":{},"includedScopes":[]},{"contributions":{},"includedScopes":[]},{"contributions":{},"includedScopes":[]},{"contributions":{},"includedScopes":[]},{"contributions":{},"includedScopes":[]}]},"contributions":{},"includedScopes":[{"containerScope":{"containerScope":{"containerScope":{"contributions":{},"includedScopes":[]},"contributions":{},"includedScopes":[]},"contributions":{},"includedScopes":[]},"contributions":{},"includedScopes":[]}]},"contributions":{},"includedScopes":[]},"contributions":{},"includedScopes":[]},"contributions":{},"includedScopes":[]},"contributions":{},"includedScopes":[]},"sourceMap":{"end":{"column":57,"line":332,"offset":11201},"start":{"column":29,"line":332,"offset":11173}},"value":[{"id":"e2bc949f-e27c-48d5-91d6-2a62e8d7b1bc","metadata":[],"name":"wollok.lang.List","scope":{"containerScope":{"containerScope":{"containerScope":{"containerScope":{"containerScope":{"containerScope":{"containerScope":{"contributions":{},"includedScopes":[]},"contributions":{},"includedScopes":[{"contributions":{},"includedScopes":[]},{"contributions":{},"includedScopes":[]},{"contributions":{},"includedScopes":[]},{"contributions":{},"includedScopes":[]},{"contributions":{},"includedScopes":[]},{"contributions":{},"includedScopes":[]}]},"contributions":{},"includedScopes":[{"containerScope":{"containerScope":{"containerScope":{"contributions":{},"includedScopes":[]},"contributions":{},"includedScopes":[]},"contributions":{},"includedScopes":[]},"contributions":{},"includedScopes":[]}]},"contributions":{},"includedScopes":[]},"contributions":{},"includedScopes":[]},"contributions":{},"includedScopes":[]},"contributions":{},"includedScopes":[]},"contributions":{},"includedScopes":[]}},[{"id":"f8def910-7ad3-48cb-b388-fa161ffdbe5d","metadata":[],"scope":{"containerScope":{"containerScope":{"containerScope":{"containerScope":{"containerScope":{"containerScope":{"containerScope":{"contributions":{},"includedScopes":[]},"contributions":{},"includedScopes":[{"contributions":{},"includedScopes":[]},{"contributions":{},"includedScopes":[]},{"contributions":{},"includedScopes":[]},{"contributions":{},"includedScopes":[]},{"contributions":{},"includedScopes":[]},{"contributions":{},"includedScopes":[]}]},"contributions":{},"includedScopes":[{"containerScope":{"containerScope":{"containerScope":{"contributions":{},"includedScopes":[]},"contributions":{},"includedScopes":[]},"contributions":{},"includedScopes":[]},"contributions":{},"includedScopes":[]}]},"contributions":{},"includedScopes":[]},"contributions":{},"includedScopes":[]},"contributions":{},"includedScopes":[]},"contributions":{},"includedScopes":[]},"contributions":{},"includedScopes":[]},"sourceMap":{"end":{"column":42,"line":332,"offset":11186},"start":{"column":30,"line":332,"offset":11174}},"value":"fondo1.mp3"},{"id":"cfe45d6b-2232-484f-9a05-dc15b4e9afa5","metadata":[],"scope":{"containerScope":{"containerScope":{"containerScope":{"containerScope":{"containerScope":{"containerScope":{"containerScope":{"contributions":{},"includedScopes":[]},"contributions":{},"includedScopes":[{"contributions":{},"includedScopes":[]},{"contributions":{},"includedScopes":[]},{"contributions":{},"includedScopes":[]},{"contributions":{},"includedScopes":[]},{"contributions":{},"includedScopes":[]},{"contributions":{},"includedScopes":[]}]},"contributions":{},"includedScopes":[{"containerScope":{"containerScope":{"containerScope":{"contributions":{},"includedScopes":[]},"contributions":{},"includedScopes":[]},"contributions":{},"includedScopes":[]},"contributions":{},"includedScopes":[]}]},"contributions":{},"includedScopes":[]},"contributions":{},"includedScopes":[]},"contributions":{},"includedScopes":[]},"contributions":{},"includedScopes":[]},"contributions":{},"includedScopes":[]},"sourceMap":{"end":{"column":56,"line":332,"offset":11200},"start":{"column":44,"line":332,"offset":11188}},"value":"fondo2.mp3"}]]}}],"sourceMap":{"end":{"column":57,"line":332,"offset":11201},"start":{"column":29,"line":332,"offset":11173}}},"compiled":false,"id":"b8e8b8a1-d0ee-4a6a-95ef-d6905d9c644f","isOverride":false,"metadata":[],"name":"musicasFondo","parameters":[],"problems":[],"scope":{"containerScope":{"containerScope":{"containerScope":{"contributions":{},"includedScopes":[]},"contributions":{},"includedScopes":[{"contributions":{},"includedScopes":[]},{"contributions":{},"includedScopes":[]},{"contributions":{},"includedScopes":[]},{"contributions":{},"includedScopes":[]},{"contributions":{},"includedScopes":[]},{"contributions":{},"includedScopes":[]}]},"contributions":{},"includedScopes":[{"containerScope":{"containerScope":{"containerScope":{"contributions":{},"includedScopes":[]},"contributions":{},"includedScopes":[]},"contributions":{},"includedScopes":[]},"contributions":{},"includedScopes":[]}]},"contributions":{},"includedScopes":[]},"sourceMap":{"end":{"column":57,"line":332,"offset":11201},"start":{"column":5,"line":332,"offset":11149}}},{"body":{"id":"5426a5cc-9619-4be8-8001-9ff2224d7289","metadata":[],"problems":[],"scope":{"containerScope":{"containerScope":{"containerScope":{"containerScope":{"contributions":{},"includedScopes":[]},"contributions":{},"includedScopes":[{"contributions":{},"includedScopes":[]},{"contributions":{},"includedScopes":[]},{"contributions":{},"includedScopes":[]},{"contributions":{},"includedScopes":[]},{"contributions":{},"includedScopes":[]},{"contributions":{},"includedScopes":[]}]},"contributions":{},"includedScopes":[{"containerScope":{"containerScope":{"containerScope":{"contributions":{},"includedScopes":[]},"contributions":{},"includedScopes":[]},"contributions":{},"includedScopes":[]},"contributions":{},"includedScopes":[]}]},"contributions":{},"includedScopes":[]},"contributions":{},"includedScopes":[]},"sentences":[{"id":"717b4968-fcd7-4839-acd2-472e6d6f84e3","metadata":[],"scope":{"containerScope":{"containerScope":{"containerScope":{"containerScope":{"containerScope":{"contributions":{},"includedScopes":[]},"contributions":{},"includedScopes":[{"contributions":{},"includedScopes":[]},{"contributions":{},"includedScopes":[]},{"contributions":{},"includedScopes":[]},{"contributions":{},"includedScopes":[]},{"contributions":{},"includedScopes":[]},{"contributions":{},"includedScopes":[]}]},"contributions":{},"includedScopes":[{"containerScope":{"containerScope":{"containerScope":{"contributions":{},"includedScopes":[]},"contributions":{},"includedScopes":[]},"contributions":{},"includedScopes":[]},"contributions":{},"includedScopes":[]}]},"contributions":{},"includedScopes":[]},"contributions":{},"includedScopes":[]},"contributions":{},"includedScopes":[]},"value":{"id":"d0351abd-acfe-4d87-b6de-99b4946c8be2","metadata":[],"scope":{"containerScope":{"containerScope":{"containerScope":{"containerScope":{"containerScope":{"containerScope":{"contributions":{},"includedScopes":[]},"contributions":{},"includedScopes":[{"contributions":{},"includedScopes":[]},{"contributions":{},"includedScopes":[]},{"contributions":{},"includedScopes":[]},{"contributions":{},"includedScopes":[]},{"contributions":{},"includedScopes":[]},{"contributions":{},"includedScopes":[]}]},"contributions":{},"includedScopes":[{"containerScope":{"containerScope":{"containerScope":{"contributions":{},"includedScopes":[]},"contributions":{},"includedScopes":[]},"contributions":{},"includedScopes":[]},"contributions":{},"includedScopes":[]}]},"contributions":{},"includedScopes":[]},"contributions":{},"includedScopes":[]},"contributions":{},"includedScopes":[]},"contributions":{},"includedScopes":[]},"sourceMap":{"end":{"column":48,"line":334,"offset":11252},"start":{"column":31,"line":334,"offset":11235}},"value":[{"id":"8d761f04-dee0-44c9-b2d6-1e7863f98d8c","metadata":[],"name":"wollok.lang.List","scope":{"containerScope":{"containerScope":{"containerScope":{"containerScope":{"containerScope":{"containerScope":{"containerScope":{"contributions":{},"includedScopes":[]},"contributions":{},"includedScopes":[{"contributions":{},"includedScopes":[]},{"contributions":{},"includedScopes":[]},{"contributions":{},"includedScopes":[]},{"contributions":{},"includedScopes":[]},{"contributions":{},"includedScopes":[]},{"contributions":{},"includedScopes":[]}]},"contributions":{},"includedScopes":[{"containerScope":{"containerScope":{"containerScope":{"contributions":{},"includedScopes":[]},"contributions":{},"includedScopes":[]},"contributions":{},"includedScopes":[]},"contributions":{},"includedScopes":[]}]},"contributions":{},"includedScopes":[]},"contributions":{},"includedScopes":[]},"contributions":{},"includedScopes":[]},"contributions":{},"includedScopes":[]},"contributions":{},"includedScopes":[]}},[{"args":[],"id":"01d0aab6-548e-43e5-b034-e0904e9c2bed","message":"palancas","metadata":[],"receiver":{"id":"602143fb-c43c-46a8-b2bb-7a1209e9403d","metadata":[],"scope":{"containerScope":{"containerScope":{"containerScope":{"containerScope":{"containerScope":{"containerScope":{"containerScope":{"containerScope":{"contributions":{},"includedScopes":[]},"contributions":{},"includedScopes":[{"contributions":{},"includedScopes":[]},{"contributions":{},"includedScopes":[]},{"contributions":{},"includedScopes":[]},{"contributions":{},"includedScopes":[]},{"contributions":{},"includedScopes":[]},{"contributions":{},"includedScopes":[]}]},"contributions":{},"includedScopes":[{"containerScope":{"containerScope":{"containerScope":{"contributions":{},"includedScopes":[]},"contributions":{},"includedScopes":[]},"contributions":{},"includedScopes":[]},"contributions":{},"includedScopes":[]}]},"contributions":{},"includedScopes":[]},"contributions":{},"includedScopes":[]},"contributions":{},"includedScopes":[]},"contributions":{},"includedScopes":[]},"contributions":{},"includedScopes":[]},"contributions":{},"includedScopes":[]},"sourceMap":{"end":{"column":36,"line":334,"offset":11240},"start":{"column":32,"line":334,"offset":11236}}},"scope":{"containerScope":{"containerScope":{"containerScope":{"containerScope":{"containerScope":{"containerScope":{"containerScope":{"contributions":{},"includedScopes":[]},"contributions":{},"includedScopes":[{"contributions":{},"includedScopes":[]},{"contributions":{},"includedScopes":[]},{"contributions":{},"includedScopes":[]},{"contributions":{},"includedScopes":[]},{"contributions":{},"includedScopes":[]},{"contributions":{},"includedScopes":[]}]},"contributions":{},"includedScopes":[{"containerScope":{"containerScope":{"containerScope":{"contributions":{},"includedScopes":[]},"contributions":{},"includedScopes":[]},"contributions":{},"includedScopes":[]},"contributions":{},"includedScopes":[]}]},"contributions":{},"includedScopes":[]},"contributions":{},"includedScopes":[]},"contributions":{},"includedScopes":[]},"contributions":{},"includedScopes":[]},"contributions":{},"includedScopes":[]},"sourceMap":{"end":{"column":47,"line":334,"offset":11251},"start":{"column":32,"line":334,"offset":11236}}}]]}}],"sourceMap":{"end":{"column":48,"line":334,"offset":11252},"start":{"column":31,"line":334,"offset":11235}}},"compiled":false,"id":"b59331da-8451-44b6-9956-825bd6c937f9","isOverride":false,"metadata":[],"name":"interactuables","parameters":[],"problems":[],"scope":{"containerScope":{"containerScope":{"containerScope":{"contributions":{},"includedScopes":[]},"contributions":{},"includedScopes":[{"contributions":{},"includedScopes":[]},{"contributions":{},"includedScopes":[]},{"contributions":{},"includedScopes":[]},{"contributions":{},"includedScopes":[]},{"contributions":{},"includedScopes":[]},{"contributions":{},"includedScopes":[]}]},"contributions":{},"includedScopes":[{"containerScope":{"containerScope":{"containerScope":{"contributions":{},"includedScopes":[]},"contributions":{},"includedScopes":[]},"contributions":{},"includedScopes":[]},"contributions":{},"includedScopes":[]}]},"contributions":{},"includedScopes":[]},"sourceMap":{"end":{"column":48,"line":334,"offset":11252},"start":{"column":5,"line":334,"offset":11209}}},{"body":{"id":"12a50449-3431-4b24-9eff-e7dc4ac46350","metadata":[],"problems":[],"scope":{"containerScope":{"containerScope":{"containerScope":{"containerScope":{"contributions":{},"includedScopes":[]},"contributions":{},"includedScopes":[{"contributions":{},"includedScopes":[]},{"contributions":{},"includedScopes":[]},{"contributions":{},"includedScopes":[]},{"contributions":{},"includedScopes":[]},{"contributions":{},"includedScopes":[]},{"contributions":{},"includedScopes":[]}]},"contributions":{},"includedScopes":[{"containerScope":{"containerScope":{"containerScope":{"contributions":{},"includedScopes":[]},"contributions":{},"includedScopes":[]},"contributions":{},"includedScopes":[]},"contributions":{},"includedScopes":[]}]},"contributions":{},"includedScopes":[]},"contributions":{},"includedScopes":[]},"sentences":[{"id":"ed450529-7606-43a6-8424-88ad5d671010","metadata":[],"scope":{"containerScope":{"containerScope":{"containerScope":{"containerScope":{"containerScope":{"contributions":{},"includedScopes":[]},"contributions":{},"includedScopes":[{"contributions":{},"includedScopes":[]},{"contributions":{},"includedScopes":[]},{"contributions":{},"includedScopes":[]},{"contributions":{},"includedScopes":[]},{"contributions":{},"includedScopes":[]},{"contributions":{},"includedScopes":[]}]},"contributions":{},"includedScopes":[{"containerScope":{"containerScope":{"containerScope":{"contributions":{},"includedScopes":[]},"contributions":{},"includedScopes":[]},"contributions":{},"includedScopes":[]},"contributions":{},"includedScopes":[]}]},"contributions":{},"includedScopes":[]},"contributions":{},"includedScopes":[]},"contributions":{},"includedScopes":[]},"value":{"id":"46643896-f804-4976-928b-e49201d83acc","metadata":[],"scope":{"containerScope":{"containerScope":{"containerScope":{"containerScope":{"containerScope":{"containerScope":{"contributions":{},"includedScopes":[]},"contributions":{},"includedScopes":[{"contributions":{},"includedScopes":[]},{"contributions":{},"includedScopes":[]},{"contributions":{},"includedScopes":[]},{"contributions":{},"includedScopes":[]},{"contributions":{},"includedScopes":[]},{"contributions":{},"includedScopes":[]}]},"contributions":{},"includedScopes":[{"containerScope":{"containerScope":{"containerScope":{"contributions":{},"includedScopes":[]},"contributions":{},"includedScopes":[]},"contributions":{},"includedScopes":[]},"contributions":{},"includedScopes":[]}]},"contributions":{},"includedScopes":[]},"contributions":{},"includedScopes":[]},"contributions":{},"includedScopes":[]},"contributions":{},"includedScopes":[]},"sourceMap":{"end":{"column":65,"line":335,"offset":11318},"start":{"column":25,"line":335,"offset":11278}},"value":[{"id":"b39e150e-1d0c-4696-b696-6377cf751857","metadata":[],"name":"wollok.lang.List","scope":{"containerScope":{"containerScope":{"containerScope":{"containerScope":{"containerScope":{"containerScope":{"containerScope":{"contributions":{},"includedScopes":[]},"contributions":{},"includedScopes":[{"contributions":{},"includedScopes":[]},{"contributions":{},"includedScopes":[]},{"contributions":{},"includedScopes":[]},{"contributions":{},"includedScopes":[]},{"contributions":{},"includedScopes":[]},{"contributions":{},"includedScopes":[]}]},"contributions":{},"includedScopes":[{"containerScope":{"containerScope":{"containerScope":{"contributions":{},"includedScopes":[]},"contributions":{},"includedScopes":[]},"contributions":{},"includedScopes":[]},"contributions":{},"includedScopes":[]}]},"contributions":{},"includedScopes":[]},"contributions":{},"includedScopes":[]},"contributions":{},"includedScopes":[]},"contributions":{},"includedScopes":[]},"contributions":{},"includedScopes":[]}},[{"args":[],"id":"d89f558b-0103-4ee4-a659-3f47fc6e66c9","message":"teletransportes","metadata":[],"receiver":{"id":"5bf863c8-c815-4596-bfde-9815990c06fe","metadata":[],"scope":{"containerScope":{"containerScope":{"containerScope":{"containerScope":{"containerScope":{"containerScope":{"containerScope":{"containerScope":{"contributions":{},"includedScopes":[]},"contributions":{},"includedScopes":[{"contributions":{},"includedScopes":[]},{"contributions":{},"includedScopes":[]},{"contributions":{},"includedScopes":[]},{"contributions":{},"includedScopes":[]},{"contributions":{},"includedScopes":[]},{"contributions":{},"includedScopes":[]}]},"contributions":{},"includedScopes":[{"containerScope":{"containerScope":{"containerScope":{"contributions":{},"includedScopes":[]},"contributions":{},"includedScopes":[]},"contributions":{},"includedScopes":[]},"contributions":{},"includedScopes":[]}]},"contributions":{},"includedScopes":[]},"contributions":{},"includedScopes":[]},"contributions":{},"includedScopes":[]},"contributions":{},"includedScopes":[]},"contributions":{},"includedScopes":[]},"contributions":{},"includedScopes":[]},"sourceMap":{"end":{"column":30,"line":335,"offset":11283},"start":{"column":26,"line":335,"offset":11279}}},"scope":{"containerScope":{"containerScope":{"containerScope":{"containerScope":{"containerScope":{"containerScope":{"containerScope":{"contributions":{},"includedScopes":[]},"contributions":{},"includedScopes":[{"contributions":{},"includedScopes":[]},{"contributions":{},"includedScopes":[]},{"contributions":{},"includedScopes":[]},{"contributions":{},"includedScopes":[]},{"contributions":{},"includedScopes":[]},{"contributions":{},"includedScopes":[]}]},"contributions":{},"includedScopes":[{"containerScope":{"containerScope":{"containerScope":{"contributions":{},"includedScopes":[]},"contributions":{},"includedScopes":[]},"contributions":{},"includedScopes":[]},"contributions":{},"includedScopes":[]}]},"contributions":{},"includedScopes":[]},"contributions":{},"includedScopes":[]},"contributions":{},"includedScopes":[]},"contributions":{},"includedScopes":[]},"contributions":{},"includedScopes":[]},"sourceMap":{"end":{"column":48,"line":335,"offset":11301},"start":{"column":26,"line":335,"offset":11279}}},{"args":[],"id":"dc47e82e-89cc-4f58-9834-5973d542adcf","message":"botones","metadata":[],"receiver":{"id":"7dd5aa12-48a5-4c13-9f92-a841a3c43d72","metadata":[],"scope":{"containerScope":{"containerScope":{"containerScope":{"containerScope":{"containerScope":{"containerScope":{"containerScope":{"containerScope":{"contributions":{},"includedScopes":[]},"contributions":{},"includedScopes":[{"contributions":{},"includedScopes":[]},{"contributions":{},"includedScopes":[]},{"contributions":{},"includedScopes":[]},{"contributions":{},"includedScopes":[]},{"contributions":{},"includedScopes":[]},{"contributions":{},"includedScopes":[]}]},"contributions":{},"includedScopes":[{"containerScope":{"containerScope":{"containerScope":{"contributions":{},"includedScopes":[]},"contributions":{},"includedScopes":[]},"contributions":{},"includedScopes":[]},"contributions":{},"includedScopes":[]}]},"contributions":{},"includedScopes":[]},"contributions":{},"includedScopes":[]},"contributions":{},"includedScopes":[]},"contributions":{},"includedScopes":[]},"contributions":{},"includedScopes":[]},"contributions":{},"includedScopes":[]},"sourceMap":{"end":{"column":54,"line":335,"offset":11307},"start":{"column":50,"line":335,"offset":11303}}},"scope":{"containerScope":{"containerScope":{"containerScope":{"containerScope":{"containerScope":{"containerScope":{"containerScope":{"contributions":{},"includedScopes":[]},"contributions":{},"includedScopes":[{"contributions":{},"includedScopes":[]},{"contributions":{},"includedScopes":[]},{"contributions":{},"includedScopes":[]},{"contributions":{},"includedScopes":[]},{"contributions":{},"includedScopes":[]},{"contributions":{},"includedScopes":[]}]},"contributions":{},"includedScopes":[{"containerScope":{"containerScope":{"containerScope":{"contributions":{},"includedScopes":[]},"contributions":{},"includedScopes":[]},"contributions":{},"includedScopes":[]},"contributions":{},"includedScopes":[]}]},"contributions":{},"includedScopes":[]},"contributions":{},"includedScopes":[]},"contributions":{},"includedScopes":[]},"contributions":{},"includedScopes":[]},"contributions":{},"includedScopes":[]},"sourceMap":{"end":{"column":64,"line":335,"offset":11317},"start":{"column":50,"line":335,"offset":11303}}}]]}}],"sourceMap":{"end":{"column":65,"line":335,"offset":11318},"start":{"column":25,"line":335,"offset":11278}}},"compiled":false,"id":"fe0f2a92-af32-4b43-8a43-14916b751366","isOverride":false,"metadata":[],"name":"pisables","parameters":[],"problems":[],"scope":{"containerScope":{"containerScope":{"containerScope":{"contributions":{},"includedScopes":[]},"contributions":{},"includedScopes":[{"contributions":{},"includedScopes":[]},{"contributions":{},"includedScopes":[]},{"contributions":{},"includedScopes":[]},{"contributions":{},"includedScopes":[]},{"contributions":{},"includedScopes":[]},{"contributions":{},"includedScopes":[]}]},"contributions":{},"includedScopes":[{"containerScope":{"containerScope":{"containerScope":{"contributions":{},"includedScopes":[]},"contributions":{},"includedScopes":[]},"contributions":{},"includedScopes":[]},"contributions":{},"includedScopes":[]}]},"contributions":{},"includedScopes":[]},"sourceMap":{"end":{"column":65,"line":335,"offset":11318},"start":{"column":5,"line":335,"offset":11258}}},{"body":{"id":"329489fa-e368-4a39-94a7-20e552853fe2","metadata":[],"problems":[],"scope":{"containerScope":{"containerScope":{"containerScope":{"containerScope":{"contributions":{},"includedScopes":[]},"contributions":{},"includedScopes":[{"contributions":{},"includedScopes":[]},{"contributions":{},"includedScopes":[]},{"contributions":{},"includedScopes":[]},{"contributions":{},"includedScopes":[]},{"contributions":{},"includedScopes":[]},{"contributions":{},"includedScopes":[]}]},"contributions":{},"includedScopes":[{"containerScope":{"containerScope":{"containerScope":{"contributions":{},"includedScopes":[]},"contributions":{},"includedScopes":[]},"contributions":{},"includedScopes":[]},"contributions":{},"includedScopes":[]}]},"contributions":{},"includedScopes":[]},"contributions":{},"includedScopes":[]},"sentences":[{"id":"9e7a703b-10f7-4a51-9fe1-a9d8f878b521","metadata":[],"scope":{"containerScope":{"containerScope":{"containerScope":{"containerScope":{"containerScope":{"contributions":{},"includedScopes":[]},"contributions":{},"includedScopes":[{"contributions":{},"includedScopes":[]},{"contributions":{},"includedScopes":[]},{"contributions":{},"includedScopes":[]},{"contributions":{},"includedScopes":[]},{"contributions":{},"includedScopes":[]},{"contributions":{},"includedScopes":[]}]},"contributions":{},"includedScopes":[{"containerScope":{"containerScope":{"containerScope":{"contributions":{},"includedScopes":[]},"contributions":{},"includedScopes":[]},"contributions":{},"includedScopes":[]},"contributions":{},"includedScopes":[]}]},"contributions":{},"includedScopes":[]},"contributions":{},"includedScopes":[]},"contributions":{},"includedScopes":[]},"value":{"id":"34c6e05d-9048-4fe8-9538-2e070df07285","metadata":[],"scope":{"containerScope":{"containerScope":{"containerScope":{"containerScope":{"containerScope":{"containerScope":{"contributions":{},"includedScopes":[]},"contributions":{},"includedScopes":[{"contributions":{},"includedScopes":[]},{"contributions":{},"includedScopes":[]},{"contributions":{},"includedScopes":[]},{"contributions":{},"includedScopes":[]},{"contributions":{},"includedScopes":[]},{"contributions":{},"includedScopes":[]}]},"contributions":{},"includedScopes":[{"containerScope":{"containerScope":{"containerScope":{"contributions":{},"includedScopes":[]},"contributions":{},"includedScopes":[]},"contributions":{},"includedScopes":[]},"contributions":{},"includedScopes":[]}]},"contributions":{},"includedScopes":[]},"contributions":{},"includedScopes":[]},"contributions":{},"includedScopes":[]},"contributions":{},"includedScopes":[]},"sourceMap":{"end":{"column":27,"line":337,"offset":11349},"start":{"column":25,"line":337,"offset":11347}},"value":[{"id":"444150fe-5257-486c-82c7-b774bcb9e903","metadata":[],"name":"wollok.lang.List","scope":{"containerScope":{"containerScope":{"containerScope":{"containerScope":{"containerScope":{"containerScope":{"containerScope":{"contributions":{},"includedScopes":[]},"contributions":{},"includedScopes":[{"contributions":{},"includedScopes":[]},{"contributions":{},"includedScopes":[]},{"contributions":{},"includedScopes":[]},{"contributions":{},"includedScopes":[]},{"contributions":{},"includedScopes":[]},{"contributions":{},"includedScopes":[]}]},"contributions":{},"includedScopes":[{"containerScope":{"containerScope":{"containerScope":{"contributions":{},"includedScopes":[]},"contributions":{},"includedScopes":[]},"contributions":{},"includedScopes":[]},"contributions":{},"includedScopes":[]}]},"contributions":{},"includedScopes":[]},"contributions":{},"includedScopes":[]},"contributions":{},"includedScopes":[]},"contributions":{},"includedScopes":[]},"contributions":{},"includedScopes":[]}},[]]}}],"sourceMap":{"end":{"column":27,"line":337,"offset":11349},"start":{"column":25,"line":337,"offset":11347}}},"compiled":false,"id":"6e845031-f175-4056-97b1-e01e238eb40f","isOverride":false,"metadata":[],"name":"palancas","parameters":[],"problems":[],"scope":{"containerScope":{"containerScope":{"containerScope":{"contributions":{},"includedScopes":[]},"contributions":{},"includedScopes":[{"contributions":{},"includedScopes":[]},{"contributions":{},"includedScopes":[]},{"contributions":{},"includedScopes":[]},{"contributions":{},"includedScopes":[]},{"contributions":{},"includedScopes":[]},{"contributions":{},"includedScopes":[]}]},"contributions":{},"includedScopes":[{"containerScope":{"containerScope":{"containerScope":{"contributions":{},"includedScopes":[]},"contributions":{},"includedScopes":[]},"contributions":{},"includedScopes":[]},"contributions":{},"includedScopes":[]}]},"contributions":{},"includedScopes":[]},"sourceMap":{"end":{"column":27,"line":337,"offset":11349},"start":{"column":5,"line":337,"offset":11327}}},{"body":{"id":"f4951f9e-a9eb-4c71-83dc-1b58a9448aa8","metadata":[],"problems":[],"scope":{"containerScope":{"containerScope":{"containerScope":{"containerScope":{"contributions":{},"includedScopes":[]},"contributions":{},"includedScopes":[{"contributions":{},"includedScopes":[]},{"contributions":{},"includedScopes":[]},{"contributions":{},"includedScopes":[]},{"contributions":{},"includedScopes":[]},{"contributions":{},"includedScopes":[]},{"contributions":{},"includedScopes":[]}]},"contributions":{},"includedScopes":[{"containerScope":{"containerScope":{"containerScope":{"contributions":{},"includedScopes":[]},"contributions":{},"includedScopes":[]},"contributions":{},"includedScopes":[]},"contributions":{},"includedScopes":[]}]},"contributions":{},"includedScopes":[]},"contributions":{},"includedScopes":[]},"sentences":[{"id":"3e6057b8-99cd-40ad-85e0-909f4d25b7e0","metadata":[],"scope":{"containerScope":{"containerScope":{"containerScope":{"containerScope":{"containerScope":{"contributions":{},"includedScopes":[]},"contributions":{},"includedScopes":[{"contributions":{},"includedScopes":[]},{"contributions":{},"includedScopes":[]},{"contributions":{},"includedScopes":[]},{"contributions":{},"includedScopes":[]},{"contributions":{},"includedScopes":[]},{"contributions":{},"includedScopes":[]}]},"contributions":{},"includedScopes":[{"containerScope":{"containerScope":{"containerScope":{"contributions":{},"includedScopes":[]},"contributions":{},"includedScopes":[]},"contributions":{},"includedScopes":[]},"contributions":{},"includedScopes":[]}]},"contributions":{},"includedScopes":[]},"contributions":{},"includedScopes":[]},"contributions":{},"includedScopes":[]},"value":{"id":"0eca0642-ce1c-4aeb-9147-afb2746dae90","metadata":[],"scope":{"containerScope":{"containerScope":{"containerScope":{"containerScope":{"containerScope":{"containerScope":{"contributions":{},"includedScopes":[]},"contributions":{},"includedScopes":[{"contributions":{},"includedScopes":[]},{"contributions":{},"includedScopes":[]},{"contributions":{},"includedScopes":[]},{"contributions":{},"includedScopes":[]},{"contributions":{},"includedScopes":[]},{"contributions":{},"includedScopes":[]}]},"contributions":{},"includedScopes":[{"containerScope":{"containerScope":{"containerScope":{"contributions":{},"includedScopes":[]},"contributions":{},"includedScopes":[]},"contributions":{},"includedScopes":[]},"contributions":{},"includedScopes":[]}]},"contributions":{},"includedScopes":[]},"contributions":{},"includedScopes":[]},"contributions":{},"includedScopes":[]},"contributions":{},"includedScopes":[]},"sourceMap":{"end":{"column":34,"line":338,"offset":11384},"start":{"column":32,"line":338,"offset":11382}},"value":[{"id":"6965eaac-8d2c-45a2-b0ab-eced76992d95","metadata":[],"name":"wollok.lang.List","scope":{"containerScope":{"containerScope":{"containerScope":{"containerScope":{"containerScope":{"containerScope":{"containerScope":{"contributions":{},"includedScopes":[]},"contributions":{},"includedScopes":[{"contributions":{},"includedScopes":[]},{"contributions":{},"includedScopes":[]},{"contributions":{},"includedScopes":[]},{"contributions":{},"includedScopes":[]},{"contributions":{},"includedScopes":[]},{"contributions":{},"includedScopes":[]}]},"contributions":{},"includedScopes":[{"containerScope":{"containerScope":{"containerScope":{"contributions":{},"includedScopes":[]},"contributions":{},"includedScopes":[]},"contributions":{},"includedScopes":[]},"contributions":{},"includedScopes":[]}]},"contributions":{},"includedScopes":[]},"contributions":{},"includedScopes":[]},"contributions":{},"includedScopes":[]},"contributions":{},"includedScopes":[]},"contributions":{},"includedScopes":[]}},[]]}}],"sourceMap":{"end":{"column":34,"line":338,"offset":11384},"start":{"column":32,"line":338,"offset":11382}}},"compiled":false,"id":"079fc3e7-a824-423b-ab16-afb80e5a02af","isOverride":false,"metadata":[],"name":"teletransportes","parameters":[],"problems":[],"scope":{"containerScope":{"containerScope":{"containerScope":{"contributions":{},"includedScopes":[]},"contributions":{},"includedScopes":[{"contributions":{},"includedScopes":[]},{"contributions":{},"includedScopes":[]},{"contributions":{},"includedScopes":[]},{"contributions":{},"includedScopes":[]},{"contributions":{},"includedScopes":[]},{"contributions":{},"includedScopes":[]}]},"contributions":{},"includedScopes":[{"containerScope":{"containerScope":{"containerScope":{"contributions":{},"includedScopes":[]},"contributions":{},"includedScopes":[]},"contributions":{},"includedScopes":[]},"contributions":{},"includedScopes":[]}]},"contributions":{},"includedScopes":[]},"sourceMap":{"end":{"column":34,"line":338,"offset":11384},"start":{"column":5,"line":338,"offset":11355}}},{"body":{"id":"71f8a650-f6d5-455e-9983-8ca82be7336f","metadata":[],"problems":[],"scope":{"containerScope":{"containerScope":{"containerScope":{"containerScope":{"contributions":{},"includedScopes":[]},"contributions":{},"includedScopes":[{"contributions":{},"includedScopes":[]},{"contributions":{},"includedScopes":[]},{"contributions":{},"includedScopes":[]},{"contributions":{},"includedScopes":[]},{"contributions":{},"includedScopes":[]},{"contributions":{},"includedScopes":[]}]},"contributions":{},"includedScopes":[{"containerScope":{"containerScope":{"containerScope":{"contributions":{},"includedScopes":[]},"contributions":{},"includedScopes":[]},"contributions":{},"includedScopes":[]},"contributions":{},"includedScopes":[]}]},"contributions":{},"includedScopes":[]},"contributions":{},"includedScopes":[]},"sentences":[{"id":"7e05bc7e-45d5-4704-a6f4-d3b47d9e3dc1","metadata":[],"scope":{"containerScope":{"containerScope":{"containerScope":{"containerScope":{"containerScope":{"contributions":{},"includedScopes":[]},"contributions":{},"includedScopes":[{"contributions":{},"includedScopes":[]},{"contributions":{},"includedScopes":[]},{"contributions":{},"includedScopes":[]},{"contributions":{},"includedScopes":[]},{"contributions":{},"includedScopes":[]},{"contributions":{},"includedScopes":[]}]},"contributions":{},"includedScopes":[{"containerScope":{"containerScope":{"containerScope":{"contributions":{},"includedScopes":[]},"contributions":{},"includedScopes":[]},"contributions":{},"includedScopes":[]},"contributions":{},"includedScopes":[]}]},"contributions":{},"includedScopes":[]},"contributions":{},"includedScopes":[]},"contributions":{},"includedScopes":[]},"value":{"id":"0c45cbf3-13c1-4150-882b-bc1e4d114974","metadata":[],"scope":{"containerScope":{"containerScope":{"containerScope":{"containerScope":{"containerScope":{"containerScope":{"contributions":{},"includedScopes":[]},"contributions":{},"includedScopes":[{"contributions":{},"includedScopes":[]},{"contributions":{},"includedScopes":[]},{"contributions":{},"includedScopes":[]},{"contributions":{},"includedScopes":[]},{"contributions":{},"includedScopes":[]},{"contributions":{},"includedScopes":[]}]},"contributions":{},"includedScopes":[{"containerScope":{"containerScope":{"containerScope":{"contributions":{},"includedScopes":[]},"contributions":{},"includedScopes":[]},"contributions":{},"includedScopes":[]},"contributions":{},"includedScopes":[]}]},"contributions":{},"includedScopes":[]},"contributions":{},"includedScopes":[]},"contributions":{},"includedScopes":[]},"contributions":{},"includedScopes":[]},"sourceMap":{"end":{"column":26,"line":339,"offset":11411},"start":{"column":24,"line":339,"offset":11409}},"value":[{"id":"a33a85af-7caf-4279-9394-631eec914ba4","metadata":[],"name":"wollok.lang.List","scope":{"containerScope":{"containerScope":{"containerScope":{"containerScope":{"containerScope":{"containerScope":{"containerScope":{"contributions":{},"includedScopes":[]},"contributions":{},"includedScopes":[{"contributions":{},"includedScopes":[]},{"contributions":{},"includedScopes":[]},{"contributions":{},"includedScopes":[]},{"contributions":{},"includedScopes":[]},{"contributions":{},"includedScopes":[]},{"contributions":{},"includedScopes":[]}]},"contributions":{},"includedScopes":[{"containerScope":{"containerScope":{"containerScope":{"contributions":{},"includedScopes":[]},"contributions":{},"includedScopes":[]},"contributions":{},"includedScopes":[]},"contributions":{},"includedScopes":[]}]},"contributions":{},"includedScopes":[]},"contributions":{},"includedScopes":[]},"contributions":{},"includedScopes":[]},"contributions":{},"includedScopes":[]},"contributions":{},"includedScopes":[]}},[]]}}],"sourceMap":{"end":{"column":26,"line":339,"offset":11411},"start":{"column":24,"line":339,"offset":11409}}},"compiled":false,"id":"4b5e42b2-e421-4445-b2bf-32da71c54f35","isOverride":false,"metadata":[],"name":"botones","parameters":[],"problems":[],"scope":{"containerScope":{"containerScope":{"containerScope":{"contributions":{},"includedScopes":[]},"contributions":{},"includedScopes":[{"contributions":{},"includedScopes":[]},{"contributions":{},"includedScopes":[]},{"contributions":{},"includedScopes":[]},{"contributions":{},"includedScopes":[]},{"contributions":{},"includedScopes":[]},{"contributions":{},"includedScopes":[]}]},"contributions":{},"includedScopes":[{"containerScope":{"containerScope":{"containerScope":{"contributions":{},"includedScopes":[]},"contributions":{},"includedScopes":[]},"contributions":{},"includedScopes":[]},"contributions":{},"includedScopes":[]}]},"contributions":{},"includedScopes":[]},"sourceMap":{"end":{"column":26,"line":339,"offset":11411},"start":{"column":5,"line":339,"offset":11390}}},{"body":{"id":"cbee4040-c9f6-4027-884f-faf88304ba15","metadata":[],"problems":[],"scope":{"containerScope":{"containerScope":{"containerScope":{"containerScope":{"contributions":{},"includedScopes":[]},"contributions":{},"includedScopes":[{"contributions":{},"includedScopes":[]},{"contributions":{},"includedScopes":[]},{"contributions":{},"includedScopes":[]},{"contributions":{},"includedScopes":[]},{"contributions":{},"includedScopes":[]},{"contributions":{},"includedScopes":[]}]},"contributions":{},"includedScopes":[{"containerScope":{"containerScope":{"containerScope":{"contributions":{},"includedScopes":[]},"contributions":{},"includedScopes":[]},"contributions":{},"includedScopes":[]},"contributions":{},"includedScopes":[]}]},"contributions":{},"includedScopes":[]},"contributions":{},"includedScopes":[]},"sentences":[{"id":"daa13134-40c9-4bc6-b665-74cff27d4e29","metadata":[],"scope":{"containerScope":{"containerScope":{"containerScope":{"containerScope":{"containerScope":{"contributions":{},"includedScopes":[]},"contributions":{},"includedScopes":[{"contributions":{},"includedScopes":[]},{"contributions":{},"includedScopes":[]},{"contributions":{},"includedScopes":[]},{"contributions":{},"includedScopes":[]},{"contributions":{},"includedScopes":[]},{"contributions":{},"includedScopes":[]}]},"contributions":{},"includedScopes":[{"containerScope":{"containerScope":{"containerScope":{"contributions":{},"includedScopes":[]},"contributions":{},"includedScopes":[]},"contributions":{},"includedScopes":[]},"contributions":{},"includedScopes":[]}]},"contributions":{},"includedScopes":[]},"contributions":{},"includedScopes":[]},"contributions":{},"includedScopes":[]},"value":{"args":[{"args":[],"id":"abf310ae-1969-41af-b3b1-6a1f82fdd35f","message":"anyOne","metadata":[],"receiver":{"args":[{"args":[{"id":"9a83a6bd-ad6a-41c8-bbed-83956f576efa","metadata":[],"scope":{"containerScope":{"containerScope":{"containerScope":{"containerScope":{"containerScope":{"containerScope":{"containerScope":{"containerScope":{"containerScope":{"containerScope":{"contributions":{},"includedScopes":[]},"contributions":{},"includedScopes":[{"contributions":{},"includedScopes":[]},{"contributions":{},"includedScopes":[]},{"contributions":{},"includedScopes":[]},{"contributions":{},"includedScopes":[]},{"contributions":{},"includedScopes":[]},{"contributions":{},"includedScopes":[]}]},"contributions":{},"includedScopes":[{"containerScope":{"containerScope":{"containerScope":{"contributions":{},"includedScopes":[]},"contributions":{},"includedScopes":[]},"contributions":{},"includedScopes":[]},"contributions":{},"includedScopes":[]}]},"contributions":{},"includedScopes":[]},"contributions":{},"includedScopes":[]},"contributions":{},"includedScopes":[]},"contributions":{},"includedScopes":[]},"contributions":{},"includedScopes":[]},"contributions":{},"includedScopes":[]},"contributions":{},"includedScopes":[]},"contributions":{},"includedScopes":[]},"sourceMap":{"end":{"column":85,"line":341,"offset":11499},"start":{"column":84,"line":341,"offset":11498}},"value":1}],"id":"089330a9-cbe0-4fed-8350-64da7dc2ef43","message":"-","metadata":[],"receiver":{"args":[],"id":"57fb7fec-6946-4b8c-befa-12be82b59425","message":"size","metadata":[],"receiver":{"args":[],"id":"0724f1a0-e2ad-4d9b-8054-1047575f0025","message":"musicasFondo","metadata":[],"receiver":{"id":"03565634-a686-4c4f-a91b-c7cfe04ccdef","metadata":[],"scope":{"containerScope":{"containerScope":{"containerScope":{"containerScope":{"containerScope":{"containerScope":{"containerScope":{"containerScope":{"containerScope":{"containerScope":{"containerScope":{"containerScope":{"contributions":{},"includedScopes":[]},"contributions":{},"includedScopes":[{"contributions":{},"includedScopes":[]},{"contributions":{},"includedScopes":[]},{"contributions":{},"includedScopes":[]},{"contributions":{},"includedScopes":[]},{"contributions":{},"includedScopes":[]},{"contributions":{},"includedScopes":[]}]},"contributions":{},"includedScopes":[{"containerScope":{"containerScope":{"containerScope":{"contributions":{},"includedScopes":[]},"contributions":{},"includedScopes":[]},"contributions":{},"includedScopes":[]},"contributions":{},"includedScopes":[]}]},"contributions":{},"includedScopes":[]},"contributions":{},"includedScopes":[]},"contributions":{},"includedScopes":[]},"contributions":{},"includedScopes":[]},"contributions":{},"includedScopes":[]},"contributions":{},"includedScopes":[]},"contributions":{},"includedScopes":[]},"contributions":{},"includedScopes":[]},"contributions":{},"includedScopes":[]},"contributions":{},"includedScopes":[]},"sourceMap":{"end":{"column":61,"line":341,"offset":11475},"start":{"column":57,"line":341,"offset":11471}}},"scope":{"containerScope":{"containerScope":{"containerScope":{"containerScope":{"containerScope":{"containerScope":{"containerScope":{"containerScope":{"containerScope":{"containerScope":{"containerScope":{"contributions":{},"includedScopes":[]},"contributions":{},"includedScopes":[{"contributions":{},"includedScopes":[]},{"contributions":{},"includedScopes":[]},{"contributions":{},"includedScopes":[]},{"contributions":{},"includedScopes":[]},{"contributions":{},"includedScopes":[]},{"contributions":{},"includedScopes":[]}]},"contributions":{},"includedScopes":[{"containerScope":{"containerScope":{"containerScope":{"contributions":{},"includedScopes":[]},"contributions":{},"includedScopes":[]},"contributions":{},"includedScopes":[]},"contributions":{},"includedScopes":[]}]},"contributions":{},"includedScopes":[]},"contributions":{},"includedScopes":[]},"contributions":{},"includedScopes":[]},"contributions":{},"includedScopes":[]},"contributions":{},"includedScopes":[]},"contributions":{},"includedScopes":[]},"contributions":{},"includedScopes":[]},"contributions":{},"includedScopes":[]},"contributions":{},"includedScopes":[]},"sourceMap":{"end":{"column":76,"line":341,"offset":11490},"start":{"column":57,"line":341,"offset":11471}}},"scope":{"containerScope":{"containerScope":{"containerScope":{"containerScope":{"containerScope":{"containerScope":{"containerScope":{"containerScope":{"containerScope":{"containerScope":{"contributions":{},"includedScopes":[]},"contributions":{},"includedScopes":[{"contributions":{},"includedScopes":[]},{"contributions":{},"includedScopes":[]},{"contributions":{},"includedScopes":[]},{"contributions":{},"includedScopes":[]},{"contributions":{},"includedScopes":[]},{"contributions":{},"includedScopes":[]}]},"contributions":{},"includedScopes":[{"containerScope":{"containerScope":{"containerScope":{"contributions":{},"includedScopes":[]},"contributions":{},"includedScopes":[]},"contributions":{},"includedScopes":[]},"contributions":{},"includedScopes":[]}]},"contributions":{},"includedScopes":[]},"contributions":{},"includedScopes":[]},"contributions":{},"includedScopes":[]},"contributions":{},"includedScopes":[]},"contributions":{},"includedScopes":[]},"contributions":{},"includedScopes":[]},"contributions":{},"includedScopes":[]},"contributions":{},"includedScopes":[]},"sourceMap":{"end":{"column":83,"line":341,"offset":11497},"start":{"column":57,"line":341,"offset":11471}}},"scope":{"containerScope":{"containerScope":{"containerScope":{"containerScope":{"containerScope":{"containerScope":{"containerScope":{"containerScope":{"containerScope":{"contributions":{},"includedScopes":[]},"contributions":{},"includedScopes":[{"contributions":{},"includedScopes":[]},{"contributions":{},"includedScopes":[]},{"contributions":{},"includedScopes":[]},{"contributions":{},"includedScopes":[]},{"contributions":{},"includedScopes":[]},{"contributions":{},"includedScopes":[]}]},"contributions":{},"includedScopes":[{"containerScope":{"containerScope":{"containerScope":{"contributions":{},"includedScopes":[]},"contributions":{},"includedScopes":[]},"contributions":{},"includedScopes":[]},"contributions":{},"includedScopes":[]}]},"contributions":{},"includedScopes":[]},"contributions":{},"includedScopes":[]},"contributions":{},"includedScopes":[]},"contributions":{},"includedScopes":[]},"contributions":{},"includedScopes":[]},"contributions":{},"includedScopes":[]},"contributions":{},"includedScopes":[]},"sourceMap":{"end":{"column":85,"line":341,"offset":11499},"start":{"column":57,"line":341,"offset":11471}}}],"id":"7969fcc2-394f-4c09-89f2-ab4e30d5908f","message":"..","metadata":[],"receiver":{"id":"4413b7f3-738a-441f-9863-211cff821b6e","metadata":[],"scope":{"containerScope":{"containerScope":{"containerScope":{"containerScope":{"containerScope":{"containerScope":{"containerScope":{"containerScope":{"containerScope":{"contributions":{},"includedScopes":[]},"contributions":{},"includedScopes":[{"contributions":{},"includedScopes":[]},{"contributions":{},"includedScopes":[]},{"contributions":{},"includedScopes":[]},{"contributions":{},"includedScopes":[]},{"contributions":{},"includedScopes":[]},{"contributions":{},"includedScopes":[]}]},"contributions":{},"includedScopes":[{"containerScope":{"containerScope":{"containerScope":{"contributions":{},"includedScopes":[]},"contributions":{},"includedScopes":[]},"contributions":{},"includedScopes":[]},"contributions":{},"includedScopes":[]}]},"contributions":{},"includedScopes":[]},"contributions":{},"includedScopes":[]},"contributions":{},"includedScopes":[]},"contributions":{},"includedScopes":[]},"contributions":{},"includedScopes":[]},"contributions":{},"includedScopes":[]},"contributions":{},"includedScopes":[]},"sourceMap":{"end":{"column":55,"line":341,"offset":11469},"start":{"column":54,"line":341,"offset":11468}},"value":0},"scope":{"containerScope":{"containerScope":{"containerScope":{"containerScope":{"containerScope":{"containerScope":{"containerScope":{"containerScope":{"contributions":{},"includedScopes":[]},"contributions":{},"includedScopes":[{"contributions":{},"includedScopes":[]},{"contributions":{},"includedScopes":[]},{"contributions":{},"includedScopes":[]},{"contributions":{},"includedScopes":[]},{"contributions":{},"includedScopes":[]},{"contributions":{},"includedScopes":[]}]},"contributions":{},"includedScopes":[{"containerScope":{"containerScope":{"containerScope":{"contributions":{},"includedScopes":[]},"contributions":{},"includedScopes":[]},"contributions":{},"includedScopes":[]},"contributions":{},"includedScopes":[]}]},"contributions":{},"includedScopes":[]},"contributions":{},"includedScopes":[]},"contributions":{},"includedScopes":[]},"contributions":{},"includedScopes":[]},"contributions":{},"includedScopes":[]},"contributions":{},"includedScopes":[]},"sourceMap":{"end":{"column":85,"line":341,"offset":11499},"start":{"column":54,"line":341,"offset":11468}}},"scope":{"containerScope":{"containerScope":{"containerScope":{"containerScope":{"containerScope":{"containerScope":{"containerScope":{"contributions":{},"includedScopes":[]},"contributions":{},"includedScopes":[{"contributions":{},"includedScopes":[]},{"contributions":{},"includedScopes":[]},{"contributions":{},"includedScopes":[]},{"contributions":{},"includedScopes":[]},{"contributions":{},"includedScopes":[]},{"contributions":{},"includedScopes":[]}]},"contributions":{},"includedScopes":[{"containerScope":{"containerScope":{"containerScope":{"contributions":{},"includedScopes":[]},"contributions":{},"includedScopes":[]},"contributions":{},"includedScopes":[]},"contributions":{},"includedScopes":[]}]},"contributions":{},"includedScopes":[]},"contributions":{},"includedScopes":[]},"contributions":{},"includedScopes":[]},"contributions":{},"includedScopes":[]},"contributions":{},"includedScopes":[]},"sourceMap":{"end":{"column":95,"line":341,"offset":11509},"start":{"column":53,"line":341,"offset":11467}}}],"id":"349749e7-1e38-4680-8804-614731e24888","message":"get","metadata":[],"receiver":{"args":[],"id":"7c9dd657-843e-4f70-a61e-e949b789d777","message":"musicasFondo","metadata":[],"receiver":{"id":"8b367f5c-ccdd-49e5-8031-84e6bbfec7ed","metadata":[],"scope":{"containerScope":{"containerScope":{"containerScope":{"containerScope":{"containerScope":{"containerScope":{"containerScope":{"containerScope":{"contributions":{},"includedScopes":[]},"contributions":{},"includedScopes":[{"contributions":{},"includedScopes":[]},{"contributions":{},"includedScopes":[]},{"contributions":{},"includedScopes":[]},{"contributions":{},"includedScopes":[]},{"contributions":{},"includedScopes":[]},{"contributions":{},"includedScopes":[]}]},"contributions":{},"includedScopes":[{"containerScope":{"containerScope":{"containerScope":{"contributions":{},"includedScopes":[]},"contributions":{},"includedScopes":[]},"contributions":{},"includedScopes":[]},"contributions":{},"includedScopes":[]}]},"contributions":{},"includedScopes":[]},"contributions":{},"includedScopes":[]},"contributions":{},"includedScopes":[]},"contributions":{},"includedScopes":[]},"contributions":{},"includedScopes":[]},"contributions":{},"includedScopes":[]},"sourceMap":{"end":{"column":32,"line":341,"offset":11446},"start":{"column":28,"line":341,"offset":11442}}},"scope":{"containerScope":{"containerScope":{"containerScope":{"containerScope":{"containerScope":{"containerScope":{"containerScope":{"contributions":{},"includedScopes":[]},"contributions":{},"includedScopes":[{"contributions":{},"includedScopes":[]},{"contributions":{},"includedScopes":[]},{"contributions":{},"includedScopes":[]},{"contributions":{},"includedScopes":[]},{"contributions":{},"includedScopes":[]},{"contributions":{},"includedScopes":[]}]},"contributions":{},"includedScopes":[{"containerScope":{"containerScope":{"containerScope":{"contributions":{},"includedScopes":[]},"contributions":{},"includedScopes":[]},"contributions":{},"includedScopes":[]},"contributions":{},"includedScopes":[]}]},"contributions":{},"includedScopes":[]},"contributions":{},"includedScopes":[]},"contributions":{},"includedScopes":[]},"contributions":{},"includedScopes":[]},"contributions":{},"includedScopes":[]},"sourceMap":{"end":{"column":47,"line":341,"offset":11461},"start":{"column":28,"line":341,"offset":11442}}},"scope":{"containerScope":{"containerScope":{"containerScope":{"containerScope":{"containerScope":{"containerScope":{"contributions":{},"includedScopes":[]},"contributions":{},"includedScopes":[{"contributions":{},"includedScopes":[]},{"contributions":{},"includedScopes":[]},{"contributions":{},"includedScopes":[]},{"contributions":{},"includedScopes":[]},{"contributions":{},"includedScopes":[]},{"contributions":{},"includedScopes":[]}]},"contributions":{},"includedScopes":[{"containerScope":{"containerScope":{"containerScope":{"contributions":{},"includedScopes":[]},"contributions":{},"includedScopes":[]},"contributions":{},"includedScopes":[]},"contributions":{},"includedScopes":[]}]},"contributions":{},"includedScopes":[]},"contributions":{},"includedScopes":[]},"contributions":{},"includedScopes":[]},"contributions":{},"includedScopes":[]},"sourceMap":{"end":{"column":97,"line":341,"offset":11511},"start":{"column":28,"line":341,"offset":11442}}}}],"sourceMap":{"end":{"column":97,"line":341,"offset":11511},"start":{"column":28,"line":341,"offset":11442}}},"compiled":false,"id":"2069139d-997a-4ec8-bc5c-24bbf2acf91d","isOverride":false,"metadata":[],"name":"musicaNivel","parameters":[],"problems":[],"scope":{"containerScope":{"containerScope":{"containerScope":{"contributions":{},"includedScopes":[]},"contributions":{},"includedScopes":[{"contributions":{},"includedScopes":[]},{"contributions":{},"includedScopes":[]},{"contributions":{},"includedScopes":[]},{"contributions":{},"includedScopes":[]},{"contributions":{},"includedScopes":[]},{"contributions":{},"includedScopes":[]}]},"contributions":{},"includedScopes":[{"containerScope":{"containerScope":{"containerScope":{"contributions":{},"includedScopes":[]},"contributions":{},"includedScopes":[]},"contributions":{},"includedScopes":[]},"contributions":{},"includedScopes":[]}]},"contributions":{},"includedScopes":[]},"sourceMap":{"end":{"column":97,"line":341,"offset":11511},"start":{"column":5,"line":341,"offset":11419}}},{"body":{"id":"d18b6fc6-7c04-4619-a411-5afba8792308","metadata":[],"scope":{"containerScope":{"containerScope":{"containerScope":{"containerScope":{"contributions":{},"includedScopes":[]},"contributions":{},"includedScopes":[{"contributions":{},"includedScopes":[]},{"contributions":{},"includedScopes":[]},{"contributions":{},"includedScopes":[]},{"contributions":{},"includedScopes":[]},{"contributions":{},"includedScopes":[]},{"contributions":{},"includedScopes":[]}]},"contributions":{},"includedScopes":[{"containerScope":{"containerScope":{"containerScope":{"contributions":{},"includedScopes":[]},"contributions":{},"includedScopes":[]},"contributions":{},"includedScopes":[]},"contributions":{},"includedScopes":[]}]},"contributions":{},"includedScopes":[]},"contributions":{},"includedScopes":[]},"sentences":[{"id":"6f7760f2-d8e7-400b-8a04-862646959f5f","metadata":[],"scope":{"containerScope":{"containerScope":{"containerScope":{"containerScope":{"containerScope":{"contributions":{},"includedScopes":[]},"contributions":{},"includedScopes":[{"contributions":{},"includedScopes":[]},{"contributions":{},"includedScopes":[]},{"contributions":{},"includedScopes":[]},{"contributions":{},"includedScopes":[]},{"contributions":{},"includedScopes":[]},{"contributions":{},"includedScopes":[]}]},"contributions":{},"includedScopes":[{"containerScope":{"containerScope":{"containerScope":{"contributions":{},"includedScopes":[]},"contributions":{},"includedScopes":[]},"contributions":{},"includedScopes":[]},"contributions":{},"includedScopes":[]}]},"contributions":{},"includedScopes":[]},"contributions":{},"includedScopes":[]},"contributions":{},"includedScopes":[]},"value":{"id":"5b13419e-5fcc-4b84-b194-84122625216d","metadata":[],"name":"background","scope":{"containerScope":{"containerScope":{"containerScope":{"containerScope":{"containerScope":{"containerScope":{"contributions":{},"includedScopes":[]},"contributions":{},"includedScopes":[{"contributions":{},"includedScopes":[]},{"contributions":{},"includedScopes":[]},{"contributions":{},"includedScopes":[]},{"contributions":{},"includedScopes":[]},{"contributions":{},"includedScopes":[]},{"contributions":{},"includedScopes":[]}]},"contributions":{},"includedScopes":[{"containerScope":{"containerScope":{"containerScope":{"contributions":{},"includedScopes":[]},"contributions":{},"includedScopes":[]},"contributions":{},"includedScopes":[]},"contributions":{},"includedScopes":[]}]},"contributions":{},"includedScopes":[]},"contributions":{},"includedScopes":[]},"contributions":{},"includedScopes":[]},"contributions":{},"includedScopes":[]}}}]},"compiled":false,"id":"2e77a1dc-c2b6-4df6-8f7c-fa1687447882","isOverride":false,"metadata":[],"name":"background","parameters":[],"scope":{"containerScope":{"containerScope":{"containerScope":{"contributions":{},"includedScopes":[]},"contributions":{},"includedScopes":[{"contributions":{},"includedScopes":[]},{"contributions":{},"includedScopes":[]},{"contributions":{},"includedScopes":[]},{"contributions":{},"includedScopes":[]},{"contributions":{},"includedScopes":[]},{"contributions":{},"includedScopes":[]}]},"contributions":{},"includedScopes":[{"containerScope":{"containerScope":{"containerScope":{"contributions":{},"includedScopes":[]},"contributions":{},"includedScopes":[]},"contributions":{},"includedScopes":[]},"contributions":{},"includedScopes":[]}]},"contributions":{},"includedScopes":[]}},{"body":{"id":"aeda1a14-f236-4c1b-8abb-08677871c44e","metadata":[],"scope":{"containerScope":{"containerScope":{"containerScope":{"containerScope":{"contributions":{},"includedScopes":[]},"contributions":{},"includedScopes":[{"contributions":{},"includedScopes":[]},{"contributions":{},"includedScopes":[]},{"contributions":{},"includedScopes":[]},{"contributions":{},"includedScopes":[]},{"contributions":{},"includedScopes":[]},{"contributions":{},"includedScopes":[]}]},"contributions":{},"includedScopes":[{"containerScope":{"containerScope":{"containerScope":{"contributions":{},"includedScopes":[]},"contributions":{},"includedScopes":[]},"contributions":{},"includedScopes":[]},"contributions":{},"includedScopes":[]}]},"contributions":{},"includedScopes":[]},"contributions":{},"includedScopes":[]},"sentences":[{"id":"9393859f-d0f1-4707-8d15-dedf3b925e14","metadata":[],"scope":{"containerScope":{"containerScope":{"containerScope":{"containerScope":{"containerScope":{"contributions":{},"includedScopes":[]},"contributions":{},"includedScopes":[{"contributions":{},"includedScopes":[]},{"contributions":{},"includedScopes":[]},{"contributions":{},"includedScopes":[]},{"contributions":{},"includedScopes":[]},{"contributions":{},"includedScopes":[]},{"contributions":{},"includedScopes":[]}]},"contributions":{},"includedScopes":[{"containerScope":{"containerScope":{"containerScope":{"contributions":{},"includedScopes":[]},"contributions":{},"includedScopes":[]},"contributions":{},"includedScopes":[]},"contributions":{},"includedScopes":[]}]},"contributions":{},"includedScopes":[]},"contributions":{},"includedScopes":[]},"contributions":{},"includedScopes":[]},"value":{"id":"e46f3f6a-6a94-4c2f-afc0-ce8cad6c90ca","metadata":[],"name":"<value>","scope":{"containerScope":{"containerScope":{"containerScope":{"containerScope":{"containerScope":{"containerScope":{"contributions":{},"includedScopes":[]},"contributions":{},"includedScopes":[{"contributions":{},"includedScopes":[]},{"contributions":{},"includedScopes":[]},{"contributions":{},"includedScopes":[]},{"contributions":{},"includedScopes":[]},{"contributions":{},"includedScopes":[]},{"contributions":{},"includedScopes":[]}]},"contributions":{},"includedScopes":[{"containerScope":{"containerScope":{"containerScope":{"contributions":{},"includedScopes":[]},"contributions":{},"includedScopes":[]},"contributions":{},"includedScopes":[]},"contributions":{},"includedScopes":[]}]},"contributions":{},"includedScopes":[]},"contributions":{},"includedScopes":[]},"contributions":{},"includedScopes":[]},"contributions":{},"includedScopes":[]}},"variable":{"id":"0f623415-dc16-43d8-b022-0e8d0c1d1d86","metadata":[],"name":"background","scope":{"containerScope":{"containerScope":{"containerScope":{"containerScope":{"containerScope":{"containerScope":{"contributions":{},"includedScopes":[]},"contributions":{},"includedScopes":[{"contributions":{},"includedScopes":[]},{"contributions":{},"includedScopes":[]},{"contributions":{},"includedScopes":[]},{"contributions":{},"includedScopes":[]},{"contributions":{},"includedScopes":[]},{"contributions":{},"includedScopes":[]}]},"contributions":{},"includedScopes":[{"containerScope":{"containerScope":{"containerScope":{"contributions":{},"includedScopes":[]},"contributions":{},"includedScopes":[]},"contributions":{},"includedScopes":[]},"contributions":{},"includedScopes":[]}]},"contributions":{},"includedScopes":[]},"contributions":{},"includedScopes":[]},"contributions":{},"includedScopes":[]},"contributions":{},"includedScopes":[]}}}]},"compiled":false,"id":"82c7ec1a-015e-4799-ab06-be3a0d4430d1","isOverride":false,"metadata":[],"name":"background","parameters":[{"id":"bd630d44-8072-433a-ae12-9b2ebad0a44c","isVarArg":false,"metadata":[],"name":"<value>","scope":{"containerScope":{"containerScope":{"containerScope":{"containerScope":{"contributions":{},"includedScopes":[]},"contributions":{},"includedScopes":[{"contributions":{},"includedScopes":[]},{"contributions":{},"includedScopes":[]},{"contributions":{},"includedScopes":[]},{"contributions":{},"includedScopes":[]},{"contributions":{},"includedScopes":[]},{"contributions":{},"includedScopes":[]}]},"contributions":{},"includedScopes":[{"containerScope":{"containerScope":{"containerScope":{"contributions":{},"includedScopes":[]},"contributions":{},"includedScopes":[]},"contributions":{},"includedScopes":[]},"contributions":{},"includedScopes":[]}]},"contributions":{},"includedScopes":[]},"contributions":{},"includedScopes":[]}}],"scope":{"containerScope":{"containerScope":{"containerScope":{"contributions":{},"includedScopes":[]},"contributions":{},"includedScopes":[{"contributions":{},"includedScopes":[]},{"contributions":{},"includedScopes":[]},{"contributions":{},"includedScopes":[]},{"contributions":{},"includedScopes":[]},{"contributions":{},"includedScopes":[]},{"contributions":{},"includedScopes":[]}]},"contributions":{},"includedScopes":[{"containerScope":{"containerScope":{"containerScope":{"contributions":{},"includedScopes":[]},"contributions":{},"includedScopes":[]},"contributions":{},"includedScopes":[]},"contributions":{},"includedScopes":[]}]},"contributions":{},"includedScopes":[]}}],"metadata":[],"name":"Nivel","problems":[{"code":"malformedMember","sourceMap":{"end":{"column":75,"line":321,"offset":10383},"start":{"column":9,"line":321,"offset":10317}}},{"code":"malformedMember","sourceMap":{"end":{"column":75,"line":322,"offset":10459},"start":{"column":9,"line":322,"offset":10393}}},{"code":"malformedMember","sourceMap":{"end":{"column":75,"line":323,"offset":10535},"start":{"column":9,"line":323,"offset":10469}}},{"code":"malformedMember","sourceMap":{"end":{"column":75,"line":324,"offset":10611},"start":{"column":9,"line":324,"offset":10545}}},{"code":"malformedMember","sourceMap":{"end":{"column":75,"line":325,"offset":10687},"start":{"column":9,"line":325,"offset":10621}}},{"code":"malformedMember","sourceMap":{"end":{"column":75,"line":326,"offset":10763},"start":{"column":9,"line":326,"offset":10697}}},{"code":"malformedMember","sourceMap":{"end":{"column":75,"line":327,"offset":10839},"start":{"column":9,"line":327,"offset":10773}}},{"code":"malformedMember","sourceMap":{"end":{"column":75,"line":328,"offset":10915},"start":{"column":9,"line":328,"offset":10849}}},{"code":"malformedMember","sourceMap":{"end":{"column":75,"line":329,"offset":10991},"start":{"column":9,"line":329,"offset":10925}}},{"code":"malformedMember","sourceMap":{"end":{"column":75,"line":330,"offset":11067},"start":{"column":9,"line":330,"offset":11001}}},{"code":"malformedMember","sourceMap":{"end":{"column":75,"line":331,"offset":11143},"start":{"column":9,"line":331,"offset":11077}}}],"scope":{"containerScope":{"containerScope":{"contributions":{},"includedScopes":[]},"contributions":{},"includedScopes":[{"contributions":{},"includedScopes":[]},{"contributions":{},"includedScopes":[]},{"contributions":{},"includedScopes":[]},{"contributions":{},"includedScopes":[]},{"contributions":{},"includedScopes":[]},{"contributions":{},"includedScopes":[]}]},"contributions":{},"includedScopes":[{"containerScope":{"containerScope":{"containerScope":{"contributions":{},"includedScopes":[]},"contributions":{},"includedScopes":[]},"contributions":{},"includedScopes":[]},"contributions":{},"includedScopes":[]}]},"sourceMap":{"end":{"column":2,"line":342,"offset":11514},"start":{"column":1,"line":317,"offset":10191}},"supertypes":[]},"stack":"Error: Failed to print, found malformed node\n    at c:\\Users\\zagum\\.vscode\\extensions\\uqbar.wollok-lsp-ide-0.5.4\\out\\server\\src\\server.js:68:3585\n    at Kbn (c:\\Users\\zagum\\.vscode\\extensions\\uqbar.wollok-lsp-ide-0.5.4\\out\\server\\src\\server.js:68:3396)\n    at c:\\Users\\zagum\\.vscode\\extensions\\uqbar.wollok-lsp-ide-0.5.4\\out\\server\\src\\server.js:2398:847\n    at c:\\Users\\zagum\\.vscode\\extensions\\uqbar.wollok-lsp-ide-0.5.4\\out\\server\\src\\server.js:2398:8440\n    at c:\\Users\\zagum\\.vscode\\extensions\\uqbar.wollok-lsp-ide-0.5.4\\out\\server\\src\\server.js:37:74770\n    at Ke (c:\\Users\\zagum\\.vscode\\extensions\\uqbar.wollok-lsp-ide-0.5.4\\out\\server\\src\\server.js:7:8527)\n    at Lt (c:\\Users\\zagum\\.vscode\\extensions\\uqbar.wollok-lsp-ide-0.5.4\\out\\server\\src\\server.js:7:6189)\n    at ct (c:\\Users\\zagum\\.vscode\\extensions\\uqbar.wollok-lsp-ide-0.5.4\\out\\server\\src\\server.js:7:6378)\n    at Immediate._onImmediate (c:\\Users\\zagum\\.vscode\\extensions\\uqbar.wollok-lsp-ide-0.5.4\\out\\server\\src\\server.js:7:6142)\n    at process.processImmediate (node:internal/timers:504:21)","timestamp":"2026-06-18T20:48:26.273Z"}
{"level":"info","message":"⌛ Validating niveles.wlk","timeElapsed":119,"timestamp":"2026-06-18T20:48:26.602Z"}
{"level":"info","message":"⌛ Building environment","timeElapsed":233,"timestamp":"2026-06-18T20:48:26.848Z"}
{"level":"info","message":"⌛ Validating niveles.wlk","timeElapsed":104,"timestamp":"2026-06-18T20:48:27.069Z"}
{"level":"info","message":"⌛ Validating niveles.wlk","timeElapsed":101,"timestamp":"2026-06-18T20:48:27.170Z"}
{"level":"info","message":"⌛ Building environment","timeElapsed":230,"timestamp":"2026-06-18T20:48:27.509Z"}
{"level":"info","message":"⌛ Validating niveles.wlk","timeElapsed":104,"timestamp":"2026-06-18T20:48:28.004Z"}
{"level":"info","message":"⌛ Validating niveles.wlk","timeElapsed":103,"timestamp":"2026-06-18T20:48:28.202Z"}
{"level":"info","message":"⌛ Validating niveles.wlk","timeElapsed":111,"timestamp":"2026-06-18T20:48:28.313Z"}
{"level":"info","message":"⌛ Building environment","timeElapsed":231,"timestamp":"2026-06-18T20:48:28.776Z"}
{"level":"info","message":"⌛ Validating niveles.wlk","timeElapsed":103,"timestamp":"2026-06-18T20:48:28.879Z"}
{"level":"info","message":"⌛ Validating niveles.wlk","timeElapsed":110,"timestamp":"2026-06-18T20:48:28.994Z"}
{"level":"info","message":"⌛ Building environment","timeElapsed":231,"timestamp":"2026-06-18T20:48:29.226Z"}
{"level":"info","message":"⌛ Validating niveles.wlk","timeElapsed":106,"timestamp":"2026-06-18T20:48:29.333Z"}
{"level":"info","message":"⌛ Building environment","timeElapsed":230,"timestamp":"2026-06-18T20:48:29.612Z"}
{"level":"info","message":"⌛ Building environment","timeElapsed":237,"timestamp":"2026-06-18T20:48:29.881Z"}
{"level":"info","message":"⌛ Building environment","timeElapsed":226,"timestamp":"2026-06-18T20:48:30.368Z"}
{"level":"info","message":"⌛ Building environment","timeElapsed":253,"timestamp":"2026-06-18T20:48:30.629Z"}
{"level":"info","message":"⌛ Validating niveles.wlk","timeElapsed":110,"timestamp":"2026-06-18T20:48:30.968Z"}
{"level":"info","message":"⌛ Building environment","timeElapsed":270,"timestamp":"2026-06-18T20:48:31.238Z"}
{"level":"info","message":"⌛ Building environment","timeElapsed":588,"timestamp":"2026-06-18T20:48:31.941Z"}
{"level":"info","message":"⌛ Validating niveles.wlk","timeElapsed":106,"timestamp":"2026-06-18T20:48:32.054Z"}
{"level":"info","message":"⌛ Building environment","timeElapsed":242,"timestamp":"2026-06-18T20:48:32.411Z"}
{"level":"info","message":"⌛ Validating niveles.wlk","timeElapsed":109,"timestamp":"2026-06-18T20:48:32.521Z"}
{"level":"info","message":"⌛ Building environment","timeElapsed":241,"timestamp":"2026-06-18T20:48:32.781Z"}
{"level":"info","message":"⌛ Validating niveles.wlk","timeElapsed":113,"timestamp":"2026-06-18T20:48:32.894Z"}
{"level":"info","message":"⌛ Building environment","timeElapsed":419,"timestamp":"2026-06-18T20:48:33.425Z"}
{"level":"info","message":"⌛ Validating niveles.wlk","timeElapsed":102,"timestamp":"2026-06-18T20:48:33.697Z"}
{"level":"info","message":"⌛ Building environment","timeElapsed":133,"timestamp":"2026-06-18T20:48:42.007Z"}
{"level":"info","message":"⌛ Validating juego.wpgm","timeElapsed":103,"timestamp":"2026-06-18T20:48:42.188Z"}
{"level":"info","message":"⌛ Validating juego.wpgm","timeElapsed":104,"timestamp":"2026-06-18T20:48:44.560Z"}
{"level":"info","message":"⌛ Building environment","timeElapsed":107,"timestamp":"2026-06-18T20:48:45.174Z"}
{"level":"info","message":"⌛ Validating juego.wpgm","timeElapsed":101,"timestamp":"2026-06-18T20:48:45.279Z"}
{"level":"info","message":"⌛ Validating juego.wpgm","timeElapsed":105,"timestamp":"2026-06-18T20:48:45.385Z"}
{"level":"info","message":"⌛ Building environment","timeElapsed":470,"timestamp":"2026-06-18T21:19:05.200Z"}
{"level":"info","message":"Removing diagnostics from /C:/Users/zagum/OneDrive/Documentos/Santiago/Cosas/Tareas/Programacion Objetos1/pruebaJuego/assets/Nivel4.png","timestamp":"2026-06-18T21:19:05.357Z"}
{"level":"info","message":"⌛ Building environment","timeElapsed":146,"timestamp":"2026-06-18T21:19:05.504Z"}
{"level":"info","message":"⌛ Building environment","timeElapsed":103,"timestamp":"2026-06-18T21:19:05.608Z"}
{"level":"info","message":"⌛ Validating teclado.wlk","timeElapsed":108,"timestamp":"2026-06-18T21:19:05.716Z"}
{"level":"info","message":"⌛ Validating enemigos.wlk","timeElapsed":110,"timestamp":"2026-06-18T21:19:05.827Z"}
{"level":"info","message":"⌛ Validating gestorAnimacion.wlk","timeElapsed":135,"timestamp":"2026-06-18T21:19:05.962Z"}
{"level":"info","message":"⌛ Building environment","timeElapsed":443,"timestamp":"2026-06-18T21:19:09.695Z"}
{"level":"info","message":"Removing diagnostics from /C:/Users/zagum/OneDrive/Documentos/Santiago/Cosas/Tareas/Programacion Objetos1/pruebaJuego/assets/nivel_1.png","timestamp":"2026-06-18T21:19:09.805Z"}
{"level":"info","message":"⌛ Building environment","timeElapsed":450,"timestamp":"2026-06-18T21:19:12.836Z"}
{"level":"info","message":"Removing diagnostics from /C:/Users/zagum/OneDrive/Documentos/Santiago/Cosas/Tareas/Programacion Objetos1/pruebaJuego/assets/nivel_5.png","timestamp":"2026-06-18T21:19:12.939Z"}
{"level":"info","message":"⌛ Building environment","timeElapsed":470,"timestamp":"2026-06-18T21:19:22.921Z"}
{"level":"info","message":"Removing diagnostics from /C:/Users/zagum/OneDrive/Documentos/Santiago/Cosas/Tareas/Programacion Objetos1/pruebaJuego/assets/nivel_.png","timestamp":"2026-06-18T21:19:23.024Z"}
{"level":"info","message":"⌛ Building environment","timeElapsed":451,"timestamp":"2026-06-18T21:19:26.741Z"}
{"level":"info","message":"Removing diagnostics from /C:/Users/zagum/OneDrive/Documentos/Santiago/Cosas/Tareas/Programacion Objetos1/pruebaJuego/assets/nivel_6.png","timestamp":"2026-06-18T21:19:26.854Z"}
{"level":"info","message":"⌛ Building environment","timeElapsed":306,"timestamp":"2026-06-18T21:22:17.956Z"}
{"level":"info","message":"⌛ Validating niveles.wlk","timeElapsed":113,"timestamp":"2026-06-18T21:22:18.188Z"}
{"level":"info","message":"⌛ Building environment","timeElapsed":292,"timestamp":"2026-06-18T21:22:21.428Z"}
{"level":"info","message":"⌛ Building environment","timeElapsed":236,"timestamp":"2026-06-18T21:22:21.713Z"}
{"level":"info","message":"⌛ Building environment","timeElapsed":268,"timestamp":"2026-06-18T21:22:21.982Z"}
{"level":"info","message":"⌛ Validating niveles.wlk","timeElapsed":105,"timestamp":"2026-06-18T21:22:22.087Z"}
{"level":"info","message":"⌛ Building environment","timeElapsed":258,"timestamp":"2026-06-18T21:22:22.345Z"}
{"level":"info","message":"⌛ Building environment","timeElapsed":228,"timestamp":"2026-06-18T21:22:22.579Z"}
{"level":"info","message":"⌛ Validating niveles.wlk","timeElapsed":111,"timestamp":"2026-06-18T21:22:22.696Z"}
{"level":"info","message":"⌛ Building environment","timeElapsed":226,"timestamp":"2026-06-18T21:22:22.924Z"}
{"level":"info","message":"⌛ Building environment","timeElapsed":263,"timestamp":"2026-06-18T21:22:23.191Z"}
{"level":"info","message":"⌛ Building environment","timeElapsed":239,"timestamp":"2026-06-18T21:22:23.434Z"}
{"level":"info","message":"⌛ Validating niveles.wlk","timeElapsed":102,"timestamp":"2026-06-18T21:22:23.659Z"}
{"level":"info","message":"⌛ Building environment","timeElapsed":230,"timestamp":"2026-06-18T21:22:23.889Z"}
{"level":"info","message":"⌛ Validating niveles.wlk","timeElapsed":101,"timestamp":"2026-06-18T21:22:23.990Z"}
{"level":"info","message":"⌛ Validating niveles.wlk","timeElapsed":111,"timestamp":"2026-06-18T21:22:24.232Z"}
{"level":"info","message":"⌛ Building environment","timeElapsed":214,"timestamp":"2026-06-18T21:22:31.883Z"}
{"level":"info","message":"⌛ Building environment","timeElapsed":256,"timestamp":"2026-06-18T21:22:32.140Z"}
{"level":"info","message":"⌛ Building environment","timeElapsed":221,"timestamp":"2026-06-18T21:22:46.057Z"}
{"level":"info","message":"⌛ Building environment","timeElapsed":243,"timestamp":"2026-06-18T21:22:46.306Z"}
{"level":"info","message":"⌛ Validating niveles.wlk","timeElapsed":101,"timestamp":"2026-06-18T21:22:46.518Z"}
{"level":"info","message":"⌛ Building environment","timeElapsed":255,"timestamp":"2026-06-18T21:22:46.871Z"}
{"level":"info","message":"⌛ Building environment","timeElapsed":235,"timestamp":"2026-06-18T21:22:47.129Z"}
{"level":"info","message":"⌛ Validating niveles.wlk","timeElapsed":108,"timestamp":"2026-06-18T21:22:47.341Z"}
{"level":"info","message":"⌛ Building environment","timeElapsed":310,"timestamp":"2026-06-18T21:22:47.652Z"}
{"level":"info","message":"⌛ Building environment","timeElapsed":285,"timestamp":"2026-06-18T21:22:47.937Z"}
{"level":"info","message":"⌛ Building environment","timeElapsed":262,"timestamp":"2026-06-18T21:22:48.448Z"}
{"level":"info","message":"⌛ Building environment","timeElapsed":251,"timestamp":"2026-06-18T21:22:48.700Z"}
{"level":"info","message":"⌛ Validating niveles.wlk","timeElapsed":112,"timestamp":"2026-06-18T21:22:48.838Z"}
{"level":"info","message":"⌛ Validating niveles.wlk","timeElapsed":104,"timestamp":"2026-06-18T21:22:48.942Z"}
{"level":"info","message":"⌛ Building environment","timeElapsed":226,"timestamp":"2026-06-18T21:22:49.168Z"}
{"level":"info","message":"⌛ Building environment","timeElapsed":235,"timestamp":"2026-06-18T21:22:49.403Z"}
{"level":"info","message":"⌛ Building environment","timeElapsed":232,"timestamp":"2026-06-18T21:22:49.766Z"}
{"level":"info","message":"⌛ Validating niveles.wlk","timeElapsed":119,"timestamp":"2026-06-18T21:22:49.890Z"}
{"level":"info","message":"⌛ Building environment","timeElapsed":253,"timestamp":"2026-06-18T21:22:50.144Z"}
{"level":"info","message":"⌛ Building environment","timeElapsed":233,"timestamp":"2026-06-18T21:22:50.503Z"}
{"level":"info","message":"⌛ Building environment","timeElapsed":271,"timestamp":"2026-06-18T21:22:50.865Z"}
{"level":"info","message":"⌛ Validating niveles.wlk","timeElapsed":108,"timestamp":"2026-06-18T21:22:50.974Z"}
{"level":"info","message":"⌛ Building environment","timeElapsed":237,"timestamp":"2026-06-18T21:22:51.330Z"}
{"level":"info","message":"⌛ Building environment","timeElapsed":257,"timestamp":"2026-06-18T21:22:51.592Z"}
{"level":"info","message":"⌛ Validating niveles.wlk","timeElapsed":106,"timestamp":"2026-06-18T21:22:51.704Z"}
{"level":"info","message":"⌛ Building environment","timeElapsed":223,"timestamp":"2026-06-18T21:22:51.962Z"}
{"level":"info","message":"⌛ Building environment","timeElapsed":264,"timestamp":"2026-06-18T21:22:52.327Z"}
{"level":"info","message":"⌛ Validating niveles.wlk","timeElapsed":116,"timestamp":"2026-06-18T21:22:52.443Z"}
{"level":"info","message":"⌛ Building environment","timeElapsed":250,"timestamp":"2026-06-18T21:22:52.712Z"}
{"level":"info","message":"⌛ Building environment","timeElapsed":240,"timestamp":"2026-06-18T21:22:53.057Z"}
{"level":"info","message":"⌛ Building environment","timeElapsed":229,"timestamp":"2026-06-18T21:22:53.417Z"}
{"level":"info","message":"⌛ Building environment","timeElapsed":266,"timestamp":"2026-06-18T21:22:53.683Z"}
{"level":"info","message":"⌛ Validating niveles.wlk","timeElapsed":117,"timestamp":"2026-06-18T21:22:53.917Z"}
{"level":"info","message":"⌛ Building environment","timeElapsed":278,"timestamp":"2026-06-18T21:22:54.196Z"}
{"level":"info","message":"⌛ Building environment","timeElapsed":222,"timestamp":"2026-06-18T21:22:54.423Z"}
{"level":"info","message":"⌛ Validating niveles.wlk","timeElapsed":101,"timestamp":"2026-06-18T21:22:54.652Z"}
{"level":"info","message":"⌛ Building environment","timeElapsed":221,"timestamp":"2026-06-18T21:22:54.875Z"}
{"level":"info","message":"⌛ Building environment","timeElapsed":234,"timestamp":"2026-06-18T21:22:55.131Z"}
{"level":"info","message":"⌛ Validating niveles.wlk","timeElapsed":104,"timestamp":"2026-06-18T21:22:55.268Z"}
{"level":"info","message":"⌛ Validating niveles.wlk","timeElapsed":102,"timestamp":"2026-06-18T21:22:55.371Z"}
{"level":"info","message":"⌛ Validating niveles.wlk","timeElapsed":104,"timestamp":"2026-06-18T21:22:55.488Z"}
{"level":"info","message":"⌛ Validating niveles.wlk","timeElapsed":135,"timestamp":"2026-06-18T21:22:55.639Z"}
{"level":"info","message":"⌛ Building environment","timeElapsed":247,"timestamp":"2026-06-18T21:22:55.887Z"}
{"level":"info","message":"⌛ Building environment","timeElapsed":248,"timestamp":"2026-06-18T21:22:56.135Z"}
{"level":"info","message":"⌛ Validating niveles.wlk","timeElapsed":101,"timestamp":"2026-06-18T21:22:56.294Z"}
{"level":"info","message":"⌛ Building environment","timeElapsed":237,"timestamp":"2026-06-18T21:22:56.531Z"}
{"level":"info","message":"⌛ Building environment","timeElapsed":230,"timestamp":"2026-06-18T21:22:56.767Z"}
{"level":"info","message":"⌛ Validating niveles.wlk","timeElapsed":107,"timestamp":"2026-06-18T21:22:56.995Z"}
{"level":"info","message":"⌛ Validating niveles.wlk","timeElapsed":105,"timestamp":"2026-06-18T21:22:57.117Z"}
{"level":"info","message":"⌛ Building environment","timeElapsed":236,"timestamp":"2026-06-18T21:22:57.354Z"}
{"level":"info","message":"⌛ Building environment","timeElapsed":233,"timestamp":"2026-06-18T21:22:57.608Z"}
{"level":"info","message":"⌛ Building environment","timeElapsed":223,"timestamp":"2026-06-18T21:22:57.965Z"}
{"level":"info","message":"⌛ Building environment","timeElapsed":244,"timestamp":"2026-06-18T21:22:58.354Z"}
{"level":"info","message":"⌛ Building environment","timeElapsed":243,"timestamp":"2026-06-18T21:22:58.937Z"}
{"level":"info","message":"⌛ Building environment","timeElapsed":274,"timestamp":"2026-06-18T21:23:00.205Z"}
{"level":"info","message":"⌛ Validating niveles.wlk","timeElapsed":111,"timestamp":"2026-06-18T21:23:00.344Z"}
{"level":"info","message":"⌛ Building environment","timeElapsed":395,"timestamp":"2026-06-18T21:23:00.985Z"}
{"level":"info","message":"⌛ Building environment","timeElapsed":225,"timestamp":"2026-06-18T21:23:01.216Z"}
{"level":"info","message":"⌛ Validating niveles.wlk","timeElapsed":101,"timestamp":"2026-06-18T21:23:01.429Z"}
{"level":"info","message":"⌛ Building environment","timeElapsed":319,"timestamp":"2026-06-18T21:23:02.480Z"}
{"level":"info","message":"⌛ Building environment","timeElapsed":251,"timestamp":"2026-06-18T21:23:02.731Z"}
{"level":"info","message":"⌛ Validating niveles.wlk","timeElapsed":103,"timestamp":"2026-06-18T21:23:02.839Z"}
{"level":"info","message":"⌛ Building environment","timeElapsed":236,"timestamp":"2026-06-18T21:23:04.180Z"}
{"level":"info","message":"⌛ Building environment","timeElapsed":238,"timestamp":"2026-06-18T21:23:04.425Z"}
{"level":"info","message":"⌛ Validating niveles.wlk","timeElapsed":142,"timestamp":"2026-06-18T21:23:04.568Z"}
{"level":"info","message":"⌛ Validating niveles.wlk","timeElapsed":102,"timestamp":"2026-06-18T21:23:04.673Z"}
{"level":"info","message":"⌛ Building environment","timeElapsed":283,"timestamp":"2026-06-18T21:23:05.420Z"}
{"level":"info","message":"⌛ Building environment","timeElapsed":250,"timestamp":"2026-06-18T21:23:05.670Z"}
{"level":"info","message":"⌛ Validating niveles.wlk","timeElapsed":109,"timestamp":"2026-06-18T21:23:05.779Z"}
{"level":"info","message":"⌛ Validating niveles.wlk","timeElapsed":122,"timestamp":"2026-06-18T21:23:05.920Z"}
{"level":"info","message":"⌛ Building environment","timeElapsed":231,"timestamp":"2026-06-18T21:23:07.732Z"}
{"level":"info","message":"⌛ Building environment","timeElapsed":259,"timestamp":"2026-06-18T21:23:07.991Z"}
{"level":"info","message":"⌛ Building environment","timeElapsed":234,"timestamp":"2026-06-18T21:23:09.871Z"}
{"level":"info","message":"⌛ Building environment","timeElapsed":241,"timestamp":"2026-06-18T21:23:10.113Z"}
{"level":"info","message":"⌛ Validating niveles.wlk","timeElapsed":101,"timestamp":"2026-06-18T21:23:10.330Z"}
{"level":"info","message":"⌛ Building environment","timeElapsed":253,"timestamp":"2026-06-18T21:23:14.205Z"}
{"level":"info","message":"⌛ Building environment","timeElapsed":243,"timestamp":"2026-06-18T21:23:14.448Z"}
{"level":"info","message":"⌛ Building environment","timeElapsed":247,"timestamp":"2026-06-18T21:23:14.796Z"}
{"level":"info","message":"⌛ Validating niveles.wlk","timeElapsed":111,"timestamp":"2026-06-18T21:23:14.919Z"}
{"level":"info","message":"⌛ Building environment","timeElapsed":340,"timestamp":"2026-06-18T21:23:15.260Z"}
{"level":"info","message":"⌛ Building environment","timeElapsed":230,"timestamp":"2026-06-18T21:23:15.515Z"}
{"level":"info","message":"⌛ Validating niveles.wlk","timeElapsed":103,"timestamp":"2026-06-18T21:23:15.622Z"}
{"level":"info","message":"⌛ Building environment","timeElapsed":236,"timestamp":"2026-06-18T21:23:15.859Z"}
{"level":"info","message":"⌛ Building environment","timeElapsed":255,"timestamp":"2026-06-18T21:23:16.137Z"}
{"level":"info","message":"⌛ Validating niveles.wlk","timeElapsed":114,"timestamp":"2026-06-18T21:23:16.256Z"}
{"level":"info","message":"⌛ Building environment","timeElapsed":226,"timestamp":"2026-06-18T21:23:16.484Z"}
{"level":"info","message":"⌛ Building environment","timeElapsed":240,"timestamp":"2026-06-18T21:23:16.829Z"}
{"level":"info","message":"⌛ Building environment","timeElapsed":232,"timestamp":"2026-06-18T21:23:17.085Z"}
{"level":"info","message":"⌛ Validating niveles.wlk","timeElapsed":104,"timestamp":"2026-06-18T21:23:17.193Z"}
{"level":"info","message":"⌛ Validating niveles.wlk","timeElapsed":144,"timestamp":"2026-06-18T21:23:17.354Z"}
{"level":"info","message":"⌛ Validating niveles.wlk","timeElapsed":104,"timestamp":"2026-06-18T21:23:17.479Z"}
{"level":"info","message":"⌛ Building environment","timeElapsed":242,"timestamp":"2026-06-18T21:23:17.721Z"}
{"level":"info","message":"⌛ Building environment","timeElapsed":247,"timestamp":"2026-06-18T21:23:17.974Z"}
{"level":"info","message":"⌛ Validating niveles.wlk","timeElapsed":111,"timestamp":"2026-06-18T21:23:18.111Z"}
{"level":"info","message":"⌛ Validating niveles.wlk","timeElapsed":112,"timestamp":"2026-06-18T21:23:18.224Z"}
{"level":"info","message":"⌛ Building environment","timeElapsed":246,"timestamp":"2026-06-18T21:23:18.471Z"}
{"level":"info","message":"⌛ Building environment","timeElapsed":298,"timestamp":"2026-06-18T21:23:18.770Z"}
{"level":"info","message":"⌛ Building environment","timeElapsed":243,"timestamp":"2026-06-18T21:23:19.159Z"}
{"level":"info","message":"⌛ Building environment","timeElapsed":294,"timestamp":"2026-06-18T21:23:19.453Z"}
{"level":"info","message":"⌛ Validating niveles.wlk","timeElapsed":105,"timestamp":"2026-06-18T21:23:19.699Z"}
{"level":"info","message":"⌛ Validating niveles.wlk","timeElapsed":101,"timestamp":"2026-06-18T21:23:19.813Z"}
{"level":"info","message":"⌛ Building environment","timeElapsed":258,"timestamp":"2026-06-18T21:23:20.072Z"}
{"level":"info","message":"⌛ Building environment","timeElapsed":327,"timestamp":"2026-06-18T21:23:20.399Z"}
{"level":"info","message":"⌛ Validating niveles.wlk","timeElapsed":114,"timestamp":"2026-06-18T21:23:20.536Z"}
{"level":"info","message":"⌛ Validating niveles.wlk","timeElapsed":124,"timestamp":"2026-06-18T21:23:20.662Z"}
{"level":"info","message":"⌛ Building environment","timeElapsed":252,"timestamp":"2026-06-18T21:23:20.914Z"}
{"level":"info","message":"⌛ Building environment","timeElapsed":305,"timestamp":"2026-06-18T21:23:21.243Z"}
{"level":"info","message":"⌛ Building environment","timeElapsed":242,"timestamp":"2026-06-18T21:23:21.619Z"}
{"level":"info","message":"⌛ Building environment","timeElapsed":261,"timestamp":"2026-06-18T21:23:21.885Z"}
{"level":"info","message":"⌛ Validating niveles.wlk","timeElapsed":109,"timestamp":"2026-06-18T21:23:22.001Z"}
{"level":"info","message":"⌛ Building environment","timeElapsed":316,"timestamp":"2026-06-18T21:23:22.445Z"}
{"level":"info","message":"⌛ Building environment","timeElapsed":247,"timestamp":"2026-06-18T21:23:22.692Z"}
{"level":"info","message":"⌛ Validating niveles.wlk","timeElapsed":107,"timestamp":"2026-06-18T21:23:22.799Z"}
{"level":"info","message":"⌛ Building environment","timeElapsed":247,"timestamp":"2026-06-18T21:23:23.067Z"}
{"level":"info","message":"⌛ Building environment","timeElapsed":250,"timestamp":"2026-06-18T21:23:23.325Z"}
{"level":"info","message":"⌛ Validating niveles.wlk","timeElapsed":102,"timestamp":"2026-06-18T21:23:23.431Z"}
{"level":"info","message":"⌛ Building environment","timeElapsed":292,"timestamp":"2026-06-18T21:23:23.973Z"}
{"level":"info","message":"⌛ Building environment","timeElapsed":240,"timestamp":"2026-06-18T21:23:24.218Z"}
{"level":"info","message":"⌛ Validating niveles.wlk","timeElapsed":113,"timestamp":"2026-06-18T21:23:24.336Z"}
{"level":"info","message":"⌛ Validating niveles.wlk","timeElapsed":103,"timestamp":"2026-06-18T21:23:24.569Z"}
{"level":"info","message":"⌛ Building environment","timeElapsed":284,"timestamp":"2026-06-18T21:23:24.880Z"}
{"level":"info","message":"⌛ Building environment","timeElapsed":255,"timestamp":"2026-06-18T21:23:25.165Z"}
{"level":"info","message":"⌛ Building environment","timeElapsed":259,"timestamp":"2026-06-18T21:23:25.451Z"}
{"level":"info","message":"⌛ Validating niveles.wlk","timeElapsed":105,"timestamp":"2026-06-18T21:23:25.561Z"}
{"level":"info","message":"⌛ Building environment","timeElapsed":251,"timestamp":"2026-06-18T21:23:25.813Z"}
{"level":"info","message":"⌛ Building environment","timeElapsed":246,"timestamp":"2026-06-18T21:23:26.170Z"}
{"level":"info","message":"⌛ Building environment","timeElapsed":247,"timestamp":"2026-06-18T21:23:26.437Z"}
{"level":"info","message":"⌛ Building environment","timeElapsed":316,"timestamp":"2026-06-18T21:23:26.780Z"}
{"level":"info","message":"⌛ Building environment","timeElapsed":247,"timestamp":"2026-06-18T21:23:27.027Z"}
{"level":"info","message":"⌛ Building environment","timeElapsed":263,"timestamp":"2026-06-18T21:23:27.391Z"}
{"level":"info","message":"⌛ Validating niveles.wlk","timeElapsed":101,"timestamp":"2026-06-18T21:23:27.496Z"}
{"level":"info","message":"⌛ Building environment","timeElapsed":235,"timestamp":"2026-06-18T21:23:27.732Z"}
{"level":"info","message":"⌛ Building environment","timeElapsed":213,"timestamp":"2026-06-18T21:23:27.951Z"}
{"level":"info","message":"⌛ Building environment","timeElapsed":235,"timestamp":"2026-06-18T21:23:28.286Z"}
{"level":"info","message":"⌛ Building environment","timeElapsed":216,"timestamp":"2026-06-18T21:23:28.521Z"}
{"level":"info","message":"⌛ Validating niveles.wlk","timeElapsed":105,"timestamp":"2026-06-18T21:23:28.626Z"}
{"level":"info","message":"⌛ Building environment","timeElapsed":241,"timestamp":"2026-06-18T21:23:28.867Z"}
{"level":"info","message":"⌛ Building environment","timeElapsed":220,"timestamp":"2026-06-18T21:23:29.110Z"}
{"level":"info","message":"⌛ Building environment","timeElapsed":238,"timestamp":"2026-06-18T21:23:29.446Z"}
{"level":"info","message":"⌛ Validating niveles.wlk","timeElapsed":110,"timestamp":"2026-06-18T21:23:29.563Z"}
{"level":"info","message":"⌛ Validating niveles.wlk","timeElapsed":101,"timestamp":"2026-06-18T21:23:29.683Z"}
{"level":"info","message":"⌛ Validating niveles.wlk","timeElapsed":108,"timestamp":"2026-06-18T21:23:29.792Z"}
{"level":"info","message":"⌛ Validating niveles.wlk","timeElapsed":106,"timestamp":"2026-06-18T21:23:29.932Z"}
{"level":"info","message":"⌛ Validating niveles.wlk","timeElapsed":103,"timestamp":"2026-06-18T21:23:30.490Z"}
{"level":"info","message":"⌛ Building environment","timeElapsed":239,"timestamp":"2026-06-18T21:23:33.444Z"}
{"level":"info","message":"⌛ Building environment","timeElapsed":232,"timestamp":"2026-06-18T21:23:33.680Z"}
{"level":"info","message":"⌛ Building environment","timeElapsed":227,"timestamp":"2026-06-18T21:23:35.167Z"}
{"level":"info","message":"⌛ Building environment","timeElapsed":272,"timestamp":"2026-06-18T21:23:35.439Z"}
{"level":"info","message":"⌛ Validating niveles.wlk","timeElapsed":106,"timestamp":"2026-06-18T21:23:35.545Z"}
{"level":"info","message":"⌛ Validating niveles.wlk","timeElapsed":104,"timestamp":"2026-06-18T21:23:35.654Z"}
{"level":"info","message":"⌛ Building environment","timeElapsed":227,"timestamp":"2026-06-18T21:23:35.881Z"}
{"level":"info","message":"⌛ Building environment","timeElapsed":233,"timestamp":"2026-06-18T21:23:36.135Z"}
{"level":"info","message":"⌛ Building environment","timeElapsed":226,"timestamp":"2026-06-18T21:23:39.151Z"}
{"level":"info","message":"⌛ Building environment","timeElapsed":251,"timestamp":"2026-06-18T21:23:39.407Z"}
{"level":"info","message":"⌛ Validating niveles.wlk","timeElapsed":132,"timestamp":"2026-06-18T21:23:39.643Z"}
{"level":"info","message":"⌛ Building environment","timeElapsed":337,"timestamp":"2026-06-18T21:23:39.982Z"}
{"level":"info","message":"⌛ Building environment","timeElapsed":498,"timestamp":"2026-06-18T21:23:40.501Z"}
{"level":"info","message":"⌛ Validating niveles.wlk","timeElapsed":107,"timestamp":"2026-06-18T21:23:40.686Z"}
{"level":"info","message":"⌛ Building environment","timeElapsed":280,"timestamp":"2026-06-18T21:23:40.967Z"}
{"level":"info","message":"⌛ Building environment","timeElapsed":244,"timestamp":"2026-06-18T21:23:41.211Z"}
{"level":"info","message":"⌛ Validating niveles.wlk","timeElapsed":102,"timestamp":"2026-06-18T21:23:41.314Z"}
{"level":"info","message":"⌛ Validating niveles.wlk","timeElapsed":105,"timestamp":"2026-06-18T21:23:41.438Z"}
{"level":"info","message":"⌛ Building environment","timeElapsed":230,"timestamp":"2026-06-18T21:23:41.777Z"}
{"level":"info","message":"⌛ Building environment","timeElapsed":258,"timestamp":"2026-06-18T21:23:42.035Z"}
{"level":"info","message":"⌛ Validating niveles.wlk","timeElapsed":101,"timestamp":"2026-06-18T21:23:42.184Z"}
{"level":"info","message":"⌛ Validating niveles.wlk","timeElapsed":111,"timestamp":"2026-06-18T21:23:42.307Z"}
{"level":"info","message":"⌛ Building environment","timeElapsed":271,"timestamp":"2026-06-18T21:23:44.583Z"}
{"level":"info","message":"⌛ Building environment","timeElapsed":291,"timestamp":"2026-06-18T21:23:44.882Z"}
{"level":"info","message":"⌛ Building environment","timeElapsed":243,"timestamp":"2026-06-18T21:23:45.234Z"}
{"level":"info","message":"⌛ Building environment","timeElapsed":236,"timestamp":"2026-06-18T21:23:45.480Z"}
{"level":"info","message":"⌛ Validating niveles.wlk","timeElapsed":105,"timestamp":"2026-06-18T21:23:45.830Z"}
{"level":"info","message":"⌛ Building environment","timeElapsed":232,"timestamp":"2026-06-18T21:23:52.096Z"}
{"level":"info","message":"⌛ Building environment","timeElapsed":272,"timestamp":"2026-06-18T21:23:52.369Z"}
{"level":"info","message":"⌛ Validating niveles.wlk","timeElapsed":113,"timestamp":"2026-06-18T21:23:52.482Z"}
{"level":"info","message":"⌛ Validating niveles.wlk","timeElapsed":101,"timestamp":"2026-06-18T21:23:52.589Z"}
{"level":"info","message":"⌛ Building environment","timeElapsed":271,"timestamp":"2026-06-18T21:23:52.862Z"}
{"level":"info","message":"⌛ Building environment","timeElapsed":232,"timestamp":"2026-06-18T21:23:53.122Z"}
{"level":"info","message":"⌛ Validating niveles.wlk","timeElapsed":101,"timestamp":"2026-06-18T21:23:53.309Z"}
{"level":"info","message":"⌛ Validating niveles.wlk","timeElapsed":126,"timestamp":"2026-06-18T21:23:53.436Z"}
{"level":"info","message":"⌛ Building environment","timeElapsed":287,"timestamp":"2026-06-18T21:23:53.724Z"}
{"level":"info","message":"⌛ Building environment","timeElapsed":240,"timestamp":"2026-06-18T21:23:53.965Z"}
{"level":"info","message":"⌛ Validating niveles.wlk","timeElapsed":110,"timestamp":"2026-06-18T21:23:54.109Z"}
{"level":"info","message":"⌛ Building environment","timeElapsed":260,"timestamp":"2026-06-18T21:23:54.370Z"}
{"level":"info","message":"⌛ Validating niveles.wlk","timeElapsed":105,"timestamp":"2026-06-18T21:23:54.476Z"}
{"level":"info","message":"⌛ Building environment","timeElapsed":268,"timestamp":"2026-06-18T21:23:54.745Z"}
{"level":"info","message":"⌛ Validating niveles.wlk","timeElapsed":113,"timestamp":"2026-06-18T21:23:54.879Z"}
{"level":"info","message":"⌛ Building environment","timeElapsed":262,"timestamp":"2026-06-18T21:23:55.141Z"}
{"level":"info","message":"⌛ Building environment","timeElapsed":243,"timestamp":"2026-06-18T21:23:55.407Z"}
{"level":"info","message":"⌛ Validating niveles.wlk","timeElapsed":102,"timestamp":"2026-06-18T21:23:55.513Z"}
{"level":"info","message":"⌛ Building environment","timeElapsed":240,"timestamp":"2026-06-18T21:23:55.868Z"}
{"level":"info","message":"⌛ Building environment","timeElapsed":233,"timestamp":"2026-06-18T21:23:56.102Z"}
{"level":"info","message":"⌛ Validating niveles.wlk","timeElapsed":103,"timestamp":"2026-06-18T21:23:56.205Z"}
{"level":"info","message":"⌛ Validating niveles.wlk","timeElapsed":102,"timestamp":"2026-06-18T21:23:56.337Z"}
{"level":"info","message":"⌛ Building environment","timeElapsed":273,"timestamp":"2026-06-18T21:23:56.627Z"}
{"level":"info","message":"⌛ Building environment","timeElapsed":293,"timestamp":"2026-06-18T21:23:56.920Z"}
{"level":"info","message":"⌛ Validating niveles.wlk","timeElapsed":104,"timestamp":"2026-06-18T21:23:57.031Z"}
{"level":"info","message":"⌛ Building environment","timeElapsed":246,"timestamp":"2026-06-18T21:23:57.414Z"}
{"level":"info","message":"⌛ Building environment","timeElapsed":228,"timestamp":"2026-06-18T21:23:57.643Z"}
{"level":"info","message":"⌛ Building environment","timeElapsed":251,"timestamp":"2026-06-18T21:23:58.246Z"}
{"level":"info","message":"⌛ Building environment","timeElapsed":233,"timestamp":"2026-06-18T21:23:58.479Z"}
{"level":"info","message":"⌛ Building environment","timeElapsed":234,"timestamp":"2026-06-18T21:23:58.949Z"}
{"level":"info","message":"⌛ Building environment","timeElapsed":258,"timestamp":"2026-06-18T21:23:59.231Z"}
{"level":"info","message":"⌛ Validating niveles.wlk","timeElapsed":101,"timestamp":"2026-06-18T21:23:59.361Z"}
{"level":"info","message":"⌛ Building environment","timeElapsed":244,"timestamp":"2026-06-18T21:23:59.605Z"}
{"level":"info","message":"⌛ Building environment","timeElapsed":270,"timestamp":"2026-06-18T21:23:59.974Z"}
{"level":"info","message":"⌛ Building environment","timeElapsed":232,"timestamp":"2026-06-18T21:24:00.228Z"}
{"level":"info","message":"⌛ Validating niveles.wlk","timeElapsed":112,"timestamp":"2026-06-18T21:24:00.343Z"}
{"level":"info","message":"⌛ Building environment","timeElapsed":317,"timestamp":"2026-06-18T21:24:00.661Z"}
{"level":"info","message":"⌛ Building environment","timeElapsed":227,"timestamp":"2026-06-18T21:24:00.911Z"}
{"level":"info","message":"⌛ Building environment","timeElapsed":246,"timestamp":"2026-06-18T21:24:01.253Z"}
{"level":"info","message":"⌛ Building environment","timeElapsed":252,"timestamp":"2026-06-18T21:24:01.605Z"}
{"level":"info","message":"⌛ Building environment","timeElapsed":312,"timestamp":"2026-06-18T21:24:01.937Z"}
{"level":"info","message":"⌛ Building environment","timeElapsed":285,"timestamp":"2026-06-18T21:24:02.318Z"}
{"level":"info","message":"⌛ Building environment","timeElapsed":276,"timestamp":"2026-06-18T21:24:02.595Z"}
{"level":"info","message":"⌛ Validating niveles.wlk","timeElapsed":102,"timestamp":"2026-06-18T21:24:02.697Z"}
{"level":"info","message":"⌛ Building environment","timeElapsed":222,"timestamp":"2026-06-18T21:24:02.919Z"}
{"level":"info","message":"⌛ Building environment","timeElapsed":234,"timestamp":"2026-06-18T21:24:03.274Z"}
{"level":"info","message":"⌛ Building environment","timeElapsed":215,"timestamp":"2026-06-18T21:24:03.495Z"}
{"level":"info","message":"⌛ Validating niveles.wlk","timeElapsed":155,"timestamp":"2026-06-18T21:24:03.671Z"}
{"level":"info","message":"⌛ Building environment","timeElapsed":375,"timestamp":"2026-06-18T21:24:04.046Z"}
{"level":"info","message":"⌛ Building environment","timeElapsed":222,"timestamp":"2026-06-18T21:24:04.269Z"}
{"level":"info","message":"⌛ Validating niveles.wlk","timeElapsed":113,"timestamp":"2026-06-18T21:24:04.382Z"}
{"level":"info","message":"⌛ Building environment","timeElapsed":247,"timestamp":"2026-06-18T21:24:04.629Z"}
{"level":"info","message":"⌛ Validating niveles.wlk","timeElapsed":113,"timestamp":"2026-06-18T21:24:04.876Z"}
{"level":"info","message":"⌛ Validating niveles.wlk","timeElapsed":102,"timestamp":"2026-06-18T21:24:04.992Z"}
{"level":"info","message":"⌛ Validating niveles.wlk","timeElapsed":107,"timestamp":"2026-06-18T21:24:05.113Z"}
{"level":"info","message":"⌛ Building environment","timeElapsed":230,"timestamp":"2026-06-18T21:24:05.455Z"}
{"level":"info","message":"⌛ Building environment","timeElapsed":242,"timestamp":"2026-06-18T21:24:05.703Z"}
{"level":"info","message":"⌛ Building environment","timeElapsed":237,"timestamp":"2026-06-18T21:24:06.161Z"}
{"level":"info","message":"⌛ Building environment","timeElapsed":230,"timestamp":"2026-06-18T21:24:06.395Z"}
{"level":"info","message":"⌛ Building environment","timeElapsed":228,"timestamp":"2026-06-18T21:24:06.841Z"}
{"level":"info","message":"⌛ Building environment","timeElapsed":322,"timestamp":"2026-06-18T21:24:07.183Z"}
{"level":"info","message":"⌛ Building environment","timeElapsed":232,"timestamp":"2026-06-18T21:24:07.616Z"}
{"level":"info","message":"⌛ Building environment","timeElapsed":231,"timestamp":"2026-06-18T21:24:07.851Z"}
{"level":"info","message":"⌛ Building environment","timeElapsed":213,"timestamp":"2026-06-18T21:24:08.091Z"}
{"level":"info","message":"⌛ Building environment","timeElapsed":241,"timestamp":"2026-06-18T21:24:08.432Z"}
{"level":"info","message":"⌛ Building environment","timeElapsed":278,"timestamp":"2026-06-18T21:24:08.802Z"}
{"level":"info","message":"⌛ Building environment","timeElapsed":297,"timestamp":"2026-06-18T21:24:09.121Z"}
{"level":"info","message":"⌛ Validating niveles.wlk","timeElapsed":107,"timestamp":"2026-06-18T21:24:09.341Z"}
{"level":"info","message":"⌛ Validating niveles.wlk","timeElapsed":124,"timestamp":"2026-06-18T21:24:09.482Z"}
{"level":"info","message":"⌛ Validating niveles.wlk","timeElapsed":106,"timestamp":"2026-06-18T21:24:09.601Z"}
{"level":"info","message":"⌛ Validating niveles.wlk","timeElapsed":107,"timestamp":"2026-06-18T21:24:09.708Z"}
{"level":"info","message":"⌛ Validating niveles.wlk","timeElapsed":101,"timestamp":"2026-06-18T21:24:09.823Z"}
{"level":"info","message":"⌛ Validating niveles.wlk","timeElapsed":101,"timestamp":"2026-06-18T21:24:10.071Z"}
{"level":"info","message":"⌛ Building environment","timeElapsed":231,"timestamp":"2026-06-18T21:24:12.647Z"}
{"level":"info","message":"⌛ Building environment","timeElapsed":248,"timestamp":"2026-06-18T21:24:12.896Z"}
{"level":"info","message":"⌛ Building environment","timeElapsed":238,"timestamp":"2026-06-18T21:24:13.447Z"}
{"level":"info","message":"⌛ Building environment","timeElapsed":251,"timestamp":"2026-06-18T21:24:13.718Z"}
{"level":"info","message":"⌛ Building environment","timeElapsed":246,"timestamp":"2026-06-18T21:24:14.066Z"}
{"level":"info","message":"⌛ Building environment","timeElapsed":221,"timestamp":"2026-06-18T21:24:14.384Z"}
{"level":"info","message":"⌛ Validating niveles.wlk","timeElapsed":104,"timestamp":"2026-06-18T21:24:14.641Z"}
{"level":"info","message":"⌛ Building environment","timeElapsed":231,"timestamp":"2026-06-18T21:24:15.709Z"}
{"level":"info","message":"⌛ Building environment","timeElapsed":257,"timestamp":"2026-06-18T21:24:15.966Z"}
{"level":"info","message":"⌛ Validating niveles.wlk","timeElapsed":106,"timestamp":"2026-06-18T21:24:16.073Z"}
{"level":"info","message":"⌛ Validating niveles.wlk","timeElapsed":109,"timestamp":"2026-06-18T21:24:16.187Z"}
{"level":"info","message":"⌛ Building environment","timeElapsed":246,"timestamp":"2026-06-18T21:24:16.683Z"}
{"level":"info","message":"⌛ Building environment","timeElapsed":259,"timestamp":"2026-06-18T21:24:16.947Z"}
{"level":"info","message":"⌛ Building environment","timeElapsed":231,"timestamp":"2026-06-18T21:24:18.218Z"}
{"level":"info","message":"⌛ Building environment","timeElapsed":378,"timestamp":"2026-06-18T21:24:18.596Z"}
{"level":"info","message":"⌛ Validating niveles.wlk","timeElapsed":105,"timestamp":"2026-06-18T21:24:18.701Z"}
{"level":"info","message":"⌛ Validating niveles.wlk","timeElapsed":101,"timestamp":"2026-06-18T21:24:18.806Z"}
{"level":"info","message":"⌛ Building environment","timeElapsed":309,"timestamp":"2026-06-18T21:24:19.117Z"}
{"level":"info","message":"⌛ Building environment","timeElapsed":229,"timestamp":"2026-06-18T21:24:19.370Z"}
{"level":"info","message":"⌛ Building environment","timeElapsed":253,"timestamp":"2026-06-18T21:24:19.755Z"}
{"level":"info","message":"⌛ Validating niveles.wlk","timeElapsed":116,"timestamp":"2026-06-18T21:24:19.871Z"}
{"level":"info","message":"⌛ Building environment","timeElapsed":249,"timestamp":"2026-06-18T21:24:20.120Z"}
{"level":"info","message":"⌛ Building environment","timeElapsed":237,"timestamp":"2026-06-18T21:24:20.489Z"}
{"level":"info","message":"⌛ Building environment","timeElapsed":270,"timestamp":"2026-06-18T21:24:20.862Z"}
{"level":"info","message":"⌛ Building environment","timeElapsed":221,"timestamp":"2026-06-18T21:24:21.215Z"}
{"level":"info","message":"⌛ Building environment","timeElapsed":235,"timestamp":"2026-06-18T21:24:21.549Z"}
{"level":"info","message":"⌛ Building environment","timeElapsed":223,"timestamp":"2026-06-18T21:24:43.150Z"}
{"level":"info","message":"⌛ Building environment","timeElapsed":254,"timestamp":"2026-06-18T21:24:43.409Z"}
{"level":"info","message":"⌛ Validating niveles.wlk","timeElapsed":106,"timestamp":"2026-06-18T21:24:43.617Z"}
{"level":"info","message":"⌛ Building environment","timeElapsed":226,"timestamp":"2026-06-18T21:24:44.189Z"}
{"level":"info","message":"⌛ Building environment","timeElapsed":249,"timestamp":"2026-06-18T21:24:44.438Z"}
{"level":"info","message":"⌛ Validating niveles.wlk","timeElapsed":152,"timestamp":"2026-06-18T21:24:44.593Z"}
{"level":"info","message":"⌛ Validating niveles.wlk","timeElapsed":107,"timestamp":"2026-06-18T21:24:44.719Z"}
{"level":"info","message":"⌛ Building environment","timeElapsed":285,"timestamp":"2026-06-18T21:24:52.835Z"}
{"level":"info","message":"⌛ Building environment","timeElapsed":249,"timestamp":"2026-06-18T21:24:53.089Z"}
{"level":"info","message":"⌛ Building environment","timeElapsed":224,"timestamp":"2026-06-18T21:24:57.759Z"}
{"level":"info","message":"⌛ Building environment","timeElapsed":295,"timestamp":"2026-06-18T21:24:58.055Z"}
{"level":"info","message":"⌛ Building environment","timeElapsed":245,"timestamp":"2026-06-18T21:25:02.073Z"}
{"level":"info","message":"⌛ Building environment","timeElapsed":225,"timestamp":"2026-06-18T21:25:02.303Z"}
{"level":"info","message":"⌛ Validating niveles.wlk","timeElapsed":113,"timestamp":"2026-06-18T21:25:02.541Z"}
{"level":"info","message":"⌛ Building environment","timeElapsed":230,"timestamp":"2026-06-18T21:25:09.163Z"}
{"level":"info","message":"⌛ Building environment","timeElapsed":229,"timestamp":"2026-06-18T21:25:09.396Z"}
{"level":"info","message":"⌛ Validating niveles.wlk","timeElapsed":106,"timestamp":"2026-06-18T21:25:09.502Z"}
{"level":"info","message":"⌛ Building environment","timeElapsed":219,"timestamp":"2026-06-18T21:25:09.723Z"}
{"level":"info","message":"⌛ Building environment","timeElapsed":273,"timestamp":"2026-06-18T21:25:09.996Z"}
{"level":"info","message":"⌛ Building environment","timeElapsed":220,"timestamp":"2026-06-18T21:25:36.785Z"}
{"level":"info","message":"⌛ Building environment","timeElapsed":245,"timestamp":"2026-06-18T21:25:37.030Z"}
{"level":"info","message":"⌛ Validating niveles.wlk","timeElapsed":110,"timestamp":"2026-06-18T21:25:37.252Z"}
{"level":"info","message":"⌛ Building environment","timeElapsed":237,"timestamp":"2026-06-18T21:25:38.883Z"}
{"level":"info","message":"⌛ Building environment","timeElapsed":255,"timestamp":"2026-06-18T21:25:39.138Z"}
{"level":"info","message":"⌛ Validating niveles.wlk","timeElapsed":106,"timestamp":"2026-06-18T21:25:39.244Z"}
{"level":"info","message":"⌛ Building environment","timeElapsed":226,"timestamp":"2026-06-18T21:25:40.639Z"}
{"level":"info","message":"⌛ Building environment","timeElapsed":255,"timestamp":"2026-06-18T21:25:40.894Z"}
{"level":"info","message":"⌛ Validating niveles.wlk","timeElapsed":107,"timestamp":"2026-06-18T21:25:41.001Z"}
{"level":"info","message":"⌛ Building environment","timeElapsed":227,"timestamp":"2026-06-18T21:25:42.503Z"}
{"level":"info","message":"⌛ Building environment","timeElapsed":223,"timestamp":"2026-06-18T21:25:42.730Z"}
{"level":"info","message":"⌛ Building environment","timeElapsed":274,"timestamp":"2026-06-18T21:26:23.645Z"}
{"level":"info","message":"⌛ Building environment","timeElapsed":251,"timestamp":"2026-06-18T21:26:23.902Z"}
{"level":"info","message":"⌛ Validating niveles.wlk","timeElapsed":103,"timestamp":"2026-06-18T21:26:24.009Z"}
{"level":"info","message":"⌛ Validating niveles.wlk","timeElapsed":141,"timestamp":"2026-06-18T21:26:24.205Z"}
{"level":"info","message":"⌛ Building environment","timeElapsed":267,"timestamp":"2026-06-18T21:26:26.250Z"}
{"level":"info","message":"⌛ Building environment","timeElapsed":244,"timestamp":"2026-06-18T21:26:26.494Z"}
{"level":"info","message":"⌛ Validating niveles.wlk","timeElapsed":107,"timestamp":"2026-06-18T21:26:26.601Z"}
{"level":"info","message":"⌛ Validating niveles.wlk","timeElapsed":102,"timestamp":"2026-06-18T21:26:26.723Z"}
{"level":"info","message":"⌛ Building environment","timeElapsed":267,"timestamp":"2026-06-18T21:26:49.330Z"}
{"level":"info","message":"⌛ Building environment","timeElapsed":256,"timestamp":"2026-06-18T21:26:49.591Z"}
{"level":"info","message":"⌛ Building environment","timeElapsed":265,"timestamp":"2026-06-18T21:27:09.345Z"}
{"level":"info","message":"⌛ Building environment","timeElapsed":232,"timestamp":"2026-06-18T21:27:09.585Z"}
{"level":"info","message":"⌛ Building environment","timeElapsed":264,"timestamp":"2026-06-18T21:27:09.849Z"}
{"level":"info","message":"⌛ Validating niveles.wlk","timeElapsed":147,"timestamp":"2026-06-18T21:27:09.998Z"}
{"level":"info","message":"⌛ Building environment","timeElapsed":264,"timestamp":"2026-06-18T21:27:10.263Z"}
{"level":"info","message":"⌛ Validating niveles.wlk","timeElapsed":103,"timestamp":"2026-06-18T21:27:10.367Z"}
{"level":"info","message":"⌛ Validating niveles.wlk","timeElapsed":123,"timestamp":"2026-06-18T21:27:10.603Z"}
{"level":"info","message":"⌛ Building environment","timeElapsed":226,"timestamp":"2026-06-18T21:27:17.946Z"}
{"level":"info","message":"⌛ Validating niveles.wlk","timeElapsed":110,"timestamp":"2026-06-18T21:27:18.057Z"}
{"level":"info","message":"⌛ Building environment","timeElapsed":263,"timestamp":"2026-06-18T21:27:18.335Z"}
{"level":"info","message":"⌛ Building environment","timeElapsed":230,"timestamp":"2026-06-18T21:27:18.592Z"}
{"level":"info","message":"⌛ Building environment","timeElapsed":250,"timestamp":"2026-06-18T21:27:18.950Z"}
{"level":"info","message":"⌛ Validating niveles.wlk","timeElapsed":102,"timestamp":"2026-06-18T21:27:19.055Z"}
{"level":"info","message":"⌛ Building environment","timeElapsed":233,"timestamp":"2026-06-18T21:27:21.903Z"}
{"level":"info","message":"⌛ Building environment","timeElapsed":232,"timestamp":"2026-06-18T21:27:22.140Z"}
{"level":"info","message":"⌛ Validating niveles.wlk","timeElapsed":104,"timestamp":"2026-06-18T21:27:22.245Z"}
{"level":"info","message":"⌛ Building environment","timeElapsed":275,"timestamp":"2026-06-18T21:27:22.520Z"}
{"level":"info","message":"⌛ Building environment","timeElapsed":247,"timestamp":"2026-06-18T21:27:22.773Z"}
{"level":"info","message":"⌛ Validating niveles.wlk","timeElapsed":147,"timestamp":"2026-06-18T21:27:23.047Z"}
{"level":"info","message":"⌛ Validating niveles.wlk","timeElapsed":123,"timestamp":"2026-06-18T21:27:23.171Z"}
{"level":"info","message":"⌛ Building environment","timeElapsed":223,"timestamp":"2026-06-18T21:27:54.970Z"}
{"level":"info","message":"⌛ Building environment","timeElapsed":245,"timestamp":"2026-06-18T21:27:55.219Z"}
{"level":"info","message":"⌛ Building environment","timeElapsed":254,"timestamp":"2026-06-18T21:27:58.657Z"}
{"level":"info","message":"⌛ Validating niveles.wlk","timeElapsed":115,"timestamp":"2026-06-18T21:27:58.776Z"}
{"level":"info","message":"⌛ Building environment","timeElapsed":309,"timestamp":"2026-06-18T21:27:59.219Z"}
{"level":"info","message":"⌛ Building environment","timeElapsed":236,"timestamp":"2026-06-18T21:28:24.454Z"}
{"level":"info","message":"⌛ Building environment","timeElapsed":236,"timestamp":"2026-06-18T21:28:24.690Z"}
{"level":"info","message":"⌛ Building environment","timeElapsed":233,"timestamp":"2026-06-18T21:28:24.923Z"}
{"level":"info","message":"⌛ Building environment","timeElapsed":227,"timestamp":"2026-06-18T21:28:25.249Z"}
{"level":"info","message":"⌛ Validating niveles.wlk","timeElapsed":109,"timestamp":"2026-06-18T21:28:25.363Z"}
{"level":"info","message":"⌛ Building environment","timeElapsed":238,"timestamp":"2026-06-18T21:28:47.815Z"}
{"level":"info","message":"⌛ Building environment","timeElapsed":246,"timestamp":"2026-06-18T21:28:48.067Z"}
{"level":"info","message":"⌛ Validating niveles.wlk","timeElapsed":102,"timestamp":"2026-06-18T21:28:48.274Z"}
{"level":"info","message":"⌛ Building environment","timeElapsed":245,"timestamp":"2026-06-18T21:28:49.020Z"}
{"level":"info","message":"⌛ Building environment","timeElapsed":241,"timestamp":"2026-06-18T21:28:49.261Z"}
{"level":"info","message":"⌛ Validating niveles.wlk","timeElapsed":101,"timestamp":"2026-06-18T21:28:49.488Z"}
{"level":"info","message":"⌛ Building environment","timeElapsed":307,"timestamp":"2026-06-18T21:28:56.862Z"}
{"level":"info","message":"⌛ Building environment","timeElapsed":316,"timestamp":"2026-06-18T21:28:57.179Z"}
{"level":"info","message":"⌛ Validating niveles.wlk","timeElapsed":118,"timestamp":"2026-06-18T21:28:57.298Z"}
{"level":"info","message":"⌛ Validating niveles.wlk","timeElapsed":103,"timestamp":"2026-06-18T21:28:57.450Z"}
{"level":"info","message":"⌛ Building environment","timeElapsed":263,"timestamp":"2026-06-18T21:28:59.250Z"}
{"level":"info","message":"⌛ Building environment","timeElapsed":225,"timestamp":"2026-06-18T21:28:59.506Z"}
{"level":"info","message":"⌛ Validating niveles.wlk","timeElapsed":117,"timestamp":"2026-06-18T21:28:59.623Z"}
{"level":"info","message":"⌛ Validating niveles.wlk","timeElapsed":120,"timestamp":"2026-06-18T21:28:59.763Z"}
{"level":"info","message":"⌛ Building environment","timeElapsed":262,"timestamp":"2026-06-18T21:29:00.027Z"}
{"level":"info","message":"⌛ Validating niveles.wlk","timeElapsed":142,"timestamp":"2026-06-18T21:29:00.193Z"}
{"level":"info","message":"⌛ Building environment","timeElapsed":266,"timestamp":"2026-06-18T21:29:00.472Z"}
{"level":"info","message":"⌛ Validating niveles.wlk","timeElapsed":101,"timestamp":"2026-06-18T21:29:00.594Z"}
{"level":"info","message":"⌛ Building environment","timeElapsed":239,"timestamp":"2026-06-18T21:29:04.423Z"}
{"level":"info","message":"⌛ Building environment","timeElapsed":249,"timestamp":"2026-06-18T21:29:04.677Z"}
{"level":"info","message":"⌛ Validating niveles.wlk","timeElapsed":114,"timestamp":"2026-06-18T21:29:04.941Z"}
{"level":"info","message":"⌛ Building environment","timeElapsed":251,"timestamp":"2026-06-18T21:29:05.568Z"}
{"level":"info","message":"⌛ Building environment","timeElapsed":247,"timestamp":"2026-06-18T21:29:05.817Z"}
{"level":"info","message":"⌛ Validating niveles.wlk","timeElapsed":107,"timestamp":"2026-06-18T21:29:05.925Z"}
{"level":"info","message":"⌛ Validating niveles.wlk","timeElapsed":102,"timestamp":"2026-06-18T21:29:06.046Z"}
{"level":"info","message":"⌛ Building environment","timeElapsed":255,"timestamp":"2026-06-18T21:29:19.467Z"}
{"level":"info","message":"⌛ Building environment","timeElapsed":238,"timestamp":"2026-06-18T21:29:19.706Z"}
{"level":"info","message":"⌛ Validating niveles.wlk","timeElapsed":142,"timestamp":"2026-06-18T21:29:19.848Z"}
{"level":"info","message":"⌛ Validating niveles.wlk","timeElapsed":134,"timestamp":"2026-06-18T21:29:20.004Z"}
{"level":"info","message":"⌛ Building environment","timeElapsed":265,"timestamp":"2026-06-18T21:29:26.030Z"}
{"level":"info","message":"⌛ Building environment","timeElapsed":291,"timestamp":"2026-06-18T21:29:26.326Z"}
{"level":"info","message":"⌛ Validating niveles.wlk","timeElapsed":129,"timestamp":"2026-06-18T21:29:26.463Z"}
{"level":"info","message":"⌛ Validating niveles.wlk","timeElapsed":135,"timestamp":"2026-06-18T21:29:26.620Z"}
{"level":"info","message":"⌛ Building environment","timeElapsed":244,"timestamp":"2026-06-18T21:29:43.216Z"}
{"level":"info","message":"⌛ Validating niveles.wlk","timeElapsed":145,"timestamp":"2026-06-18T21:29:43.373Z"}
{"level":"info","message":"⌛ Building environment","timeElapsed":270,"timestamp":"2026-06-18T21:29:43.784Z"}
{"level":"info","message":"⌛ Validating niveles.wlk","timeElapsed":108,"timestamp":"2026-06-18T21:29:43.919Z"}
{"level":"info","message":"⌛ Building environment","timeElapsed":242,"timestamp":"2026-06-18T21:29:44.161Z"}
{"level":"info","message":"⌛ Building environment","timeElapsed":249,"timestamp":"2026-06-18T21:29:44.415Z"}
{"level":"info","message":"⌛ Validating niveles.wlk","timeElapsed":109,"timestamp":"2026-06-18T21:29:44.524Z"}
{"level":"info","message":"⌛ Validating niveles.wlk","timeElapsed":103,"timestamp":"2026-06-18T21:29:44.685Z"}
{"level":"info","message":"⌛ Building environment","timeElapsed":233,"timestamp":"2026-06-18T21:29:58.757Z"}
{"level":"info","message":"⌛ Building environment","timeElapsed":289,"timestamp":"2026-06-18T21:29:59.046Z"}
{"level":"info","message":"⌛ Validating niveles.wlk","timeElapsed":158,"timestamp":"2026-06-18T21:29:59.205Z"}
{"level":"info","message":"⌛ Validating niveles.wlk","timeElapsed":141,"timestamp":"2026-06-18T21:29:59.373Z"}
{"level":"info","message":"⌛ Building environment","timeElapsed":265,"timestamp":"2026-06-18T21:30:20.335Z"}
{"level":"info","message":"⌛ Validating niveles.wlk","timeElapsed":103,"timestamp":"2026-06-18T21:30:20.499Z"}
{"level":"info","message":"⌛ Building environment","timeElapsed":244,"timestamp":"2026-06-18T21:30:25.665Z"}
{"level":"error","message":"✘ Failed to rebuild document Failed to parse niveles.wlk: \n-- PARSING FAILED --------------------------------------------------\n\n  363 |         [1 ,0 ,21,1 ,1 ,0 ,0 ,0 ,0 ,1 ,0 ,1 ,0 ,0 ,0 ,0 ,0 ,0 ,1 ,1 ,0 ],\n  364 |         [1 ,1 ,1 ,1 ,1 ,1 ,1 ,1 ,1 ,1 ,0 ,1 ,1 ,1 ,1 ,1 ,1 ,1 ,1 ,1 ,0 ]]\n> 365 | }\n      | ^\n  366 | \n  367 | object nivel_2 inherits Nivel\n\nExpected one of the following: \n\n'@', 'class', 'const', 'describe', 'mixin', 'object', 'only', 'package', 'program', 'test', 'var', '{', EOF, comment, not \"}\r\n\r\n\", whitespace\n","stack":"Error: Failed to parse niveles.wlk: \n-- PARSING FAILED --------------------------------------------------\n\n  363 |         [1 ,0 ,21,1 ,1 ,0 ,0 ,0 ,0 ,1 ,0 ,1 ,0 ,0 ,0 ,0 ,0 ,0 ,1 ,1 ,0 ],\n  364 |         [1 ,1 ,1 ,1 ,1 ,1 ,1 ,1 ,1 ,1 ,0 ,1 ,1 ,1 ,1 ,1 ,1 ,1 ,1 ,1 ,0 ]]\n> 365 | }\n      | ^\n  366 | \n  367 | object nivel_2 inherits Nivel\n\nExpected one of the following: \n\n'@', 'class', 'const', 'describe', 'mixin', 'object', 'only', 'package', 'program', 'test', 'var', '{', EOF, comment, not \"}\r\n\r\n\", whitespace\n\n    at c:\\Users\\zagum\\.vscode\\extensions\\uqbar.wollok-lsp-ide-0.5.4\\out\\server\\src\\server.js:2353:13026\n    at Array.map (<anonymous>)\n    at U1n (c:\\Users\\zagum\\.vscode\\extensions\\uqbar.wollok-lsp-ide-0.5.4\\out\\server\\src\\server.js:2353:12950)\n    at H2.buildEnvironmentFrom (c:\\Users\\zagum\\.vscode\\extensions\\uqbar.wollok-lsp-ide-0.5.4\\out\\server\\src\\server.js:2398:5254)\n    at H2.updateEnvironmentWith (c:\\Users\\zagum\\.vscode\\extensions\\uqbar.wollok-lsp-ide-0.5.4\\out\\server\\src\\server.js:2398:4989)\n    at GF (c:\\Users\\zagum\\.vscode\\extensions\\uqbar.wollok-lsp-ide-0.5.4\\out\\server\\src\\server.js:2398:7383)\n    at V3.invoke (c:\\Users\\zagum\\.vscode\\extensions\\uqbar.wollok-lsp-ide-0.5.4\\out\\server\\src\\server.js:3:157328)\n    at o.fire (c:\\Users\\zagum\\.vscode\\extensions\\uqbar.wollok-lsp-ide-0.5.4\\out\\server\\src\\server.js:3:158098)\n    at c:\\Users\\zagum\\.vscode\\extensions\\uqbar.wollok-lsp-ide-0.5.4\\out\\server\\src\\server.js:37:57871\n    at nd (c:\\Users\\zagum\\.vscode\\extensions\\uqbar.wollok-lsp-ide-0.5.4\\out\\server\\src\\server.js:8:1561)","timestamp":"2026-06-18T21:30:25.770Z"}
{"level":"info","message":"⌛ Validating niveles.wlk","timeElapsed":107,"timestamp":"2026-06-18T21:30:25.878Z"}
{"level":"info","message":"⌛ Building environment","timeElapsed":250,"timestamp":"2026-06-18T21:30:26.870Z"}
{"level":"info","message":"⌛ Building environment","timeElapsed":261,"timestamp":"2026-06-18T21:30:27.740Z"}
{"level":"info","message":"⌛ Building environment","timeElapsed":252,"timestamp":"2026-06-18T21:30:30.419Z"}
{"level":"info","message":"⌛ Building environment","timeElapsed":236,"timestamp":"2026-06-18T21:30:31.143Z"}
{"level":"info","message":"⌛ Building environment","timeElapsed":268,"timestamp":"2026-06-18T21:30:31.411Z"}
{"level":"info","message":"⌛ Building environment","timeElapsed":297,"timestamp":"2026-06-18T21:30:31.810Z"}
{"level":"info","message":"⌛ Building environment","timeElapsed":267,"timestamp":"2026-06-18T21:30:32.078Z"}
{"level":"info","message":"⌛ Validating niveles.wlk","timeElapsed":122,"timestamp":"2026-06-18T21:30:32.206Z"}
{"level":"info","message":"⌛ Building environment","timeElapsed":272,"timestamp":"2026-06-18T21:30:32.477Z"}
{"level":"info","message":"⌛ Building environment","timeElapsed":231,"timestamp":"2026-06-18T21:30:32.715Z"}
{"level":"info","message":"⌛ Validating niveles.wlk","timeElapsed":102,"timestamp":"2026-06-18T21:30:32.820Z"}
{"level":"info","message":"⌛ Building environment","timeElapsed":238,"timestamp":"2026-06-18T21:30:33.059Z"}
{"level":"info","message":"⌛ Building environment","timeElapsed":322,"timestamp":"2026-06-18T21:30:33.382Z"}
{"level":"info","message":"⌛ Validating niveles.wlk","timeElapsed":114,"timestamp":"2026-06-18T21:30:33.497Z"}
{"level":"info","message":"⌛ Building environment","timeElapsed":241,"timestamp":"2026-06-18T21:30:33.739Z"}
{"level":"info","message":"⌛ Validating niveles.wlk","timeElapsed":116,"timestamp":"2026-06-18T21:30:33.882Z"}
{"level":"info","message":"⌛ Validating niveles.wlk","timeElapsed":107,"timestamp":"2026-06-18T21:30:33.990Z"}
{"level":"error","message":"✘ Failed to get type description: Error: Failed to print, found malformed node Failed to print, found malformed node","node":{"id":"47ec9153-95f4-4eac-b56b-4f30ae156725","metadata":[],"problems":[{"code":"malformedSentence","sourceMap":{"end":{"column":94,"line":348,"offset":11715},"start":{"column":37,"line":348,"offset":11658}}}],"scope":{"containerScope":{"containerScope":{"containerScope":{"containerScope":{"contributions":{},"includedScopes":[]},"contributions":{},"includedScopes":[{"contributions":{},"includedScopes":[]},{"contributions":{},"includedScopes":[]},{"contributions":{},"includedScopes":[]},{"contributions":{},"includedScopes":[]},{"contributions":{},"includedScopes":[]},{"contributions":{},"includedScopes":[]}]},"contributions":{},"includedScopes":[{"containerScope":{"containerScope":{"contributions":{},"includedScopes":[]},"contributions":{},"includedScopes":[{"contributions":{},"includedScopes":[]},{"contributions":{},"includedScopes":[]},{"contributions":{},"includedScopes":[]},{"contributions":{},"includedScopes":[]},{"contributions":{},"includedScopes":[]},{"contributions":{},"includedScopes":[]}]},"contributions":{},"includedScopes":[{"containerScope":{"containerScope":{"containerScope":{"contributions":{},"includedScopes":[]},"contributions":{},"includedScopes":[]},"contributions":{},"includedScopes":[]},"contributions":{},"includedScopes":[]}]},{"containerScope":{"containerScope":{"containerScope":{"contributions":{},"includedScopes":[]},"contributions":{},"includedScopes":[]},"contributions":{},"includedScopes":[]},"contributions":{},"includedScopes":[]}]},"contributions":{},"includedScopes":[]},"contributions":{},"includedScopes":[]},"sentences":[],"sourceMap":{"end":{"column":94,"line":348,"offset":11715},"start":{"column":37,"line":348,"offset":11658}}},"stack":"Error: Failed to print, found malformed node\n    at c:\\Users\\zagum\\.vscode\\extensions\\uqbar.wollok-lsp-ide-0.5.4\\out\\server\\src\\server.js:68:3585\n    at c:\\Users\\zagum\\.vscode\\extensions\\uqbar.wollok-lsp-ide-0.5.4\\out\\server\\src\\server.js:68:5370\n    at c:\\Users\\zagum\\.vscode\\extensions\\uqbar.wollok-lsp-ide-0.5.4\\out\\server\\src\\server.js:38:6131\n    at c:\\Users\\zagum\\.vscode\\extensions\\uqbar.wollok-lsp-ide-0.5.4\\out\\server\\src\\server.js:68:3664\n    at Kbn (c:\\Users\\zagum\\.vscode\\extensions\\uqbar.wollok-lsp-ide-0.5.4\\out\\server\\src\\server.js:68:3396)\n    at c:\\Users\\zagum\\.vscode\\extensions\\uqbar.wollok-lsp-ide-0.5.4\\out\\server\\src\\server.js:2398:847\n    at c:\\Users\\zagum\\.vscode\\extensions\\uqbar.wollok-lsp-ide-0.5.4\\out\\server\\src\\server.js:2398:8440\n    at c:\\Users\\zagum\\.vscode\\extensions\\uqbar.wollok-lsp-ide-0.5.4\\out\\server\\src\\server.js:37:74770\n    at Ke (c:\\Users\\zagum\\.vscode\\extensions\\uqbar.wollok-lsp-ide-0.5.4\\out\\server\\src\\server.js:7:8527)\n    at Lt (c:\\Users\\zagum\\.vscode\\extensions\\uqbar.wollok-lsp-ide-0.5.4\\out\\server\\src\\server.js:7:6189)","timestamp":"2026-06-18T21:30:34.016Z"}
{"level":"info","message":"⌛ Validating niveles.wlk","timeElapsed":101,"timestamp":"2026-06-18T21:30:34.116Z"}
{"level":"error","message":"✘ Failed to get type description: Error: Failed to print, found malformed node Failed to print, found malformed node","node":{"id":"47ec9153-95f4-4eac-b56b-4f30ae156725","metadata":[],"problems":[{"code":"malformedSentence","sourceMap":{"end":{"column":94,"line":348,"offset":11715},"start":{"column":37,"line":348,"offset":11658}}}],"scope":{"containerScope":{"containerScope":{"containerScope":{"containerScope":{"contributions":{},"includedScopes":[]},"contributions":{},"includedScopes":[{"contributions":{},"includedScopes":[]},{"contributions":{},"includedScopes":[]},{"contributions":{},"includedScopes":[]},{"contributions":{},"includedScopes":[]},{"contributions":{},"includedScopes":[]},{"contributions":{},"includedScopes":[]}]},"contributions":{},"includedScopes":[{"containerScope":{"containerScope":{"contributions":{},"includedScopes":[]},"contributions":{},"includedScopes":[{"contributions":{},"includedScopes":[]},{"contributions":{},"includedScopes":[]},{"contributions":{},"includedScopes":[]},{"contributions":{},"includedScopes":[]},{"contributions":{},"includedScopes":[]},{"contributions":{},"includedScopes":[]}]},"contributions":{},"includedScopes":[{"containerScope":{"containerScope":{"containerScope":{"contributions":{},"includedScopes":[]},"contributions":{},"includedScopes":[]},"contributions":{},"includedScopes":[]},"contributions":{},"includedScopes":[]}]},{"containerScope":{"containerScope":{"containerScope":{"contributions":{},"includedScopes":[]},"contributions":{},"includedScopes":[]},"contributions":{},"includedScopes":[]},"contributions":{},"includedScopes":[]}]},"contributions":{},"includedScopes":[]},"contributions":{},"includedScopes":[]},"sentences":[],"sourceMap":{"end":{"column":94,"line":348,"offset":11715},"start":{"column":37,"line":348,"offset":11658}}},"stack":"Error: Failed to print, found malformed node\n    at c:\\Users\\zagum\\.vscode\\extensions\\uqbar.wollok-lsp-ide-0.5.4\\out\\server\\src\\server.js:68:3585\n    at c:\\Users\\zagum\\.vscode\\extensions\\uqbar.wollok-lsp-ide-0.5.4\\out\\server\\src\\server.js:68:5370\n    at c:\\Users\\zagum\\.vscode\\extensions\\uqbar.wollok-lsp-ide-0.5.4\\out\\server\\src\\server.js:38:6131\n    at c:\\Users\\zagum\\.vscode\\extensions\\uqbar.wollok-lsp-ide-0.5.4\\out\\server\\src\\server.js:68:3664\n    at Kbn (c:\\Users\\zagum\\.vscode\\extensions\\uqbar.wollok-lsp-ide-0.5.4\\out\\server\\src\\server.js:68:3396)\n    at c:\\Users\\zagum\\.vscode\\extensions\\uqbar.wollok-lsp-ide-0.5.4\\out\\server\\src\\server.js:2398:847\n    at c:\\Users\\zagum\\.vscode\\extensions\\uqbar.wollok-lsp-ide-0.5.4\\out\\server\\src\\server.js:2398:8440\n    at c:\\Users\\zagum\\.vscode\\extensions\\uqbar.wollok-lsp-ide-0.5.4\\out\\server\\src\\server.js:37:74770\n    at Ke (c:\\Users\\zagum\\.vscode\\extensions\\uqbar.wollok-lsp-ide-0.5.4\\out\\server\\src\\server.js:7:8527)\n    at Lt (c:\\Users\\zagum\\.vscode\\extensions\\uqbar.wollok-lsp-ide-0.5.4\\out\\server\\src\\server.js:7:6189)","timestamp":"2026-06-18T21:30:34.153Z"}
{"level":"info","message":"⌛ Validating niveles.wlk","timeElapsed":125,"timestamp":"2026-06-18T21:30:34.290Z"}
{"level":"error","message":"✘ Failed to get type description: Error: Failed to print, found malformed node Failed to print, found malformed node","node":{"id":"47ec9153-95f4-4eac-b56b-4f30ae156725","metadata":[],"problems":[{"code":"malformedSentence","sourceMap":{"end":{"column":94,"line":348,"offset":11715},"start":{"column":37,"line":348,"offset":11658}}}],"scope":{"containerScope":{"containerScope":{"containerScope":{"containerScope":{"contributions":{},"includedScopes":[]},"contributions":{},"includedScopes":[{"contributions":{},"includedScopes":[]},{"contributions":{},"includedScopes":[]},{"contributions":{},"includedScopes":[]},{"contributions":{},"includedScopes":[]},{"contributions":{},"includedScopes":[]},{"contributions":{},"includedScopes":[]}]},"contributions":{},"includedScopes":[{"containerScope":{"containerScope":{"contributions":{},"includedScopes":[]},"contributions":{},"includedScopes":[{"contributions":{},"includedScopes":[]},{"contributions":{},"includedScopes":[]},{"contributions":{},"includedScopes":[]},{"contributions":{},"includedScopes":[]},{"contributions":{},"includedScopes":[]},{"contributions":{},"includedScopes":[]}]},"contributions":{},"includedScopes":[{"containerScope":{"containerScope":{"containerScope":{"contributions":{},"includedScopes":[]},"contributions":{},"includedScopes":[]},"contributions":{},"includedScopes":[]},"contributions":{},"includedScopes":[]}]},{"containerScope":{"containerScope":{"containerScope":{"contributions":{},"includedScopes":[]},"contributions":{},"includedScopes":[]},"contributions":{},"includedScopes":[]},"contributions":{},"includedScopes":[]}]},"contributions":{},"includedScopes":[]},"contributions":{},"includedScopes":[]},"sentences":[],"sourceMap":{"end":{"column":94,"line":348,"offset":11715},"start":{"column":37,"line":348,"offset":11658}}},"stack":"Error: Failed to print, found malformed node\n    at c:\\Users\\zagum\\.vscode\\extensions\\uqbar.wollok-lsp-ide-0.5.4\\out\\server\\src\\server.js:68:3585\n    at c:\\Users\\zagum\\.vscode\\extensions\\uqbar.wollok-lsp-ide-0.5.4\\out\\server\\src\\server.js:68:5370\n    at c:\\Users\\zagum\\.vscode\\extensions\\uqbar.wollok-lsp-ide-0.5.4\\out\\server\\src\\server.js:38:6131\n    at c:\\Users\\zagum\\.vscode\\extensions\\uqbar.wollok-lsp-ide-0.5.4\\out\\server\\src\\server.js:68:3664\n    at Kbn (c:\\Users\\zagum\\.vscode\\extensions\\uqbar.wollok-lsp-ide-0.5.4\\out\\server\\src\\server.js:68:3396)\n    at c:\\Users\\zagum\\.vscode\\extensions\\uqbar.wollok-lsp-ide-0.5.4\\out\\server\\src\\server.js:2398:847\n    at c:\\Users\\zagum\\.vscode\\extensions\\uqbar.wollok-lsp-ide-0.5.4\\out\\server\\src\\server.js:2398:8440\n    at c:\\Users\\zagum\\.vscode\\extensions\\uqbar.wollok-lsp-ide-0.5.4\\out\\server\\src\\server.js:37:74770\n    at Ke (c:\\Users\\zagum\\.vscode\\extensions\\uqbar.wollok-lsp-ide-0.5.4\\out\\server\\src\\server.js:7:8527)\n    at Lt (c:\\Users\\zagum\\.vscode\\extensions\\uqbar.wollok-lsp-ide-0.5.4\\out\\server\\src\\server.js:7:6189)","timestamp":"2026-06-18T21:30:34.425Z"}
{"level":"info","message":"⌛ Building environment","timeElapsed":244,"timestamp":"2026-06-18T21:30:36.669Z"}
{"level":"info","message":"⌛ Validating niveles.wlk","timeElapsed":155,"timestamp":"2026-06-18T21:30:36.826Z"}
{"level":"info","message":"⌛ Building environment","timeElapsed":252,"timestamp":"2026-06-18T21:30:38.181Z"}
{"level":"info","message":"⌛ Building environment","timeElapsed":223,"timestamp":"2026-06-18T21:30:40.527Z"}
{"level":"info","message":"⌛ Validating niveles.wlk","timeElapsed":109,"timestamp":"2026-06-18T21:30:40.638Z"}
{"level":"info","message":"⌛ Building environment","timeElapsed":259,"timestamp":"2026-06-18T21:30:43.405Z"}
{"level":"info","message":"⌛ Validating niveles.wlk","timeElapsed":119,"timestamp":"2026-06-18T21:30:43.548Z"}
{"level":"info","message":"⌛ Building environment","timeElapsed":277,"timestamp":"2026-06-18T21:30:43.932Z"}
{"level":"info","message":"⌛ Building environment","timeElapsed":246,"timestamp":"2026-06-18T21:30:44.178Z"}
{"level":"info","message":"⌛ Building environment","timeElapsed":240,"timestamp":"2026-06-18T21:30:44.423Z"}
{"level":"info","message":"⌛ Validating niveles.wlk","timeElapsed":101,"timestamp":"2026-06-18T21:30:44.533Z"}
{"level":"info","message":"⌛ Building environment","timeElapsed":228,"timestamp":"2026-06-18T21:30:44.762Z"}
{"level":"info","message":"⌛ Building environment","timeElapsed":295,"timestamp":"2026-06-18T21:30:45.058Z"}
{"level":"info","message":"⌛ Validating niveles.wlk","timeElapsed":113,"timestamp":"2026-06-18T21:30:45.170Z"}
{"level":"info","message":"⌛ Validating niveles.wlk","timeElapsed":103,"timestamp":"2026-06-18T21:30:45.491Z"}
{"level":"info","message":"⌛ Building environment","timeElapsed":260,"timestamp":"2026-06-18T21:31:22.924Z"}
{"level":"info","message":"⌛ Building environment","timeElapsed":251,"timestamp":"2026-06-18T21:31:23.176Z"}
{"level":"info","message":"⌛ Validating niveles.wlk","timeElapsed":122,"timestamp":"2026-06-18T21:31:23.299Z"}
{"level":"info","message":"⌛ Building environment","timeElapsed":257,"timestamp":"2026-06-18T21:31:23.892Z"}
{"level":"info","message":"⌛ Building environment","timeElapsed":242,"timestamp":"2026-06-18T21:31:24.135Z"}
{"level":"info","message":"⌛ Building environment","timeElapsed":282,"timestamp":"2026-06-18T21:31:42.997Z"}
{"level":"info","message":"⌛ Building environment","timeElapsed":269,"timestamp":"2026-06-18T21:31:43.266Z"}
{"level":"info","message":"⌛ Building environment","timeElapsed":270,"timestamp":"2026-06-18T21:31:43.536Z"}
{"level":"info","message":"⌛ Validating niveles.wlk","timeElapsed":147,"timestamp":"2026-06-18T21:31:43.685Z"}
{"level":"info","message":"⌛ Validating niveles.wlk","timeElapsed":110,"timestamp":"2026-06-18T21:31:43.819Z"}
{"level":"info","message":"⌛ Building environment","timeElapsed":314,"timestamp":"2026-06-18T21:31:44.234Z"}
{"level":"info","message":"⌛ Building environment","timeElapsed":294,"timestamp":"2026-06-18T21:31:44.529Z"}
{"level":"info","message":"⌛ Validating niveles.wlk","timeElapsed":126,"timestamp":"2026-06-18T21:31:44.709Z"}
{"level":"info","message":"⌛ Validating niveles.wlk","timeElapsed":150,"timestamp":"2026-06-18T21:31:44.859Z"}
{"level":"info","message":"⌛ Building environment","timeElapsed":306,"timestamp":"2026-06-18T21:33:14.205Z"}
{"level":"info","message":"⌛ Building environment","timeElapsed":258,"timestamp":"2026-06-18T21:33:14.540Z"}
{"level":"info","message":"⌛ Validating niveles.wlk","timeElapsed":105,"timestamp":"2026-06-18T21:33:14.646Z"}
{"level":"info","message":"⌛ Validating niveles.wlk","timeElapsed":113,"timestamp":"2026-06-18T21:33:14.764Z"}
{"level":"info","message":"⌛ Building environment","timeElapsed":261,"timestamp":"2026-06-18T21:33:15.513Z"}
{"level":"info","message":"⌛ Building environment","timeElapsed":249,"timestamp":"2026-06-18T21:33:15.762Z"}
{"level":"info","message":"⌛ Building environment","timeElapsed":245,"timestamp":"2026-06-18T21:33:29.301Z"}
{"level":"info","message":"⌛ Building environment","timeElapsed":279,"timestamp":"2026-06-18T21:33:29.585Z"}
{"level":"info","message":"⌛ Validating niveles.wlk","timeElapsed":110,"timestamp":"2026-06-18T21:33:29.704Z"}
{"level":"info","message":"⌛ Validating niveles.wlk","timeElapsed":105,"timestamp":"2026-06-18T21:33:29.842Z"}
{"level":"info","message":"⌛ Building environment","timeElapsed":250,"timestamp":"2026-06-18T21:33:30.106Z"}
{"level":"info","message":"⌛ Building environment","timeElapsed":256,"timestamp":"2026-06-18T21:33:30.801Z"}
{"level":"info","message":"⌛ Building environment","timeElapsed":232,"timestamp":"2026-06-18T21:33:39.369Z"}
{"level":"info","message":"⌛ Building environment","timeElapsed":268,"timestamp":"2026-06-18T21:33:39.639Z"}
{"level":"info","message":"⌛ Validating niveles.wlk","timeElapsed":130,"timestamp":"2026-06-18T21:33:39.769Z"}
{"level":"info","message":"⌛ Building environment","timeElapsed":267,"timestamp":"2026-06-18T21:33:40.181Z"}
{"level":"info","message":"⌛ Building environment","timeElapsed":231,"timestamp":"2026-06-18T21:33:40.417Z"}
{"level":"info","message":"⌛ Building environment","timeElapsed":240,"timestamp":"2026-06-18T21:33:42.931Z"}
{"level":"info","message":"⌛ Building environment","timeElapsed":287,"timestamp":"2026-06-18T21:33:43.219Z"}
{"level":"info","message":"⌛ Validating niveles.wlk","timeElapsed":125,"timestamp":"2026-06-18T21:33:43.344Z"}
{"level":"info","message":"⌛ Building environment","timeElapsed":279,"timestamp":"2026-06-18T21:33:43.737Z"}
{"level":"info","message":"⌛ Building environment","timeElapsed":235,"timestamp":"2026-06-18T21:33:43.972Z"}
{"level":"info","message":"⌛ Validating niveles.wlk","timeElapsed":106,"timestamp":"2026-06-18T21:33:44.078Z"}
{"level":"info","message":"⌛ Validating niveles.wlk","timeElapsed":121,"timestamp":"2026-06-18T21:33:44.206Z"}
{"level":"info","message":"⌛ Building environment","timeElapsed":241,"timestamp":"2026-06-18T21:33:45.246Z"}
{"level":"info","message":"⌛ Building environment","timeElapsed":298,"timestamp":"2026-06-18T21:33:45.544Z"}
{"level":"info","message":"⌛ Validating niveles.wlk","timeElapsed":122,"timestamp":"2026-06-18T21:33:45.666Z"}
{"level":"info","message":"⌛ Building environment","timeElapsed":255,"timestamp":"2026-06-18T21:33:46.630Z"}
{"level":"info","message":"⌛ Building environment","timeElapsed":238,"timestamp":"2026-06-18T21:33:46.868Z"}
{"level":"info","message":"⌛ Validating niveles.wlk","timeElapsed":111,"timestamp":"2026-06-18T21:33:46.980Z"}
{"level":"info","message":"⌛ Building environment","timeElapsed":251,"timestamp":"2026-06-18T21:33:55.990Z"}
{"level":"info","message":"⌛ Building environment","timeElapsed":274,"timestamp":"2026-06-18T21:33:56.274Z"}
{"level":"info","message":"⌛ Validating niveles.wlk","timeElapsed":126,"timestamp":"2026-06-18T21:33:56.401Z"}
{"level":"info","message":"⌛ Building environment","timeElapsed":260,"timestamp":"2026-06-18T21:33:56.661Z"}
{"level":"info","message":"⌛ Building environment","timeElapsed":230,"timestamp":"2026-06-18T21:33:56.891Z"}
{"level":"info","message":"⌛ Building environment","timeElapsed":165,"timestamp":"2026-06-18T21:35:34.041Z"}
{"level":"info","message":"⌛ Building environment","timeElapsed":153,"timestamp":"2026-06-18T21:35:34.195Z"}
{"level":"info","message":"⌛ Building environment","timeElapsed":163,"timestamp":"2026-06-18T21:35:34.359Z"}
{"level":"info","message":"⌛ Validating objetos.wlk","timeElapsed":135,"timestamp":"2026-06-18T21:35:34.494Z"}
{"level":"info","message":"⌛ Validating objetos.wlk","timeElapsed":102,"timestamp":"2026-06-18T21:35:34.717Z"}
{"level":"info","message":"⌛ Building environment","timeElapsed":169,"timestamp":"2026-06-18T21:35:35.213Z"}
{"level":"info","message":"⌛ Validating objetos.wlk","timeElapsed":104,"timestamp":"2026-06-18T21:35:35.319Z"}
{"level":"info","message":"⌛ Building environment","timeElapsed":166,"timestamp":"2026-06-18T21:35:35.505Z"}
{"level":"info","message":"⌛ Building environment","timeElapsed":165,"timestamp":"2026-06-18T21:35:35.671Z"}
{"level":"info","message":"⌛ Validating objetos.wlk","timeElapsed":112,"timestamp":"2026-06-18T21:35:35.939Z"}
{"level":"info","message":"⌛ Building environment","timeElapsed":154,"timestamp":"2026-06-18T21:35:36.221Z"}
{"level":"info","message":"⌛ Validating objetos.wlk","timeElapsed":103,"timestamp":"2026-06-18T21:35:36.325Z"}
{"level":"info","message":"⌛ Building environment","timeElapsed":137,"timestamp":"2026-06-18T21:35:36.589Z"}
{"level":"info","message":"⌛ Validating objetos.wlk","timeElapsed":108,"timestamp":"2026-06-18T21:35:36.701Z"}
{"level":"info","message":"⌛ Building environment","timeElapsed":164,"timestamp":"2026-06-18T21:35:39.147Z"}
{"level":"info","message":"⌛ Validating objetos.wlk","timeElapsed":111,"timestamp":"2026-06-18T21:35:39.260Z"}
{"level":"info","message":"⌛ Building environment","timeElapsed":185,"timestamp":"2026-06-18T21:35:39.446Z"}
{"level":"info","message":"⌛ Building environment","timeElapsed":144,"timestamp":"2026-06-18T21:35:39.591Z"}
{"level":"info","message":"⌛ Validating objetos.wlk","timeElapsed":106,"timestamp":"2026-06-18T21:35:39.725Z"}
{"level":"info","message":"⌛ Building environment","timeElapsed":156,"timestamp":"2026-06-18T21:35:41.474Z"}
{"level":"info","message":"⌛ Building environment","timeElapsed":143,"timestamp":"2026-06-18T21:35:41.618Z"}
{"level":"info","message":"⌛ Validating objetos.wlk","timeElapsed":133,"timestamp":"2026-06-18T21:35:41.752Z"}
{"level":"info","message":"⌛ Building environment","timeElapsed":165,"timestamp":"2026-06-18T21:35:42.704Z"}
{"level":"info","message":"⌛ Building environment","timeElapsed":143,"timestamp":"2026-06-18T21:35:42.848Z"}
{"level":"info","message":"⌛ Validating objetos.wlk","timeElapsed":107,"timestamp":"2026-06-18T21:35:42.961Z"}
{"level":"info","message":"⌛ Building environment","timeElapsed":157,"timestamp":"2026-06-18T21:35:43.809Z"}
{"level":"info","message":"⌛ Building environment","timeElapsed":151,"timestamp":"2026-06-18T21:35:43.961Z"}
{"level":"info","message":"⌛ Validating objetos.wlk","timeElapsed":142,"timestamp":"2026-06-18T21:35:44.104Z"}
{"level":"info","message":"⌛ Building environment","timeElapsed":203,"timestamp":"2026-06-18T21:37:40.988Z"}
{"level":"info","message":"⌛ Building environment","timeElapsed":179,"timestamp":"2026-06-18T21:37:41.168Z"}
{"level":"info","message":"⌛ Validating objetos.wlk","timeElapsed":108,"timestamp":"2026-06-18T21:37:41.276Z"}
{"level":"info","message":"⌛ Building environment","timeElapsed":144,"timestamp":"2026-06-18T21:37:43.550Z"}
{"level":"info","message":"⌛ Validating objetos.wlk","timeElapsed":161,"timestamp":"2026-06-18T21:37:43.714Z"}
{"level":"info","message":"⌛ Building environment","timeElapsed":160,"timestamp":"2026-06-18T21:37:43.874Z"}
{"level":"info","message":"⌛ Building environment","timeElapsed":132,"timestamp":"2026-06-18T21:37:44.007Z"}
{"level":"info","message":"⌛ Validating objetos.wlk","timeElapsed":101,"timestamp":"2026-06-18T21:37:44.228Z"}
{"level":"info","message":"⌛ Building environment","timeElapsed":180,"timestamp":"2026-06-18T21:37:44.408Z"}
{"level":"info","message":"⌛ Validating objetos.wlk","timeElapsed":124,"timestamp":"2026-06-18T21:37:44.556Z"}
{"level":"info","message":"⌛ Building environment","timeElapsed":166,"timestamp":"2026-06-18T21:37:45.687Z"}
{"level":"info","message":"⌛ Building environment","timeElapsed":150,"timestamp":"2026-06-18T21:37:45.838Z"}
{"level":"info","message":"⌛ Validating objetos.wlk","timeElapsed":101,"timestamp":"2026-06-18T21:37:45.940Z"}
{"level":"info","message":"⌛ Building environment","timeElapsed":156,"timestamp":"2026-06-18T21:37:46.203Z"}
{"level":"info","message":"⌛ Validating objetos.wlk","timeElapsed":118,"timestamp":"2026-06-18T21:37:46.344Z"}
{"level":"info","message":"⌛ Building environment","timeElapsed":148,"timestamp":"2026-06-18T21:37:48.230Z"}
{"level":"info","message":"⌛ Validating objetos.wlk","timeElapsed":112,"timestamp":"2026-06-18T21:37:48.344Z"}
{"level":"info","message":"⌛ Building environment","timeElapsed":316,"timestamp":"2026-06-18T21:48:01.776Z"}
{"level":"info","message":"⌛ Building environment","timeElapsed":256,"timestamp":"2026-06-18T21:48:02.108Z"}
{"level":"info","message":"⌛ Validating niveles.wlk","timeElapsed":124,"timestamp":"2026-06-18T21:48:02.348Z"}
{"level":"info","message":"⌛ Building environment","timeElapsed":188,"timestamp":"2026-06-18T21:49:57.994Z"}
{"level":"info","message":"⌛ Validating objetos.wlk","timeElapsed":152,"timestamp":"2026-06-18T21:49:58.150Z"}
{"level":"info","message":"⌛ Building environment","timeElapsed":155,"timestamp":"2026-06-18T21:49:59.075Z"}
{"level":"info","message":"⌛ Validating objetos.wlk","timeElapsed":138,"timestamp":"2026-06-18T21:49:59.252Z"}
{"level":"info","message":"⌛ Building environment","timeElapsed":152,"timestamp":"2026-06-18T21:50:00.053Z"}
{"level":"info","message":"⌛ Validating objetos.wlk","timeElapsed":101,"timestamp":"2026-06-18T21:50:00.159Z"}
{"level":"info","message":"⌛ Building environment","timeElapsed":145,"timestamp":"2026-06-18T21:50:00.305Z"}
{"level":"info","message":"⌛ Building environment","timeElapsed":160,"timestamp":"2026-06-18T21:50:00.571Z"}
{"level":"info","message":"⌛ Building environment","timeElapsed":158,"timestamp":"2026-06-18T21:50:01.205Z"}
{"level":"error","message":"✘ Completions for node If ([202:9, 203:35] - objetos.wlk) failed: Error: [If]{7e089d} at objetos.wlk:202 exhausted all cases without a match [If]{7e089d} at objetos.wlk:202 exhausted all cases without a match","stack":"Error: [If]{7e089d} at objetos.wlk:202 exhausted all cases without a match\n    at c:\\Users\\zagum\\.vscode\\extensions\\uqbar.wollok-lsp-ide-0.5.4\\out\\server\\src\\server.js:38:6142\n    at L2 (c:\\Users\\zagum\\.vscode\\extensions\\uqbar.wollok-lsp-ide-0.5.4\\out\\server\\src\\server.js:2389:42)\n    at Jh (c:\\Users\\zagum\\.vscode\\extensions\\uqbar.wollok-lsp-ide-0.5.4\\out\\server\\src\\server.js:2389:1092)\n    at M5n (c:\\Users\\zagum\\.vscode\\extensions\\uqbar.wollok-lsp-ide-0.5.4\\out\\server\\src\\server.js:2389:1248)\n    at c:\\Users\\zagum\\.vscode\\extensions\\uqbar.wollok-lsp-ide-0.5.4\\out\\server\\src\\server.js:38:6131\n    at L2 (c:\\Users\\zagum\\.vscode\\extensions\\uqbar.wollok-lsp-ide-0.5.4\\out\\server\\src\\server.js:2389:42)\n    at c:\\Users\\zagum\\.vscode\\extensions\\uqbar.wollok-lsp-ide-0.5.4\\out\\server\\src\\server.js:2389:2988\n    at c:\\Users\\zagum\\.vscode\\extensions\\uqbar.wollok-lsp-ide-0.5.4\\out\\server\\src\\server.js:2398:8440\n    at c:\\Users\\zagum\\.vscode\\extensions\\uqbar.wollok-lsp-ide-0.5.4\\out\\server\\src\\server.js:37:74872\n    at Ke (c:\\Users\\zagum\\.vscode\\extensions\\uqbar.wollok-lsp-ide-0.5.4\\out\\server\\src\\server.js:7:8527)","timestamp":"2026-06-18T21:50:01.246Z"}
{"level":"info","message":"⌛ Building environment","timeElapsed":155,"timestamp":"2026-06-18T21:50:01.404Z"}
{"level":"info","message":"⌛ Building environment","timeElapsed":150,"timestamp":"2026-06-18T21:50:01.560Z"}
{"level":"info","message":"⌛ Validating objetos.wlk","timeElapsed":107,"timestamp":"2026-06-18T21:50:01.668Z"}
{"level":"info","message":"⌛ Building environment","timeElapsed":196,"timestamp":"2026-06-18T21:50:01.960Z"}
{"level":"info","message":"⌛ Validating objetos.wlk","timeElapsed":102,"timestamp":"2026-06-18T21:50:02.063Z"}
{"level":"info","message":"⌛ Building environment","timeElapsed":150,"timestamp":"2026-06-18T21:50:02.213Z"}
{"level":"info","message":"⌛ Building environment","timeElapsed":128,"timestamp":"2026-06-18T21:50:02.347Z"}
{"level":"info","message":"⌛ Validating objetos.wlk","timeElapsed":103,"timestamp":"2026-06-18T21:50:02.450Z"}
{"level":"info","message":"⌛ Validating objetos.wlk","timeElapsed":101,"timestamp":"2026-06-18T21:50:02.556Z"}
{"level":"info","message":"⌛ Building environment","timeElapsed":150,"timestamp":"2026-06-18T21:50:03.295Z"}
{"level":"info","message":"⌛ Validating objetos.wlk","timeElapsed":102,"timestamp":"2026-06-18T21:50:03.435Z"}
{"level":"info","message":"⌛ Building environment","timeElapsed":147,"timestamp":"2026-06-18T21:50:04.570Z"}
{"level":"info","message":"⌛ Building environment","timeElapsed":142,"timestamp":"2026-06-18T21:50:04.719Z"}
{"level":"info","message":"⌛ Building environment","timeElapsed":176,"timestamp":"2026-06-18T21:50:05.019Z"}
{"level":"info","message":"⌛ Validating objetos.wlk","timeElapsed":107,"timestamp":"2026-06-18T21:50:05.126Z"}
{"level":"info","message":"⌛ Building environment","timeElapsed":136,"timestamp":"2026-06-18T21:50:05.362Z"}
{"level":"info","message":"⌛ Building environment","timeElapsed":158,"timestamp":"2026-06-18T21:50:05.955Z"}
{"level":"info","message":"⌛ Validating objetos.wlk","timeElapsed":102,"timestamp":"2026-06-18T21:50:06.067Z"}
{"level":"info","message":"⌛ Building environment","timeElapsed":147,"timestamp":"2026-06-18T21:50:06.262Z"}
{"level":"info","message":"⌛ Building environment","timeElapsed":147,"timestamp":"2026-06-18T21:50:06.412Z"}
{"level":"info","message":"⌛ Validating objetos.wlk","timeElapsed":105,"timestamp":"2026-06-18T21:50:06.522Z"}
{"level":"info","message":"⌛ Building environment","timeElapsed":143,"timestamp":"2026-06-18T21:50:06.665Z"}
{"level":"info","message":"⌛ Building environment","timeElapsed":153,"timestamp":"2026-06-18T21:50:07.723Z"}
{"level":"error","message":"✘ Completions for node Send ([202:13, 202:38] - objetos.wlk) failed: Error: [Send]{b14841} at objetos.wlk:202 exhausted all cases without a match [Send]{b14841} at objetos.wlk:202 exhausted all cases without a match","stack":"Error: [Send]{b14841} at objetos.wlk:202 exhausted all cases without a match\n    at c:\\Users\\zagum\\.vscode\\extensions\\uqbar.wollok-lsp-ide-0.5.4\\out\\server\\src\\server.js:38:6142\n    at L2 (c:\\Users\\zagum\\.vscode\\extensions\\uqbar.wollok-lsp-ide-0.5.4\\out\\server\\src\\server.js:2389:42)\n    at Jh (c:\\Users\\zagum\\.vscode\\extensions\\uqbar.wollok-lsp-ide-0.5.4\\out\\server\\src\\server.js:2389:1092)\n    at M5n (c:\\Users\\zagum\\.vscode\\extensions\\uqbar.wollok-lsp-ide-0.5.4\\out\\server\\src\\server.js:2389:1248)\n    at c:\\Users\\zagum\\.vscode\\extensions\\uqbar.wollok-lsp-ide-0.5.4\\out\\server\\src\\server.js:38:6131\n    at L2 (c:\\Users\\zagum\\.vscode\\extensions\\uqbar.wollok-lsp-ide-0.5.4\\out\\server\\src\\server.js:2389:42)\n    at c:\\Users\\zagum\\.vscode\\extensions\\uqbar.wollok-lsp-ide-0.5.4\\out\\server\\src\\server.js:2389:2988\n    at c:\\Users\\zagum\\.vscode\\extensions\\uqbar.wollok-lsp-ide-0.5.4\\out\\server\\src\\server.js:2398:8440\n    at c:\\Users\\zagum\\.vscode\\extensions\\uqbar.wollok-lsp-ide-0.5.4\\out\\server\\src\\server.js:37:74872\n    at Ke (c:\\Users\\zagum\\.vscode\\extensions\\uqbar.wollok-lsp-ide-0.5.4\\out\\server\\src\\server.js:7:8527)","timestamp":"2026-06-18T21:50:07.759Z"}
{"level":"error","message":"✘ Completions for node If ([202:9, 203:35] - objetos.wlk) failed: Error: [If]{885eff} at objetos.wlk:202 exhausted all cases without a match [If]{885eff} at objetos.wlk:202 exhausted all cases without a match","stack":"Error: [If]{885eff} at objetos.wlk:202 exhausted all cases without a match\n    at c:\\Users\\zagum\\.vscode\\extensions\\uqbar.wollok-lsp-ide-0.5.4\\out\\server\\src\\server.js:38:6142\n    at L2 (c:\\Users\\zagum\\.vscode\\extensions\\uqbar.wollok-lsp-ide-0.5.4\\out\\server\\src\\server.js:2389:42)\n    at Jh (c:\\Users\\zagum\\.vscode\\extensions\\uqbar.wollok-lsp-ide-0.5.4\\out\\server\\src\\server.js:2389:1092)\n    at L2 (c:\\Users\\zagum\\.vscode\\extensions\\uqbar.wollok-lsp-ide-0.5.4\\out\\server\\src\\server.js:2389:544)\n    at Jh (c:\\Users\\zagum\\.vscode\\extensions\\uqbar.wollok-lsp-ide-0.5.4\\out\\server\\src\\server.js:2389:1092)\n    at M5n (c:\\Users\\zagum\\.vscode\\extensions\\uqbar.wollok-lsp-ide-0.5.4\\out\\server\\src\\server.js:2389:1248)\n    at c:\\Users\\zagum\\.vscode\\extensions\\uqbar.wollok-lsp-ide-0.5.4\\out\\server\\src\\server.js:38:6131\n    at L2 (c:\\Users\\zagum\\.vscode\\extensions\\uqbar.wollok-lsp-ide-0.5.4\\out\\server\\src\\server.js:2389:42)\n    at c:\\Users\\zagum\\.vscode\\extensions\\uqbar.wollok-lsp-ide-0.5.4\\out\\server\\src\\server.js:2389:2988\n    at c:\\Users\\zagum\\.vscode\\extensions\\uqbar.wollok-lsp-ide-0.5.4\\out\\server\\src\\server.js:2398:8440","timestamp":"2026-06-18T21:50:07.759Z"}
{"level":"info","message":"⌛ Building environment","timeElapsed":131,"timestamp":"2026-06-18T21:50:07.911Z"}
{"level":"info","message":"⌛ Validating objetos.wlk","timeElapsed":143,"timestamp":"2026-06-18T21:50:08.060Z"}
{"level":"info","message":"⌛ Building environment","timeElapsed":166,"timestamp":"2026-06-18T21:50:08.336Z"}
{"level":"info","message":"⌛ Building environment","timeElapsed":136,"timestamp":"2026-06-18T21:50:08.472Z"}
{"level":"info","message":"⌛ Validating objetos.wlk","timeElapsed":104,"timestamp":"2026-06-18T21:50:08.641Z"}
{"level":"info","message":"⌛ Building environment","timeElapsed":151,"timestamp":"2026-06-18T21:50:08.793Z"}
{"level":"info","message":"⌛ Validating objetos.wlk","timeElapsed":108,"timestamp":"2026-06-18T21:50:08.904Z"}
{"level":"info","message":"⌛ Building environment","timeElapsed":133,"timestamp":"2026-06-18T21:50:11.039Z"}
{"level":"info","message":"⌛ Building environment","timeElapsed":132,"timestamp":"2026-06-18T21:50:11.171Z"}
{"level":"error","message":"✘ Completions for node Send ([202:13, 202:45] - objetos.wlk) failed: Error: [Send]{a44c17} at objetos.wlk:202 exhausted all cases without a match [Send]{a44c17} at objetos.wlk:202 exhausted all cases without a match","stack":"Error: [Send]{a44c17} at objetos.wlk:202 exhausted all cases without a match\n    at c:\\Users\\zagum\\.vscode\\extensions\\uqbar.wollok-lsp-ide-0.5.4\\out\\server\\src\\server.js:38:6142\n    at L2 (c:\\Users\\zagum\\.vscode\\extensions\\uqbar.wollok-lsp-ide-0.5.4\\out\\server\\src\\server.js:2389:42)\n    at Jh (c:\\Users\\zagum\\.vscode\\extensions\\uqbar.wollok-lsp-ide-0.5.4\\out\\server\\src\\server.js:2389:1092)\n    at M5n (c:\\Users\\zagum\\.vscode\\extensions\\uqbar.wollok-lsp-ide-0.5.4\\out\\server\\src\\server.js:2389:1248)\n    at c:\\Users\\zagum\\.vscode\\extensions\\uqbar.wollok-lsp-ide-0.5.4\\out\\server\\src\\server.js:38:6131\n    at L2 (c:\\Users\\zagum\\.vscode\\extensions\\uqbar.wollok-lsp-ide-0.5.4\\out\\server\\src\\server.js:2389:42)\n    at c:\\Users\\zagum\\.vscode\\extensions\\uqbar.wollok-lsp-ide-0.5.4\\out\\server\\src\\server.js:2389:2988\n    at c:\\Users\\zagum\\.vscode\\extensions\\uqbar.wollok-lsp-ide-0.5.4\\out\\server\\src\\server.js:2398:8440\n    at c:\\Users\\zagum\\.vscode\\extensions\\uqbar.wollok-lsp-ide-0.5.4\\out\\server\\src\\server.js:37:74872\n    at Ke (c:\\Users\\zagum\\.vscode\\extensions\\uqbar.wollok-lsp-ide-0.5.4\\out\\server\\src\\server.js:7:8527)","timestamp":"2026-06-18T21:50:11.212Z"}
{"level":"error","message":"✘ Completions for node If ([202:9, 203:35] - objetos.wlk) failed: Error: [If]{dc9b8e} at objetos.wlk:202 exhausted all cases without a match [If]{dc9b8e} at objetos.wlk:202 exhausted all cases without a match","stack":"Error: [If]{dc9b8e} at objetos.wlk:202 exhausted all cases without a match\n    at c:\\Users\\zagum\\.vscode\\extensions\\uqbar.wollok-lsp-ide-0.5.4\\out\\server\\src\\server.js:38:6142\n    at L2 (c:\\Users\\zagum\\.vscode\\extensions\\uqbar.wollok-lsp-ide-0.5.4\\out\\server\\src\\server.js:2389:42)\n    at Jh (c:\\Users\\zagum\\.vscode\\extensions\\uqbar.wollok-lsp-ide-0.5.4\\out\\server\\src\\server.js:2389:1092)\n    at L2 (c:\\Users\\zagum\\.vscode\\extensions\\uqbar.wollok-lsp-ide-0.5.4\\out\\server\\src\\server.js:2389:544)\n    at Jh (c:\\Users\\zagum\\.vscode\\extensions\\uqbar.wollok-lsp-ide-0.5.4\\out\\server\\src\\server.js:2389:1092)\n    at M5n (c:\\Users\\zagum\\.vscode\\extensions\\uqbar.wollok-lsp-ide-0.5.4\\out\\server\\src\\server.js:2389:1248)\n    at c:\\Users\\zagum\\.vscode\\extensions\\uqbar.wollok-lsp-ide-0.5.4\\out\\server\\src\\server.js:38:6131\n    at L2 (c:\\Users\\zagum\\.vscode\\extensions\\uqbar.wollok-lsp-ide-0.5.4\\out\\server\\src\\server.js:2389:42)\n    at c:\\Users\\zagum\\.vscode\\extensions\\uqbar.wollok-lsp-ide-0.5.4\\out\\server\\src\\server.js:2389:2988\n    at c:\\Users\\zagum\\.vscode\\extensions\\uqbar.wollok-lsp-ide-0.5.4\\out\\server\\src\\server.js:2398:8440","timestamp":"2026-06-18T21:50:11.212Z"}
{"level":"info","message":"⌛ Validating objetos.wlk","timeElapsed":101,"timestamp":"2026-06-18T21:50:11.316Z"}
{"level":"info","message":"⌛ Validating objetos.wlk","timeElapsed":116,"timestamp":"2026-06-18T21:50:11.433Z"}
{"level":"info","message":"⌛ Building environment","timeElapsed":151,"timestamp":"2026-06-18T21:50:13.086Z"}
{"level":"info","message":"⌛ Building environment","timeElapsed":135,"timestamp":"2026-06-18T21:50:13.221Z"}
{"level":"info","message":"⌛ Validating objetos.wlk","timeElapsed":101,"timestamp":"2026-06-18T21:50:13.323Z"}
{"level":"info","message":"⌛ Building environment","timeElapsed":150,"timestamp":"2026-06-18T21:50:16.393Z"}
{"level":"info","message":"⌛ Validating objetos.wlk","timeElapsed":136,"timestamp":"2026-06-18T21:50:16.550Z"}
{"level":"info","message":"⌛ Building environment","timeElapsed":152,"timestamp":"2026-06-18T21:50:16.716Z"}
{"level":"info","message":"⌛ Building environment","timeElapsed":136,"timestamp":"2026-06-18T21:50:17.321Z"}
{"level":"info","message":"⌛ Building environment","timeElapsed":148,"timestamp":"2026-06-18T21:50:18.040Z"}
{"level":"info","message":"⌛ Validating objetos.wlk","timeElapsed":104,"timestamp":"2026-06-18T21:50:18.150Z"}
{"level":"info","message":"⌛ Building environment","timeElapsed":150,"timestamp":"2026-06-18T21:50:19.870Z"}
{"level":"info","message":"⌛ Validating objetos.wlk","timeElapsed":109,"timestamp":"2026-06-18T21:50:19.980Z"}
{"level":"info","message":"⌛ Building environment","timeElapsed":157,"timestamp":"2026-06-18T21:50:24.500Z"}
{"level":"info","message":"⌛ Validating objetos.wlk","timeElapsed":109,"timestamp":"2026-06-18T21:50:24.612Z"}
{"level":"info","message":"⌛ Building environment","timeElapsed":156,"timestamp":"2026-06-18T21:50:24.894Z"}
{"level":"info","message":"⌛ Validating objetos.wlk","timeElapsed":102,"timestamp":"2026-06-18T21:50:25.002Z"}
{"level":"info","message":"⌛ Building environment","timeElapsed":153,"timestamp":"2026-06-18T21:50:25.372Z"}
{"level":"info","message":"⌛ Validating objetos.wlk","timeElapsed":105,"timestamp":"2026-06-18T21:50:25.481Z"}
{"level":"info","message":"⌛ Building environment","timeElapsed":161,"timestamp":"2026-06-18T21:50:25.848Z"}
{"level":"info","message":"⌛ Validating objetos.wlk","timeElapsed":115,"timestamp":"2026-06-18T21:50:25.969Z"}
{"level":"info","message":"⌛ Building environment","timeElapsed":144,"timestamp":"2026-06-18T21:50:26.240Z"}
{"level":"info","message":"⌛ Building environment","timeElapsed":161,"timestamp":"2026-06-18T21:50:26.824Z"}
{"level":"info","message":"⌛ Validating objetos.wlk","timeElapsed":115,"timestamp":"2026-06-18T21:50:26.941Z"}
{"level":"info","message":"⌛ Building environment","timeElapsed":148,"timestamp":"2026-06-18T21:50:27.254Z"}
{"level":"info","message":"⌛ Validating objetos.wlk","timeElapsed":111,"timestamp":"2026-06-18T21:50:27.366Z"}
{"level":"info","message":"⌛ Building environment","timeElapsed":158,"timestamp":"2026-06-18T21:50:27.770Z"}
{"level":"info","message":"⌛ Validating objetos.wlk","timeElapsed":101,"timestamp":"2026-06-18T21:50:27.877Z"}
{"level":"info","message":"⌛ Building environment","timeElapsed":155,"timestamp":"2026-06-18T21:50:28.169Z"}
{"level":"info","message":"⌛ Validating objetos.wlk","timeElapsed":111,"timestamp":"2026-06-18T21:50:28.282Z"}
{"level":"info","message":"⌛ Building environment","timeElapsed":150,"timestamp":"2026-06-18T21:50:29.446Z"}
{"level":"info","message":"⌛ Validating objetos.wlk","timeElapsed":114,"timestamp":"2026-06-18T21:50:29.565Z"}
{"level":"info","message":"⌛ Building environment","timeElapsed":152,"timestamp":"2026-06-18T21:50:30.766Z"}
{"level":"info","message":"⌛ Validating objetos.wlk","timeElapsed":101,"timestamp":"2026-06-18T21:50:30.869Z"}
{"level":"info","message":"⌛ Building environment","timeElapsed":151,"timestamp":"2026-06-18T21:50:31.711Z"}
{"level":"info","message":"⌛ Validating objetos.wlk","timeElapsed":119,"timestamp":"2026-06-18T21:50:31.832Z"}
{"level":"info","message":"⌛ Building environment","timeElapsed":146,"timestamp":"2026-06-18T21:50:32.444Z"}
{"level":"info","message":"⌛ Validating objetos.wlk","timeElapsed":109,"timestamp":"2026-06-18T21:50:32.557Z"}
{"level":"info","message":"⌛ Building environment","timeElapsed":135,"timestamp":"2026-06-18T21:50:32.693Z"}
{"level":"info","message":"⌛ Validating objetos.wlk","timeElapsed":105,"timestamp":"2026-06-18T21:50:32.799Z"}
{"level":"info","message":"⌛ Building environment","timeElapsed":153,"timestamp":"2026-06-18T21:50:34.231Z"}
{"level":"info","message":"⌛ Validating objetos.wlk","timeElapsed":110,"timestamp":"2026-06-18T21:50:34.344Z"}
{"level":"info","message":"⌛ Building environment","timeElapsed":133,"timestamp":"2026-06-18T21:50:35.264Z"}
{"level":"info","message":"⌛ Validating objetos.wlk","timeElapsed":105,"timestamp":"2026-06-18T21:50:35.371Z"}
{"level":"info","message":"⌛ Building environment","timeElapsed":148,"timestamp":"2026-06-18T21:50:41.723Z"}
{"level":"info","message":"⌛ Validating objetos.wlk","timeElapsed":112,"timestamp":"2026-06-18T21:50:41.837Z"}
{"level":"info","message":"⌛ Building environment","timeElapsed":156,"timestamp":"2026-06-18T21:50:42.377Z"}
{"level":"info","message":"⌛ Validating objetos.wlk","timeElapsed":118,"timestamp":"2026-06-18T21:50:42.497Z"}
{"level":"info","message":"⌛ Building environment","timeElapsed":152,"timestamp":"2026-06-18T21:50:42.937Z"}
{"level":"info","message":"⌛ Validating objetos.wlk","timeElapsed":105,"timestamp":"2026-06-18T21:50:43.043Z"}
{"level":"info","message":"⌛ Building environment","timeElapsed":153,"timestamp":"2026-06-18T21:50:43.448Z"}
{"level":"info","message":"⌛ Validating objetos.wlk","timeElapsed":103,"timestamp":"2026-06-18T21:50:43.557Z"}
{"level":"info","message":"⌛ Building environment","timeElapsed":159,"timestamp":"2026-06-18T21:50:45.979Z"}
{"level":"info","message":"⌛ Validating objetos.wlk","timeElapsed":108,"timestamp":"2026-06-18T21:50:46.089Z"}
{"level":"info","message":"⌛ Building environment","timeElapsed":147,"timestamp":"2026-06-18T21:50:46.922Z"}
{"level":"info","message":"⌛ Validating objetos.wlk","timeElapsed":108,"timestamp":"2026-06-18T21:50:47.032Z"}
{"level":"info","message":"⌛ Building environment","timeElapsed":141,"timestamp":"2026-06-18T21:50:50.929Z"}
{"level":"info","message":"⌛ Building environment","timeElapsed":153,"timestamp":"2026-06-18T21:50:51.376Z"}
{"level":"info","message":"⌛ Validating objetos.wlk","timeElapsed":113,"timestamp":"2026-06-18T21:50:51.490Z"}
{"level":"info","message":"⌛ Building environment","timeElapsed":160,"timestamp":"2026-06-18T21:50:52.456Z"}
{"level":"info","message":"⌛ Validating objetos.wlk","timeElapsed":104,"timestamp":"2026-06-18T21:50:52.562Z"}
{"level":"info","message":"⌛ Building environment","timeElapsed":153,"timestamp":"2026-06-18T21:50:53.403Z"}
{"level":"info","message":"⌛ Validating objetos.wlk","timeElapsed":101,"timestamp":"2026-06-18T21:50:53.510Z"}
{"level":"info","message":"⌛ Building environment","timeElapsed":161,"timestamp":"2026-06-18T21:50:55.308Z"}
{"level":"info","message":"⌛ Validating objetos.wlk","timeElapsed":113,"timestamp":"2026-06-18T21:50:55.423Z"}
{"level":"info","message":"⌛ Building environment","timeElapsed":137,"timestamp":"2026-06-18T21:50:55.848Z"}
{"level":"info","message":"⌛ Building environment","timeElapsed":158,"timestamp":"2026-06-18T21:50:56.573Z"}
{"level":"info","message":"⌛ Validating objetos.wlk","timeElapsed":108,"timestamp":"2026-06-18T21:50:56.683Z"}
{"level":"info","message":"⌛ Building environment","timeElapsed":161,"timestamp":"2026-06-18T21:50:57.144Z"}
{"level":"info","message":"⌛ Validating objetos.wlk","timeElapsed":113,"timestamp":"2026-06-18T21:50:57.258Z"}
{"level":"info","message":"⌛ Building environment","timeElapsed":147,"timestamp":"2026-06-18T21:50:57.549Z"}
{"level":"info","message":"⌛ Validating objetos.wlk","timeElapsed":101,"timestamp":"2026-06-18T21:50:57.651Z"}
{"level":"info","message":"⌛ Building environment","timeElapsed":153,"timestamp":"2026-06-18T21:50:58.424Z"}
{"level":"info","message":"⌛ Building environment","timeElapsed":178,"timestamp":"2026-06-18T21:52:29.226Z"}
{"level":"info","message":"⌛ Validating enemigos.wlk","timeElapsed":144,"timestamp":"2026-06-18T21:52:29.432Z"}
{"level":"info","message":"⌛ Building environment","timeElapsed":119,"timestamp":"2026-06-18T21:52:29.802Z"}
{"level":"info","message":"⌛ Validating gestorAnimacion.wlk","timeElapsed":112,"timestamp":"2026-06-18T21:52:29.923Z"}
{"level":"info","message":"⌛ Validating teclado.wlk","timeElapsed":105,"timestamp":"2026-06-18T21:52:30.569Z"}
{"level":"info","message":"⌛ Building environment","timeElapsed":472,"timestamp":"2026-06-18T21:52:35.809Z"}
{"level":"info","message":"⌛ Validating juego.wpgm","timeElapsed":102,"timestamp":"2026-06-18T21:52:35.913Z"}
{"level":"error","message":"✘ Failed to get type description: Error: Failed to print, found malformed node Failed to print, found malformed node","node":{"id":"ca8bf2f7-13c4-44a7-82fa-af5b8afd9d21","members":[{"id":"8069275b-c475-4f73-8508-4460f34873de","isConstant":true,"isProperty":false,"metadata":[],"name":"menu1","scope":{"containerScope":{"containerScope":{"containerScope":{"contributions":{},"includedScopes":[]},"contributions":{},"includedScopes":[{"contributions":{},"includedScopes":[]},{"contributions":{},"includedScopes":[]},{"contributions":{},"includedScopes":[]},{"contributions":{},"includedScopes":[]},{"contributions":{},"includedScopes":[]},{"contributions":{},"includedScopes":[]}]},"contributions":{},"includedScopes":[{"containerScope":{"containerScope":{"containerScope":{"contributions":{},"includedScopes":[]},"contributions":{},"includedScopes":[]},"contributions":{},"includedScopes":[]},"contributions":{},"includedScopes":[]}]},"contributions":{},"includedScopes":[]},"sourceMap":{"end":{"column":47,"line":641,"offset":23321},"start":{"column":5,"line":641,"offset":23279}},"value":{"args":[{"id":"badb418c-e0c7-4f9d-ba2d-b57ca9259dfa","metadata":[],"scope":{"containerScope":{"containerScope":{"containerScope":{"containerScope":{"containerScope":{"contributions":{},"includedScopes":[]},"contributions":{},"includedScopes":[{"contributions":{},"includedScopes":[]},{"contributions":{},"includedScopes":[]},{"contributions":{},"includedScopes":[]},{"contributions":{},"includedScopes":[]},{"contributions":{},"includedScopes":[]},{"contributions":{},"includedScopes":[]}]},"contributions":{},"includedScopes":[{"containerScope":{"containerScope":{"containerScope":{"contributions":{},"includedScopes":[]},"contributions":{},"includedScopes":[]},"contributions":{},"includedScopes":[]},"contributions":{},"includedScopes":[]}]},"contributions":{},"includedScopes":[]},"contributions":{},"includedScopes":[]},"contributions":{},"includedScopes":[]},"sourceMap":{"end":{"column":46,"line":641,"offset":23320},"start":{"column":30,"line":641,"offset":23304}},"value":"soundMenu1.mp3"}],"id":"7e9405b3-174f-48c2-9468-7a1788cf9218","message":"sound","metadata":[],"receiver":{"id":"11fe6774-9289-45b9-b1b3-58e31fde1e46","metadata":[],"name":"game","scope":{"containerScope":{"containerScope":{"containerScope":{"containerScope":{"containerScope":{"contributions":{},"includedScopes":[]},"contributions":{},"includedScopes":[{"contributions":{},"includedScopes":[]},{"contributions":{},"includedScopes":[]},{"contributions":{},"includedScopes":[]},{"contributions":{},"includedScopes":[]},{"contributions":{},"includedScopes":[]},{"contributions":{},"includedScopes":[]}]},"contributions":{},"includedScopes":[{"containerScope":{"containerScope":{"containerScope":{"contributions":{},"includedScopes":[]},"contributions":{},"includedScopes":[]},"contributions":{},"includedScopes":[]},"contributions":{},"includedScopes":[]}]},"contributions":{},"includedScopes":[]},"contributions":{},"includedScopes":[]},"contributions":{},"includedScopes":[]},"sourceMap":{"end":{"column":23,"line":641,"offset":23297},"start":{"column":19,"line":641,"offset":23293}}},"scope":{"containerScope":{"containerScope":{"containerScope":{"containerScope":{"contributions":{},"includedScopes":[]},"contributions":{},"includedScopes":[{"contributions":{},"includedScopes":[]},{"contributions":{},"includedScopes":[]},{"contributions":{},"includedScopes":[]},{"contributions":{},"includedScopes":[]},{"contributions":{},"includedScopes":[]},{"contributions":{},"includedScopes":[]}]},"contributions":{},"includedScopes":[{"containerScope":{"containerScope":{"containerScope":{"contributions":{},"includedScopes":[]},"contributions":{},"includedScopes":[]},"contributions":{},"includedScopes":[]},"contributions":{},"includedScopes":[]}]},"contributions":{},"includedScopes":[]},"contributions":{},"includedScopes":[]},"sourceMap":{"end":{"column":47,"line":641,"offset":23321},"start":{"column":19,"line":641,"offset":23293}}}},{"id":"0a79cfda-620c-4ff3-b2a3-2e256eeb597e","isConstant":true,"isProperty":false,"metadata":[],"name":"menu2","scope":{"containerScope":{"containerScope":{"containerScope":{"contributions":{},"includedScopes":[]},"contributions":{},"includedScopes":[{"contributions":{},"includedScopes":[]},{"contributions":{},"includedScopes":[]},{"contributions":{},"includedScopes":[]},{"contributions":{},"includedScopes":[]},{"contributions":{},"includedScopes":[]},{"contributions":{},"includedScopes":[]}]},"contributions":{},"includedScopes":[{"containerScope":{"containerScope":{"containerScope":{"contributions":{},"includedScopes":[]},"contributions":{},"includedScopes":[]},"contributions":{},"includedScopes":[]},"contributions":{},"includedScopes":[]}]},"contributions":{},"includedScopes":[]},"sourceMap":{"end":{"column":47,"line":642,"offset":23369},"start":{"column":5,"line":642,"offset":23327}},"value":{"args":[{"id":"8dabbb87-4c68-4bc2-9384-536d85be0d9c","metadata":[],"scope":{"containerScope":{"containerScope":{"containerScope":{"containerScope":{"containerScope":{"contributions":{},"includedScopes":[]},"contributions":{},"includedScopes":[{"contributions":{},"includedScopes":[]},{"contributions":{},"includedScopes":[]},{"contributions":{},"includedScopes":[]},{"contributions":{},"includedScopes":[]},{"contributions":{},"includedScopes":[]},{"contributions":{},"includedScopes":[]}]},"contributions":{},"includedScopes":[{"containerScope":{"containerScope":{"containerScope":{"contributions":{},"includedScopes":[]},"contributions":{},"includedScopes":[]},"contributions":{},"includedScopes":[]},"contributions":{},"includedScopes":[]}]},"contributions":{},"includedScopes":[]},"contributions":{},"includedScopes":[]},"contributions":{},"includedScopes":[]},"sourceMap":{"end":{"column":46,"line":642,"offset":23368},"start":{"column":30,"line":642,"offset":23352}},"value":"soundMenu2.mp3"}],"id":"54251862-1546-485c-b25f-cdfd0840b934","message":"sound","metadata":[],"receiver":{"id":"72888d23-fd8f-4dae-a613-3d505cc8598a","metadata":[],"name":"game","scope":{"containerScope":{"containerScope":{"containerScope":{"containerScope":{"containerScope":{"contributions":{},"includedScopes":[]},"contributions":{},"includedScopes":[{"contributions":{},"includedScopes":[]},{"contributions":{},"includedScopes":[]},{"contributions":{},"includedScopes":[]},{"contributions":{},"includedScopes":[]},{"contributions":{},"includedScopes":[]},{"contributions":{},"includedScopes":[]}]},"contributions":{},"includedScopes":[{"containerScope":{"containerScope":{"containerScope":{"contributions":{},"includedScopes":[]},"contributions":{},"includedScopes":[]},"contributions":{},"includedScopes":[]},"contributions":{},"includedScopes":[]}]},"contributions":{},"includedScopes":[]},"contributions":{},"includedScopes":[]},"contributions":{},"includedScopes":[]},"sourceMap":{"end":{"column":23,"line":642,"offset":23345},"start":{"column":19,"line":642,"offset":23341}}},"scope":{"containerScope":{"containerScope":{"containerScope":{"containerScope":{"contributions":{},"includedScopes":[]},"contributions":{},"includedScopes":[{"contributions":{},"includedScopes":[]},{"contributions":{},"includedScopes":[]},{"contributions":{},"includedScopes":[]},{"contributions":{},"includedScopes":[]},{"contributions":{},"includedScopes":[]},{"contributions":{},"includedScopes":[]}]},"contributions":{},"includedScopes":[{"containerScope":{"containerScope":{"containerScope":{"contributions":{},"includedScopes":[]},"contributions":{},"includedScopes":[]},"contributions":{},"includedScopes":[]},"contributions":{},"includedScopes":[]}]},"contributions":{},"includedScopes":[]},"contributions":{},"includedScopes":[]},"sourceMap":{"end":{"column":47,"line":642,"offset":23369},"start":{"column":19,"line":642,"offset":23341}}}},{"id":"67927966-8703-4e4e-af6d-0612c79f5491","isConstant":false,"isProperty":true,"metadata":[],"name":"menuActual","scope":{"containerScope":{"containerScope":{"containerScope":{"contributions":{},"includedScopes":[]},"contributions":{},"includedScopes":[{"contributions":{},"includedScopes":[]},{"contributions":{},"includedScopes":[]},{"contributions":{},"includedScopes":[]},{"contributions":{},"includedScopes":[]},{"contributions":{},"includedScopes":[]},{"contributions":{},"includedScopes":[]}]},"contributions":{},"includedScopes":[{"containerScope":{"containerScope":{"containerScope":{"contributions":{},"includedScopes":[]},"contributions":{},"includedScopes":[]},"contributions":{},"includedScopes":[]},"contributions":{},"includedScopes":[]}]},"contributions":{},"includedScopes":[]},"sourceMap":{"end":{"column":47,"line":644,"offset":23438},"start":{"column":5,"line":644,"offset":23396}},"value":{"id":"68dafec5-e44b-43dc-9386-1f37c542f954","metadata":[],"name":"pantallaDeTitulo","scope":{"containerScope":{"containerScope":{"containerScope":{"containerScope":{"contributions":{},"includedScopes":[]},"contributions":{},"includedScopes":[{"contributions":{},"includedScopes":[]},{"contributions":{},"includedScopes":[]},{"contributions":{},"includedScopes":[]},{"contributions":{},"includedScopes":[]},{"contributions":{},"includedScopes":[]},{"contributions":{},"includedScopes":[]}]},"contributions":{},"includedScopes":[{"containerScope":{"containerScope":{"containerScope":{"contributions":{},"includedScopes":[]},"contributions":{},"includedScopes":[]},"contributions":{},"includedScopes":[]},"contributions":{},"includedScopes":[]}]},"contributions":{},"includedScopes":[]},"contributions":{},"includedScopes":[]},"sourceMap":{"end":{"column":47,"line":644,"offset":23438},"start":{"column":31,"line":644,"offset":23422}}}},{"body":{"id":"8980a38f-6191-45df-bc9f-2ee947c34cde","metadata":[],"problems":[],"scope":{"containerScope":{"containerScope":{"containerScope":{"containerScope":{"contributions":{},"includedScopes":[]},"contributions":{},"includedScopes":[{"contributions":{},"includedScopes":[]},{"contributions":{},"includedScopes":[]},{"contributions":{},"includedScopes":[]},{"contributions":{},"includedScopes":[]},{"contributions":{},"includedScopes":[]},{"contributions":{},"includedScopes":[]}]},"contributions":{},"includedScopes":[{"containerScope":{"containerScope":{"containerScope":{"contributions":{},"includedScopes":[]},"contributions":{},"includedScopes":[]},"contributions":{},"includedScopes":[]},"contributions":{},"includedScopes":[]}]},"contributions":{},"includedScopes":[]},"contributions":{},"includedScopes":[]},"sentences":[{"id":"c5016d76-959e-4e9d-86a4-4e6a95c5383f","metadata":[],"scope":{"containerScope":{"containerScope":{"containerScope":{"containerScope":{"containerScope":{"contributions":{},"includedScopes":[]},"contributions":{},"includedScopes":[{"contributions":{},"includedScopes":[]},{"contributions":{},"includedScopes":[]},{"contributions":{},"includedScopes":[]},{"contributions":{},"includedScopes":[]},{"contributions":{},"includedScopes":[]},{"contributions":{},"includedScopes":[]}]},"contributions":{},"includedScopes":[{"containerScope":{"containerScope":{"containerScope":{"contributions":{},"includedScopes":[]},"contributions":{},"includedScopes":[]},"contributions":{},"includedScopes":[]},"contributions":{},"includedScopes":[]}]},"contributions":{},"includedScopes":[]},"contributions":{},"includedScopes":[]},"contributions":{},"includedScopes":[]},"sourceMap":{"end":{"column":26,"line":647,"offset":23493},"start":{"column":9,"line":647,"offset":23476}},"value":{"id":"c5ae5e8f-0e19-43f0-99ee-21f7f2a28cfe","metadata":[],"name":"menu","scope":{"containerScope":{"containerScope":{"containerScope":{"containerScope":{"containerScope":{"containerScope":{"contributions":{},"includedScopes":[]},"contributions":{},"includedScopes":[{"contributions":{},"includedScopes":[]},{"contributions":{},"includedScopes":[]},{"contributions":{},"includedScopes":[]},{"contributions":{},"includedScopes":[]},{"contributions":{},"includedScopes":[]},{"contributions":{},"includedScopes":[]}]},"contributions":{},"includedScopes":[{"containerScope":{"containerScope":{"containerScope":{"contributions":{},"includedScopes":[]},"contributions":{},"includedScopes":[]},"contributions":{},"includedScopes":[]},"contributions":{},"includedScopes":[]}]},"contributions":{},"includedScopes":[]},"contributions":{},"includedScopes":[]},"contributions":{},"includedScopes":[]},"contributions":{},"includedScopes":[]},"sourceMap":{"end":{"column":26,"line":647,"offset":23493},"start":{"column":22,"line":647,"offset":23489}}},"variable":{"id":"96d7d7f4-82e3-4ebe-8732-a4734873eafc","metadata":[],"name":"menuActual","scope":{"containerScope":{"containerScope":{"containerScope":{"containerScope":{"containerScope":{"containerScope":{"contributions":{},"includedScopes":[]},"contributions":{},"includedScopes":[{"contributions":{},"includedScopes":[]},{"contributions":{},"includedScopes":[]},{"contributions":{},"includedScopes":[]},{"contributions":{},"includedScopes":[]},{"contributions":{},"includedScopes":[]},{"contributions":{},"includedScopes":[]}]},"contributions":{},"includedScopes":[{"containerScope":{"containerScope":{"containerScope":{"contributions":{},"includedScopes":[]},"contributions":{},"includedScopes":[]},"contributions":{},"includedScopes":[]},"contributions":{},"includedScopes":[]}]},"contributions":{},"includedScopes":[]},"contributions":{},"includedScopes":[]},"contributions":{},"includedScopes":[]},"contributions":{},"includedScopes":[]},"sourceMap":{"end":{"column":19,"line":647,"offset":23486},"start":{"column":9,"line":647,"offset":23476}}}},{"args":[],"id":"20e56d64-ae3a-4049-a00d-26df245f2a77","message":"entrar","metadata":[],"receiver":{"id":"23c6b9c7-495b-4e11-81dc-0099efa6edd3","metadata":[],"name":"menu","scope":{"containerScope":{"containerScope":{"containerScope":{"containerScope":{"containerScope":{"containerScope":{"contributions":{},"includedScopes":[]},"contributions":{},"includedScopes":[{"contributions":{},"includedScopes":[]},{"contributions":{},"includedScopes":[]},{"contributions":{},"includedScopes":[]},{"contributions":{},"includedScopes":[]},{"contributions":{},"includedScopes":[]},{"contributions":{},"includedScopes":[]}]},"contributions":{},"includedScopes":[{"containerScope":{"containerScope":{"containerScope":{"contributions":{},"includedScopes":[]},"contributions":{},"includedScopes":[]},"contributions":{},"includedScopes":[]},"contributions":{},"includedScopes":[]}]},"contributions":{},"includedScopes":[]},"contributions":{},"includedScopes":[]},"contributions":{},"includedScopes":[]},"contributions":{},"includedScopes":[]},"sourceMap":{"end":{"column":13,"line":648,"offset":23507},"start":{"column":9,"line":648,"offset":23503}}},"scope":{"containerScope":{"containerScope":{"containerScope":{"containerScope":{"containerScope":{"contributions":{},"includedScopes":[]},"contributions":{},"includedScopes":[{"contributions":{},"includedScopes":[]},{"contributions":{},"includedScopes":[]},{"contributions":{},"includedScopes":[]},{"contributions":{},"includedScopes":[]},{"contributions":{},"includedScopes":[]},{"contributions":{},"includedScopes":[]}]},"contributions":{},"includedScopes":[{"containerScope":{"containerScope":{"containerScope":{"contributions":{},"includedScopes":[]},"contributions":{},"includedScopes":[]},"contributions":{},"includedScopes":[]},"contributions":{},"includedScopes":[]}]},"contributions":{},"includedScopes":[]},"contributions":{},"includedScopes":[]},"contributions":{},"includedScopes":[]},"sourceMap":{"end":{"column":22,"line":648,"offset":23516},"start":{"column":8,"line":648,"offset":23503}}},{"args":[],"id":"84f2a50b-3887-4c07-8074-946806c72753","message":"play","metadata":[],"receiver":{"id":"02151228-c3b0-43fb-9bec-78c685d9470a","metadata":[],"name":"menu2","scope":{"containerScope":{"containerScope":{"containerScope":{"containerScope":{"containerScope":{"containerScope":{"contributions":{},"includedScopes":[]},"contributions":{},"includedScopes":[{"contributions":{},"includedScopes":[]},{"contributions":{},"includedScopes":[]},{"contributions":{},"includedScopes":[]},{"contributions":{},"includedScopes":[]},{"contributions":{},"includedScopes":[]},{"contributions":{},"includedScopes":[]}]},"contributions":{},"includedScopes":[{"containerScope":{"containerScope":{"containerScope":{"contributions":{},"includedScopes":[]},"contributions":{},"includedScopes":[]},"contributions":{},"includedScopes":[]},"contributions":{},"includedScopes":[]}]},"contributions":{},"includedScopes":[]},"contributions":{},"includedScopes":[]},"contributions":{},"includedScopes":[]},"contributions":{},"includedScopes":[]},"sourceMap":{"end":{"column":14,"line":649,"offset":23531},"start":{"column":9,"line":649,"offset":23526}}},"scope":{"containerScope":{"containerScope":{"containerScope":{"containerScope":{"containerScope":{"contributions":{},"includedScopes":[]},"contributions":{},"includedScopes":[{"contributions":{},"includedScopes":[]},{"contributions":{},"includedScopes":[]},{"contributions":{},"includedScopes":[]},{"contributions":{},"includedScopes":[]},{"contributions":{},"includedScopes":[]},{"contributions":{},"includedScopes":[]}]},"contributions":{},"includedScopes":[{"containerScope":{"containerScope":{"containerScope":{"contributions":{},"includedScopes":[]},"contributions":{},"includedScopes":[]},"contributions":{},"includedScopes":[]},"contributions":{},"includedScopes":[]}]},"contributions":{},"includedScopes":[]},"contributions":{},"includedScopes":[]},"contributions":{},"includedScopes":[]},"sourceMap":{"end":{"column":21,"line":649,"offset":23538},"start":{"column":8,"line":649,"offset":23526}}}],"sourceMap":{"end":{"column":6,"line":650,"offset":23545},"start":{"column":24,"line":646,"offset":23465}}},"compiled":false,"id":"21614a70-35a8-4594-80a4-c5eaa3ad7503","isOverride":false,"metadata":[],"name":"abrir","parameters":[{"id":"1bdb0609-8732-4a59-a0ad-41d780482ebb","isVarArg":false,"metadata":[],"name":"menu","scope":{"containerScope":{"containerScope":{"containerScope":{"containerScope":{"contributions":{},"includedScopes":[]},"contributions":{},"includedScopes":[{"contributions":{},"includedScopes":[]},{"contributions":{},"includedScopes":[]},{"contributions":{},"includedScopes":[]},{"contributions":{},"includedScopes":[]},{"contributions":{},"includedScopes":[]},{"contributions":{},"includedScopes":[]}]},"contributions":{},"includedScopes":[{"containerScope":{"containerScope":{"containerScope":{"contributions":{},"includedScopes":[]},"contributions":{},"includedScopes":[]},"contributions":{},"includedScopes":[]},"contributions":{},"includedScopes":[]}]},"contributions":{},"includedScopes":[]},"contributions":{},"includedScopes":[]},"sourceMap":{"end":{"column":22,"line":646,"offset":23463},"start":{"column":18,"line":646,"offset":23459}}}],"problems":[],"scope":{"containerScope":{"containerScope":{"containerScope":{"contributions":{},"includedScopes":[]},"contributions":{},"includedScopes":[{"contributions":{},"includedScopes":[]},{"contributions":{},"includedScopes":[]},{"contributions":{},"includedScopes":[]},{"contributions":{},"includedScopes":[]},{"contributions":{},"includedScopes":[]},{"contributions":{},"includedScopes":[]}]},"contributions":{},"includedScopes":[{"containerScope":{"containerScope":{"containerScope":{"contributions":{},"includedScopes":[]},"contributions":{},"includedScopes":[]},"contributions":{},"includedScopes":[]},"contributions":{},"includedScopes":[]}]},"contributions":{},"includedScopes":[]},"sourceMap":{"end":{"column":6,"line":650,"offset":23545},"start":{"column":5,"line":646,"offset":23446}}},{"body":{"id":"24c02302-76a4-4189-8c2f-ddeb232e6f32","metadata":[],"problems":[],"scope":{"containerScope":{"containerScope":{"containerScope":{"containerScope":{"contributions":{},"includedScopes":[]},"contributions":{},"includedScopes":[{"contributions":{},"includedScopes":[]},{"contributions":{},"includedScopes":[]},{"contributions":{},"includedScopes":[]},{"contributions":{},"includedScopes":[]},{"contributions":{},"includedScopes":[]},{"contributions":{},"includedScopes":[]}]},"contributions":{},"includedScopes":[{"containerScope":{"containerScope":{"containerScope":{"contributions":{},"includedScopes":[]},"contributions":{},"includedScopes":[]},"contributions":{},"includedScopes":[]},"contributions":{},"includedScopes":[]}]},"contributions":{},"includedScopes":[]},"contributions":{},"includedScopes":[]},"sentences":[{"args":[],"id":"d373b94d-fe8e-4c7b-aa4c-aec785a73625","message":"volver","metadata":[],"receiver":{"id":"2c24715a-3ff6-4374-bf38-6ba0b2e6ee65","metadata":[],"name":"menuActual","scope":{"containerScope":{"containerScope":{"containerScope":{"containerScope":{"containerScope":{"containerScope":{"contributions":{},"includedScopes":[]},"contributions":{},"includedScopes":[{"contributions":{},"includedScopes":[]},{"contributions":{},"includedScopes":[]},{"contributions":{},"includedScopes":[]},{"contributions":{},"includedScopes":[]},{"contributions":{},"includedScopes":[]},{"contributions":{},"includedScopes":[]}]},"contributions":{},"includedScopes":[{"containerScope":{"containerScope":{"containerScope":{"contributions":{},"includedScopes":[]},"contributions":{},"includedScopes":[]},"contributions":{},"includedScopes":[]},"contributions":{},"includedScopes":[]}]},"contributions":{},"includedScopes":[]},"contributions":{},"includedScopes":[]},"contributions":{},"includedScopes":[]},"contributions":{},"includedScopes":[]},"sourceMap":{"end":{"column":19,"line":653,"offset":23590},"start":{"column":9,"line":653,"offset":23580}}},"scope":{"containerScope":{"containerScope":{"containerScope":{"containerScope":{"containerScope":{"contributions":{},"includedScopes":[]},"contributions":{},"includedScopes":[{"contributions":{},"includedScopes":[]},{"contributions":{},"includedScopes":[]},{"contributions":{},"includedScopes":[]},{"contributions":{},"includedScopes":[]},{"contributions":{},"includedScopes":[]},{"contributions":{},"includedScopes":[]}]},"contributions":{},"includedScopes":[{"containerScope":{"containerScope":{"containerScope":{"contributions":{},"includedScopes":[]},"contributions":{},"includedScopes":[]},"contributions":{},"includedScopes":[]},"contributions":{},"includedScopes":[]}]},"contributions":{},"includedScopes":[]},"contributions":{},"includedScopes":[]},"contributions":{},"includedScopes":[]},"sourceMap":{"end":{"column":28,"line":653,"offset":23599},"start":{"column":9,"line":653,"offset":23580}}},{"id":"2127ae2a-fc9c-4863-87ac-974216143b8b","metadata":[],"scope":{"containerScope":{"containerScope":{"containerScope":{"containerScope":{"containerScope":{"contributions":{},"includedScopes":[]},"contributions":{},"includedScopes":[{"contributions":{},"includedScopes":[]},{"contributions":{},"includedScopes":[]},{"contributions":{},"includedScopes":[]},{"contributions":{},"includedScopes":[]},{"contributions":{},"includedScopes":[]},{"contributions":{},"includedScopes":[]}]},"contributions":{},"includedScopes":[{"containerScope":{"containerScope":{"containerScope":{"contributions":{},"includedScopes":[]},"contributions":{},"includedScopes":[]},"contributions":{},"includedScopes":[]},"contributions":{},"includedScopes":[]}]},"contributions":{},"includedScopes":[]},"contributions":{},"includedScopes":[]},"contributions":{},"includedScopes":[]},"sourceMap":{"end":{"column":38,"line":654,"offset":23638},"start":{"column":9,"line":654,"offset":23609}},"value":{"id":"11f7b634-5469-460c-9340-ada997dce99e","metadata":[],"name":"pantallaDeTitulo","scope":{"containerScope":{"containerScope":{"containerScope":{"containerScope":{"containerScope":{"containerScope":{"contributions":{},"includedScopes":[]},"contributions":{},"includedScopes":[{"contributions":{},"includedScopes":[]},{"contributions":{},"includedScopes":[]},{"contributions":{},"includedScopes":[]},{"contributions":{},"includedScopes":[]},{"contributions":{},"includedScopes":[]},{"contributions":{},"includedScopes":[]}]},"contributions":{},"includedScopes":[{"containerScope":{"containerScope":{"containerScope":{"contributions":{},"includedScopes":[]},"contributions":{},"includedScopes":[]},"contributions":{},"includedScopes":[]},"contributions":{},"includedScopes":[]}]},"contributions":{},"includedScopes":[]},"contributions":{},"includedScopes":[]},"contributions":{},"includedScopes":[]},"contributions":{},"includedScopes":[]},"sourceMap":{"end":{"column":38,"line":654,"offset":23638},"start":{"column":22,"line":654,"offset":23622}}},"variable":{"id":"3e9f5f53-ca35-47d2-9f76-7b081334dc22","metadata":[],"name":"menuActual","scope":{"containerScope":{"containerScope":{"containerScope":{"containerScope":{"containerScope":{"containerScope":{"contributions":{},"includedScopes":[]},"contributions":{},"includedScopes":[{"contributions":{},"includedScopes":[]},{"contributions":{},"includedScopes":[]},{"contributions":{},"includedScopes":[]},{"contributions":{},"includedScopes":[]},{"contributions":{},"includedScopes":[]},{"contributions":{},"includedScopes":[]}]},"contributions":{},"includedScopes":[{"containerScope":{"containerScope":{"containerScope":{"contributions":{},"includedScopes":[]},"contributions":{},"includedScopes":[]},"contributions":{},"includedScopes":[]},"contributions":{},"includedScopes":[]}]},"contributions":{},"includedScopes":[]},"contributions":{},"includedScopes":[]},"contributions":{},"includedScopes":[]},"contributions":{},"includedScopes":[]},"sourceMap":{"end":{"column":19,"line":654,"offset":23619},"start":{"column":9,"line":654,"offset":23609}}}},{"args":[],"id":"6569f33d-50c1-44b2-a317-ec416998a1eb","message":"entrar","metadata":[],"receiver":{"id":"7b20df83-9196-4a9d-807c-92e2e1e81b37","metadata":[],"name":"pantallaDeTitulo","scope":{"containerScope":{"containerScope":{"containerScope":{"containerScope":{"containerScope":{"containerScope":{"contributions":{},"includedScopes":[]},"contributions":{},"includedScopes":[{"contributions":{},"includedScopes":[]},{"contributions":{},"includedScopes":[]},{"contributions":{},"includedScopes":[]},{"contributions":{},"includedScopes":[]},{"contributions":{},"includedScopes":[]},{"contributions":{},"includedScopes":[]}]},"contributions":{},"includedScopes":[{"containerScope":{"containerScope":{"containerScope":{"contributions":{},"includedScopes":[]},"contributions":{},"includedScopes":[]},"contributions":{},"includedScopes":[]},"contributions":{},"includedScopes":[]}]},"contributions":{},"includedScopes":[]},"contributions":{},"includedScopes":[]},"contributions":{},"includedScopes":[]},"contributions":{},"includedScopes":[]},"sourceMap":{"end":{"column":25,"line":655,"offset":23664},"start":{"column":9,"line":655,"offset":23648}}},"scope":{"containerScope":{"containerScope":{"containerScope":{"containerScope":{"containerScope":{"contributions":{},"includedScopes":[]},"contributions":{},"includedScopes":[{"contributions":{},"includedScopes":[]},{"contributions":{},"includedScopes":[]},{"contributions":{},"includedScopes":[]},{"contributions":{},"includedScopes":[]},{"contributions":{},"includedScopes":[]},{"contributions":{},"includedScopes":[]}]},"contributions":{},"includedScopes":[{"containerScope":{"containerScope":{"containerScope":{"contributions":{},"includedScopes":[]},"contributions":{},"includedScopes":[]},"contributions":{},"includedScopes":[]},"contributions":{},"includedScopes":[]}]},"contributions":{},"includedScopes":[]},"contributions":{},"includedScopes":[]},"contributions":{},"includedScopes":[]},"sourceMap":{"end":{"column":34,"line":655,"offset":23673},"start":{"column":8,"line":655,"offset":23648}}}],"sourceMap":{"end":{"column":6,"line":656,"offset":23680},"start":{"column":21,"line":652,"offset":23569}}},"compiled":false,"id":"b8f05eb5-c2b6-4afa-9b00-5bf63c294f50","isOverride":false,"metadata":[],"name":"volver","parameters":[],"problems":[],"scope":{"containerScope":{"containerScope":{"containerScope":{"contributions":{},"includedScopes":[]},"contributions":{},"includedScopes":[{"contributions":{},"includedScopes":[]},{"contributions":{},"includedScopes":[]},{"contributions":{},"includedScopes":[]},{"contributions":{},"includedScopes":[]},{"contributions":{},"includedScopes":[]},{"contributions":{},"includedScopes":[]}]},"contributions":{},"includedScopes":[{"containerScope":{"containerScope":{"containerScope":{"contributions":{},"includedScopes":[]},"contributions":{},"includedScopes":[]},"contributions":{},"includedScopes":[]},"contributions":{},"includedScopes":[]}]},"contributions":{},"includedScopes":[]},"sourceMap":{"end":{"column":6,"line":656,"offset":23680},"start":{"column":5,"line":652,"offset":23553}}},{"body":{"id":"16bed373-6a53-4a95-9724-bf47b4862146","metadata":[],"scope":{"containerScope":{"containerScope":{"containerScope":{"containerScope":{"contributions":{},"includedScopes":[]},"contributions":{},"includedScopes":[{"contributions":{},"includedScopes":[]},{"contributions":{},"includedScopes":[]},{"contributions":{},"includedScopes":[]},{"contributions":{},"includedScopes":[]},{"contributions":{},"includedScopes":[]},{"contributions":{},"includedScopes":[]}]},"contributions":{},"includedScopes":[{"containerScope":{"containerScope":{"containerScope":{"contributions":{},"includedScopes":[]},"contributions":{},"includedScopes":[]},"contributions":{},"includedScopes":[]},"contributions":{},"includedScopes":[]}]},"contributions":{},"includedScopes":[]},"contributions":{},"includedScopes":[]},"sentences":[{"id":"f47381dd-16f4-4a2c-9d86-8fcda9a7a7c7","metadata":[],"scope":{"containerScope":{"containerScope":{"containerScope":{"containerScope":{"containerScope":{"contributions":{},"includedScopes":[]},"contributions":{},"includedScopes":[{"contributions":{},"includedScopes":[]},{"contributions":{},"includedScopes":[]},{"contributions":{},"includedScopes":[]},{"contributions":{},"includedScopes":[]},{"contributions":{},"includedScopes":[]},{"contributions":{},"includedScopes":[]}]},"contributions":{},"includedScopes":[{"containerScope":{"containerScope":{"containerScope":{"contributions":{},"includedScopes":[]},"contributions":{},"includedScopes":[]},"contributions":{},"includedScopes":[]},"contributions":{},"includedScopes":[]}]},"contributions":{},"includedScopes":[]},"contributions":{},"includedScopes":[]},"contributions":{},"includedScopes":[]},"value":{"id":"936871fd-51b8-4fa4-a21a-9969c2c9d998","metadata":[],"name":"menuActual","scope":{"containerScope":{"containerScope":{"containerScope":{"containerScope":{"containerScope":{"containerScope":{"contributions":{},"includedScopes":[]},"contributions":{},"includedScopes":[{"contributions":{},"includedScopes":[]},{"contributions":{},"includedScopes":[]},{"contributions":{},"includedScopes":[]},{"contributions":{},"includedScopes":[]},{"contributions":{},"includedScopes":[]},{"contributions":{},"includedScopes":[]}]},"contributions":{},"includedScopes":[{"containerScope":{"containerScope":{"containerScope":{"contributions":{},"includedScopes":[]},"contributions":{},"includedScopes":[]},"contributions":{},"includedScopes":[]},"contributions":{},"includedScopes":[]}]},"contributions":{},"includedScopes":[]},"contributions":{},"includedScopes":[]},"contributions":{},"includedScopes":[]},"contributions":{},"includedScopes":[]}}}]},"compiled":false,"id":"e036d887-0ba8-464d-aba1-b1307942465b","isOverride":false,"metadata":[],"name":"menuActual","parameters":[],"scope":{"containerScope":{"containerScope":{"containerScope":{"contributions":{},"includedScopes":[]},"contributions":{},"includedScopes":[{"contributions":{},"includedScopes":[]},{"contributions":{},"includedScopes":[]},{"contributions":{},"includedScopes":[]},{"contributions":{},"includedScopes":[]},{"contributions":{},"includedScopes":[]},{"contributions":{},"includedScopes":[]}]},"contributions":{},"includedScopes":[{"containerScope":{"containerScope":{"containerScope":{"contributions":{},"includedScopes":[]},"contributions":{},"includedScopes":[]},"contributions":{},"includedScopes":[]},"contributions":{},"includedScopes":[]}]},"contributions":{},"includedScopes":[]}},{"body":{"id":"cb91cdc7-1026-4a50-a6f7-88ece03a10c0","metadata":[],"scope":{"containerScope":{"containerScope":{"containerScope":{"containerScope":{"contributions":{},"includedScopes":[]},"contributions":{},"includedScopes":[{"contributions":{},"includedScopes":[]},{"contributions":{},"includedScopes":[]},{"contributions":{},"includedScopes":[]},{"contributions":{},"includedScopes":[]},{"contributions":{},"includedScopes":[]},{"contributions":{},"includedScopes":[]}]},"contributions":{},"includedScopes":[{"containerScope":{"containerScope":{"containerScope":{"contributions":{},"includedScopes":[]},"contributions":{},"includedScopes":[]},"contributions":{},"includedScopes":[]},"contributions":{},"includedScopes":[]}]},"contributions":{},"includedScopes":[]},"contributions":{},"includedScopes":[]},"sentences":[{"id":"12567858-0660-4237-866d-537e128e3e19","metadata":[],"scope":{"containerScope":{"containerScope":{"containerScope":{"containerScope":{"containerScope":{"contributions":{},"includedScopes":[]},"contributions":{},"includedScopes":[{"contributions":{},"includedScopes":[]},{"contributions":{},"includedScopes":[]},{"contributions":{},"includedScopes":[]},{"contributions":{},"includedScopes":[]},{"contributions":{},"includedScopes":[]},{"contributions":{},"includedScopes":[]}]},"contributions":{},"includedScopes":[{"containerScope":{"containerScope":{"containerScope":{"contributions":{},"includedScopes":[]},"contributions":{},"includedScopes":[]},"contributions":{},"includedScopes":[]},"contributions":{},"includedScopes":[]}]},"contributions":{},"includedScopes":[]},"contributions":{},"includedScopes":[]},"contributions":{},"includedScopes":[]},"value":{"id":"6e7fc76e-2440-443e-b81d-0ff66c417c0e","metadata":[],"name":"<value>","scope":{"containerScope":{"containerScope":{"containerScope":{"containerScope":{"containerScope":{"containerScope":{"contributions":{},"includedScopes":[]},"contributions":{},"includedScopes":[{"contributions":{},"includedScopes":[]},{"contributions":{},"includedScopes":[]},{"contributions":{},"includedScopes":[]},{"contributions":{},"includedScopes":[]},{"contributions":{},"includedScopes":[]},{"contributions":{},"includedScopes":[]}]},"contributions":{},"includedScopes":[{"containerScope":{"containerScope":{"containerScope":{"contributions":{},"includedScopes":[]},"contributions":{},"includedScopes":[]},"contributions":{},"includedScopes":[]},"contributions":{},"includedScopes":[]}]},"contributions":{},"includedScopes":[]},"contributions":{},"includedScopes":[]},"contributions":{},"includedScopes":[]},"contributions":{},"includedScopes":[]}},"variable":{"id":"b66db6a7-8de8-4926-9b85-a2df42cc68f0","metadata":[],"name":"menuActual","scope":{"containerScope":{"containerScope":{"containerScope":{"containerScope":{"containerScope":{"containerScope":{"contributions":{},"includedScopes":[]},"contributions":{},"includedScopes":[{"contributions":{},"includedScopes":[]},{"contributions":{},"includedScopes":[]},{"contributions":{},"includedScopes":[]},{"contributions":{},"includedScopes":[]},{"contributions":{},"includedScopes":[]},{"contributions":{},"includedScopes":[]}]},"contributions":{},"includedScopes":[{"containerScope":{"containerScope":{"containerScope":{"contributions":{},"includedScopes":[]},"contributions":{},"includedScopes":[]},"contributions":{},"includedScopes":[]},"contributions":{},"includedScopes":[]}]},"contributions":{},"includedScopes":[]},"contributions":{},"includedScopes":[]},"contributions":{},"includedScopes":[]},"contributions":{},"includedScopes":[]}}}]},"compiled":false,"id":"410ef4b2-ba4f-4583-809c-5cce2e41613b","isOverride":false,"metadata":[],"name":"menuActual","parameters":[{"id":"911722bb-9625-42bb-9dfe-1a5b14a7bfdc","isVarArg":false,"metadata":[],"name":"<value>","scope":{"containerScope":{"containerScope":{"containerScope":{"containerScope":{"contributions":{},"includedScopes":[]},"contributions":{},"includedScopes":[{"contributions":{},"includedScopes":[]},{"contributions":{},"includedScopes":[]},{"contributions":{},"includedScopes":[]},{"contributions":{},"includedScopes":[]},{"contributions":{},"includedScopes":[]},{"contributions":{},"includedScopes":[]}]},"contributions":{},"includedScopes":[{"containerScope":{"containerScope":{"containerScope":{"contributions":{},"includedScopes":[]},"contributions":{},"includedScopes":[]},"contributions":{},"includedScopes":[]},"contributions":{},"includedScopes":[]}]},"contributions":{},"includedScopes":[]},"contributions":{},"includedScopes":[]}}],"scope":{"containerScope":{"containerScope":{"containerScope":{"contributions":{},"includedScopes":[]},"contributions":{},"includedScopes":[{"contributions":{},"includedScopes":[]},{"contributions":{},"includedScopes":[]},{"contributions":{},"includedScopes":[]},{"contributions":{},"includedScopes":[]},{"contributions":{},"includedScopes":[]},{"contributions":{},"includedScopes":[]}]},"contributions":{},"includedScopes":[{"containerScope":{"containerScope":{"containerScope":{"contributions":{},"includedScopes":[]},"contributions":{},"includedScopes":[]},"contributions":{},"includedScopes":[]},"contributions":{},"includedScopes":[]}]},"contributions":{},"includedScopes":[]}}],"metadata":[],"name":"gestorMenu","problems":[{"code":"malformedMember","sourceMap":{"end":{"column":20,"line":643,"offset":23390},"start":{"column":5,"line":643,"offset":23375}}}],"scope":{"containerScope":{"containerScope":{"contributions":{},"includedScopes":[]},"contributions":{},"includedScopes":[{"contributions":{},"includedScopes":[]},{"contributions":{},"includedScopes":[]},{"contributions":{},"includedScopes":[]},{"contributions":{},"includedScopes":[]},{"contributions":{},"includedScopes":[]},{"contributions":{},"includedScopes":[]}]},"contributions":{},"includedScopes":[{"containerScope":{"containerScope":{"containerScope":{"contributions":{},"includedScopes":[]},"contributions":{},"includedScopes":[]},"contributions":{},"includedScopes":[]},"contributions":{},"includedScopes":[]}]},"sourceMap":{"end":{"column":2,"line":657,"offset":23683},"start":{"column":1,"line":640,"offset":23254}},"supertypes":[]},"stack":"Error: Failed to print, found malformed node\n    at c:\\Users\\zagum\\.vscode\\extensions\\uqbar.wollok-lsp-ide-0.5.4\\out\\server\\src\\server.js:68:3585\n    at Kbn (c:\\Users\\zagum\\.vscode\\extensions\\uqbar.wollok-lsp-ide-0.5.4\\out\\server\\src\\server.js:68:3396)\n    at c:\\Users\\zagum\\.vscode\\extensions\\uqbar.wollok-lsp-ide-0.5.4\\out\\server\\src\\server.js:2398:847\n    at c:\\Users\\zagum\\.vscode\\extensions\\uqbar.wollok-lsp-ide-0.5.4\\out\\server\\src\\server.js:2398:8440\n    at c:\\Users\\zagum\\.vscode\\extensions\\uqbar.wollok-lsp-ide-0.5.4\\out\\server\\src\\server.js:37:74770\n    at Ke (c:\\Users\\zagum\\.vscode\\extensions\\uqbar.wollok-lsp-ide-0.5.4\\out\\server\\src\\server.js:7:8527)\n    at Lt (c:\\Users\\zagum\\.vscode\\extensions\\uqbar.wollok-lsp-ide-0.5.4\\out\\server\\src\\server.js:7:6189)\n    at ct (c:\\Users\\zagum\\.vscode\\extensions\\uqbar.wollok-lsp-ide-0.5.4\\out\\server\\src\\server.js:7:6378)\n    at Immediate._onImmediate (c:\\Users\\zagum\\.vscode\\extensions\\uqbar.wollok-lsp-ide-0.5.4\\out\\server\\src\\server.js:7:6142)\n    at process.processImmediate (node:internal/timers:504:21)","timestamp":"2026-07-05T16:01:52.762Z"}
{"level":"error","message":"✘ Failed to get type description: Error: Failed to print, found malformed node Failed to print, found malformed node","node":{"id":"ca8bf2f7-13c4-44a7-82fa-af5b8afd9d21","members":[{"id":"8069275b-c475-4f73-8508-4460f34873de","isConstant":true,"isProperty":false,"metadata":[],"name":"menu1","scope":{"containerScope":{"containerScope":{"containerScope":{"contributions":{},"includedScopes":[]},"contributions":{},"includedScopes":[{"contributions":{},"includedScopes":[]},{"contributions":{},"includedScopes":[]},{"contributions":{},"includedScopes":[]},{"contributions":{},"includedScopes":[]},{"contributions":{},"includedScopes":[]},{"contributions":{},"includedScopes":[]}]},"contributions":{},"includedScopes":[{"containerScope":{"containerScope":{"containerScope":{"contributions":{},"includedScopes":[]},"contributions":{},"includedScopes":[]},"contributions":{},"includedScopes":[]},"contributions":{},"includedScopes":[]}]},"contributions":{},"includedScopes":[]},"sourceMap":{"end":{"column":47,"line":641,"offset":23321},"start":{"column":5,"line":641,"offset":23279}},"value":{"args":[{"id":"badb418c-e0c7-4f9d-ba2d-b57ca9259dfa","metadata":[],"scope":{"containerScope":{"containerScope":{"containerScope":{"containerScope":{"containerScope":{"contributions":{},"includedScopes":[]},"contributions":{},"includedScopes":[{"contributions":{},"includedScopes":[]},{"contributions":{},"includedScopes":[]},{"contributions":{},"includedScopes":[]},{"contributions":{},"includedScopes":[]},{"contributions":{},"includedScopes":[]},{"contributions":{},"includedScopes":[]}]},"contributions":{},"includedScopes":[{"containerScope":{"containerScope":{"containerScope":{"contributions":{},"includedScopes":[]},"contributions":{},"includedScopes":[]},"contributions":{},"includedScopes":[]},"contributions":{},"includedScopes":[]}]},"contributions":{},"includedScopes":[]},"contributions":{},"includedScopes":[]},"contributions":{},"includedScopes":[]},"sourceMap":{"end":{"column":46,"line":641,"offset":23320},"start":{"column":30,"line":641,"offset":23304}},"value":"soundMenu1.mp3"}],"id":"7e9405b3-174f-48c2-9468-7a1788cf9218","message":"sound","metadata":[],"receiver":{"id":"11fe6774-9289-45b9-b1b3-58e31fde1e46","metadata":[],"name":"game","scope":{"containerScope":{"containerScope":{"containerScope":{"containerScope":{"containerScope":{"contributions":{},"includedScopes":[]},"contributions":{},"includedScopes":[{"contributions":{},"includedScopes":[]},{"contributions":{},"includedScopes":[]},{"contributions":{},"includedScopes":[]},{"contributions":{},"includedScopes":[]},{"contributions":{},"includedScopes":[]},{"contributions":{},"includedScopes":[]}]},"contributions":{},"includedScopes":[{"containerScope":{"containerScope":{"containerScope":{"contributions":{},"includedScopes":[]},"contributions":{},"includedScopes":[]},"contributions":{},"includedScopes":[]},"contributions":{},"includedScopes":[]}]},"contributions":{},"includedScopes":[]},"contributions":{},"includedScopes":[]},"contributions":{},"includedScopes":[]},"sourceMap":{"end":{"column":23,"line":641,"offset":23297},"start":{"column":19,"line":641,"offset":23293}}},"scope":{"containerScope":{"containerScope":{"containerScope":{"containerScope":{"contributions":{},"includedScopes":[]},"contributions":{},"includedScopes":[{"contributions":{},"includedScopes":[]},{"contributions":{},"includedScopes":[]},{"contributions":{},"includedScopes":[]},{"contributions":{},"includedScopes":[]},{"contributions":{},"includedScopes":[]},{"contributions":{},"includedScopes":[]}]},"contributions":{},"includedScopes":[{"containerScope":{"containerScope":{"containerScope":{"contributions":{},"includedScopes":[]},"contributions":{},"includedScopes":[]},"contributions":{},"includedScopes":[]},"contributions":{},"includedScopes":[]}]},"contributions":{},"includedScopes":[]},"contributions":{},"includedScopes":[]},"sourceMap":{"end":{"column":47,"line":641,"offset":23321},"start":{"column":19,"line":641,"offset":23293}}}},{"id":"0a79cfda-620c-4ff3-b2a3-2e256eeb597e","isConstant":true,"isProperty":false,"metadata":[],"name":"menu2","scope":{"containerScope":{"containerScope":{"containerScope":{"contributions":{},"includedScopes":[]},"contributions":{},"includedScopes":[{"contributions":{},"includedScopes":[]},{"contributions":{},"includedScopes":[]},{"contributions":{},"includedScopes":[]},{"contributions":{},"includedScopes":[]},{"contributions":{},"includedScopes":[]},{"contributions":{},"includedScopes":[]}]},"contributions":{},"includedScopes":[{"containerScope":{"containerScope":{"containerScope":{"contributions":{},"includedScopes":[]},"contributions":{},"includedScopes":[]},"contributions":{},"includedScopes":[]},"contributions":{},"includedScopes":[]}]},"contributions":{},"includedScopes":[]},"sourceMap":{"end":{"column":47,"line":642,"offset":23369},"start":{"column":5,"line":642,"offset":23327}},"value":{"args":[{"id":"8dabbb87-4c68-4bc2-9384-536d85be0d9c","metadata":[],"scope":{"containerScope":{"containerScope":{"containerScope":{"containerScope":{"containerScope":{"contributions":{},"includedScopes":[]},"contributions":{},"includedScopes":[{"contributions":{},"includedScopes":[]},{"contributions":{},"includedScopes":[]},{"contributions":{},"includedScopes":[]},{"contributions":{},"includedScopes":[]},{"contributions":{},"includedScopes":[]},{"contributions":{},"includedScopes":[]}]},"contributions":{},"includedScopes":[{"containerScope":{"containerScope":{"containerScope":{"contributions":{},"includedScopes":[]},"contributions":{},"includedScopes":[]},"contributions":{},"includedScopes":[]},"contributions":{},"includedScopes":[]}]},"contributions":{},"includedScopes":[]},"contributions":{},"includedScopes":[]},"contributions":{},"includedScopes":[]},"sourceMap":{"end":{"column":46,"line":642,"offset":23368},"start":{"column":30,"line":642,"offset":23352}},"value":"soundMenu2.mp3"}],"id":"54251862-1546-485c-b25f-cdfd0840b934","message":"sound","metadata":[],"receiver":{"id":"72888d23-fd8f-4dae-a613-3d505cc8598a","metadata":[],"name":"game","scope":{"containerScope":{"containerScope":{"containerScope":{"containerScope":{"containerScope":{"contributions":{},"includedScopes":[]},"contributions":{},"includedScopes":[{"contributions":{},"includedScopes":[]},{"contributions":{},"includedScopes":[]},{"contributions":{},"includedScopes":[]},{"contributions":{},"includedScopes":[]},{"contributions":{},"includedScopes":[]},{"contributions":{},"includedScopes":[]}]},"contributions":{},"includedScopes":[{"containerScope":{"containerScope":{"containerScope":{"contributions":{},"includedScopes":[]},"contributions":{},"includedScopes":[]},"contributions":{},"includedScopes":[]},"contributions":{},"includedScopes":[]}]},"contributions":{},"includedScopes":[]},"contributions":{},"includedScopes":[]},"contributions":{},"includedScopes":[]},"sourceMap":{"end":{"column":23,"line":642,"offset":23345},"start":{"column":19,"line":642,"offset":23341}}},"scope":{"containerScope":{"containerScope":{"containerScope":{"containerScope":{"contributions":{},"includedScopes":[]},"contributions":{},"includedScopes":[{"contributions":{},"includedScopes":[]},{"contributions":{},"includedScopes":[]},{"contributions":{},"includedScopes":[]},{"contributions":{},"includedScopes":[]},{"contributions":{},"includedScopes":[]},{"contributions":{},"includedScopes":[]}]},"contributions":{},"includedScopes":[{"containerScope":{"containerScope":{"containerScope":{"contributions":{},"includedScopes":[]},"contributions":{},"includedScopes":[]},"contributions":{},"includedScopes":[]},"contributions":{},"includedScopes":[]}]},"contributions":{},"includedScopes":[]},"contributions":{},"includedScopes":[]},"sourceMap":{"end":{"column":47,"line":642,"offset":23369},"start":{"column":19,"line":642,"offset":23341}}}},{"id":"67927966-8703-4e4e-af6d-0612c79f5491","isConstant":false,"isProperty":true,"metadata":[],"name":"menuActual","scope":{"containerScope":{"containerScope":{"containerScope":{"contributions":{},"includedScopes":[]},"contributions":{},"includedScopes":[{"contributions":{},"includedScopes":[]},{"contributions":{},"includedScopes":[]},{"contributions":{},"includedScopes":[]},{"contributions":{},"includedScopes":[]},{"contributions":{},"includedScopes":[]},{"contributions":{},"includedScopes":[]}]},"contributions":{},"includedScopes":[{"containerScope":{"containerScope":{"containerScope":{"contributions":{},"includedScopes":[]},"contributions":{},"includedScopes":[]},"contributions":{},"includedScopes":[]},"contributions":{},"includedScopes":[]}]},"contributions":{},"includedScopes":[]},"sourceMap":{"end":{"column":47,"line":644,"offset":23438},"start":{"column":5,"line":644,"offset":23396}},"value":{"id":"68dafec5-e44b-43dc-9386-1f37c542f954","metadata":[],"name":"pantallaDeTitulo","scope":{"containerScope":{"containerScope":{"containerScope":{"containerScope":{"contributions":{},"includedScopes":[]},"contributions":{},"includedScopes":[{"contributions":{},"includedScopes":[]},{"contributions":{},"includedScopes":[]},{"contributions":{},"includedScopes":[]},{"contributions":{},"includedScopes":[]},{"contributions":{},"includedScopes":[]},{"contributions":{},"includedScopes":[]}]},"contributions":{},"includedScopes":[{"containerScope":{"containerScope":{"containerScope":{"contributions":{},"includedScopes":[]},"contributions":{},"includedScopes":[]},"contributions":{},"includedScopes":[]},"contributions":{},"includedScopes":[]}]},"contributions":{},"includedScopes":[]},"contributions":{},"includedScopes":[]},"sourceMap":{"end":{"column":47,"line":644,"offset":23438},"start":{"column":31,"line":644,"offset":23422}}}},{"body":{"id":"8980a38f-6191-45df-bc9f-2ee947c34cde","metadata":[],"problems":[],"scope":{"containerScope":{"containerScope":{"containerScope":{"containerScope":{"contributions":{},"includedScopes":[]},"contributions":{},"includedScopes":[{"contributions":{},"includedScopes":[]},{"contributions":{},"includedScopes":[]},{"contributions":{},"includedScopes":[]},{"contributions":{},"includedScopes":[]},{"contributions":{},"includedScopes":[]},{"contributions":{},"includedScopes":[]}]},"contributions":{},"includedScopes":[{"containerScope":{"containerScope":{"containerScope":{"contributions":{},"includedScopes":[]},"contributions":{},"includedScopes":[]},"contributions":{},"includedScopes":[]},"contributions":{},"includedScopes":[]}]},"contributions":{},"includedScopes":[]},"contributions":{},"includedScopes":[]},"sentences":[{"id":"c5016d76-959e-4e9d-86a4-4e6a95c5383f","metadata":[],"scope":{"containerScope":{"containerScope":{"containerScope":{"containerScope":{"containerScope":{"contributions":{},"includedScopes":[]},"contributions":{},"includedScopes":[{"contributions":{},"includedScopes":[]},{"contributions":{},"includedScopes":[]},{"contributions":{},"includedScopes":[]},{"contributions":{},"includedScopes":[]},{"contributions":{},"includedScopes":[]},{"contributions":{},"includedScopes":[]}]},"contributions":{},"includedScopes":[{"containerScope":{"containerScope":{"containerScope":{"contributions":{},"includedScopes":[]},"contributions":{},"includedScopes":[]},"contributions":{},"includedScopes":[]},"contributions":{},"includedScopes":[]}]},"contributions":{},"includedScopes":[]},"contributions":{},"includedScopes":[]},"contributions":{},"includedScopes":[]},"sourceMap":{"end":{"column":26,"line":647,"offset":23493},"start":{"column":9,"line":647,"offset":23476}},"value":{"id":"c5ae5e8f-0e19-43f0-99ee-21f7f2a28cfe","metadata":[],"name":"menu","scope":{"containerScope":{"containerScope":{"containerScope":{"containerScope":{"containerScope":{"containerScope":{"contributions":{},"includedScopes":[]},"contributions":{},"includedScopes":[{"contributions":{},"includedScopes":[]},{"contributions":{},"includedScopes":[]},{"contributions":{},"includedScopes":[]},{"contributions":{},"includedScopes":[]},{"contributions":{},"includedScopes":[]},{"contributions":{},"includedScopes":[]}]},"contributions":{},"includedScopes":[{"containerScope":{"containerScope":{"containerScope":{"contributions":{},"includedScopes":[]},"contributions":{},"includedScopes":[]},"contributions":{},"includedScopes":[]},"contributions":{},"includedScopes":[]}]},"contributions":{},"includedScopes":[]},"contributions":{},"includedScopes":[]},"contributions":{},"includedScopes":[]},"contributions":{},"includedScopes":[]},"sourceMap":{"end":{"column":26,"line":647,"offset":23493},"start":{"column":22,"line":647,"offset":23489}}},"variable":{"id":"96d7d7f4-82e3-4ebe-8732-a4734873eafc","metadata":[],"name":"menuActual","scope":{"containerScope":{"containerScope":{"containerScope":{"containerScope":{"containerScope":{"containerScope":{"contributions":{},"includedScopes":[]},"contributions":{},"includedScopes":[{"contributions":{},"includedScopes":[]},{"contributions":{},"includedScopes":[]},{"contributions":{},"includedScopes":[]},{"contributions":{},"includedScopes":[]},{"contributions":{},"includedScopes":[]},{"contributions":{},"includedScopes":[]}]},"contributions":{},"includedScopes":[{"containerScope":{"containerScope":{"containerScope":{"contributions":{},"includedScopes":[]},"contributions":{},"includedScopes":[]},"contributions":{},"includedScopes":[]},"contributions":{},"includedScopes":[]}]},"contributions":{},"includedScopes":[]},"contributions":{},"includedScopes":[]},"contributions":{},"includedScopes":[]},"contributions":{},"includedScopes":[]},"sourceMap":{"end":{"column":19,"line":647,"offset":23486},"start":{"column":9,"line":647,"offset":23476}}}},{"args":[],"id":"20e56d64-ae3a-4049-a00d-26df245f2a77","message":"entrar","metadata":[],"receiver":{"id":"23c6b9c7-495b-4e11-81dc-0099efa6edd3","metadata":[],"name":"menu","scope":{"containerScope":{"containerScope":{"containerScope":{"containerScope":{"containerScope":{"containerScope":{"contributions":{},"includedScopes":[]},"contributions":{},"includedScopes":[{"contributions":{},"includedScopes":[]},{"contributions":{},"includedScopes":[]},{"contributions":{},"includedScopes":[]},{"contributions":{},"includedScopes":[]},{"contributions":{},"includedScopes":[]},{"contributions":{},"includedScopes":[]}]},"contributions":{},"includedScopes":[{"containerScope":{"containerScope":{"containerScope":{"contributions":{},"includedScopes":[]},"contributions":{},"includedScopes":[]},"contributions":{},"includedScopes":[]},"contributions":{},"includedScopes":[]}]},"contributions":{},"includedScopes":[]},"contributions":{},"includedScopes":[]},"contributions":{},"includedScopes":[]},"contributions":{},"includedScopes":[]},"sourceMap":{"end":{"column":13,"line":648,"offset":23507},"start":{"column":9,"line":648,"offset":23503}}},"scope":{"containerScope":{"containerScope":{"containerScope":{"containerScope":{"containerScope":{"contributions":{},"includedScopes":[]},"contributions":{},"includedScopes":[{"contributions":{},"includedScopes":[]},{"contributions":{},"includedScopes":[]},{"contributions":{},"includedScopes":[]},{"contributions":{},"includedScopes":[]},{"contributions":{},"includedScopes":[]},{"contributions":{},"includedScopes":[]}]},"contributions":{},"includedScopes":[{"containerScope":{"containerScope":{"containerScope":{"contributions":{},"includedScopes":[]},"contributions":{},"includedScopes":[]},"contributions":{},"includedScopes":[]},"contributions":{},"includedScopes":[]}]},"contributions":{},"includedScopes":[]},"contributions":{},"includedScopes":[]},"contributions":{},"includedScopes":[]},"sourceMap":{"end":{"column":22,"line":648,"offset":23516},"start":{"column":8,"line":648,"offset":23503}}},{"args":[],"id":"84f2a50b-3887-4c07-8074-946806c72753","message":"play","metadata":[],"receiver":{"id":"02151228-c3b0-43fb-9bec-78c685d9470a","metadata":[],"name":"menu2","scope":{"containerScope":{"containerScope":{"containerScope":{"containerScope":{"containerScope":{"containerScope":{"contributions":{},"includedScopes":[]},"contributions":{},"includedScopes":[{"contributions":{},"includedScopes":[]},{"contributions":{},"includedScopes":[]},{"contributions":{},"includedScopes":[]},{"contributions":{},"includedScopes":[]},{"contributions":{},"includedScopes":[]},{"contributions":{},"includedScopes":[]}]},"contributions":{},"includedScopes":[{"containerScope":{"containerScope":{"containerScope":{"contributions":{},"includedScopes":[]},"contributions":{},"includedScopes":[]},"contributions":{},"includedScopes":[]},"contributions":{},"includedScopes":[]}]},"contributions":{},"includedScopes":[]},"contributions":{},"includedScopes":[]},"contributions":{},"includedScopes":[]},"contributions":{},"includedScopes":[]},"sourceMap":{"end":{"column":14,"line":649,"offset":23531},"start":{"column":9,"line":649,"offset":23526}}},"scope":{"containerScope":{"containerScope":{"containerScope":{"containerScope":{"containerScope":{"contributions":{},"includedScopes":[]},"contributions":{},"includedScopes":[{"contributions":{},"includedScopes":[]},{"contributions":{},"includedScopes":[]},{"contributions":{},"includedScopes":[]},{"contributions":{},"includedScopes":[]},{"contributions":{},"includedScopes":[]},{"contributions":{},"includedScopes":[]}]},"contributions":{},"includedScopes":[{"containerScope":{"containerScope":{"containerScope":{"contributions":{},"includedScopes":[]},"contributions":{},"includedScopes":[]},"contributions":{},"includedScopes":[]},"contributions":{},"includedScopes":[]}]},"contributions":{},"includedScopes":[]},"contributions":{},"includedScopes":[]},"contributions":{},"includedScopes":[]},"sourceMap":{"end":{"column":21,"line":649,"offset":23538},"start":{"column":8,"line":649,"offset":23526}}}],"sourceMap":{"end":{"column":6,"line":650,"offset":23545},"start":{"column":24,"line":646,"offset":23465}}},"compiled":false,"id":"21614a70-35a8-4594-80a4-c5eaa3ad7503","isOverride":false,"metadata":[],"name":"abrir","parameters":[{"id":"1bdb0609-8732-4a59-a0ad-41d780482ebb","isVarArg":false,"metadata":[],"name":"menu","scope":{"containerScope":{"containerScope":{"containerScope":{"containerScope":{"contributions":{},"includedScopes":[]},"contributions":{},"includedScopes":[{"contributions":{},"includedScopes":[]},{"contributions":{},"includedScopes":[]},{"contributions":{},"includedScopes":[]},{"contributions":{},"includedScopes":[]},{"contributions":{},"includedScopes":[]},{"contributions":{},"includedScopes":[]}]},"contributions":{},"includedScopes":[{"containerScope":{"containerScope":{"containerScope":{"contributions":{},"includedScopes":[]},"contributions":{},"includedScopes":[]},"contributions":{},"includedScopes":[]},"contributions":{},"includedScopes":[]}]},"contributions":{},"includedScopes":[]},"contributions":{},"includedScopes":[]},"sourceMap":{"end":{"column":22,"line":646,"offset":23463},"start":{"column":18,"line":646,"offset":23459}}}],"problems":[],"scope":{"containerScope":{"containerScope":{"containerScope":{"contributions":{},"includedScopes":[]},"contributions":{},"includedScopes":[{"contributions":{},"includedScopes":[]},{"contributions":{},"includedScopes":[]},{"contributions":{},"includedScopes":[]},{"contributions":{},"includedScopes":[]},{"contributions":{},"includedScopes":[]},{"contributions":{},"includedScopes":[]}]},"contributions":{},"includedScopes":[{"containerScope":{"containerScope":{"containerScope":{"contributions":{},"includedScopes":[]},"contributions":{},"includedScopes":[]},"contributions":{},"includedScopes":[]},"contributions":{},"includedScopes":[]}]},"contributions":{},"includedScopes":[]},"sourceMap":{"end":{"column":6,"line":650,"offset":23545},"start":{"column":5,"line":646,"offset":23446}}},{"body":{"id":"24c02302-76a4-4189-8c2f-ddeb232e6f32","metadata":[],"problems":[],"scope":{"containerScope":{"containerScope":{"containerScope":{"containerScope":{"contributions":{},"includedScopes":[]},"contributions":{},"includedScopes":[{"contributions":{},"includedScopes":[]},{"contributions":{},"includedScopes":[]},{"contributions":{},"includedScopes":[]},{"contributions":{},"includedScopes":[]},{"contributions":{},"includedScopes":[]},{"contributions":{},"includedScopes":[]}]},"contributions":{},"includedScopes":[{"containerScope":{"containerScope":{"containerScope":{"contributions":{},"includedScopes":[]},"contributions":{},"includedScopes":[]},"contributions":{},"includedScopes":[]},"contributions":{},"includedScopes":[]}]},"contributions":{},"includedScopes":[]},"contributions":{},"includedScopes":[]},"sentences":[{"args":[],"id":"d373b94d-fe8e-4c7b-aa4c-aec785a73625","message":"volver","metadata":[],"receiver":{"id":"2c24715a-3ff6-4374-bf38-6ba0b2e6ee65","metadata":[],"name":"menuActual","scope":{"containerScope":{"containerScope":{"containerScope":{"containerScope":{"containerScope":{"containerScope":{"contributions":{},"includedScopes":[]},"contributions":{},"includedScopes":[{"contributions":{},"includedScopes":[]},{"contributions":{},"includedScopes":[]},{"contributions":{},"includedScopes":[]},{"contributions":{},"includedScopes":[]},{"contributions":{},"includedScopes":[]},{"contributions":{},"includedScopes":[]}]},"contributions":{},"includedScopes":[{"containerScope":{"containerScope":{"containerScope":{"contributions":{},"includedScopes":[]},"contributions":{},"includedScopes":[]},"contributions":{},"includedScopes":[]},"contributions":{},"includedScopes":[]}]},"contributions":{},"includedScopes":[]},"contributions":{},"includedScopes":[]},"contributions":{},"includedScopes":[]},"contributions":{},"includedScopes":[]},"sourceMap":{"end":{"column":19,"line":653,"offset":23590},"start":{"column":9,"line":653,"offset":23580}}},"scope":{"containerScope":{"containerScope":{"containerScope":{"containerScope":{"containerScope":{"contributions":{},"includedScopes":[]},"contributions":{},"includedScopes":[{"contributions":{},"includedScopes":[]},{"contributions":{},"includedScopes":[]},{"contributions":{},"includedScopes":[]},{"contributions":{},"includedScopes":[]},{"contributions":{},"includedScopes":[]},{"contributions":{},"includedScopes":[]}]},"contributions":{},"includedScopes":[{"containerScope":{"containerScope":{"containerScope":{"contributions":{},"includedScopes":[]},"contributions":{},"includedScopes":[]},"contributions":{},"includedScopes":[]},"contributions":{},"includedScopes":[]}]},"contributions":{},"includedScopes":[]},"contributions":{},"includedScopes":[]},"contributions":{},"includedScopes":[]},"sourceMap":{"end":{"column":28,"line":653,"offset":23599},"start":{"column":9,"line":653,"offset":23580}}},{"id":"2127ae2a-fc9c-4863-87ac-974216143b8b","metadata":[],"scope":{"containerScope":{"containerScope":{"containerScope":{"containerScope":{"containerScope":{"contributions":{},"includedScopes":[]},"contributions":{},"includedScopes":[{"contributions":{},"includedScopes":[]},{"contributions":{},"includedScopes":[]},{"contributions":{},"includedScopes":[]},{"contributions":{},"includedScopes":[]},{"contributions":{},"includedScopes":[]},{"contributions":{},"includedScopes":[]}]},"contributions":{},"includedScopes":[{"containerScope":{"containerScope":{"containerScope":{"contributions":{},"includedScopes":[]},"contributions":{},"includedScopes":[]},"contributions":{},"includedScopes":[]},"contributions":{},"includedScopes":[]}]},"contributions":{},"includedScopes":[]},"contributions":{},"includedScopes":[]},"contributions":{},"includedScopes":[]},"sourceMap":{"end":{"column":38,"line":654,"offset":23638},"start":{"column":9,"line":654,"offset":23609}},"value":{"id":"11f7b634-5469-460c-9340-ada997dce99e","metadata":[],"name":"pantallaDeTitulo","scope":{"containerScope":{"containerScope":{"containerScope":{"containerScope":{"containerScope":{"containerScope":{"contributions":{},"includedScopes":[]},"contributions":{},"includedScopes":[{"contributions":{},"includedScopes":[]},{"contributions":{},"includedScopes":[]},{"contributions":{},"includedScopes":[]},{"contributions":{},"includedScopes":[]},{"contributions":{},"includedScopes":[]},{"contributions":{},"includedScopes":[]}]},"contributions":{},"includedScopes":[{"containerScope":{"containerScope":{"containerScope":{"contributions":{},"includedScopes":[]},"contributions":{},"includedScopes":[]},"contributions":{},"includedScopes":[]},"contributions":{},"includedScopes":[]}]},"contributions":{},"includedScopes":[]},"contributions":{},"includedScopes":[]},"contributions":{},"includedScopes":[]},"contributions":{},"includedScopes":[]},"sourceMap":{"end":{"column":38,"line":654,"offset":23638},"start":{"column":22,"line":654,"offset":23622}}},"variable":{"id":"3e9f5f53-ca35-47d2-9f76-7b081334dc22","metadata":[],"name":"menuActual","scope":{"containerScope":{"containerScope":{"containerScope":{"containerScope":{"containerScope":{"containerScope":{"contributions":{},"includedScopes":[]},"contributions":{},"includedScopes":[{"contributions":{},"includedScopes":[]},{"contributions":{},"includedScopes":[]},{"contributions":{},"includedScopes":[]},{"contributions":{},"includedScopes":[]},{"contributions":{},"includedScopes":[]},{"contributions":{},"includedScopes":[]}]},"contributions":{},"includedScopes":[{"containerScope":{"containerScope":{"containerScope":{"contributions":{},"includedScopes":[]},"contributions":{},"includedScopes":[]},"contributions":{},"includedScopes":[]},"contributions":{},"includedScopes":[]}]},"contributions":{},"includedScopes":[]},"contributions":{},"includedScopes":[]},"contributions":{},"includedScopes":[]},"contributions":{},"includedScopes":[]},"sourceMap":{"end":{"column":19,"line":654,"offset":23619},"start":{"column":9,"line":654,"offset":23609}}}},{"args":[],"id":"6569f33d-50c1-44b2-a317-ec416998a1eb","message":"entrar","metadata":[],"receiver":{"id":"7b20df83-9196-4a9d-807c-92e2e1e81b37","metadata":[],"name":"pantallaDeTitulo","scope":{"containerScope":{"containerScope":{"containerScope":{"containerScope":{"containerScope":{"containerScope":{"contributions":{},"includedScopes":[]},"contributions":{},"includedScopes":[{"contributions":{},"includedScopes":[]},{"contributions":{},"includedScopes":[]},{"contributions":{},"includedScopes":[]},{"contributions":{},"includedScopes":[]},{"contributions":{},"includedScopes":[]},{"contributions":{},"includedScopes":[]}]},"contributions":{},"includedScopes":[{"containerScope":{"containerScope":{"containerScope":{"contributions":{},"includedScopes":[]},"contributions":{},"includedScopes":[]},"contributions":{},"includedScopes":[]},"contributions":{},"includedScopes":[]}]},"contributions":{},"includedScopes":[]},"contributions":{},"includedScopes":[]},"contributions":{},"includedScopes":[]},"contributions":{},"includedScopes":[]},"sourceMap":{"end":{"column":25,"line":655,"offset":23664},"start":{"column":9,"line":655,"offset":23648}}},"scope":{"containerScope":{"containerScope":{"containerScope":{"containerScope":{"containerScope":{"contributions":{},"includedScopes":[]},"contributions":{},"includedScopes":[{"contributions":{},"includedScopes":[]},{"contributions":{},"includedScopes":[]},{"contributions":{},"includedScopes":[]},{"contributions":{},"includedScopes":[]},{"contributions":{},"includedScopes":[]},{"contributions":{},"includedScopes":[]}]},"contributions":{},"includedScopes":[{"containerScope":{"containerScope":{"containerScope":{"contributions":{},"includedScopes":[]},"contributions":{},"includedScopes":[]},"contributions":{},"includedScopes":[]},"contributions":{},"includedScopes":[]}]},"contributions":{},"includedScopes":[]},"contributions":{},"includedScopes":[]},"contributions":{},"includedScopes":[]},"sourceMap":{"end":{"column":34,"line":655,"offset":23673},"start":{"column":8,"line":655,"offset":23648}}}],"sourceMap":{"end":{"column":6,"line":656,"offset":23680},"start":{"column":21,"line":652,"offset":23569}}},"compiled":false,"id":"b8f05eb5-c2b6-4afa-9b00-5bf63c294f50","isOverride":false,"metadata":[],"name":"volver","parameters":[],"problems":[],"scope":{"containerScope":{"containerScope":{"containerScope":{"contributions":{},"includedScopes":[]},"contributions":{},"includedScopes":[{"contributions":{},"includedScopes":[]},{"contributions":{},"includedScopes":[]},{"contributions":{},"includedScopes":[]},{"contributions":{},"includedScopes":[]},{"contributions":{},"includedScopes":[]},{"contributions":{},"includedScopes":[]}]},"contributions":{},"includedScopes":[{"containerScope":{"containerScope":{"containerScope":{"contributions":{},"includedScopes":[]},"contributions":{},"includedScopes":[]},"contributions":{},"includedScopes":[]},"contributions":{},"includedScopes":[]}]},"contributions":{},"includedScopes":[]},"sourceMap":{"end":{"column":6,"line":656,"offset":23680},"start":{"column":5,"line":652,"offset":23553}}},{"body":{"id":"16bed373-6a53-4a95-9724-bf47b4862146","metadata":[],"scope":{"containerScope":{"containerScope":{"containerScope":{"containerScope":{"contributions":{},"includedScopes":[]},"contributions":{},"includedScopes":[{"contributions":{},"includedScopes":[]},{"contributions":{},"includedScopes":[]},{"contributions":{},"includedScopes":[]},{"contributions":{},"includedScopes":[]},{"contributions":{},"includedScopes":[]},{"contributions":{},"includedScopes":[]}]},"contributions":{},"includedScopes":[{"containerScope":{"containerScope":{"containerScope":{"contributions":{},"includedScopes":[]},"contributions":{},"includedScopes":[]},"contributions":{},"includedScopes":[]},"contributions":{},"includedScopes":[]}]},"contributions":{},"includedScopes":[]},"contributions":{},"includedScopes":[]},"sentences":[{"id":"f47381dd-16f4-4a2c-9d86-8fcda9a7a7c7","metadata":[],"scope":{"containerScope":{"containerScope":{"containerScope":{"containerScope":{"containerScope":{"contributions":{},"includedScopes":[]},"contributions":{},"includedScopes":[{"contributions":{},"includedScopes":[]},{"contributions":{},"includedScopes":[]},{"contributions":{},"includedScopes":[]},{"contributions":{},"includedScopes":[]},{"contributions":{},"includedScopes":[]},{"contributions":{},"includedScopes":[]}]},"contributions":{},"includedScopes":[{"containerScope":{"containerScope":{"containerScope":{"contributions":{},"includedScopes":[]},"contributions":{},"includedScopes":[]},"contributions":{},"includedScopes":[]},"contributions":{},"includedScopes":[]}]},"contributions":{},"includedScopes":[]},"contributions":{},"includedScopes":[]},"contributions":{},"includedScopes":[]},"value":{"id":"936871fd-51b8-4fa4-a21a-9969c2c9d998","metadata":[],"name":"menuActual","scope":{"containerScope":{"containerScope":{"containerScope":{"containerScope":{"containerScope":{"containerScope":{"contributions":{},"includedScopes":[]},"contributions":{},"includedScopes":[{"contributions":{},"includedScopes":[]},{"contributions":{},"includedScopes":[]},{"contributions":{},"includedScopes":[]},{"contributions":{},"includedScopes":[]},{"contributions":{},"includedScopes":[]},{"contributions":{},"includedScopes":[]}]},"contributions":{},"includedScopes":[{"containerScope":{"containerScope":{"containerScope":{"contributions":{},"includedScopes":[]},"contributions":{},"includedScopes":[]},"contributions":{},"includedScopes":[]},"contributions":{},"includedScopes":[]}]},"contributions":{},"includedScopes":[]},"contributions":{},"includedScopes":[]},"contributions":{},"includedScopes":[]},"contributions":{},"includedScopes":[]}}}]},"compiled":false,"id":"e036d887-0ba8-464d-aba1-b1307942465b","isOverride":false,"metadata":[],"name":"menuActual","parameters":[],"scope":{"containerScope":{"containerScope":{"containerScope":{"contributions":{},"includedScopes":[]},"contributions":{},"includedScopes":[{"contributions":{},"includedScopes":[]},{"contributions":{},"includedScopes":[]},{"contributions":{},"includedScopes":[]},{"contributions":{},"includedScopes":[]},{"contributions":{},"includedScopes":[]},{"contributions":{},"includedScopes":[]}]},"contributions":{},"includedScopes":[{"containerScope":{"containerScope":{"containerScope":{"contributions":{},"includedScopes":[]},"contributions":{},"includedScopes":[]},"contributions":{},"includedScopes":[]},"contributions":{},"includedScopes":[]}]},"contributions":{},"includedScopes":[]}},{"body":{"id":"cb91cdc7-1026-4a50-a6f7-88ece03a10c0","metadata":[],"scope":{"containerScope":{"containerScope":{"containerScope":{"containerScope":{"contributions":{},"includedScopes":[]},"contributions":{},"includedScopes":[{"contributions":{},"includedScopes":[]},{"contributions":{},"includedScopes":[]},{"contributions":{},"includedScopes":[]},{"contributions":{},"includedScopes":[]},{"contributions":{},"includedScopes":[]},{"contributions":{},"includedScopes":[]}]},"contributions":{},"includedScopes":[{"containerScope":{"containerScope":{"containerScope":{"contributions":{},"includedScopes":[]},"contributions":{},"includedScopes":[]},"contributions":{},"includedScopes":[]},"contributions":{},"includedScopes":[]}]},"contributions":{},"includedScopes":[]},"contributions":{},"includedScopes":[]},"sentences":[{"id":"12567858-0660-4237-866d-537e128e3e19","metadata":[],"scope":{"containerScope":{"containerScope":{"containerScope":{"containerScope":{"containerScope":{"contributions":{},"includedScopes":[]},"contributions":{},"includedScopes":[{"contributions":{},"includedScopes":[]},{"contributions":{},"includedScopes":[]},{"contributions":{},"includedScopes":[]},{"contributions":{},"includedScopes":[]},{"contributions":{},"includedScopes":[]},{"contributions":{},"includedScopes":[]}]},"contributions":{},"includedScopes":[{"containerScope":{"containerScope":{"containerScope":{"contributions":{},"includedScopes":[]},"contributions":{},"includedScopes":[]},"contributions":{},"includedScopes":[]},"contributions":{},"includedScopes":[]}]},"contributions":{},"includedScopes":[]},"contributions":{},"includedScopes":[]},"contributions":{},"includedScopes":[]},"value":{"id":"6e7fc76e-2440-443e-b81d-0ff66c417c0e","metadata":[],"name":"<value>","scope":{"containerScope":{"containerScope":{"containerScope":{"containerScope":{"containerScope":{"containerScope":{"contributions":{},"includedScopes":[]},"contributions":{},"includedScopes":[{"contributions":{},"includedScopes":[]},{"contributions":{},"includedScopes":[]},{"contributions":{},"includedScopes":[]},{"contributions":{},"includedScopes":[]},{"contributions":{},"includedScopes":[]},{"contributions":{},"includedScopes":[]}]},"contributions":{},"includedScopes":[{"containerScope":{"containerScope":{"containerScope":{"contributions":{},"includedScopes":[]},"contributions":{},"includedScopes":[]},"contributions":{},"includedScopes":[]},"contributions":{},"includedScopes":[]}]},"contributions":{},"includedScopes":[]},"contributions":{},"includedScopes":[]},"contributions":{},"includedScopes":[]},"contributions":{},"includedScopes":[]}},"variable":{"id":"b66db6a7-8de8-4926-9b85-a2df42cc68f0","metadata":[],"name":"menuActual","scope":{"containerScope":{"containerScope":{"containerScope":{"containerScope":{"containerScope":{"containerScope":{"contributions":{},"includedScopes":[]},"contributions":{},"includedScopes":[{"contributions":{},"includedScopes":[]},{"contributions":{},"includedScopes":[]},{"contributions":{},"includedScopes":[]},{"contributions":{},"includedScopes":[]},{"contributions":{},"includedScopes":[]},{"contributions":{},"includedScopes":[]}]},"contributions":{},"includedScopes":[{"containerScope":{"containerScope":{"containerScope":{"contributions":{},"includedScopes":[]},"contributions":{},"includedScopes":[]},"contributions":{},"includedScopes":[]},"contributions":{},"includedScopes":[]}]},"contributions":{},"includedScopes":[]},"contributions":{},"includedScopes":[]},"contributions":{},"includedScopes":[]},"contributions":{},"includedScopes":[]}}}]},"compiled":false,"id":"410ef4b2-ba4f-4583-809c-5cce2e41613b","isOverride":false,"metadata":[],"name":"menuActual","parameters":[{"id":"911722bb-9625-42bb-9dfe-1a5b14a7bfdc","isVarArg":false,"metadata":[],"name":"<value>","scope":{"containerScope":{"containerScope":{"containerScope":{"containerScope":{"contributions":{},"includedScopes":[]},"contributions":{},"includedScopes":[{"contributions":{},"includedScopes":[]},{"contributions":{},"includedScopes":[]},{"contributions":{},"includedScopes":[]},{"contributions":{},"includedScopes":[]},{"contributions":{},"includedScopes":[]},{"contributions":{},"includedScopes":[]}]},"contributions":{},"includedScopes":[{"containerScope":{"containerScope":{"containerScope":{"contributions":{},"includedScopes":[]},"contributions":{},"includedScopes":[]},"contributions":{},"includedScopes":[]},"contributions":{},"includedScopes":[]}]},"contributions":{},"includedScopes":[]},"contributions":{},"includedScopes":[]}}],"scope":{"containerScope":{"containerScope":{"containerScope":{"contributions":{},"includedScopes":[]},"contributions":{},"includedScopes":[{"contributions":{},"includedScopes":[]},{"contributions":{},"includedScopes":[]},{"contributions":{},"includedScopes":[]},{"contributions":{},"includedScopes":[]},{"contributions":{},"includedScopes":[]},{"contributions":{},"includedScopes":[]}]},"contributions":{},"includedScopes":[{"containerScope":{"containerScope":{"containerScope":{"contributions":{},"includedScopes":[]},"contributions":{},"includedScopes":[]},"contributions":{},"includedScopes":[]},"contributions":{},"includedScopes":[]}]},"contributions":{},"includedScopes":[]}}],"metadata":[],"name":"gestorMenu","problems":[{"code":"malformedMember","sourceMap":{"end":{"column":20,"line":643,"offset":23390},"start":{"column":5,"line":643,"offset":23375}}}],"scope":{"containerScope":{"containerScope":{"contributions":{},"includedScopes":[]},"contributions":{},"includedScopes":[{"contributions":{},"includedScopes":[]},{"contributions":{},"includedScopes":[]},{"contributions":{},"includedScopes":[]},{"contributions":{},"includedScopes":[]},{"contributions":{},"includedScopes":[]},{"contributions":{},"includedScopes":[]}]},"contributions":{},"includedScopes":[{"containerScope":{"containerScope":{"containerScope":{"contributions":{},"includedScopes":[]},"contributions":{},"includedScopes":[]},"contributions":{},"includedScopes":[]},"contributions":{},"includedScopes":[]}]},"sourceMap":{"end":{"column":2,"line":657,"offset":23683},"start":{"column":1,"line":640,"offset":23254}},"supertypes":[]},"stack":"Error: Failed to print, found malformed node\n    at c:\\Users\\zagum\\.vscode\\extensions\\uqbar.wollok-lsp-ide-0.5.4\\out\\server\\src\\server.js:68:3585\n    at Kbn (c:\\Users\\zagum\\.vscode\\extensions\\uqbar.wollok-lsp-ide-0.5.4\\out\\server\\src\\server.js:68:3396)\n    at c:\\Users\\zagum\\.vscode\\extensions\\uqbar.wollok-lsp-ide-0.5.4\\out\\server\\src\\server.js:2398:847\n    at c:\\Users\\zagum\\.vscode\\extensions\\uqbar.wollok-lsp-ide-0.5.4\\out\\server\\src\\server.js:2398:8440\n    at c:\\Users\\zagum\\.vscode\\extensions\\uqbar.wollok-lsp-ide-0.5.4\\out\\server\\src\\server.js:37:74770\n    at Ke (c:\\Users\\zagum\\.vscode\\extensions\\uqbar.wollok-lsp-ide-0.5.4\\out\\server\\src\\server.js:7:8527)\n    at Lt (c:\\Users\\zagum\\.vscode\\extensions\\uqbar.wollok-lsp-ide-0.5.4\\out\\server\\src\\server.js:7:6189)\n    at ct (c:\\Users\\zagum\\.vscode\\extensions\\uqbar.wollok-lsp-ide-0.5.4\\out\\server\\src\\server.js:7:6378)\n    at Immediate._onImmediate (c:\\Users\\zagum\\.vscode\\extensions\\uqbar.wollok-lsp-ide-0.5.4\\out\\server\\src\\server.js:7:6142)\n    at process.processImmediate (node:internal/timers:504:21)","timestamp":"2026-07-05T16:01:54.000Z"}
{"level":"info","message":"⌛ Building environment","timeElapsed":284,"timestamp":"2026-07-05T16:01:54.491Z"}
{"level":"info","message":"⌛ Building environment","timeElapsed":267,"timestamp":"2026-07-05T16:01:54.762Z"}
{"level":"info","message":"⌛ Building environment","timeElapsed":261,"timestamp":"2026-07-05T16:01:55.126Z"}
{"level":"info","message":"⌛ Validating niveles.wlk","timeElapsed":103,"timestamp":"2026-07-05T16:01:55.229Z"}
{"level":"info","message":"⌛ Building environment","timeElapsed":350,"timestamp":"2026-07-05T16:02:31.651Z"}
{"level":"info","message":"⌛ Building environment","timeElapsed":285,"timestamp":"2026-07-05T16:02:31.994Z"}
{"level":"info","message":"⌛ Validating niveles.wlk","timeElapsed":112,"timestamp":"2026-07-05T16:02:32.143Z"}
{"level":"info","message":"⌛ Building environment","timeElapsed":321,"timestamp":"2026-07-05T16:02:32.465Z"}
{"level":"info","message":"⌛ Building environment","timeElapsed":284,"timestamp":"2026-07-05T16:02:32.750Z"}
{"level":"info","message":"⌛ Building environment","timeElapsed":278,"timestamp":"2026-07-05T16:02:33.035Z"}
{"level":"info","message":"⌛ Validating niveles.wlk","timeElapsed":131,"timestamp":"2026-07-05T16:02:33.167Z"}
{"level":"info","message":"⌛ Building environment","timeElapsed":283,"timestamp":"2026-07-05T16:02:33.492Z"}
{"level":"info","message":"⌛ Validating niveles.wlk","timeElapsed":110,"timestamp":"2026-07-05T16:02:33.633Z"}
{"level":"info","message":"⌛ Building environment","timeElapsed":262,"timestamp":"2026-07-05T16:02:33.896Z"}
{"level":"info","message":"⌛ Validating niveles.wlk","timeElapsed":109,"timestamp":"2026-07-05T16:02:34.039Z"}
{"level":"info","message":"⌛ Building environment","timeElapsed":261,"timestamp":"2026-07-05T16:02:34.322Z"}
{"level":"info","message":"⌛ Building environment","timeElapsed":279,"timestamp":"2026-07-05T16:02:34.608Z"}
{"level":"info","message":"⌛ Building environment","timeElapsed":348,"timestamp":"2026-07-05T16:02:35.055Z"}
{"level":"info","message":"⌛ Building environment","timeElapsed":262,"timestamp":"2026-07-05T16:02:35.322Z"}
{"level":"info","message":"⌛ Validating niveles.wlk","timeElapsed":120,"timestamp":"2026-07-05T16:02:35.443Z"}
{"level":"info","message":"⌛ Building environment","timeElapsed":247,"timestamp":"2026-07-05T16:02:35.719Z"}
{"level":"info","message":"⌛ Building environment","timeElapsed":286,"timestamp":"2026-07-05T16:02:36.101Z"}
{"level":"info","message":"⌛ Validating niveles.wlk","timeElapsed":101,"timestamp":"2026-07-05T16:02:36.320Z"}
{"level":"info","message":"⌛ Building environment","timeElapsed":269,"timestamp":"2026-07-05T16:02:36.590Z"}
{"level":"info","message":"⌛ Validating niveles.wlk","timeElapsed":105,"timestamp":"2026-07-05T16:02:36.960Z"}
{"level":"info","message":"⌛ Validating niveles.wlk","timeElapsed":104,"timestamp":"2026-07-05T16:02:37.083Z"}
{"level":"info","message":"⌛ Building environment","timeElapsed":264,"timestamp":"2026-07-05T16:02:37.348Z"}
{"level":"error","message":"✘ Completions for node Send ([648:8, 648:24] - niveles.wlk) failed: Error: [Send]{3869ee} at niveles.wlk:648 exhausted all cases without a match [Send]{3869ee} at niveles.wlk:648 exhausted all cases without a match","stack":"Error: [Send]{3869ee} at niveles.wlk:648 exhausted all cases without a match\n    at c:\\Users\\zagum\\.vscode\\extensions\\uqbar.wollok-lsp-ide-0.5.4\\out\\server\\src\\server.js:38:6142\n    at L2 (c:\\Users\\zagum\\.vscode\\extensions\\uqbar.wollok-lsp-ide-0.5.4\\out\\server\\src\\server.js:2389:42)\n    at Jh (c:\\Users\\zagum\\.vscode\\extensions\\uqbar.wollok-lsp-ide-0.5.4\\out\\server\\src\\server.js:2389:1092)\n    at M5n (c:\\Users\\zagum\\.vscode\\extensions\\uqbar.wollok-lsp-ide-0.5.4\\out\\server\\src\\server.js:2389:1248)\n    at c:\\Users\\zagum\\.vscode\\extensions\\uqbar.wollok-lsp-ide-0.5.4\\out\\server\\src\\server.js:38:6131\n    at L2 (c:\\Users\\zagum\\.vscode\\extensions\\uqbar.wollok-lsp-ide-0.5.4\\out\\server\\src\\server.js:2389:42)\n    at c:\\Users\\zagum\\.vscode\\extensions\\uqbar.wollok-lsp-ide-0.5.4\\out\\server\\src\\server.js:2389:2988\n    at c:\\Users\\zagum\\.vscode\\extensions\\uqbar.wollok-lsp-ide-0.5.4\\out\\server\\src\\server.js:2398:8440\n    at c:\\Users\\zagum\\.vscode\\extensions\\uqbar.wollok-lsp-ide-0.5.4\\out\\server\\src\\server.js:37:74872\n    at Ke (c:\\Users\\zagum\\.vscode\\extensions\\uqbar.wollok-lsp-ide-0.5.4\\out\\server\\src\\server.js:7:8527)","timestamp":"2026-07-05T16:02:37.378Z"}
{"level":"info","message":"⌛ Building environment","timeElapsed":263,"timestamp":"2026-07-05T16:02:37.644Z"}
{"level":"info","message":"⌛ Building environment","timeElapsed":258,"timestamp":"2026-07-05T16:02:37.927Z"}
{"level":"info","message":"⌛ Building environment","timeElapsed":271,"timestamp":"2026-07-05T16:02:38.300Z"}
{"level":"info","message":"⌛ Building environment","timeElapsed":304,"timestamp":"2026-07-05T16:02:38.603Z"}
{"level":"info","message":"⌛ Building environment","timeElapsed":300,"timestamp":"2026-07-05T16:02:38.908Z"}
{"level":"info","message":"⌛ Building environment","timeElapsed":266,"timestamp":"2026-07-05T16:02:39.282Z"}
{"level":"info","message":"⌛ Building environment","timeElapsed":270,"timestamp":"2026-07-05T16:02:39.552Z"}
{"level":"info","message":"⌛ Building environment","timeElapsed":260,"timestamp":"2026-07-05T16:02:39.937Z"}
{"level":"info","message":"⌛ Building environment","timeElapsed":254,"timestamp":"2026-07-05T16:02:40.298Z"}
{"level":"info","message":"⌛ Building environment","timeElapsed":249,"timestamp":"2026-07-05T16:02:40.680Z"}
{"level":"info","message":"⌛ Building environment","timeElapsed":251,"timestamp":"2026-07-05T16:02:41.030Z"}
{"level":"info","message":"⌛ Building environment","timeElapsed":250,"timestamp":"2026-07-05T16:02:41.281Z"}
{"level":"info","message":"⌛ Building environment","timeElapsed":251,"timestamp":"2026-07-05T16:02:41.533Z"}
{"level":"info","message":"⌛ Building environment","timeElapsed":355,"timestamp":"2026-07-05T16:02:41.992Z"}
{"level":"info","message":"⌛ Building environment","timeElapsed":281,"timestamp":"2026-07-05T16:02:42.274Z"}
{"level":"info","message":"⌛ Validating niveles.wlk","timeElapsed":114,"timestamp":"2026-07-05T16:02:42.422Z"}
{"level":"info","message":"⌛ Validating niveles.wlk","timeElapsed":107,"timestamp":"2026-07-05T16:02:42.668Z"}
{"level":"info","message":"⌛ Validating niveles.wlk","timeElapsed":101,"timestamp":"2026-07-05T16:02:42.887Z"}
{"level":"info","message":"⌛ Building environment","timeElapsed":257,"timestamp":"2026-07-05T16:02:43.578Z"}
{"level":"info","message":"⌛ Building environment","timeElapsed":263,"timestamp":"2026-07-05T16:02:43.847Z"}
{"level":"info","message":"⌛ Building environment","timeElapsed":251,"timestamp":"2026-07-05T16:02:44.192Z"}
{"level":"info","message":"⌛ Building environment","timeElapsed":245,"timestamp":"2026-07-05T16:02:44.438Z"}
{"level":"info","message":"⌛ Building environment","timeElapsed":265,"timestamp":"2026-07-05T16:02:44.708Z"}
{"level":"info","message":"⌛ Validating niveles.wlk","timeElapsed":106,"timestamp":"2026-07-05T16:02:44.814Z"}
{"level":"info","message":"⌛ Validating niveles.wlk","timeElapsed":108,"timestamp":"2026-07-05T16:02:44.949Z"}
{"level":"info","message":"⌛ Validating niveles.wlk","timeElapsed":102,"timestamp":"2026-07-05T16:02:45.052Z"}
{"level":"info","message":"⌛ Building environment","timeElapsed":337,"timestamp":"2026-07-05T16:03:18.709Z"}
{"level":"info","message":"⌛ Building environment","timeElapsed":308,"timestamp":"2026-07-05T16:03:19.019Z"}
{"level":"info","message":"⌛ Validating niveles.wlk","timeElapsed":134,"timestamp":"2026-07-05T16:03:19.154Z"}
{"level":"info","message":"⌛ Validating niveles.wlk","timeElapsed":102,"timestamp":"2026-07-05T16:03:19.283Z"}
{"level":"info","message":"⌛ Building environment","timeElapsed":276,"timestamp":"2026-07-05T16:03:22.497Z"}
{"level":"info","message":"⌛ Validating niveles.wlk","timeElapsed":103,"timestamp":"2026-07-05T16:03:22.604Z"}
{"level":"info","message":"⌛ Building environment","timeElapsed":261,"timestamp":"2026-07-05T16:03:22.866Z"}
{"level":"info","message":"⌛ Validating niveles.wlk","timeElapsed":107,"timestamp":"2026-07-05T16:03:23.005Z"}
{"level":"info","message":"⌛ Building environment","timeElapsed":278,"timestamp":"2026-07-05T16:03:32.177Z"}
{"level":"info","message":"⌛ Building environment","timeElapsed":262,"timestamp":"2026-07-05T16:03:32.493Z"}
{"level":"info","message":"⌛ Building environment","timeElapsed":273,"timestamp":"2026-07-05T16:03:32.766Z"}
{"level":"info","message":"⌛ Validating niveles.wlk","timeElapsed":102,"timestamp":"2026-07-05T16:03:32.868Z"}
{"level":"info","message":"⌛ Building environment","timeElapsed":268,"timestamp":"2026-07-05T16:03:33.136Z"}
{"level":"info","message":"⌛ Building environment","timeElapsed":269,"timestamp":"2026-07-05T16:03:33.409Z"}
{"level":"info","message":"⌛ Building environment","timeElapsed":263,"timestamp":"2026-07-05T16:03:33.673Z"}
{"level":"info","message":"⌛ Building environment","timeElapsed":285,"timestamp":"2026-07-05T16:03:34.084Z"}
{"level":"info","message":"⌛ Building environment","timeElapsed":259,"timestamp":"2026-07-05T16:03:34.349Z"}
{"level":"info","message":"⌛ Building environment","timeElapsed":246,"timestamp":"2026-07-05T16:03:34.814Z"}
{"level":"info","message":"⌛ Validating niveles.wlk","timeElapsed":101,"timestamp":"2026-07-05T16:03:35.305Z"}
{"level":"info","message":"⌛ Building environment","timeElapsed":258,"timestamp":"2026-07-05T16:03:35.733Z"}
{"level":"info","message":"⌛ Building environment","timeElapsed":268,"timestamp":"2026-07-05T16:03:36.030Z"}
{"level":"info","message":"⌛ Building environment","timeElapsed":261,"timestamp":"2026-07-05T16:03:36.291Z"}
{"level":"info","message":"⌛ Building environment","timeElapsed":257,"timestamp":"2026-07-05T16:03:36.654Z"}
{"level":"info","message":"⌛ Building environment","timeElapsed":251,"timestamp":"2026-07-05T16:03:36.911Z"}
{"level":"info","message":"⌛ Building environment","timeElapsed":268,"timestamp":"2026-07-05T16:03:37.179Z"}
{"level":"info","message":"⌛ Validating niveles.wlk","timeElapsed":102,"timestamp":"2026-07-05T16:03:37.281Z"}
{"level":"info","message":"⌛ Building environment","timeElapsed":315,"timestamp":"2026-07-05T16:03:37.597Z"}
{"level":"info","message":"⌛ Building environment","timeElapsed":247,"timestamp":"2026-07-05T16:03:37.849Z"}
{"level":"info","message":"⌛ Building environment","timeElapsed":327,"timestamp":"2026-07-05T16:03:38.176Z"}
{"level":"info","message":"⌛ Validating niveles.wlk","timeElapsed":102,"timestamp":"2026-07-05T16:03:38.384Z"}
{"level":"info","message":"⌛ Validating niveles.wlk","timeElapsed":105,"timestamp":"2026-07-05T16:03:38.609Z"}
{"level":"info","message":"⌛ Validating niveles.wlk","timeElapsed":103,"timestamp":"2026-07-05T16:03:38.971Z"}
{"level":"info","message":"⌛ Building environment","timeElapsed":292,"timestamp":"2026-07-05T16:03:41.507Z"}
{"level":"error","message":"✘ Completions for node Send ([609:8, 609:54] - niveles.wlk) failed: Error: [Send]{362c96} at niveles.wlk:609 exhausted all cases without a match [Send]{362c96} at niveles.wlk:609 exhausted all cases without a match","stack":"Error: [Send]{362c96} at niveles.wlk:609 exhausted all cases without a match\n    at c:\\Users\\zagum\\.vscode\\extensions\\uqbar.wollok-lsp-ide-0.5.4\\out\\server\\src\\server.js:38:6142\n    at L2 (c:\\Users\\zagum\\.vscode\\extensions\\uqbar.wollok-lsp-ide-0.5.4\\out\\server\\src\\server.js:2389:42)\n    at Jh (c:\\Users\\zagum\\.vscode\\extensions\\uqbar.wollok-lsp-ide-0.5.4\\out\\server\\src\\server.js:2389:1092)\n    at M5n (c:\\Users\\zagum\\.vscode\\extensions\\uqbar.wollok-lsp-ide-0.5.4\\out\\server\\src\\server.js:2389:1248)\n    at c:\\Users\\zagum\\.vscode\\extensions\\uqbar.wollok-lsp-ide-0.5.4\\out\\server\\src\\server.js:38:6131\n    at L2 (c:\\Users\\zagum\\.vscode\\extensions\\uqbar.wollok-lsp-ide-0.5.4\\out\\server\\src\\server.js:2389:42)\n    at c:\\Users\\zagum\\.vscode\\extensions\\uqbar.wollok-lsp-ide-0.5.4\\out\\server\\src\\server.js:2389:2988\n    at c:\\Users\\zagum\\.vscode\\extensions\\uqbar.wollok-lsp-ide-0.5.4\\out\\server\\src\\server.js:2398:8440\n    at c:\\Users\\zagum\\.vscode\\extensions\\uqbar.wollok-lsp-ide-0.5.4\\out\\server\\src\\server.js:37:74872\n    at Ke (c:\\Users\\zagum\\.vscode\\extensions\\uqbar.wollok-lsp-ide-0.5.4\\out\\server\\src\\server.js:7:8527)","timestamp":"2026-07-05T16:03:41.539Z"}
{"level":"info","message":"⌛ Building environment","timeElapsed":271,"timestamp":"2026-07-05T16:03:41.813Z"}
{"level":"info","message":"⌛ Building environment","timeElapsed":262,"timestamp":"2026-07-05T16:03:42.324Z"}
{"level":"info","message":"⌛ Building environment","timeElapsed":262,"timestamp":"2026-07-05T16:03:42.586Z"}
{"level":"info","message":"⌛ Building environment","timeElapsed":262,"timestamp":"2026-07-05T16:03:42.945Z"}
{"level":"info","message":"⌛ Building environment","timeElapsed":286,"timestamp":"2026-07-05T16:03:43.231Z"}
{"level":"info","message":"⌛ Validating niveles.wlk","timeElapsed":102,"timestamp":"2026-07-05T16:03:43.333Z"}
{"level":"info","message":"⌛ Validating niveles.wlk","timeElapsed":106,"timestamp":"2026-07-05T16:03:43.443Z"}
{"level":"info","message":"⌛ Building environment","timeElapsed":262,"timestamp":"2026-07-05T16:03:43.727Z"}
{"level":"info","message":"⌛ Building environment","timeElapsed":249,"timestamp":"2026-07-05T16:03:43.976Z"}
{"level":"info","message":"⌛ Building environment","timeElapsed":256,"timestamp":"2026-07-05T16:03:44.355Z"}
{"level":"info","message":"⌛ Building environment","timeElapsed":276,"timestamp":"2026-07-05T16:03:44.632Z"}
{"level":"info","message":"⌛ Building environment","timeElapsed":258,"timestamp":"2026-07-05T16:03:45.108Z"}
{"level":"info","message":"⌛ Building environment","timeElapsed":259,"timestamp":"2026-07-05T16:03:46.033Z"}
{"level":"info","message":"⌛ Building environment","timeElapsed":266,"timestamp":"2026-07-05T16:03:46.299Z"}
{"level":"info","message":"⌛ Validating niveles.wlk","timeElapsed":113,"timestamp":"2026-07-05T16:03:46.412Z"}
{"level":"info","message":"⌛ Building environment","timeElapsed":322,"timestamp":"2026-07-05T16:03:50.829Z"}
{"level":"info","message":"⌛ Building environment","timeElapsed":271,"timestamp":"2026-07-05T16:03:52.762Z"}
{"level":"info","message":"⌛ Building environment","timeElapsed":295,"timestamp":"2026-07-05T16:03:55.236Z"}
{"level":"error","message":"✘ Completions for node Send ([616:8, 616:17] - niveles.wlk) failed: Error: [Send]{417743} at niveles.wlk:616 exhausted all cases without a match [Send]{417743} at niveles.wlk:616 exhausted all cases without a match","stack":"Error: [Send]{417743} at niveles.wlk:616 exhausted all cases without a match\n    at c:\\Users\\zagum\\.vscode\\extensions\\uqbar.wollok-lsp-ide-0.5.4\\out\\server\\src\\server.js:38:6142\n    at L2 (c:\\Users\\zagum\\.vscode\\extensions\\uqbar.wollok-lsp-ide-0.5.4\\out\\server\\src\\server.js:2389:42)\n    at Jh (c:\\Users\\zagum\\.vscode\\extensions\\uqbar.wollok-lsp-ide-0.5.4\\out\\server\\src\\server.js:2389:1092)\n    at M5n (c:\\Users\\zagum\\.vscode\\extensions\\uqbar.wollok-lsp-ide-0.5.4\\out\\server\\src\\server.js:2389:1248)\n    at c:\\Users\\zagum\\.vscode\\extensions\\uqbar.wollok-lsp-ide-0.5.4\\out\\server\\src\\server.js:38:6131\n    at L2 (c:\\Users\\zagum\\.vscode\\extensions\\uqbar.wollok-lsp-ide-0.5.4\\out\\server\\src\\server.js:2389:42)\n    at c:\\Users\\zagum\\.vscode\\extensions\\uqbar.wollok-lsp-ide-0.5.4\\out\\server\\src\\server.js:2389:2988\n    at c:\\Users\\zagum\\.vscode\\extensions\\uqbar.wollok-lsp-ide-0.5.4\\out\\server\\src\\server.js:2398:8440\n    at c:\\Users\\zagum\\.vscode\\extensions\\uqbar.wollok-lsp-ide-0.5.4\\out\\server\\src\\server.js:37:74872\n    at Ke (c:\\Users\\zagum\\.vscode\\extensions\\uqbar.wollok-lsp-ide-0.5.4\\out\\server\\src\\server.js:7:8527)","timestamp":"2026-07-05T16:03:55.272Z"}
{"level":"info","message":"⌛ Building environment","timeElapsed":257,"timestamp":"2026-07-05T16:03:55.556Z"}
{"level":"info","message":"⌛ Building environment","timeElapsed":319,"timestamp":"2026-07-05T16:03:55.998Z"}
{"level":"info","message":"⌛ Validating niveles.wlk","timeElapsed":101,"timestamp":"2026-07-05T16:03:56.287Z"}
{"level":"info","message":"⌛ Building environment","timeElapsed":296,"timestamp":"2026-07-05T16:04:01.704Z"}
{"level":"info","message":"⌛ Building environment","timeElapsed":262,"timestamp":"2026-07-05T16:04:01.971Z"}
{"level":"info","message":"⌛ Validating niveles.wlk","timeElapsed":108,"timestamp":"2026-07-05T16:04:02.080Z"}
{"level":"info","message":"⌛ Building environment","timeElapsed":303,"timestamp":"2026-07-05T16:04:03.971Z"}
{"level":"info","message":"⌛ Building environment","timeElapsed":267,"timestamp":"2026-07-05T16:04:04.248Z"}
{"level":"info","message":"⌛ Validating niveles.wlk","timeElapsed":104,"timestamp":"2026-07-05T16:04:04.353Z"}
{"level":"info","message":"⌛ Validating niveles.wlk","timeElapsed":101,"timestamp":"2026-07-05T16:04:04.480Z"}
{"level":"info","message":"⌛ Building environment","timeElapsed":323,"timestamp":"2026-07-05T16:04:31.020Z"}
{"level":"info","message":"⌛ Validating niveles.wlk","timeElapsed":106,"timestamp":"2026-07-05T16:04:31.206Z"}
{"level":"info","message":"⌛ Building environment","timeElapsed":283,"timestamp":"2026-07-05T16:04:32.995Z"}
{"level":"info","message":"⌛ Building environment","timeElapsed":270,"timestamp":"2026-07-05T16:04:33.565Z"}
{"level":"info","message":"⌛ Building environment","timeElapsed":275,"timestamp":"2026-07-05T16:04:34.256Z"}
{"level":"info","message":"⌛ Building environment","timeElapsed":254,"timestamp":"2026-07-05T16:04:35.307Z"}
{"level":"info","message":"⌛ Validating niveles.wlk","timeElapsed":102,"timestamp":"2026-07-05T16:04:35.413Z"}
{"level":"info","message":"⌛ Building environment","timeElapsed":265,"timestamp":"2026-07-05T16:04:35.782Z"}
{"level":"info","message":"⌛ Building environment","timeElapsed":276,"timestamp":"2026-07-05T16:04:36.530Z"}
{"level":"info","message":"⌛ Building environment","timeElapsed":267,"timestamp":"2026-07-05T16:04:36.797Z"}
{"level":"info","message":"⌛ Building environment","timeElapsed":277,"timestamp":"2026-07-05T16:04:39.968Z"}
{"level":"info","message":"⌛ Building environment","timeElapsed":262,"timestamp":"2026-07-05T16:04:41.062Z"}
{"level":"info","message":"⌛ Validating niveles.wlk","timeElapsed":104,"timestamp":"2026-07-05T16:04:41.196Z"}
{"level":"info","message":"⌛ Building environment","timeElapsed":294,"timestamp":"2026-07-05T16:04:41.793Z"}
{"level":"info","message":"⌛ Building environment","timeElapsed":290,"timestamp":"2026-07-05T16:04:42.793Z"}
{"level":"info","message":"⌛ Building environment","timeElapsed":265,"timestamp":"2026-07-05T16:04:43.471Z"}
{"level":"info","message":"⌛ Building environment","timeElapsed":274,"timestamp":"2026-07-05T16:04:46.573Z"}
{"level":"info","message":"⌛ Building environment","timeElapsed":265,"timestamp":"2026-07-05T16:04:47.958Z"}
{"level":"info","message":"⌛ Building environment","timeElapsed":266,"timestamp":"2026-07-05T16:04:48.350Z"}
{"level":"info","message":"⌛ Building environment","timeElapsed":262,"timestamp":"2026-07-05T16:04:49.674Z"}
{"level":"info","message":"⌛ Validating niveles.wlk","timeElapsed":102,"timestamp":"2026-07-05T16:04:49.781Z"}
{"level":"info","message":"⌛ Building environment","timeElapsed":282,"timestamp":"2026-07-05T16:04:51.480Z"}
{"level":"info","message":"⌛ Building environment","timeElapsed":262,"timestamp":"2026-07-05T16:04:52.763Z"}
{"level":"info","message":"⌛ Building environment","timeElapsed":268,"timestamp":"2026-07-05T16:04:53.031Z"}
{"level":"info","message":"⌛ Validating niveles.wlk","timeElapsed":103,"timestamp":"2026-07-05T16:04:53.139Z"}
{"level":"info","message":"⌛ Validating niveles.wlk","timeElapsed":111,"timestamp":"2026-07-05T16:04:53.315Z"}
{"level":"info","message":"⌛ Building environment","timeElapsed":283,"timestamp":"2026-07-05T16:04:54.878Z"}
{"level":"info","message":"⌛ Building environment","timeElapsed":259,"timestamp":"2026-07-05T16:04:55.141Z"}
{"level":"info","message":"⌛ Validating niveles.wlk","timeElapsed":101,"timestamp":"2026-07-05T16:04:55.243Z"}
{"level":"info","message":"⌛ Validating niveles.wlk","timeElapsed":102,"timestamp":"2026-07-05T16:04:55.349Z"}
{"level":"info","message":"⌛ Building environment","timeElapsed":289,"timestamp":"2026-07-05T16:04:55.640Z"}
{"level":"info","message":"⌛ Building environment","timeElapsed":286,"timestamp":"2026-07-05T16:04:57.051Z"}
{"level":"info","message":"⌛ Building environment","timeElapsed":263,"timestamp":"2026-07-05T16:04:57.315Z"}
{"level":"info","message":"⌛ Building environment","timeElapsed":331,"timestamp":"2026-07-05T16:05:19.518Z"}
{"level":"info","message":"⌛ Validating niveles.wlk","timeElapsed":103,"timestamp":"2026-07-05T16:05:19.679Z"}
{"level":"info","message":"⌛ Building environment","timeElapsed":280,"timestamp":"2026-07-05T16:05:21.412Z"}
{"level":"info","message":"⌛ Validating niveles.wlk","timeElapsed":102,"timestamp":"2026-07-05T16:05:21.594Z"}
{"level":"info","message":"⌛ Building environment","timeElapsed":278,"timestamp":"2026-07-05T16:05:22.254Z"}
{"level":"info","message":"⌛ Building environment","timeElapsed":275,"timestamp":"2026-07-05T16:05:23.586Z"}
{"level":"info","message":"⌛ Building environment","timeElapsed":279,"timestamp":"2026-07-05T16:05:24.661Z"}
{"level":"info","message":"⌛ Validating niveles.wlk","timeElapsed":109,"timestamp":"2026-07-05T16:05:24.775Z"}
{"level":"info","message":"⌛ Building environment","timeElapsed":283,"timestamp":"2026-07-05T16:05:25.110Z"}
{"level":"info","message":"⌛ Building environment","timeElapsed":266,"timestamp":"2026-07-05T16:05:27.672Z"}
{"level":"info","message":"⌛ Building environment","timeElapsed":299,"timestamp":"2026-07-05T16:05:30.183Z"}
{"level":"info","message":"⌛ Building environment","timeElapsed":268,"timestamp":"2026-07-05T16:05:31.236Z"}
{"level":"info","message":"⌛ Building environment","timeElapsed":279,"timestamp":"2026-07-05T16:05:31.884Z"}
{"level":"info","message":"⌛ Building environment","timeElapsed":289,"timestamp":"2026-07-05T16:05:32.816Z"}
{"level":"info","message":"⌛ Building environment","timeElapsed":294,"timestamp":"2026-07-05T16:05:33.741Z"}
{"level":"info","message":"⌛ Building environment","timeElapsed":309,"timestamp":"2026-07-05T16:05:34.761Z"}
{"level":"info","message":"⌛ Building environment","timeElapsed":284,"timestamp":"2026-07-05T16:05:36.218Z"}
{"level":"info","message":"⌛ Validating niveles.wlk","timeElapsed":120,"timestamp":"2026-07-05T16:05:36.372Z"}
{"level":"info","message":"⌛ Building environment","timeElapsed":271,"timestamp":"2026-07-05T16:05:37.180Z"}
{"level":"info","message":"⌛ Building environment","timeElapsed":284,"timestamp":"2026-07-05T16:05:38.019Z"}
{"level":"info","message":"⌛ Building environment","timeElapsed":277,"timestamp":"2026-07-05T16:05:39.208Z"}
{"level":"info","message":"⌛ Building environment","timeElapsed":263,"timestamp":"2026-07-05T16:05:39.477Z"}
{"level":"info","message":"⌛ Building environment","timeElapsed":279,"timestamp":"2026-07-05T16:05:40.253Z"}
{"level":"info","message":"⌛ Building environment","timeElapsed":341,"timestamp":"2026-07-05T16:05:42.073Z"}
{"level":"info","message":"⌛ Building environment","timeElapsed":296,"timestamp":"2026-07-05T16:05:42.369Z"}
{"level":"info","message":"⌛ Validating niveles.wlk","timeElapsed":103,"timestamp":"2026-07-05T16:05:42.473Z"}
{"level":"info","message":"⌛ Building environment","timeElapsed":338,"timestamp":"2026-07-05T16:05:43.734Z"}
{"level":"info","message":"⌛ Building environment","timeElapsed":276,"timestamp":"2026-07-05T16:05:44.010Z"}
{"level":"info","message":"⌛ Validating niveles.wlk","timeElapsed":103,"timestamp":"2026-07-05T16:05:44.114Z"}
{"level":"info","message":"⌛ Validating niveles.wlk","timeElapsed":102,"timestamp":"2026-07-05T16:05:44.305Z"}
{"level":"info","message":"⌛ Building environment","timeElapsed":349,"timestamp":"2026-07-05T16:07:17.902Z"}
{"level":"info","message":"⌛ Building environment","timeElapsed":329,"timestamp":"2026-07-05T16:07:18.233Z"}
{"level":"info","message":"⌛ Building environment","timeElapsed":312,"timestamp":"2026-07-05T16:07:18.546Z"}
{"level":"info","message":"⌛ Validating niveles.wlk","timeElapsed":118,"timestamp":"2026-07-05T16:07:18.664Z"}
{"level":"info","message":"⌛ Building environment","timeElapsed":279,"timestamp":"2026-07-05T16:07:18.944Z"}
{"level":"info","message":"⌛ Building environment","timeElapsed":289,"timestamp":"2026-07-05T16:07:19.233Z"}
{"level":"info","message":"⌛ Validating niveles.wlk","timeElapsed":114,"timestamp":"2026-07-05T16:07:19.347Z"}
{"level":"info","message":"⌛ Building environment","timeElapsed":289,"timestamp":"2026-07-05T16:07:19.636Z"}
{"level":"info","message":"⌛ Building environment","timeElapsed":275,"timestamp":"2026-07-05T16:07:19.912Z"}
{"level":"info","message":"⌛ Validating niveles.wlk","timeElapsed":106,"timestamp":"2026-07-05T16:07:20.023Z"}
{"level":"info","message":"⌛ Building environment","timeElapsed":298,"timestamp":"2026-07-05T16:07:20.322Z"}
{"level":"info","message":"⌛ Building environment","timeElapsed":276,"timestamp":"2026-07-05T16:07:20.598Z"}
{"level":"info","message":"⌛ Building environment","timeElapsed":277,"timestamp":"2026-07-05T16:07:20.880Z"}
{"level":"info","message":"⌛ Validating niveles.wlk","timeElapsed":109,"timestamp":"2026-07-05T16:07:20.992Z"}
{"level":"info","message":"⌛ Building environment","timeElapsed":278,"timestamp":"2026-07-05T16:07:21.270Z"}
{"level":"info","message":"⌛ Building environment","timeElapsed":278,"timestamp":"2026-07-05T16:07:21.554Z"}
{"level":"info","message":"⌛ Validating niveles.wlk","timeElapsed":101,"timestamp":"2026-07-05T16:07:21.659Z"}
{"level":"info","message":"⌛ Building environment","timeElapsed":323,"timestamp":"2026-07-05T16:07:21.983Z"}
{"level":"info","message":"⌛ Building environment","timeElapsed":279,"timestamp":"2026-07-05T16:07:22.266Z"}
{"level":"info","message":"⌛ Building environment","timeElapsed":279,"timestamp":"2026-07-05T16:07:22.550Z"}
{"level":"info","message":"⌛ Validating niveles.wlk","timeElapsed":106,"timestamp":"2026-07-05T16:07:22.660Z"}
{"level":"info","message":"⌛ Building environment","timeElapsed":267,"timestamp":"2026-07-05T16:07:22.927Z"}
{"level":"info","message":"⌛ Building environment","timeElapsed":278,"timestamp":"2026-07-05T16:07:23.211Z"}
{"level":"info","message":"⌛ Validating niveles.wlk","timeElapsed":108,"timestamp":"2026-07-05T16:07:23.322Z"}
{"level":"info","message":"⌛ Building environment","timeElapsed":278,"timestamp":"2026-07-05T16:07:23.600Z"}
{"level":"info","message":"⌛ Building environment","timeElapsed":274,"timestamp":"2026-07-05T16:07:23.879Z"}
{"level":"info","message":"⌛ Building environment","timeElapsed":271,"timestamp":"2026-07-05T16:07:24.156Z"}
{"level":"info","message":"⌛ Validating niveles.wlk","timeElapsed":106,"timestamp":"2026-07-05T16:07:24.265Z"}
{"level":"info","message":"⌛ Building environment","timeElapsed":279,"timestamp":"2026-07-05T16:07:24.544Z"}
{"level":"info","message":"⌛ Building environment","timeElapsed":280,"timestamp":"2026-07-05T16:07:24.829Z"}
{"level":"info","message":"⌛ Building environment","timeElapsed":289,"timestamp":"2026-07-05T16:07:25.221Z"}
{"level":"info","message":"⌛ Building environment","timeElapsed":300,"timestamp":"2026-07-05T16:07:25.527Z"}
{"level":"info","message":"⌛ Validating niveles.wlk","timeElapsed":109,"timestamp":"2026-07-05T16:07:25.673Z"}
{"level":"info","message":"⌛ Building environment","timeElapsed":292,"timestamp":"2026-07-05T16:07:25.965Z"}
{"level":"info","message":"⌛ Building environment","timeElapsed":279,"timestamp":"2026-07-05T16:07:26.244Z"}
{"level":"info","message":"⌛ Building environment","timeElapsed":266,"timestamp":"2026-07-05T16:07:26.514Z"}
{"level":"info","message":"⌛ Validating niveles.wlk","timeElapsed":103,"timestamp":"2026-07-05T16:07:26.618Z"}
{"level":"info","message":"⌛ Building environment","timeElapsed":559,"timestamp":"2026-07-05T16:07:27.178Z"}
{"level":"info","message":"⌛ Building environment","timeElapsed":302,"timestamp":"2026-07-05T16:07:27.480Z"}
{"level":"info","message":"⌛ Validating niveles.wlk","timeElapsed":124,"timestamp":"2026-07-05T16:07:27.609Z"}
{"level":"info","message":"⌛ Building environment","timeElapsed":290,"timestamp":"2026-07-05T16:07:27.900Z"}
{"level":"info","message":"⌛ Building environment","timeElapsed":276,"timestamp":"2026-07-05T16:07:28.176Z"}
{"level":"info","message":"⌛ Building environment","timeElapsed":260,"timestamp":"2026-07-05T16:07:28.441Z"}
{"level":"info","message":"⌛ Validating niveles.wlk","timeElapsed":111,"timestamp":"2026-07-05T16:07:28.552Z"}
{"level":"info","message":"⌛ Building environment","timeElapsed":265,"timestamp":"2026-07-05T16:07:28.817Z"}
{"level":"info","message":"⌛ Building environment","timeElapsed":270,"timestamp":"2026-07-05T16:07:29.122Z"}
{"level":"info","message":"⌛ Validating niveles.wlk","timeElapsed":113,"timestamp":"2026-07-05T16:07:29.236Z"}
{"level":"info","message":"⌛ Building environment","timeElapsed":271,"timestamp":"2026-07-05T16:07:29.507Z"}
{"level":"info","message":"⌛ Building environment","timeElapsed":263,"timestamp":"2026-07-05T16:07:29.771Z"}
{"level":"info","message":"⌛ Validating niveles.wlk","timeElapsed":104,"timestamp":"2026-07-05T16:07:29.875Z"}
{"level":"info","message":"⌛ Building environment","timeElapsed":262,"timestamp":"2026-07-05T16:07:30.138Z"}
{"level":"info","message":"⌛ Building environment","timeElapsed":272,"timestamp":"2026-07-05T16:07:30.410Z"}
{"level":"info","message":"⌛ Building environment","timeElapsed":262,"timestamp":"2026-07-05T16:07:30.776Z"}
{"level":"info","message":"⌛ Building environment","timeElapsed":268,"timestamp":"2026-07-05T16:07:31.050Z"}
{"level":"info","message":"⌛ Validating niveles.wlk","timeElapsed":108,"timestamp":"2026-07-05T16:07:31.158Z"}
{"level":"info","message":"⌛ Building environment","timeElapsed":280,"timestamp":"2026-07-05T16:07:31.438Z"}
{"level":"info","message":"⌛ Building environment","timeElapsed":285,"timestamp":"2026-07-05T16:07:31.723Z"}
{"level":"info","message":"⌛ Building environment","timeElapsed":276,"timestamp":"2026-07-05T16:07:32.001Z"}
{"level":"info","message":"⌛ Validating niveles.wlk","timeElapsed":107,"timestamp":"2026-07-05T16:07:32.112Z"}
{"level":"info","message":"⌛ Building environment","timeElapsed":287,"timestamp":"2026-07-05T16:07:32.400Z"}
{"level":"info","message":"⌛ Validating niveles.wlk","timeElapsed":137,"timestamp":"2026-07-05T16:07:32.588Z"}
{"level":"info","message":"⌛ Building environment","timeElapsed":432,"timestamp":"2026-07-05T16:07:33.022Z"}
{"level":"info","message":"⌛ Building environment","timeElapsed":289,"timestamp":"2026-07-05T16:07:33.344Z"}
{"level":"info","message":"⌛ Validating niveles.wlk","timeElapsed":108,"timestamp":"2026-07-05T16:07:33.452Z"}
{"level":"info","message":"⌛ Building environment","timeElapsed":437,"timestamp":"2026-07-05T16:07:33.889Z"}
{"level":"info","message":"⌛ Building environment","timeElapsed":271,"timestamp":"2026-07-05T16:07:34.164Z"}
{"level":"info","message":"⌛ Building environment","timeElapsed":268,"timestamp":"2026-07-05T16:07:34.434Z"}
{"level":"info","message":"⌛ Validating niveles.wlk","timeElapsed":106,"timestamp":"2026-07-05T16:07:34.541Z"}
{"level":"info","message":"⌛ Validating niveles.wlk","timeElapsed":101,"timestamp":"2026-07-05T16:07:34.646Z"}
{"level":"info","message":"⌛ Building environment","timeElapsed":270,"timestamp":"2026-07-05T16:07:34.918Z"}
{"level":"info","message":"⌛ Building environment","timeElapsed":271,"timestamp":"2026-07-05T16:07:35.189Z"}
{"level":"info","message":"⌛ Building environment","timeElapsed":268,"timestamp":"2026-07-05T16:07:35.462Z"}
{"level":"info","message":"⌛ Building environment","timeElapsed":271,"timestamp":"2026-07-05T16:07:35.733Z"}
{"level":"info","message":"⌛ Building environment","timeElapsed":266,"timestamp":"2026-07-05T16:07:35.999Z"}
{"level":"info","message":"⌛ Building environment","timeElapsed":261,"timestamp":"2026-07-05T16:07:36.261Z"}
{"level":"info","message":"⌛ Building environment","timeElapsed":266,"timestamp":"2026-07-05T16:07:36.527Z"}
{"level":"info","message":"⌛ Building environment","timeElapsed":261,"timestamp":"2026-07-05T16:07:36.794Z"}
{"level":"info","message":"⌛ Validating niveles.wlk","timeElapsed":105,"timestamp":"2026-07-05T16:07:36.927Z"}
{"level":"info","message":"⌛ Building environment","timeElapsed":263,"timestamp":"2026-07-05T16:07:37.191Z"}
{"level":"info","message":"⌛ Building environment","timeElapsed":268,"timestamp":"2026-07-05T16:07:37.459Z"}
{"level":"info","message":"⌛ Building environment","timeElapsed":258,"timestamp":"2026-07-05T16:07:37.718Z"}
{"level":"info","message":"⌛ Building environment","timeElapsed":281,"timestamp":"2026-07-05T16:07:37.999Z"}
{"level":"info","message":"⌛ Building environment","timeElapsed":276,"timestamp":"2026-07-05T16:07:38.275Z"}
{"level":"info","message":"⌛ Building environment","timeElapsed":283,"timestamp":"2026-07-05T16:07:38.558Z"}
{"level":"info","message":"⌛ Building environment","timeElapsed":273,"timestamp":"2026-07-05T16:07:38.831Z"}
{"level":"info","message":"⌛ Building environment","timeElapsed":627,"timestamp":"2026-07-05T16:07:39.463Z"}
{"level":"info","message":"⌛ Building environment","timeElapsed":280,"timestamp":"2026-07-05T16:07:39.743Z"}
{"level":"info","message":"⌛ Building environment","timeElapsed":276,"timestamp":"2026-07-05T16:07:40.020Z"}
{"level":"info","message":"⌛ Building environment","timeElapsed":280,"timestamp":"2026-07-05T16:07:40.300Z"}
{"level":"info","message":"⌛ Validating niveles.wlk","timeElapsed":107,"timestamp":"2026-07-05T16:07:40.407Z"}
{"level":"info","message":"⌛ Building environment","timeElapsed":263,"timestamp":"2026-07-05T16:07:40.671Z"}
{"level":"info","message":"⌛ Building environment","timeElapsed":263,"timestamp":"2026-07-05T16:07:40.938Z"}
{"level":"info","message":"⌛ Building environment","timeElapsed":298,"timestamp":"2026-07-05T16:07:41.236Z"}
{"level":"info","message":"⌛ Building environment","timeElapsed":271,"timestamp":"2026-07-05T16:07:41.507Z"}
{"level":"info","message":"⌛ Building environment","timeElapsed":265,"timestamp":"2026-07-05T16:07:41.773Z"}
{"level":"info","message":"⌛ Building environment","timeElapsed":265,"timestamp":"2026-07-05T16:07:42.038Z"}
{"level":"info","message":"⌛ Building environment","timeElapsed":295,"timestamp":"2026-07-05T16:07:42.334Z"}
{"level":"info","message":"⌛ Building environment","timeElapsed":303,"timestamp":"2026-07-05T16:07:42.637Z"}
{"level":"info","message":"⌛ Building environment","timeElapsed":266,"timestamp":"2026-07-05T16:07:42.903Z"}
{"level":"info","message":"⌛ Building environment","timeElapsed":261,"timestamp":"2026-07-05T16:07:43.190Z"}
{"level":"info","message":"⌛ Building environment","timeElapsed":264,"timestamp":"2026-07-05T16:07:43.454Z"}
{"level":"info","message":"⌛ Building environment","timeElapsed":276,"timestamp":"2026-07-05T16:07:43.730Z"}
{"level":"info","message":"⌛ Building environment","timeElapsed":264,"timestamp":"2026-07-05T16:07:44.142Z"}
{"level":"info","message":"⌛ Building environment","timeElapsed":257,"timestamp":"2026-07-05T16:07:44.625Z"}
{"level":"info","message":"⌛ Building environment","timeElapsed":280,"timestamp":"2026-07-05T16:07:44.911Z"}
{"level":"info","message":"⌛ Building environment","timeElapsed":267,"timestamp":"2026-07-05T16:07:45.179Z"}
{"level":"info","message":"⌛ Building environment","timeElapsed":260,"timestamp":"2026-07-05T16:07:45.439Z"}
{"level":"info","message":"⌛ Building environment","timeElapsed":802,"timestamp":"2026-07-05T16:07:46.267Z"}
{"level":"info","message":"⌛ Building environment","timeElapsed":258,"timestamp":"2026-07-05T16:07:46.526Z"}
{"level":"info","message":"⌛ Building environment","timeElapsed":274,"timestamp":"2026-07-05T16:07:46.801Z"}
{"level":"info","message":"⌛ Building environment","timeElapsed":280,"timestamp":"2026-07-05T16:07:47.082Z"}
{"level":"info","message":"⌛ Building environment","timeElapsed":1386,"timestamp":"2026-07-05T16:07:48.470Z"}
{"level":"info","message":"⌛ Building environment","timeElapsed":273,"timestamp":"2026-07-05T16:07:48.745Z"}
{"level":"info","message":"⌛ Building environment","timeElapsed":285,"timestamp":"2026-07-05T16:07:49.030Z"}
{"level":"info","message":"⌛ Building environment","timeElapsed":280,"timestamp":"2026-07-05T16:07:49.310Z"}
{"level":"info","message":"⌛ Building environment","timeElapsed":264,"timestamp":"2026-07-05T16:07:49.578Z"}
{"level":"info","message":"⌛ Building environment","timeElapsed":273,"timestamp":"2026-07-05T16:07:49.852Z"}
{"level":"info","message":"⌛ Building environment","timeElapsed":267,"timestamp":"2026-07-05T16:07:50.123Z"}
{"level":"info","message":"⌛ Building environment","timeElapsed":278,"timestamp":"2026-07-05T16:07:50.402Z"}
{"level":"info","message":"⌛ Building environment","timeElapsed":270,"timestamp":"2026-07-05T16:07:50.677Z"}
{"level":"info","message":"⌛ Validating niveles.wlk","timeElapsed":113,"timestamp":"2026-07-05T16:07:50.791Z"}
{"level":"info","message":"⌛ Building environment","timeElapsed":272,"timestamp":"2026-07-05T16:07:51.064Z"}
{"level":"info","message":"⌛ Building environment","timeElapsed":279,"timestamp":"2026-07-05T16:07:51.344Z"}
{"level":"info","message":"⌛ Building environment","timeElapsed":278,"timestamp":"2026-07-05T16:07:51.627Z"}
{"level":"info","message":"⌛ Building environment","timeElapsed":292,"timestamp":"2026-07-05T16:07:51.919Z"}
{"level":"info","message":"⌛ Building environment","timeElapsed":262,"timestamp":"2026-07-05T16:07:52.187Z"}
{"level":"info","message":"⌛ Building environment","timeElapsed":292,"timestamp":"2026-07-05T16:07:52.480Z"}
{"level":"info","message":"⌛ Building environment","timeElapsed":276,"timestamp":"2026-07-05T16:07:52.788Z"}
{"level":"info","message":"⌛ Building environment","timeElapsed":367,"timestamp":"2026-07-05T16:07:53.157Z"}
{"level":"info","message":"⌛ Building environment","timeElapsed":341,"timestamp":"2026-07-05T16:07:53.499Z"}
{"level":"info","message":"⌛ Building environment","timeElapsed":372,"timestamp":"2026-07-05T16:07:53.871Z"}
{"level":"info","message":"⌛ Validating niveles.wlk","timeElapsed":139,"timestamp":"2026-07-05T16:07:54.012Z"}
{"level":"info","message":"⌛ Building environment","timeElapsed":309,"timestamp":"2026-07-05T16:07:54.321Z"}
{"level":"info","message":"⌛ Building environment","timeElapsed":316,"timestamp":"2026-07-05T16:07:54.685Z"}
{"level":"info","message":"⌛ Building environment","timeElapsed":413,"timestamp":"2026-07-05T16:07:55.099Z"}
{"level":"info","message":"⌛ Building environment","timeElapsed":401,"timestamp":"2026-07-05T16:07:55.500Z"}
{"level":"info","message":"⌛ Building environment","timeElapsed":380,"timestamp":"2026-07-05T16:07:55.881Z"}
{"level":"info","message":"⌛ Validating niveles.wlk","timeElapsed":263,"timestamp":"2026-07-05T16:07:56.220Z"}
{"level":"info","message":"⌛ Validating niveles.wlk","timeElapsed":146,"timestamp":"2026-07-05T16:07:56.367Z"}
{"level":"info","message":"⌛ Validating niveles.wlk","timeElapsed":106,"timestamp":"2026-07-05T16:07:56.473Z"}
{"level":"info","message":"⌛ Validating niveles.wlk","timeElapsed":109,"timestamp":"2026-07-05T16:07:56.583Z"}
{"level":"info","message":"⌛ Validating niveles.wlk","timeElapsed":103,"timestamp":"2026-07-05T16:07:56.686Z"}
{"level":"info","message":"⌛ Validating niveles.wlk","timeElapsed":106,"timestamp":"2026-07-05T16:07:56.792Z"}
{"level":"info","message":"⌛ Validating niveles.wlk","timeElapsed":110,"timestamp":"2026-07-05T16:07:56.902Z"}
{"level":"info","message":"⌛ Validating niveles.wlk","timeElapsed":103,"timestamp":"2026-07-05T16:07:57.005Z"}
{"level":"info","message":"⌛ Validating niveles.wlk","timeElapsed":117,"timestamp":"2026-07-05T16:07:57.123Z"}
{"level":"info","message":"⌛ Validating niveles.wlk","timeElapsed":105,"timestamp":"2026-07-05T16:07:57.228Z"}
{"level":"info","message":"⌛ Validating niveles.wlk","timeElapsed":105,"timestamp":"2026-07-05T16:07:57.333Z"}
{"level":"info","message":"⌛ Validating niveles.wlk","timeElapsed":109,"timestamp":"2026-07-05T16:07:57.442Z"}
{"level":"info","message":"⌛ Validating niveles.wlk","timeElapsed":105,"timestamp":"2026-07-05T16:07:57.547Z"}
{"level":"info","message":"⌛ Validating niveles.wlk","timeElapsed":104,"timestamp":"2026-07-05T16:07:57.755Z"}
{"level":"info","message":"⌛ Validating niveles.wlk","timeElapsed":101,"timestamp":"2026-07-05T16:07:58.088Z"}
{"level":"info","message":"⌛ Validating niveles.wlk","timeElapsed":110,"timestamp":"2026-07-05T16:07:58.230Z"}
{"level":"info","message":"⌛ Validating niveles.wlk","timeElapsed":106,"timestamp":"2026-07-05T16:07:58.336Z"}
{"level":"info","message":"⌛ Validating niveles.wlk","timeElapsed":103,"timestamp":"2026-07-05T16:07:58.440Z"}
{"level":"info","message":"⌛ Validating niveles.wlk","timeElapsed":109,"timestamp":"2026-07-05T16:07:59.327Z"}
{"level":"info","message":"⌛ Validating niveles.wlk","timeElapsed":104,"timestamp":"2026-07-05T16:07:59.532Z"}
{"level":"info","message":"⌛ Validating niveles.wlk","timeElapsed":113,"timestamp":"2026-07-05T16:07:59.645Z"}
{"level":"info","message":"⌛ Validating niveles.wlk","timeElapsed":106,"timestamp":"2026-07-05T16:07:59.752Z"}
{"level":"info","message":"⌛ Validating niveles.wlk","timeElapsed":104,"timestamp":"2026-07-05T16:07:59.857Z"}
{"level":"info","message":"⌛ Validating niveles.wlk","timeElapsed":104,"timestamp":"2026-07-05T16:08:00.059Z"}
{"level":"info","message":"⌛ Validating niveles.wlk","timeElapsed":114,"timestamp":"2026-07-05T16:08:00.174Z"}
{"level":"info","message":"⌛ Validating niveles.wlk","timeElapsed":101,"timestamp":"2026-07-05T16:08:00.275Z"}
{"level":"info","message":"⌛ Validating niveles.wlk","timeElapsed":113,"timestamp":"2026-07-05T16:08:00.389Z"}
{"level":"info","message":"⌛ Validating niveles.wlk","timeElapsed":119,"timestamp":"2026-07-05T16:08:00.508Z"}
{"level":"info","message":"⌛ Validating niveles.wlk","timeElapsed":106,"timestamp":"2026-07-05T16:08:01.593Z"}
{"level":"info","message":"⌛ Validating niveles.wlk","timeElapsed":103,"timestamp":"2026-07-05T16:08:02.083Z"}
{"level":"info","message":"⌛ Validating niveles.wlk","timeElapsed":103,"timestamp":"2026-07-05T16:08:02.186Z"}
{"level":"info","message":"⌛ Validating niveles.wlk","timeElapsed":108,"timestamp":"2026-07-05T16:08:02.296Z"}
{"level":"info","message":"⌛ Validating niveles.wlk","timeElapsed":102,"timestamp":"2026-07-05T16:08:02.399Z"}
{"level":"info","message":"⌛ Validating niveles.wlk","timeElapsed":103,"timestamp":"2026-07-05T16:08:02.502Z"}
{"level":"info","message":"⌛ Validating niveles.wlk","timeElapsed":103,"timestamp":"2026-07-05T16:08:02.605Z"}
{"level":"info","message":"⌛ Validating niveles.wlk","timeElapsed":109,"timestamp":"2026-07-05T16:08:02.715Z"}
{"level":"info","message":"⌛ Validating niveles.wlk","timeElapsed":104,"timestamp":"2026-07-05T16:08:02.820Z"}
{"level":"info","message":"⌛ Validating niveles.wlk","timeElapsed":103,"timestamp":"2026-07-05T16:08:02.923Z"}
{"level":"info","message":"⌛ Validating niveles.wlk","timeElapsed":105,"timestamp":"2026-07-05T16:08:03.028Z"}
{"level":"info","message":"⌛ Validating niveles.wlk","timeElapsed":101,"timestamp":"2026-07-05T16:08:03.129Z"}
{"level":"info","message":"⌛ Validating niveles.wlk","timeElapsed":103,"timestamp":"2026-07-05T16:08:03.234Z"}
{"level":"info","message":"⌛ Validating niveles.wlk","timeElapsed":106,"timestamp":"2026-07-05T16:08:03.341Z"}
{"level":"info","message":"⌛ Validating niveles.wlk","timeElapsed":118,"timestamp":"2026-07-05T16:08:03.558Z"}
{"level":"info","message":"⌛ Validating niveles.wlk","timeElapsed":106,"timestamp":"2026-07-05T16:08:03.764Z"}
{"level":"info","message":"⌛ Validating niveles.wlk","timeElapsed":102,"timestamp":"2026-07-05T16:08:03.867Z"}
{"level":"info","message":"⌛ Validating niveles.wlk","timeElapsed":105,"timestamp":"2026-07-05T16:08:04.072Z"}
{"level":"info","message":"⌛ Validating niveles.wlk","timeElapsed":103,"timestamp":"2026-07-05T16:08:04.175Z"}
{"level":"info","message":"⌛ Validating niveles.wlk","timeElapsed":101,"timestamp":"2026-07-05T16:08:04.276Z"}
{"level":"info","message":"⌛ Validating niveles.wlk","timeElapsed":101,"timestamp":"2026-07-05T16:08:04.378Z"}
{"level":"info","message":"⌛ Validating niveles.wlk","timeElapsed":103,"timestamp":"2026-07-05T16:08:04.679Z"}
{"level":"info","message":"⌛ Validating niveles.wlk","timeElapsed":102,"timestamp":"2026-07-05T16:08:04.781Z"}
{"level":"info","message":"⌛ Validating niveles.wlk","timeElapsed":105,"timestamp":"2026-07-05T16:08:04.887Z"}
{"level":"info","message":"⌛ Building environment","timeElapsed":352,"timestamp":"2026-07-05T16:13:37.413Z"}
{"level":"info","message":"⌛ Validating niveles.wlk","timeElapsed":118,"timestamp":"2026-07-05T16:13:37.633Z"}
{"level":"info","message":"⌛ Building environment","timeElapsed":349,"timestamp":"2026-07-05T16:13:57.536Z"}
{"level":"info","message":"⌛ Validating niveles.wlk","timeElapsed":114,"timestamp":"2026-07-05T16:13:57.713Z"}
{"level":"info","message":"⌛ Building environment","timeElapsed":101,"timestamp":"2026-07-05T16:14:07.211Z"}
{"level":"info","message":"⌛ Validating teclado.wlk","timeElapsed":109,"timestamp":"2026-07-05T16:14:07.322Z"}
{"level":"info","message":"⌛ Building environment","timeElapsed":329,"timestamp":"2026-07-05T16:15:44.557Z"}
{"level":"info","message":"⌛ Building environment","timeElapsed":335,"timestamp":"2026-07-05T16:15:44.892Z"}
{"level":"info","message":"⌛ Building environment","timeElapsed":313,"timestamp":"2026-07-05T16:15:45.206Z"}
{"level":"info","message":"⌛ Validating niveles.wlk","timeElapsed":118,"timestamp":"2026-07-05T16:15:45.324Z"}
{"level":"info","message":"⌛ Building environment","timeElapsed":264,"timestamp":"2026-07-05T16:15:45.588Z"}
{"level":"info","message":"⌛ Building environment","timeElapsed":310,"timestamp":"2026-07-05T16:15:45.899Z"}
{"level":"info","message":"⌛ Validating niveles.wlk","timeElapsed":114,"timestamp":"2026-07-05T16:15:46.013Z"}
{"level":"info","message":"⌛ Validating niveles.wlk","timeElapsed":108,"timestamp":"2026-07-05T16:15:46.146Z"}
{"level":"info","message":"⌛ Validating niveles.wlk","timeElapsed":110,"timestamp":"2026-07-05T16:15:46.256Z"}
{"level":"info","message":"⌛ Building environment","timeElapsed":265,"timestamp":"2026-07-05T16:15:46.622Z"}
{"level":"info","message":"⌛ Building environment","timeElapsed":277,"timestamp":"2026-07-05T16:15:46.929Z"}
{"level":"info","message":"⌛ Validating niveles.wlk","timeElapsed":101,"timestamp":"2026-07-05T16:15:47.065Z"}
{"level":"info","message":"⌛ Building environment","timeElapsed":288,"timestamp":"2026-07-05T16:15:49.716Z"}
{"level":"info","message":"⌛ Validating niveles.wlk","timeElapsed":101,"timestamp":"2026-07-05T16:15:49.845Z"}
{"level":"info","message":"⌛ Building environment","timeElapsed":271,"timestamp":"2026-07-05T16:15:50.117Z"}
{"level":"info","message":"⌛ Building environment","timeElapsed":274,"timestamp":"2026-07-05T16:15:50.399Z"}
{"level":"info","message":"⌛ Building environment","timeElapsed":273,"timestamp":"2026-07-05T16:15:50.676Z"}
{"level":"info","message":"⌛ Validating niveles.wlk","timeElapsed":109,"timestamp":"2026-07-05T16:15:50.785Z"}
{"level":"info","message":"⌛ Building environment","timeElapsed":307,"timestamp":"2026-07-05T16:15:51.093Z"}
{"level":"info","message":"⌛ Building environment","timeElapsed":269,"timestamp":"2026-07-05T16:15:51.363Z"}
{"level":"info","message":"⌛ Validating niveles.wlk","timeElapsed":119,"timestamp":"2026-07-05T16:15:51.483Z"}
{"level":"info","message":"⌛ Building environment","timeElapsed":278,"timestamp":"2026-07-05T16:15:51.787Z"}
{"level":"info","message":"⌛ Validating niveles.wlk","timeElapsed":109,"timestamp":"2026-07-05T16:15:51.897Z"}
{"level":"info","message":"⌛ Validating niveles.wlk","timeElapsed":105,"timestamp":"2026-07-05T16:15:52.029Z"}
{"level":"info","message":"⌛ Validating niveles.wlk","timeElapsed":101,"timestamp":"2026-07-05T16:15:52.131Z"}
{"level":"info","message":"⌛ Building environment","timeElapsed":284,"timestamp":"2026-07-05T16:15:53.650Z"}
{"level":"info","message":"⌛ Building environment","timeElapsed":275,"timestamp":"2026-07-05T16:15:53.925Z"}
{"level":"info","message":"⌛ Building environment","timeElapsed":266,"timestamp":"2026-07-05T16:15:54.195Z"}
{"level":"info","message":"⌛ Validating niveles.wlk","timeElapsed":106,"timestamp":"2026-07-05T16:15:54.302Z"}
{"level":"info","message":"⌛ Building environment","timeElapsed":265,"timestamp":"2026-07-05T16:15:54.568Z"}
{"level":"info","message":"⌛ Building environment","timeElapsed":293,"timestamp":"2026-07-05T16:15:54.862Z"}
{"level":"info","message":"⌛ Validating niveles.wlk","timeElapsed":104,"timestamp":"2026-07-05T16:15:54.966Z"}
{"level":"info","message":"⌛ Validating niveles.wlk","timeElapsed":109,"timestamp":"2026-07-05T16:15:55.102Z"}
{"level":"info","message":"⌛ Validating niveles.wlk","timeElapsed":101,"timestamp":"2026-07-05T16:15:55.222Z"}
{"level":"info","message":"⌛ Building environment","timeElapsed":265,"timestamp":"2026-07-05T16:15:55.488Z"}
{"level":"info","message":"⌛ Building environment","timeElapsed":264,"timestamp":"2026-07-05T16:15:55.880Z"}
{"level":"info","message":"⌛ Validating niveles.wlk","timeElapsed":104,"timestamp":"2026-07-05T16:15:56.122Z"}
{"level":"info","message":"⌛ Building environment","timeElapsed":304,"timestamp":"2026-07-05T16:17:00.260Z"}
{"level":"info","message":"⌛ Building environment","timeElapsed":285,"timestamp":"2026-07-05T16:17:00.545Z"}
{"level":"info","message":"⌛ Validating niveles.wlk","timeElapsed":141,"timestamp":"2026-07-05T16:17:00.687Z"}
{"level":"info","message":"⌛ Building environment","timeElapsed":292,"timestamp":"2026-07-05T16:17:00.979Z"}
{"level":"info","message":"⌛ Building environment","timeElapsed":274,"timestamp":"2026-07-05T16:17:01.282Z"}
{"level":"info","message":"⌛ Building environment","timeElapsed":288,"timestamp":"2026-07-05T16:17:01.571Z"}
{"level":"info","message":"⌛ Validating niveles.wlk","timeElapsed":108,"timestamp":"2026-07-05T16:17:01.680Z"}
{"level":"info","message":"⌛ Building environment","timeElapsed":302,"timestamp":"2026-07-05T16:17:01.982Z"}
{"level":"info","message":"⌛ Building environment","timeElapsed":271,"timestamp":"2026-07-05T16:17:02.259Z"}
{"level":"error","message":"✘ Failed to rebuild document Failed to parse niveles.wlk: \n-- PARSING FAILED --------------------------------------------------\n\n  483 | \n  484 |     method\n> 485 | }\n      | ^\n  486 | \n  487 | object volumeOptions {\n\nExpected one of the following: \n\n'!=', '!==', '%', '&&', '*', '**', '+', '-', '->', '..', '..<', '/', '<', '<<', '<<<', '<=', '<=>', '<>', '==', '===', '>', '>..', '>=', '>>', '>>>', '?:', 'and', 'invert', 'negate', 'or', 'plus', '||', identifier, whitespace\n","stack":"Error: Failed to parse niveles.wlk: \n-- PARSING FAILED --------------------------------------------------\n\n  483 | \n  484 |     method\n> 485 | }\n      | ^\n  486 | \n  487 | object volumeOptions {\n\nExpected one of the following: \n\n'!=', '!==', '%', '&&', '*', '**', '+', '-', '->', '..', '..<', '/', '<', '<<', '<<<', '<=', '<=>', '<>', '==', '===', '>', '>..', '>=', '>>', '>>>', '?:', 'and', 'invert', 'negate', 'or', 'plus', '||', identifier, whitespace\n\n    at c:\\Users\\zagum\\.vscode\\extensions\\uqbar.wollok-lsp-ide-0.5.4\\out\\server\\src\\server.js:2353:13026\n    at Array.map (<anonymous>)\n    at U1n (c:\\Users\\zagum\\.vscode\\extensions\\uqbar.wollok-lsp-ide-0.5.4\\out\\server\\src\\server.js:2353:12950)\n    at H2.buildEnvironmentFrom (c:\\Users\\zagum\\.vscode\\extensions\\uqbar.wollok-lsp-ide-0.5.4\\out\\server\\src\\server.js:2398:5254)\n    at H2.updateEnvironmentWith (c:\\Users\\zagum\\.vscode\\extensions\\uqbar.wollok-lsp-ide-0.5.4\\out\\server\\src\\server.js:2398:4989)\n    at GF (c:\\Users\\zagum\\.vscode\\extensions\\uqbar.wollok-lsp-ide-0.5.4\\out\\server\\src\\server.js:2398:7383)\n    at V3.invoke (c:\\Users\\zagum\\.vscode\\extensions\\uqbar.wollok-lsp-ide-0.5.4\\out\\server\\src\\server.js:3:157328)\n    at o.fire (c:\\Users\\zagum\\.vscode\\extensions\\uqbar.wollok-lsp-ide-0.5.4\\out\\server\\src\\server.js:3:158098)\n    at c:\\Users\\zagum\\.vscode\\extensions\\uqbar.wollok-lsp-ide-0.5.4\\out\\server\\src\\server.js:37:57871\n    at nd (c:\\Users\\zagum\\.vscode\\extensions\\uqbar.wollok-lsp-ide-0.5.4\\out\\server\\src\\server.js:8:1561)","timestamp":"2026-07-05T16:17:02.464Z"}
{"level":"info","message":"⌛ Validating niveles.wlk","timeElapsed":101,"timestamp":"2026-07-05T16:17:02.565Z"}
{"level":"info","message":"⌛ Validating niveles.wlk","timeElapsed":108,"timestamp":"2026-07-05T16:17:02.700Z"}
{"level":"error","message":"✘ Failed to rebuild document Failed to parse niveles.wlk: \n-- PARSING FAILED --------------------------------------------------\n\n  483 | \n  484 |     method \n> 485 | }\n      | ^\n  486 | \n  487 | object volumeOptions {\n\nExpected one of the following: \n\n'!=', '!==', '%', '&&', '*', '**', '+', '-', '->', '..', '..<', '/', '<', '<<', '<<<', '<=', '<=>', '<>', '==', '===', '>', '>..', '>=', '>>', '>>>', '?:', 'and', 'invert', 'negate', 'or', 'plus', '||', identifier, whitespace\n","stack":"Error: Failed to parse niveles.wlk: \n-- PARSING FAILED --------------------------------------------------\n\n  483 | \n  484 |     method \n> 485 | }\n      | ^\n  486 | \n  487 | object volumeOptions {\n\nExpected one of the following: \n\n'!=', '!==', '%', '&&', '*', '**', '+', '-', '->', '..', '..<', '/', '<', '<<', '<<<', '<=', '<=>', '<>', '==', '===', '>', '>..', '>=', '>>', '>>>', '?:', 'and', 'invert', 'negate', 'or', 'plus', '||', identifier, whitespace\n\n    at c:\\Users\\zagum\\.vscode\\extensions\\uqbar.wollok-lsp-ide-0.5.4\\out\\server\\src\\server.js:2353:13026\n    at Array.map (<anonymous>)\n    at U1n (c:\\Users\\zagum\\.vscode\\extensions\\uqbar.wollok-lsp-ide-0.5.4\\out\\server\\src\\server.js:2353:12950)\n    at H2.buildEnvironmentFrom (c:\\Users\\zagum\\.vscode\\extensions\\uqbar.wollok-lsp-ide-0.5.4\\out\\server\\src\\server.js:2398:5254)\n    at H2.updateEnvironmentWith (c:\\Users\\zagum\\.vscode\\extensions\\uqbar.wollok-lsp-ide-0.5.4\\out\\server\\src\\server.js:2398:4989)\n    at GF (c:\\Users\\zagum\\.vscode\\extensions\\uqbar.wollok-lsp-ide-0.5.4\\out\\server\\src\\server.js:2398:7383)\n    at V3.invoke (c:\\Users\\zagum\\.vscode\\extensions\\uqbar.wollok-lsp-ide-0.5.4\\out\\server\\src\\server.js:3:157328)\n    at o.fire (c:\\Users\\zagum\\.vscode\\extensions\\uqbar.wollok-lsp-ide-0.5.4\\out\\server\\src\\server.js:3:158098)\n    at c:\\Users\\zagum\\.vscode\\extensions\\uqbar.wollok-lsp-ide-0.5.4\\out\\server\\src\\server.js:37:57871\n    at nd (c:\\Users\\zagum\\.vscode\\extensions\\uqbar.wollok-lsp-ide-0.5.4\\out\\server\\src\\server.js:8:1561)","timestamp":"2026-07-05T16:17:02.880Z"}
{"level":"info","message":"⌛ Validating niveles.wlk","timeElapsed":104,"timestamp":"2026-07-05T16:17:02.986Z"}
{"level":"info","message":"⌛ Building environment","timeElapsed":265,"timestamp":"2026-07-05T16:17:03.252Z"}
{"level":"info","message":"⌛ Building environment","timeElapsed":277,"timestamp":"2026-07-05T16:17:03.536Z"}
{"level":"info","message":"⌛ Validating niveles.wlk","timeElapsed":110,"timestamp":"2026-07-05T16:17:03.689Z"}
{"level":"info","message":"⌛ Building environment","timeElapsed":270,"timestamp":"2026-07-05T16:17:03.959Z"}
{"level":"info","message":"⌛ Building environment","timeElapsed":304,"timestamp":"2026-07-05T16:17:04.270Z"}
{"level":"info","message":"⌛ Validating niveles.wlk","timeElapsed":102,"timestamp":"2026-07-05T16:17:04.372Z"}
{"level":"info","message":"⌛ Building environment","timeElapsed":261,"timestamp":"2026-07-05T16:17:04.633Z"}
{"level":"info","message":"⌛ Building environment","timeElapsed":279,"timestamp":"2026-07-05T16:17:04.913Z"}
{"level":"info","message":"⌛ Validating niveles.wlk","timeElapsed":112,"timestamp":"2026-07-05T16:17:05.125Z"}
{"level":"info","message":"⌛ Building environment","timeElapsed":283,"timestamp":"2026-07-05T16:17:05.407Z"}
{"level":"info","message":"⌛ Building environment","timeElapsed":274,"timestamp":"2026-07-05T16:17:05.682Z"}
{"level":"info","message":"⌛ Validating niveles.wlk","timeElapsed":103,"timestamp":"2026-07-05T16:17:05.789Z"}
{"level":"info","message":"⌛ Validating niveles.wlk","timeElapsed":107,"timestamp":"2026-07-05T16:17:05.943Z"}
{"level":"info","message":"⌛ Validating niveles.wlk","timeElapsed":109,"timestamp":"2026-07-05T16:17:06.051Z"}
{"level":"info","message":"⌛ Validating niveles.wlk","timeElapsed":106,"timestamp":"2026-07-05T16:17:06.176Z"}
{"level":"info","message":"⌛ Validating niveles.wlk","timeElapsed":105,"timestamp":"2026-07-05T16:17:06.283Z"}
{"level":"info","message":"⌛ Validating niveles.wlk","timeElapsed":102,"timestamp":"2026-07-05T16:17:06.403Z"}
{"level":"info","message":"⌛ Validating niveles.wlk","timeElapsed":102,"timestamp":"2026-07-05T16:17:06.506Z"}
{"level":"info","message":"⌛ Building environment","timeElapsed":307,"timestamp":"2026-07-05T16:17:07.429Z"}
{"level":"info","message":"⌛ Validating niveles.wlk","timeElapsed":107,"timestamp":"2026-07-05T16:17:07.539Z"}
{"level":"info","message":"⌛ Building environment","timeElapsed":285,"timestamp":"2026-07-05T16:17:07.949Z"}
{"level":"info","message":"⌛ Building environment","timeElapsed":269,"timestamp":"2026-07-05T16:17:11.605Z"}
{"level":"info","message":"⌛ Building environment","timeElapsed":311,"timestamp":"2026-07-05T16:17:57.364Z"}
{"level":"info","message":"⌛ Building environment","timeElapsed":276,"timestamp":"2026-07-05T16:17:57.640Z"}
{"level":"info","message":"⌛ Validating niveles.wlk","timeElapsed":144,"timestamp":"2026-07-05T16:17:57.789Z"}
{"level":"info","message":"⌛ Building environment","timeElapsed":322,"timestamp":"2026-07-05T16:17:58.137Z"}
{"level":"info","message":"⌛ Validating niveles.wlk","timeElapsed":107,"timestamp":"2026-07-05T16:17:58.251Z"}
{"level":"info","message":"⌛ Building environment","timeElapsed":273,"timestamp":"2026-07-05T16:17:58.554Z"}
{"level":"error","message":"✘ Completions for node Send ([670:9, 670:24] - niveles.wlk) failed: Error: [Send]{a07105} at niveles.wlk:670 exhausted all cases without a match [Send]{a07105} at niveles.wlk:670 exhausted all cases without a match","stack":"Error: [Send]{a07105} at niveles.wlk:670 exhausted all cases without a match\n    at c:\\Users\\zagum\\.vscode\\extensions\\uqbar.wollok-lsp-ide-0.5.4\\out\\server\\src\\server.js:38:6142\n    at L2 (c:\\Users\\zagum\\.vscode\\extensions\\uqbar.wollok-lsp-ide-0.5.4\\out\\server\\src\\server.js:2389:42)\n    at Jh (c:\\Users\\zagum\\.vscode\\extensions\\uqbar.wollok-lsp-ide-0.5.4\\out\\server\\src\\server.js:2389:1092)\n    at M5n (c:\\Users\\zagum\\.vscode\\extensions\\uqbar.wollok-lsp-ide-0.5.4\\out\\server\\src\\server.js:2389:1248)\n    at c:\\Users\\zagum\\.vscode\\extensions\\uqbar.wollok-lsp-ide-0.5.4\\out\\server\\src\\server.js:38:6131\n    at L2 (c:\\Users\\zagum\\.vscode\\extensions\\uqbar.wollok-lsp-ide-0.5.4\\out\\server\\src\\server.js:2389:42)\n    at c:\\Users\\zagum\\.vscode\\extensions\\uqbar.wollok-lsp-ide-0.5.4\\out\\server\\src\\server.js:2389:2988\n    at c:\\Users\\zagum\\.vscode\\extensions\\uqbar.wollok-lsp-ide-0.5.4\\out\\server\\src\\server.js:2398:8440\n    at c:\\Users\\zagum\\.vscode\\extensions\\uqbar.wollok-lsp-ide-0.5.4\\out\\server\\src\\server.js:37:74872\n    at Ke (c:\\Users\\zagum\\.vscode\\extensions\\uqbar.wollok-lsp-ide-0.5.4\\out\\server\\src\\server.js:7:8527)","timestamp":"2026-07-05T16:17:58.587Z"}
{"level":"info","message":"⌛ Building environment","timeElapsed":275,"timestamp":"2026-07-05T16:17:58.888Z"}
{"level":"info","message":"⌛ Building environment","timeElapsed":265,"timestamp":"2026-07-05T16:17:59.181Z"}
{"level":"info","message":"⌛ Validating niveles.wlk","timeElapsed":111,"timestamp":"2026-07-05T16:17:59.298Z"}
{"level":"info","message":"⌛ Building environment","timeElapsed":264,"timestamp":"2026-07-05T16:17:59.562Z"}
{"level":"info","message":"⌛ Building environment","timeElapsed":283,"timestamp":"2026-07-05T16:17:59.852Z"}
{"level":"info","message":"⌛ Building environment","timeElapsed":277,"timestamp":"2026-07-05T16:18:00.129Z"}
{"level":"info","message":"⌛ Validating niveles.wlk","timeElapsed":108,"timestamp":"2026-07-05T16:18:00.238Z"}
{"level":"info","message":"⌛ Validating niveles.wlk","timeElapsed":105,"timestamp":"2026-07-05T16:18:00.370Z"}
{"level":"info","message":"⌛ Validating niveles.wlk","timeElapsed":108,"timestamp":"2026-07-05T16:18:00.478Z"}
{"level":"info","message":"⌛ Building environment","timeElapsed":293,"timestamp":"2026-07-05T16:18:00.771Z"}
{"level":"info","message":"⌛ Building environment","timeElapsed":285,"timestamp":"2026-07-05T16:18:01.061Z"}
{"level":"info","message":"⌛ Validating niveles.wlk","timeElapsed":103,"timestamp":"2026-07-05T16:18:01.168Z"}
{"level":"info","message":"⌛ Building environment","timeElapsed":298,"timestamp":"2026-07-05T16:18:01.466Z"}
{"level":"info","message":"⌛ Validating niveles.wlk","timeElapsed":108,"timestamp":"2026-07-05T16:18:01.581Z"}
{"level":"info","message":"⌛ Building environment","timeElapsed":258,"timestamp":"2026-07-05T16:18:01.840Z"}
{"level":"info","message":"⌛ Building environment","timeElapsed":260,"timestamp":"2026-07-05T16:18:02.105Z"}
{"level":"info","message":"⌛ Validating niveles.wlk","timeElapsed":120,"timestamp":"2026-07-05T16:18:02.226Z"}
{"level":"info","message":"⌛ Building environment","timeElapsed":260,"timestamp":"2026-07-05T16:18:02.487Z"}
{"level":"info","message":"⌛ Building environment","timeElapsed":280,"timestamp":"2026-07-05T16:18:02.772Z"}
{"level":"error","message":"✘ Completions for node Send ([670:9, 670:24] - niveles.wlk) failed: Error: [Send]{172eb9} at niveles.wlk:670 exhausted all cases without a match [Send]{172eb9} at niveles.wlk:670 exhausted all cases without a match","stack":"Error: [Send]{172eb9} at niveles.wlk:670 exhausted all cases without a match\n    at c:\\Users\\zagum\\.vscode\\extensions\\uqbar.wollok-lsp-ide-0.5.4\\out\\server\\src\\server.js:38:6142\n    at L2 (c:\\Users\\zagum\\.vscode\\extensions\\uqbar.wollok-lsp-ide-0.5.4\\out\\server\\src\\server.js:2389:42)\n    at Jh (c:\\Users\\zagum\\.vscode\\extensions\\uqbar.wollok-lsp-ide-0.5.4\\out\\server\\src\\server.js:2389:1092)\n    at M5n (c:\\Users\\zagum\\.vscode\\extensions\\uqbar.wollok-lsp-ide-0.5.4\\out\\server\\src\\server.js:2389:1248)\n    at c:\\Users\\zagum\\.vscode\\extensions\\uqbar.wollok-lsp-ide-0.5.4\\out\\server\\src\\server.js:38:6131\n    at L2 (c:\\Users\\zagum\\.vscode\\extensions\\uqbar.wollok-lsp-ide-0.5.4\\out\\server\\src\\server.js:2389:42)\n    at c:\\Users\\zagum\\.vscode\\extensions\\uqbar.wollok-lsp-ide-0.5.4\\out\\server\\src\\server.js:2389:2988\n    at c:\\Users\\zagum\\.vscode\\extensions\\uqbar.wollok-lsp-ide-0.5.4\\out\\server\\src\\server.js:2398:8440\n    at c:\\Users\\zagum\\.vscode\\extensions\\uqbar.wollok-lsp-ide-0.5.4\\out\\server\\src\\server.js:37:74872\n    at Ke (c:\\Users\\zagum\\.vscode\\extensions\\uqbar.wollok-lsp-ide-0.5.4\\out\\server\\src\\server.js:7:8527)","timestamp":"2026-07-05T16:18:02.804Z"}
{"level":"info","message":"⌛ Building environment","timeElapsed":266,"timestamp":"2026-07-05T16:18:03.100Z"}
{"level":"info","message":"⌛ Validating niveles.wlk","timeElapsed":105,"timestamp":"2026-07-05T16:18:03.206Z"}
{"level":"info","message":"⌛ Building environment","timeElapsed":262,"timestamp":"2026-07-05T16:18:03.469Z"}
{"level":"info","message":"⌛ Building environment","timeElapsed":273,"timestamp":"2026-07-05T16:18:03.771Z"}
{"level":"info","message":"⌛ Building environment","timeElapsed":262,"timestamp":"2026-07-05T16:18:04.035Z"}
{"level":"info","message":"⌛ Validating niveles.wlk","timeElapsed":109,"timestamp":"2026-07-05T16:18:04.144Z"}
{"level":"info","message":"⌛ Building environment","timeElapsed":270,"timestamp":"2026-07-05T16:18:04.414Z"}
{"level":"info","message":"⌛ Validating niveles.wlk","timeElapsed":102,"timestamp":"2026-07-05T16:18:04.543Z"}
{"level":"info","message":"⌛ Validating niveles.wlk","timeElapsed":104,"timestamp":"2026-07-05T16:18:04.667Z"}
{"level":"info","message":"⌛ Validating niveles.wlk","timeElapsed":109,"timestamp":"2026-07-05T16:18:04.776Z"}
{"level":"info","message":"⌛ Building environment","timeElapsed":272,"timestamp":"2026-07-05T16:18:05.049Z"}
{"level":"info","message":"⌛ Building environment","timeElapsed":336,"timestamp":"2026-07-05T16:18:05.487Z"}
{"level":"info","message":"⌛ Building environment","timeElapsed":278,"timestamp":"2026-07-05T16:18:05.765Z"}
{"level":"info","message":"⌛ Validating niveles.wlk","timeElapsed":106,"timestamp":"2026-07-05T16:18:05.872Z"}
{"level":"info","message":"⌛ Building environment","timeElapsed":294,"timestamp":"2026-07-05T16:18:06.166Z"}
{"level":"info","message":"⌛ Building environment","timeElapsed":271,"timestamp":"2026-07-05T16:18:06.439Z"}
{"level":"info","message":"⌛ Building environment","timeElapsed":259,"timestamp":"2026-07-05T16:18:06.703Z"}
{"level":"info","message":"⌛ Validating niveles.wlk","timeElapsed":109,"timestamp":"2026-07-05T16:18:06.812Z"}
{"level":"info","message":"⌛ Building environment","timeElapsed":274,"timestamp":"2026-07-05T16:18:07.086Z"}
{"level":"info","message":"⌛ Building environment","timeElapsed":612,"timestamp":"2026-07-05T16:18:07.702Z"}
{"level":"info","message":"⌛ Validating niveles.wlk","timeElapsed":117,"timestamp":"2026-07-05T16:18:07.872Z"}
{"level":"info","message":"⌛ Validating niveles.wlk","timeElapsed":110,"timestamp":"2026-07-05T16:18:08.008Z"}
{"level":"info","message":"⌛ Validating niveles.wlk","timeElapsed":107,"timestamp":"2026-07-05T16:18:08.115Z"}
{"level":"info","message":"⌛ Validating niveles.wlk","timeElapsed":109,"timestamp":"2026-07-05T16:18:08.243Z"}
{"level":"info","message":"⌛ Validating niveles.wlk","timeElapsed":117,"timestamp":"2026-07-05T16:18:08.384Z"}
{"level":"info","message":"⌛ Building environment","timeElapsed":278,"timestamp":"2026-07-05T16:18:08.662Z"}
{"level":"info","message":"⌛ Building environment","timeElapsed":273,"timestamp":"2026-07-05T16:18:08.936Z"}
{"level":"info","message":"⌛ Validating niveles.wlk","timeElapsed":102,"timestamp":"2026-07-05T16:18:09.038Z"}
{"level":"info","message":"⌛ Building environment","timeElapsed":266,"timestamp":"2026-07-05T16:18:09.304Z"}
{"level":"info","message":"⌛ Validating niveles.wlk","timeElapsed":117,"timestamp":"2026-07-05T16:18:09.421Z"}
{"level":"info","message":"⌛ Building environment","timeElapsed":269,"timestamp":"2026-07-05T16:18:09.691Z"}
{"level":"info","message":"⌛ Building environment","timeElapsed":260,"timestamp":"2026-07-05T16:18:09.951Z"}
{"level":"info","message":"⌛ Validating niveles.wlk","timeElapsed":107,"timestamp":"2026-07-05T16:18:10.185Z"}
{"level":"info","message":"⌛ Validating niveles.wlk","timeElapsed":105,"timestamp":"2026-07-05T16:18:10.291Z"}
{"level":"info","message":"⌛ Building environment","timeElapsed":295,"timestamp":"2026-07-05T16:18:10.586Z"}
{"level":"info","message":"⌛ Validating niveles.wlk","timeElapsed":104,"timestamp":"2026-07-05T16:18:10.818Z"}
{"level":"info","message":"⌛ Building environment","timeElapsed":281,"timestamp":"2026-07-05T16:18:11.100Z"}
{"level":"info","message":"⌛ Building environment","timeElapsed":284,"timestamp":"2026-07-05T16:18:11.389Z"}
{"level":"info","message":"⌛ Building environment","timeElapsed":278,"timestamp":"2026-07-05T16:18:11.678Z"}
{"level":"info","message":"⌛ Building environment","timeElapsed":277,"timestamp":"2026-07-05T16:18:12.184Z"}
{"level":"info","message":"⌛ Validating niveles.wlk","timeElapsed":140,"timestamp":"2026-07-05T16:18:12.324Z"}
{"level":"info","message":"⌛ Validating niveles.wlk","timeElapsed":102,"timestamp":"2026-07-05T16:18:12.469Z"}
{"level":"info","message":"⌛ Validating niveles.wlk","timeElapsed":101,"timestamp":"2026-07-05T16:18:12.571Z"}
{"level":"info","message":"⌛ Validating niveles.wlk","timeElapsed":109,"timestamp":"2026-07-05T16:18:12.700Z"}
{"level":"info","message":"⌛ Validating niveles.wlk","timeElapsed":105,"timestamp":"2026-07-05T16:18:12.851Z"}
{"level":"info","message":"⌛ Validating niveles.wlk","timeElapsed":101,"timestamp":"2026-07-05T16:18:13.052Z"}
{"level":"info","message":"⌛ Building environment","timeElapsed":290,"timestamp":"2026-07-05T16:18:14.277Z"}
{"level":"info","message":"⌛ Validating niveles.wlk","timeElapsed":105,"timestamp":"2026-07-05T16:18:14.479Z"}
{"level":"info","message":"⌛ Building environment","timeElapsed":280,"timestamp":"2026-07-05T16:18:15.525Z"}
{"level":"info","message":"⌛ Validating niveles.wlk","timeElapsed":101,"timestamp":"2026-07-05T16:18:15.698Z"}
{"level":"info","message":"⌛ Building environment","timeElapsed":354,"timestamp":"2026-07-05T16:29:04.116Z"}
{"level":"info","message":"⌛ Validating niveles.wlk","timeElapsed":115,"timestamp":"2026-07-05T16:29:04.319Z"}
{"level":"info","message":"⌛ Building environment","timeElapsed":312,"timestamp":"2026-07-05T16:29:05.382Z"}
{"level":"info","message":"⌛ Validating niveles.wlk","timeElapsed":108,"timestamp":"2026-07-05T16:29:05.601Z"}
{"level":"info","message":"⌛ Building environment","timeElapsed":295,"timestamp":"2026-07-05T16:29:06.910Z"}
{"level":"info","message":"⌛ Validating niveles.wlk","timeElapsed":103,"timestamp":"2026-07-05T16:29:07.092Z"}
{"level":"info","message":"⌛ Building environment","timeElapsed":282,"timestamp":"2026-07-05T16:29:07.375Z"}
{"level":"info","message":"⌛ Validating niveles.wlk","timeElapsed":110,"timestamp":"2026-07-05T16:29:07.600Z"}
{"level":"info","message":"⌛ Building environment","timeElapsed":308,"timestamp":"2026-07-05T16:29:15.680Z"}
{"level":"info","message":"⌛ Building environment","timeElapsed":268,"timestamp":"2026-07-05T16:29:17.166Z"}
{"level":"info","message":"⌛ Building environment","timeElapsed":285,"timestamp":"2026-07-05T16:29:17.452Z"}
{"level":"info","message":"⌛ Validating niveles.wlk","timeElapsed":102,"timestamp":"2026-07-05T16:29:17.559Z"}
{"level":"info","message":"⌛ Validating niveles.wlk","timeElapsed":104,"timestamp":"2026-07-05T16:29:17.689Z"}
{"level":"info","message":"⌛ Building environment","timeElapsed":281,"timestamp":"2026-07-05T16:29:19.195Z"}
{"level":"info","message":"⌛ Building environment","timeElapsed":276,"timestamp":"2026-07-05T16:29:20.293Z"}
{"level":"info","message":"⌛ Building environment","timeElapsed":284,"timestamp":"2026-07-05T16:29:26.077Z"}
{"level":"info","message":"⌛ Validating niveles.wlk","timeElapsed":101,"timestamp":"2026-07-05T16:29:26.206Z"}
{"level":"info","message":"⌛ Building environment","timeElapsed":276,"timestamp":"2026-07-05T16:29:28.708Z"}
{"level":"info","message":"⌛ Validating niveles.wlk","timeElapsed":106,"timestamp":"2026-07-05T16:29:28.842Z"}
{"level":"info","message":"⌛ Building environment","timeElapsed":306,"timestamp":"2026-07-05T16:29:31.698Z"}
{"level":"info","message":"⌛ Validating niveles.wlk","timeElapsed":103,"timestamp":"2026-07-05T16:29:31.830Z"}
{"level":"info","message":"⌛ Building environment","timeElapsed":269,"timestamp":"2026-07-05T16:29:34.846Z"}
{"level":"info","message":"⌛ Building environment","timeElapsed":273,"timestamp":"2026-07-05T16:29:35.120Z"}
{"level":"info","message":"⌛ Building environment","timeElapsed":276,"timestamp":"2026-07-05T16:29:36.006Z"}
{"level":"info","message":"⌛ Building environment","timeElapsed":297,"timestamp":"2026-07-05T16:29:36.302Z"}
{"level":"info","message":"⌛ Building environment","timeElapsed":274,"timestamp":"2026-07-05T16:29:36.807Z"}
{"level":"info","message":"⌛ Building environment","timeElapsed":262,"timestamp":"2026-07-05T16:29:37.070Z"}
{"level":"info","message":"⌛ Building environment","timeElapsed":273,"timestamp":"2026-07-05T16:29:37.929Z"}
{"level":"info","message":"⌛ Building environment","timeElapsed":273,"timestamp":"2026-07-05T16:29:38.203Z"}
{"level":"info","message":"⌛ Validating niveles.wlk","timeElapsed":104,"timestamp":"2026-07-05T16:29:38.310Z"}
{"level":"info","message":"⌛ Building environment","timeElapsed":267,"timestamp":"2026-07-05T16:29:39.640Z"}
{"level":"info","message":"⌛ Building environment","timeElapsed":344,"timestamp":"2026-07-05T16:29:39.984Z"}
{"level":"info","message":"⌛ Validating niveles.wlk","timeElapsed":112,"timestamp":"2026-07-05T16:29:40.101Z"}
{"level":"info","message":"⌛ Validating niveles.wlk","timeElapsed":102,"timestamp":"2026-07-05T16:29:40.231Z"}
{"level":"info","message":"⌛ Building environment","timeElapsed":285,"timestamp":"2026-07-05T16:29:42.288Z"}
{"level":"info","message":"⌛ Building environment","timeElapsed":345,"timestamp":"2026-07-05T16:29:43.533Z"}
{"level":"info","message":"⌛ Building environment","timeElapsed":313,"timestamp":"2026-07-05T16:29:44.458Z"}
{"level":"info","message":"⌛ Validating niveles.wlk","timeElapsed":106,"timestamp":"2026-07-05T16:29:44.626Z"}
{"level":"info","message":"⌛ Building environment","timeElapsed":274,"timestamp":"2026-07-05T16:29:45.291Z"}
{"level":"info","message":"⌛ Validating niveles.wlk","timeElapsed":106,"timestamp":"2026-07-05T16:29:45.451Z"}
{"level":"info","message":"⌛ Building environment","timeElapsed":287,"timestamp":"2026-07-05T16:29:45.911Z"}
{"level":"info","message":"⌛ Validating niveles.wlk","timeElapsed":101,"timestamp":"2026-07-05T16:29:46.043Z"}
